year,section,characteristic,income_group,estimate_raw,estimate,flag,estimate_log
2011,Electric Fuses and Circuit Breakers,1 time,"$10,000 to $19,999",545,545.0,ok,6.302618975744905
2011,Electric Fuses and Circuit Breakers,1 time,"$100,000 to $119,999",366,366.0,ok,5.905361848054571
2011,Electric Fuses and Circuit Breakers,1 time,"$120,000 or more",931,931.0,ok,6.837332814685591
2011,Electric Fuses and Circuit Breakers,1 time,"$20,000 to $29,999",628,628.0,ok,6.444131256700441
2011,Electric Fuses and Circuit Breakers,1 time,"$30,000 to $39,999",524,524.0,ok,6.263398262591624
2011,Electric Fuses and Circuit Breakers,1 time,"$40,000 to $49,999",473,473.0,ok,6.161207321695077
2011,Electric Fuses and Circuit Breakers,1 time,"$50,000 to $59,999",441,441.0,ok,6.091309882077698
2011,Electric Fuses and Circuit Breakers,1 time,"$60,000 to $79,999",707,707.0,ok,6.56244409369372
2011,Electric Fuses and Circuit Breakers,1 time,"$80,000 to $99,999",599,599.0,ok,6.396929655216146
2011,Electric Fuses and Circuit Breakers,1 time,"Less than $10,000",445,445.0,ok,6.100318952020064
2011,Electric Fuses and Circuit Breakers,2 times,"$10,000 to $19,999",215,215.0,ok,5.375278407684165
2011,Electric Fuses and Circuit Breakers,2 times,"$100,000 to $119,999",167,167.0,ok,5.123963979403259
2011,Electric Fuses and Circuit Breakers,2 times,"$120,000 or more",385,385.0,ok,5.955837369464831
2011,Electric Fuses and Circuit Breakers,2 times,"$20,000 to $29,999",230,230.0,ok,5.442417710521793
2011,Electric Fuses and Circuit Breakers,2 times,"$30,000 to $39,999",229,229.0,ok,5.438079308923196
2011,Electric Fuses and Circuit Breakers,2 times,"$40,000 to $49,999",208,208.0,ok,5.342334251964811
2011,Electric Fuses and Circuit Breakers,2 times,"$50,000 to $59,999",174,174.0,ok,5.1647859739235145
2011,Electric Fuses and Circuit Breakers,2 times,"$60,000 to $79,999",348,348.0,ok,5.855071922202427
2011,Electric Fuses and Circuit Breakers,2 times,"$80,000 to $99,999",226,226.0,ok,5.424950017481403
2011,Electric Fuses and Circuit Breakers,2 times,"Less than $10,000",199,199.0,ok,5.298317366548036
2011,Electric Fuses and Circuit Breakers,3 times,"$10,000 to $19,999",100,100.0,ok,4.61512051684126
2011,Electric Fuses and Circuit Breakers,3 times,"$100,000 to $119,999",64,64.0,ok,4.174387269895637
2011,Electric Fuses and Circuit Breakers,3 times,"$120,000 or more",165,165.0,ok,5.111987788356544
2011,Electric Fuses and Circuit Breakers,3 times,"$20,000 to $29,999",124,124.0,ok,4.8283137373023015
2011,Electric Fuses and Circuit Breakers,3 times,"$30,000 to $39,999",91,91.0,ok,4.5217885770490405
2011,Electric Fuses and Circuit Breakers,3 times,"$40,000 to $49,999",73,73.0,ok,4.304065093204169
2011,Electric Fuses and Circuit Breakers,3 times,"$50,000 to $59,999",83,83.0,ok,4.430816798843313
2011,Electric Fuses and Circuit Breakers,3 times,"$60,000 to $79,999",116,116.0,ok,4.762173934797756
2011,Electric Fuses and Circuit Breakers,3 times,"$80,000 to $99,999",87,87.0,ok,4.477336814478207
2011,Electric Fuses and Circuit Breakers,3 times,"Less than $10,000",98,98.0,ok,4.59511985013459
2011,Electric Fuses and Circuit Breakers,4 times or more,"$10,000 to $19,999",171,171.0,ok,5.147494476813453
2011,Electric Fuses and Circuit Breakers,4 times or more,"$100,000 to $119,999",94,94.0,ok,4.553876891600541
2011,Electric Fuses and Circuit Breakers,4 times or more,"$120,000 or more",196,196.0,ok,5.2832037287379885
2011,Electric Fuses and Circuit Breakers,4 times or more,"$20,000 to $29,999",203,203.0,ok,5.318119993844216
2011,Electric Fuses and Circuit Breakers,4 times or more,"$30,000 to $39,999",164,164.0,ok,5.10594547390058
2011,Electric Fuses and Circuit Breakers,4 times or more,"$40,000 to $49,999",125,125.0,ok,4.836281906951478
2011,Electric Fuses and Circuit Breakers,4 times or more,"$50,000 to $59,999",72,72.0,ok,4.290459441148391
2011,Electric Fuses and Circuit Breakers,4 times or more,"$60,000 to $79,999",163,163.0,ok,5.099866427824199
2011,Electric Fuses and Circuit Breakers,4 times or more,"$80,000 to $99,999",108,108.0,ok,4.6913478822291435
2011,Electric Fuses and Circuit Breakers,4 times or more,"Less than $10,000",135,135.0,ok,4.912654885736052
2011,Electric Fuses and Circuit Breakers,No fuses or breakers blown in last 3 months,"$10,000 to $19,999","11,512",11512.0,ok,9.351232110673664
2011,Electric Fuses and Circuit Breakers,No fuses or breakers blown in last 3 months,"$100,000 to $119,999","6,080",6080.0,ok,8.71292443512011
2011,Electric Fuses and Circuit Breakers,No fuses or breakers blown in last 3 months,"$120,000 or more","13,030",13030.0,ok,9.475086413144906
2011,Electric Fuses and Circuit Breakers,No fuses or breakers blown in last 3 months,"$20,000 to $29,999","12,847",12847.0,ok,9.460943436186543
2011,Electric Fuses and Circuit Breakers,No fuses or breakers blown in last 3 months,"$30,000 to $39,999","10,634",10634.0,ok,9.271905727634337
2011,Electric Fuses and Circuit Breakers,No fuses or breakers blown in last 3 months,"$40,000 to $49,999","9,123",9123.0,ok,9.11866358340428
2011,Electric Fuses and Circuit Breakers,No fuses or breakers blown in last 3 months,"$50,000 to $59,999","7,767",7767.0,ok,8.957768009971161
2011,Electric Fuses and Circuit Breakers,No fuses or breakers blown in last 3 months,"$60,000 to $79,999","12,577",12577.0,ok,9.439704535103449
2011,Electric Fuses and Circuit Breakers,No fuses or breakers blown in last 3 months,"$80,000 to $99,999","8,685",8685.0,ok,9.069467813094768
2011,Electric Fuses and Circuit Breakers,No fuses or breakers blown in last 3 months,"Less than $10,000","10,415",10415.0,ok,9.251098364448351
2011,Electric Fuses and Circuit Breakers,Number of times not reported,"$10,000 to $19,999",11,11.0,ok,2.4849066497880004
2011,Electric Fuses and Circuit Breakers,Number of times not reported,"$100,000 to $119,999",10,10.0,ok,2.3978952727983707
2011,Electric Fuses and Circuit Breakers,Number of times not reported,"$120,000 or more",4,4.0,ok,1.6094379124341003
2011,Electric Fuses and Circuit Breakers,Number of times not reported,"$20,000 to $29,999",14,14.0,ok,2.70805020110221
2011,Electric Fuses and Circuit Breakers,Number of times not reported,"$30,000 to $39,999",12,12.0,ok,2.5649493574615367
2011,Electric Fuses and Circuit Breakers,Number of times not reported,"$40,000 to $49,999",.,,blank_or_na,
2011,Electric Fuses and Circuit Breakers,Number of times not reported,"$50,000 to $59,999",7,7.0,ok,2.0794415416798357
2011,Electric Fuses and Circuit Breakers,Number of times not reported,"$60,000 to $79,999",9,9.0,ok,2.302585092994046
2011,Electric Fuses and Circuit Breakers,Number of times not reported,"$80,000 to $99,999",10,10.0,ok,2.3978952727983707
2011,Electric Fuses and Circuit Breakers,Number of times not reported,"Less than $10,000",14,14.0,ok,2.70805020110221
2011,Electric Fuses and Circuit Breakers,Problem not reported or don’t know,"$10,000 to $19,999",157,157.0,ok,5.062595033026967
2011,Electric Fuses and Circuit Breakers,Problem not reported or don’t know,"$100,000 to $119,999",66,66.0,ok,4.204692619390966
2011,Electric Fuses and Circuit Breakers,Problem not reported or don’t know,"$120,000 or more",148,148.0,ok,5.003946305945459
2011,Electric Fuses and Circuit Breakers,Problem not reported or don’t know,"$20,000 to $29,999",172,172.0,ok,5.153291594497779
2011,Electric Fuses and Circuit Breakers,Problem not reported or don’t know,"$30,000 to $39,999",174,174.0,ok,5.1647859739235145
2011,Electric Fuses and Circuit Breakers,Problem not reported or don’t know,"$40,000 to $49,999",112,112.0,ok,4.727387818712341
2011,Electric Fuses and Circuit Breakers,Problem not reported or don’t know,"$50,000 to $59,999",91,91.0,ok,4.5217885770490405
2011,Electric Fuses and Circuit Breakers,Problem not reported or don’t know,"$60,000 to $79,999",187,187.0,ok,5.236441962829949
2011,Electric Fuses and Circuit Breakers,Problem not reported or don’t know,"$80,000 to $99,999",116,116.0,ok,4.762173934797756
2011,Electric Fuses and Circuit Breakers,Problem not reported or don’t know,"Less than $10,000",209,209.0,ok,5.3471075307174685
2011,Electric Fuses and Circuit Breakers,With electrical wiring,"$10,000 to $19,999","12,710",12710.0,ok,9.450223039294668
2011,Electric Fuses and Circuit Breakers,With electrical wiring,"$100,000 to $119,999","6,845",6845.0,ok,8.831419819090131
2011,Electric Fuses and Circuit Breakers,With electrical wiring,"$120,000 or more","14,860",14860.0,ok,9.60649561075857
2011,Electric Fuses and Circuit Breakers,With electrical wiring,"$20,000 to $29,999","14,218",14218.0,ok,9.562334377396374
2011,Electric Fuses and Circuit Breakers,With electrical wiring,"$30,000 to $39,999","11,828",11828.0,ok,9.378309422545737
2011,Electric Fuses and Circuit Breakers,With electrical wiring,"$40,000 to $49,999","10,113",10113.0,ok,9.221675881639928
2011,Electric Fuses and Circuit Breakers,With electrical wiring,"$50,000 to $59,999","8,635",8635.0,ok,9.063694791634697
2011,Electric Fuses and Circuit Breakers,With electrical wiring,"$60,000 to $79,999","14,108",14108.0,ok,9.554568170613157
2011,Electric Fuses and Circuit Breakers,With electrical wiring,"$80,000 to $99,999","9,832",9832.0,ok,9.193499354780156
2011,Electric Fuses and Circuit Breakers,With electrical wiring,"Less than $10,000","11,514",11514.0,ok,9.351405812254786
2011,Electric Fuses and Circuit Breakers,With fuses or breakers blown in last 3 months,"$10,000 to $19,999","1,042",1042.0,ok,6.949856455000773
2011,Electric Fuses and Circuit Breakers,With fuses or breakers blown in last 3 months,"$100,000 to $119,999",700,700.0,ok,6.55250788703459
2011,Electric Fuses and Circuit Breakers,With fuses or breakers blown in last 3 months,"$120,000 or more","1,682",1682.0,ok,7.428333194190806
2011,Electric Fuses and Circuit Breakers,With fuses or breakers blown in last 3 months,"$20,000 to $29,999","1,199",1199.0,ok,7.090076835776092
2011,Electric Fuses and Circuit Breakers,With fuses or breakers blown in last 3 months,"$30,000 to $39,999","1,020",1020.0,ok,6.928537818164665
2011,Electric Fuses and Circuit Breakers,With fuses or breakers blown in last 3 months,"$40,000 to $49,999",879,879.0,ok,6.779921907472252
2011,Electric Fuses and Circuit Breakers,With fuses or breakers blown in last 3 months,"$50,000 to $59,999",777,777.0,ok,6.656726524178391
2011,Electric Fuses and Circuit Breakers,With fuses or breakers blown in last 3 months,"$60,000 to $79,999","1,344",1344.0,ok,7.20414929203594
2011,Electric Fuses and Circuit Breakers,With fuses or breakers blown in last 3 months,"$80,000 to $99,999","1,031",1031.0,ok,6.939253946041508
2011,Electric Fuses and Circuit Breakers,With fuses or breakers blown in last 3 months,"Less than $10,000",890,890.0,ok,6.792344427470809
2011,External Building Conditions,Bars on windows,"$10,000 to $19,999",298,298.0,ok,5.700443573390686
2011,External Building Conditions,Bars on windows,"$100,000 to $119,999",120,120.0,ok,4.795790545596741
2011,External Building Conditions,Bars on windows,"$120,000 or more",266,266.0,ok,5.58724865840025
2011,External Building Conditions,Bars on windows,"$20,000 to $29,999",383,383.0,ok,5.950642552587727
2011,External Building Conditions,Bars on windows,"$30,000 to $39,999",285,285.0,ok,5.655991810819852
2011,External Building Conditions,Bars on windows,"$40,000 to $49,999",207,207.0,ok,5.337538079701318
2011,External Building Conditions,Bars on windows,"$50,000 to $59,999",188,188.0,ok,5.241747015059643
2011,External Building Conditions,Bars on windows,"$60,000 to $79,999",321,321.0,ok,5.7745515455444085
2011,External Building Conditions,Bars on windows,"$80,000 to $99,999",184,184.0,ok,5.220355825078325
2011,External Building Conditions,Bars on windows,"Less than $10,000",330,330.0,ok,5.802118375377063
2011,External Building Conditions,Boarded up windows,"$10,000 to $19,999",127,127.0,ok,4.852030263919617
2011,External Building Conditions,Boarded up windows,"$100,000 to $119,999",16,16.0,ok,2.833213344056216
2011,External Building Conditions,Boarded up windows,"$120,000 or more",44,44.0,ok,3.8066624897703196
2011,External Building Conditions,Boarded up windows,"$20,000 to $29,999",117,117.0,ok,4.770684624465665
2011,External Building Conditions,Boarded up windows,"$30,000 to $39,999",101,101.0,ok,4.624972813284271
2011,External Building Conditions,Boarded up windows,"$40,000 to $49,999",84,84.0,ok,4.442651256490317
2011,External Building Conditions,Boarded up windows,"$50,000 to $59,999",53,53.0,ok,3.9889840465642745
2011,External Building Conditions,Boarded up windows,"$60,000 to $79,999",74,74.0,ok,4.31748811353631
2011,External Building Conditions,Boarded up windows,"$80,000 to $99,999",48,48.0,ok,3.8918202981106265
2011,External Building Conditions,Boarded up windows,"Less than $10,000",167,167.0,ok,5.123963979403259
2011,External Building Conditions,Broken windows,"$10,000 to $19,999",510,510.0,ok,6.236369590203704
2011,External Building Conditions,Broken windows,"$100,000 to $119,999",177,177.0,ok,5.181783550292085
2011,External Building Conditions,Broken windows,"$120,000 or more",281,281.0,ok,5.641907070938114
2011,External Building Conditions,Broken windows,"$20,000 to $29,999",490,490.0,ok,6.19644412779452
2011,External Building Conditions,Broken windows,"$30,000 to $39,999",413,413.0,ok,6.025865973825314
2011,External Building Conditions,Broken windows,"$40,000 to $49,999",355,355.0,ok,5.87493073085203
2011,External Building Conditions,Broken windows,"$50,000 to $59,999",241,241.0,ok,5.488937726156687
2011,External Building Conditions,Broken windows,"$60,000 to $79,999",400,400.0,ok,5.993961427306569
2011,External Building Conditions,Broken windows,"$80,000 to $99,999",265,265.0,ok,5.583496308781699
2011,External Building Conditions,Broken windows,"Less than $10,000",468,468.0,ok,6.150602768446279
2011,External Building Conditions,Foundation crumbling or has open crack or hole,"$10,000 to $19,999",521,521.0,ok,6.257667587882639
2011,External Building Conditions,Foundation crumbling or has open crack or hole,"$100,000 to $119,999",276,276.0,ok,5.6240175061873385
2011,External Building Conditions,Foundation crumbling or has open crack or hole,"$120,000 or more",498,498.0,ok,6.212606095751519
2011,External Building Conditions,Foundation crumbling or has open crack or hole,"$20,000 to $29,999",618,618.0,ok,6.428105272684596
2011,External Building Conditions,Foundation crumbling or has open crack or hole,"$30,000 to $39,999",511,511.0,ok,6.238324625039508
2011,External Building Conditions,Foundation crumbling or has open crack or hole,"$40,000 to $49,999",396,396.0,ok,5.983936280687191
2011,External Building Conditions,Foundation crumbling or has open crack or hole,"$50,000 to $59,999",333,333.0,ok,5.8111409929767
2011,External Building Conditions,Foundation crumbling or has open crack or hole,"$60,000 to $79,999",584,584.0,ok,6.371611847231857
2011,External Building Conditions,Foundation crumbling or has open crack or hole,"$80,000 to $99,999",352,352.0,ok,5.8664680569332965
2011,External Building Conditions,Foundation crumbling or has open crack or hole,"Less than $10,000",461,461.0,ok,6.135564891081739
2011,External Building Conditions,Hole in roof,"$10,000 to $19,999",200,200.0,ok,5.303304908059076
2011,External Building Conditions,Hole in roof,"$100,000 to $119,999",39,39.0,ok,3.6888794541139363
2011,External Building Conditions,Hole in roof,"$120,000 or more",112,112.0,ok,4.727387818712341
2011,External Building Conditions,Hole in roof,"$20,000 to $29,999",199,199.0,ok,5.298317366548036
2011,External Building Conditions,Hole in roof,"$30,000 to $39,999",192,192.0,ok,5.262690188904886
2011,External Building Conditions,Hole in roof,"$40,000 to $49,999",91,91.0,ok,4.5217885770490405
2011,External Building Conditions,Hole in roof,"$50,000 to $59,999",36,36.0,ok,3.6109179126442243
2011,External Building Conditions,Hole in roof,"$60,000 to $79,999",129,129.0,ok,4.867534450455582
2011,External Building Conditions,Hole in roof,"$80,000 to $99,999",73,73.0,ok,4.304065093204169
2011,External Building Conditions,Hole in roof,"Less than $10,000",213,213.0,ok,5.365976015021851
2011,External Building Conditions,"Missing bricks, siding, or other outside wall material","$10,000 to $19,999",324,324.0,ok,5.783825182329737
2011,External Building Conditions,"Missing bricks, siding, or other outside wall material","$100,000 to $119,999",81,81.0,ok,4.406719247264253
2011,External Building Conditions,"Missing bricks, siding, or other outside wall material","$120,000 or more",173,173.0,ok,5.159055299214529
2011,External Building Conditions,"Missing bricks, siding, or other outside wall material","$20,000 to $29,999",265,265.0,ok,5.583496308781699
2011,External Building Conditions,"Missing bricks, siding, or other outside wall material","$30,000 to $39,999",232,232.0,ok,5.4510384535657
2011,External Building Conditions,"Missing bricks, siding, or other outside wall material","$40,000 to $49,999",192,192.0,ok,5.262690188904886
2011,External Building Conditions,"Missing bricks, siding, or other outside wall material","$50,000 to $59,999",165,165.0,ok,5.111987788356544
2011,External Building Conditions,"Missing bricks, siding, or other outside wall material","$60,000 to $79,999",267,267.0,ok,5.5909869805108565
2011,External Building Conditions,"Missing bricks, siding, or other outside wall material","$80,000 to $99,999",122,122.0,ok,4.812184355372417
2011,External Building Conditions,"Missing bricks, siding, or other outside wall material","Less than $10,000",313,313.0,ok,5.749392985908253
2011,External Building Conditions,Missing roofing material,"$10,000 to $19,999",358,358.0,ok,5.883322388488279
2011,External Building Conditions,Missing roofing material,"$100,000 to $119,999",159,159.0,ok,5.075173815233827
2011,External Building Conditions,Missing roofing material,"$120,000 or more",330,330.0,ok,5.802118375377063
2011,External Building Conditions,Missing roofing material,"$20,000 to $29,999",379,379.0,ok,5.940171252720432
2011,External Building Conditions,Missing roofing material,"$30,000 to $39,999",365,365.0,ok,5.902633333401366
2011,External Building Conditions,Missing roofing material,"$40,000 to $49,999",290,290.0,ok,5.673323267171493
2011,External Building Conditions,Missing roofing material,"$50,000 to $59,999",213,213.0,ok,5.365976015021851
2011,External Building Conditions,Missing roofing material,"$60,000 to $79,999",379,379.0,ok,5.940171252720432
2011,External Building Conditions,Missing roofing material,"$80,000 to $99,999",199,199.0,ok,5.298317366548036
2011,External Building Conditions,Missing roofing material,"Less than $10,000",358,358.0,ok,5.883322388488279
2011,External Building Conditions,None of the above,"$10,000 to $19,999","6,054",6054.0,ok,8.708639655987193
2011,External Building Conditions,None of the above,"$100,000 to $119,999","5,237",5237.0,ok,8.563695025067657
2011,External Building Conditions,None of the above,"$120,000 or more","11,759",11759.0,ok,9.372459221452617
2011,External Building Conditions,None of the above,"$20,000 to $29,999","8,119",8119.0,ok,9.002085433155724
2011,External Building Conditions,None of the above,"$30,000 to $39,999","6,980",6980.0,ok,8.850947451970402
2011,External Building Conditions,None of the above,"$40,000 to $49,999","6,428",6428.0,ok,8.768574284141687
2011,External Building Conditions,None of the above,"$50,000 to $59,999","5,733",5733.0,ok,8.654168646443315
2011,External Building Conditions,None of the above,"$60,000 to $79,999","9,701",9701.0,ok,9.180087328805161
2011,External Building Conditions,None of the above,"$80,000 to $99,999","7,272",7272.0,ok,8.89192414015454
2011,External Building Conditions,None of the above,"Less than $10,000","4,676",4676.0,ok,8.450412157725886
2011,External Building Conditions,Not reported,"$10,000 to $19,999",30,30.0,ok,3.4339872044851463
2011,External Building Conditions,Not reported,"$100,000 to $119,999",10,10.0,ok,2.3978952727983707
2011,External Building Conditions,Not reported,"$120,000 or more",25,25.0,ok,3.258096538021482
2011,External Building Conditions,Not reported,"$20,000 to $29,999",39,39.0,ok,3.6888794541139363
2011,External Building Conditions,Not reported,"$30,000 to $39,999",30,30.0,ok,3.4339872044851463
2011,External Building Conditions,Not reported,"$40,000 to $49,999",24,24.0,ok,3.2188758248682006
2011,External Building Conditions,Not reported,"$50,000 to $59,999",14,14.0,ok,2.70805020110221
2011,External Building Conditions,Not reported,"$60,000 to $79,999",40,40.0,ok,3.713572066704308
2011,External Building Conditions,Not reported,"$80,000 to $99,999",22,22.0,ok,3.1354942159291497
2011,External Building Conditions,Not reported,"Less than $10,000",33,33.0,ok,3.5263605246161616
2011,External Building Conditions,Sagging roof,"$10,000 to $19,999",258,258.0,ok,5.556828061699537
2011,External Building Conditions,Sagging roof,"$100,000 to $119,999",61,61.0,ok,4.127134385045092
2011,External Building Conditions,Sagging roof,"$120,000 or more",132,132.0,ok,4.890349128221754
2011,External Building Conditions,Sagging roof,"$20,000 to $29,999",251,251.0,ok,5.529429087511423
2011,External Building Conditions,Sagging roof,"$30,000 to $39,999",177,177.0,ok,5.181783550292085
2011,External Building Conditions,Sagging roof,"$40,000 to $49,999",144,144.0,ok,4.976733742420574
2011,External Building Conditions,Sagging roof,"$50,000 to $59,999",121,121.0,ok,4.804021044733257
2011,External Building Conditions,Sagging roof,"$60,000 to $79,999",219,219.0,ok,5.393627546352361
2011,External Building Conditions,Sagging roof,"$80,000 to $99,999",107,107.0,ok,4.68213122712422
2011,External Building Conditions,Sagging roof,"Less than $10,000",253,253.0,ok,5.537334267018537
2011,External Building Conditions,Sloping outside walls,"$10,000 to $19,999",166,166.0,ok,5.117993812416755
2011,External Building Conditions,Sloping outside walls,"$100,000 to $119,999",43,43.0,ok,3.784189633918261
2011,External Building Conditions,Sloping outside walls,"$120,000 or more",74,74.0,ok,4.31748811353631
2011,External Building Conditions,Sloping outside walls,"$20,000 to $29,999",130,130.0,ok,4.875197323201151
2011,External Building Conditions,Sloping outside walls,"$30,000 to $39,999",107,107.0,ok,4.68213122712422
2011,External Building Conditions,Sloping outside walls,"$40,000 to $49,999",88,88.0,ok,4.48863636973214
2011,External Building Conditions,Sloping outside walls,"$50,000 to $59,999",69,69.0,ok,4.248495242049359
2011,External Building Conditions,Sloping outside walls,"$60,000 to $79,999",146,146.0,ok,4.990432586778736
2011,External Building Conditions,Sloping outside walls,"$80,000 to $99,999",63,63.0,ok,4.1588830833596715
2011,External Building Conditions,Sloping outside walls,"Less than $10,000",144,144.0,ok,4.976733742420574
2011,Flush Toilet Breakdowns,No breakdowns lasting 6 hours or more,"$10,000 to $19,999",101,101.0,ok,4.624972813284271
2011,Flush Toilet Breakdowns,No breakdowns lasting 6 hours or more,"$100,000 to $119,999",23,23.0,ok,3.1780538303479458
2011,Flush Toilet Breakdowns,No breakdowns lasting 6 hours or more,"$120,000 or more",45,45.0,ok,3.828641396489095
2011,Flush Toilet Breakdowns,No breakdowns lasting 6 hours or more,"$20,000 to $29,999",96,96.0,ok,4.574710978503383
2011,Flush Toilet Breakdowns,No breakdowns lasting 6 hours or more,"$30,000 to $39,999",78,78.0,ok,4.3694478524670215
2011,Flush Toilet Breakdowns,No breakdowns lasting 6 hours or more,"$40,000 to $49,999",43,43.0,ok,3.784189633918261
2011,Flush Toilet Breakdowns,No breakdowns lasting 6 hours or more,"$50,000 to $59,999",54,54.0,ok,4.007333185232471
2011,Flush Toilet Breakdowns,No breakdowns lasting 6 hours or more,"$60,000 to $79,999",35,35.0,ok,3.58351893845611
2011,Flush Toilet Breakdowns,No breakdowns lasting 6 hours or more,"$80,000 to $99,999",35,35.0,ok,3.58351893845611
2011,Flush Toilet Breakdowns,No breakdowns lasting 6 hours or more,"Less than $10,000",85,85.0,ok,4.454347296253507
2011,Flush Toilet Breakdowns,None working some time in last 3 months,"$10,000 to $19,999",345,345.0,ok,5.846438775057724
2011,Flush Toilet Breakdowns,None working some time in last 3 months,"$100,000 to $119,999",67,67.0,ok,4.219507705176107
2011,Flush Toilet Breakdowns,None working some time in last 3 months,"$120,000 or more",161,161.0,ok,5.087596335232384
2011,Flush Toilet Breakdowns,None working some time in last 3 months,"$20,000 to $29,999",283,283.0,ok,5.648974238161206
2011,Flush Toilet Breakdowns,None working some time in last 3 months,"$30,000 to $39,999",237,237.0,ok,5.472270673671475
2011,Flush Toilet Breakdowns,None working some time in last 3 months,"$40,000 to $49,999",154,154.0,ok,5.043425116919247
2011,Flush Toilet Breakdowns,None working some time in last 3 months,"$50,000 to $59,999",146,146.0,ok,4.990432586778736
2011,Flush Toilet Breakdowns,None working some time in last 3 months,"$60,000 to $79,999",195,195.0,ok,5.278114659230518
2011,Flush Toilet Breakdowns,None working some time in last 3 months,"$80,000 to $99,999",109,109.0,ok,4.700480365792417
2011,Flush Toilet Breakdowns,None working some time in last 3 months,"Less than $10,000",382,382.0,ok,5.948034989180646
2011,Flush Toilet Breakdowns,With at least one toilet working at all times in last 3 months,"$10,000 to $19,999","12,249",12249.0,ok,9.413281215972873
2011,Flush Toilet Breakdowns,With at least one toilet working at all times in last 3 months,"$100,000 to $119,999","6,719",6719.0,ok,8.812843433517195
2011,Flush Toilet Breakdowns,With at least one toilet working at all times in last 3 months,"$120,000 or more","14,586",14586.0,ok,9.587886000086213
2011,Flush Toilet Breakdowns,With at least one toilet working at all times in last 3 months,"$20,000 to $29,999","13,826",13826.0,ok,9.534378481388618
2011,Flush Toilet Breakdowns,With at least one toilet working at all times in last 3 months,"$30,000 to $39,999","11,453",11453.0,ok,9.346094292953802
2011,Flush Toilet Breakdowns,With at least one toilet working at all times in last 3 months,"$40,000 to $49,999","9,871",9871.0,ok,9.197457746145169
2011,Flush Toilet Breakdowns,With at least one toilet working at all times in last 3 months,"$50,000 to $59,999","8,436",8436.0,ok,9.040382074165628
2011,Flush Toilet Breakdowns,With at least one toilet working at all times in last 3 months,"$60,000 to $79,999","13,768",13768.0,ok,9.530174967444372
2011,Flush Toilet Breakdowns,With at least one toilet working at all times in last 3 months,"$80,000 to $99,999","9,620",9620.0,ok,9.171703488361265
2011,Flush Toilet Breakdowns,With at least one toilet working at all times in last 3 months,"Less than $10,000","10,939",10939.0,ok,9.300181075975972
2011,Flush Toilet Breakdowns,With one or more flush toilets,"$10,000 to $19,999","12,710",12710.0,ok,9.450223039294668
2011,Flush Toilet Breakdowns,With one or more flush toilets,"$100,000 to $119,999","6,849",6849.0,ok,8.83200393125627
2011,Flush Toilet Breakdowns,With one or more flush toilets,"$120,000 or more","14,862",14862.0,ok,9.606630182148894
2011,Flush Toilet Breakdowns,With one or more flush toilets,"$20,000 to $29,999","14,260",14260.0,ok,9.565283817736766
2011,Flush Toilet Breakdowns,With one or more flush toilets,"$30,000 to $39,999","11,828",11828.0,ok,9.378309422545737
2011,Flush Toilet Breakdowns,With one or more flush toilets,"$40,000 to $49,999","10,119",10119.0,ok,9.222268942841456
2011,Flush Toilet Breakdowns,With one or more flush toilets,"$50,000 to $59,999","8,642",8642.0,ok,9.064505023752638
2011,Flush Toilet Breakdowns,With one or more flush toilets,"$60,000 to $79,999","14,107",14107.0,ok,9.554497291355943
2011,Flush Toilet Breakdowns,With one or more flush toilets,"$80,000 to $99,999","9,828",9828.0,ok,9.19309247856663
2011,Flush Toilet Breakdowns,With one or more flush toilets,"Less than $10,000","11,505",11505.0,ok,9.350623917423238
2011,Heating Problems,Equipment breakdowns,"$10,000 to $19,999",373,373.0,ok,5.924255797414532
2011,Heating Problems,Equipment breakdowns,"$100,000 to $119,999",136,136.0,ok,4.919980925828125
2011,Heating Problems,Equipment breakdowns,"$120,000 or more",208,208.0,ok,5.342334251964811
2011,Heating Problems,Equipment breakdowns,"$20,000 to $29,999",396,396.0,ok,5.983936280687191
2011,Heating Problems,Equipment breakdowns,"$30,000 to $39,999",281,281.0,ok,5.641907070938114
2011,Heating Problems,Equipment breakdowns,"$40,000 to $49,999",191,191.0,ok,5.2574953720277815
2011,Heating Problems,Equipment breakdowns,"$50,000 to $59,999",147,147.0,ok,4.997212273764115
2011,Heating Problems,Equipment breakdowns,"$60,000 to $79,999",286,286.0,ok,5.659482215759621
2011,Heating Problems,Equipment breakdowns,"$80,000 to $99,999",200,200.0,ok,5.303304908059076
2011,Heating Problems,Equipment breakdowns,"Less than $10,000",385,385.0,ok,5.955837369464831
2011,Heating Problems,No breakdowns lasting 6 hours or more,"$10,000 to $19,999",6,6.0,ok,1.9459101490553132
2011,Heating Problems,No breakdowns lasting 6 hours or more,"$100,000 to $119,999",.,,blank_or_na,
2011,Heating Problems,No breakdowns lasting 6 hours or more,"$120,000 or more",.,,blank_or_na,
2011,Heating Problems,No breakdowns lasting 6 hours or more,"$20,000 to $29,999",8,8.0,ok,2.1972245773362196
2011,Heating Problems,No breakdowns lasting 6 hours or more,"$30,000 to $39,999",5,5.0,ok,1.791759469228055
2011,Heating Problems,No breakdowns lasting 6 hours or more,"$40,000 to $49,999",3,3.0,ok,1.3862943611198906
2011,Heating Problems,No breakdowns lasting 6 hours or more,"$50,000 to $59,999",.,,blank_or_na,
2011,Heating Problems,No breakdowns lasting 6 hours or more,"$60,000 to $79,999",10,10.0,ok,2.3978952727983707
2011,Heating Problems,No breakdowns lasting 6 hours or more,"$80,000 to $99,999",1,1.0,ok,0.6931471805599453
2011,Heating Problems,No breakdowns lasting 6 hours or more,"Less than $10,000",8,8.0,ok,2.1972245773362196
2011,Heating Problems,Not uncomfortably cold for 24 hours or more,"$10,000 to $19,999","9,657",9657.0,ok,9.175541866433488
2011,Heating Problems,Not uncomfortably cold for 24 hours or more,"$100,000 to $119,999","5,936",5936.0,ok,8.688959234270676
2011,Heating Problems,Not uncomfortably cold for 24 hours or more,"$120,000 or more","12,938",12938.0,ok,9.468001285315953
2011,Heating Problems,Not uncomfortably cold for 24 hours or more,"$20,000 to $29,999","11,230",11230.0,ok,9.326433090963036
2011,Heating Problems,Not uncomfortably cold for 24 hours or more,"$30,000 to $39,999","9,355",9355.0,ok,9.143773127704069
2011,Heating Problems,Not uncomfortably cold for 24 hours or more,"$40,000 to $49,999","8,219",8219.0,ok,9.014325488050225
2011,Heating Problems,Not uncomfortably cold for 24 hours or more,"$50,000 to $59,999","7,123",7123.0,ok,8.871224644409553
2011,Heating Problems,Not uncomfortably cold for 24 hours or more,"$60,000 to $79,999","11,853",11853.0,ok,9.380420642347783
2011,Heating Problems,Not uncomfortably cold for 24 hours or more,"$80,000 to $99,999","8,474",8474.0,ok,9.044875932248651
2011,Heating Problems,Not uncomfortably cold for 24 hours or more,"Less than $10,000","8,174",8174.0,ok,9.008835995765454
2011,Heating Problems,Uncomfortably cold for 24 hours or more,"$10,000 to $19,999","1,328",1328.0,ok,7.192182058713246
2011,Heating Problems,Uncomfortably cold for 24 hours or more,"$100,000 to $119,999",434,434.0,ok,6.075346031088684
2011,Heating Problems,Uncomfortably cold for 24 hours or more,"$120,000 or more",916,916.0,ok,6.821107472256465
2011,Heating Problems,Uncomfortably cold for 24 hours or more,"$20,000 to $29,999","1,246",1246.0,ok,7.1284959456800365
2011,Heating Problems,Uncomfortably cold for 24 hours or more,"$30,000 to $39,999","1,034",1034.0,ok,6.942156705699469
2011,Heating Problems,Uncomfortably cold for 24 hours or more,"$40,000 to $49,999",752,752.0,ok,6.6240652277998935
2011,Heating Problems,Uncomfortably cold for 24 hours or more,"$50,000 to $59,999",641,641.0,ok,6.464588303689961
2011,Heating Problems,Uncomfortably cold for 24 hours or more,"$60,000 to $79,999",966,966.0,ok,6.874198495453294
2011,Heating Problems,Uncomfortably cold for 24 hours or more,"$80,000 to $99,999",626,626.0,ok,6.440946540632921
2011,Heating Problems,Uncomfortably cold for 24 hours or more,"Less than $10,000","1,186",1186.0,ok,7.079184394609668
2011,Heating Problems,With heating equipment and occupied last winter,"$10,000 to $19,999","11,259",11259.0,ok,9.329011901693681
2011,Heating Problems,With heating equipment and occupied last winter,"$100,000 to $119,999","6,460",6460.0,ok,8.773539383558166
2011,Heating Problems,With heating equipment and occupied last winter,"$120,000 or more","14,055",14055.0,ok,9.550804629866933
2011,Heating Problems,With heating equipment and occupied last winter,"$20,000 to $29,999","12,787",12787.0,ok,9.456262510179732
2011,Heating Problems,With heating equipment and occupied last winter,"$30,000 to $39,999","10,615",10615.0,ok,9.270117576012044
2011,Heating Problems,With heating equipment and occupied last winter,"$40,000 to $49,999","9,170",9170.0,ok,9.123801610558944
2011,Heating Problems,With heating equipment and occupied last winter,"$50,000 to $59,999","7,896",7896.0,ok,8.97423821949758
2011,Heating Problems,With heating equipment and occupied last winter,"$60,000 to $79,999","13,070",13070.0,ok,9.478151314785551
2011,Heating Problems,With heating equipment and occupied last winter,"$80,000 to $99,999","9,269",9269.0,ok,9.1345386585599
2011,Heating Problems,With heating equipment and occupied last winter,"Less than $10,000","9,765",9765.0,ok,9.186662244621605
2011,Number of breakdowns that lasted 6 hours or more:,1,"$10,000 to $19,999",151,151.0,ok,5.0238805208462765
2011,Number of breakdowns that lasted 6 hours or more:,1,"$100,000 to $119,999",36,36.0,ok,3.6109179126442243
2011,Number of breakdowns that lasted 6 hours or more:,1,"$120,000 or more",78,78.0,ok,4.3694478524670215
2011,Number of breakdowns that lasted 6 hours or more:,1,"$20,000 to $29,999",137,137.0,ok,4.927253685157205
2011,Number of breakdowns that lasted 6 hours or more:,1,"$30,000 to $39,999",114,114.0,ok,4.74493212836325
2011,Number of breakdowns that lasted 6 hours or more:,1,"$40,000 to $49,999",80,80.0,ok,4.394449154672439
2011,Number of breakdowns that lasted 6 hours or more:,1,"$50,000 to $59,999",52,52.0,ok,3.970291913552122
2011,Number of breakdowns that lasted 6 hours or more:,1,"$60,000 to $79,999",98,98.0,ok,4.59511985013459
2011,Number of breakdowns that lasted 6 hours or more:,1,"$80,000 to $99,999",53,53.0,ok,3.9889840465642745
2011,Number of breakdowns that lasted 6 hours or more:,1,"Less than $10,000",192,192.0,ok,5.262690188904886
2011,Number of breakdowns that lasted 6 hours or more:,2,"$10,000 to $19,999",45,45.0,ok,3.828641396489095
2011,Number of breakdowns that lasted 6 hours or more:,2,"$100,000 to $119,999",4,4.0,ok,1.6094379124341003
2011,Number of breakdowns that lasted 6 hours or more:,2,"$120,000 or more",23,23.0,ok,3.1780538303479458
2011,Number of breakdowns that lasted 6 hours or more:,2,"$20,000 to $29,999",21,21.0,ok,3.091042453358316
2011,Number of breakdowns that lasted 6 hours or more:,2,"$30,000 to $39,999",15,15.0,ok,2.772588722239781
2011,Number of breakdowns that lasted 6 hours or more:,2,"$40,000 to $49,999",8,8.0,ok,2.1972245773362196
2011,Number of breakdowns that lasted 6 hours or more:,2,"$50,000 to $59,999",10,10.0,ok,2.3978952727983707
2011,Number of breakdowns that lasted 6 hours or more:,2,"$60,000 to $79,999",28,28.0,ok,3.367295829986474
2011,Number of breakdowns that lasted 6 hours or more:,2,"$80,000 to $99,999",11,11.0,ok,2.4849066497880004
2011,Number of breakdowns that lasted 6 hours or more:,2,"Less than $10,000",54,54.0,ok,4.007333185232471
2011,Number of breakdowns that lasted 6 hours or more:,3,"$10,000 to $19,999",10,10.0,ok,2.3978952727983707
2011,Number of breakdowns that lasted 6 hours or more:,3,"$100,000 to $119,999",.,,blank_or_na,
2011,Number of breakdowns that lasted 6 hours or more:,3,"$120,000 or more",.,,blank_or_na,
2011,Number of breakdowns that lasted 6 hours or more:,3,"$20,000 to $29,999",3,3.0,ok,1.3862943611198906
2011,Number of breakdowns that lasted 6 hours or more:,3,"$30,000 to $39,999",13,13.0,ok,2.639057329615259
2011,Number of breakdowns that lasted 6 hours or more:,3,"$40,000 to $49,999",7,7.0,ok,2.0794415416798357
2011,Number of breakdowns that lasted 6 hours or more:,3,"$50,000 to $59,999",10,10.0,ok,2.3978952727983707
2011,Number of breakdowns that lasted 6 hours or more:,3,"$60,000 to $79,999",2,2.0,ok,1.0986122886681096
2011,Number of breakdowns that lasted 6 hours or more:,3,"$80,000 to $99,999",3,3.0,ok,1.3862943611198906
2011,Number of breakdowns that lasted 6 hours or more:,3,"Less than $10,000",4,4.0,ok,1.6094379124341003
2011,Number of breakdowns that lasted 6 hours or more:,4 or more,"$10,000 to $19,999",33,33.0,ok,3.5263605246161616
2011,Number of breakdowns that lasted 6 hours or more:,4 or more,"$100,000 to $119,999",4,4.0,ok,1.6094379124341003
2011,Number of breakdowns that lasted 6 hours or more:,4 or more,"$120,000 or more",12,12.0,ok,2.5649493574615367
2011,Number of breakdowns that lasted 6 hours or more:,4 or more,"$20,000 to $29,999",21,21.0,ok,3.091042453358316
2011,Number of breakdowns that lasted 6 hours or more:,4 or more,"$30,000 to $39,999",18,18.0,ok,2.9444389791664403
2011,Number of breakdowns that lasted 6 hours or more:,4 or more,"$40,000 to $49,999",15,15.0,ok,2.772588722239781
2011,Number of breakdowns that lasted 6 hours or more:,4 or more,"$50,000 to $59,999",20,20.0,ok,3.044522437723423
2011,Number of breakdowns that lasted 6 hours or more:,4 or more,"$60,000 to $79,999",29,29.0,ok,3.4011973816621555
2011,Number of breakdowns that lasted 6 hours or more:,4 or more,"$80,000 to $99,999",7,7.0,ok,2.0794415416798357
2011,Number of breakdowns that lasted 6 hours or more:,4 or more,"Less than $10,000",40,40.0,ok,3.713572066704308
2011,Number of breakdowns that lasted 6 hours or more:,Breakdowns not reported,"$10,000 to $19,999",116,116.0,ok,4.762173934797756
2011,Number of breakdowns that lasted 6 hours or more:,Breakdowns not reported,"$100,000 to $119,999",63,63.0,ok,4.1588830833596715
2011,Number of breakdowns that lasted 6 hours or more:,Breakdowns not reported,"$120,000 or more",115,115.0,ok,4.7535901911063645
2011,Number of breakdowns that lasted 6 hours or more:,Breakdowns not reported,"$20,000 to $29,999",152,152.0,ok,5.030437921392435
2011,Number of breakdowns that lasted 6 hours or more:,Breakdowns not reported,"$30,000 to $39,999",138,138.0,ok,4.9344739331306915
2011,Number of breakdowns that lasted 6 hours or more:,Breakdowns not reported,"$40,000 to $49,999",94,94.0,ok,4.553876891600541
2011,Number of breakdowns that lasted 6 hours or more:,Breakdowns not reported,"$50,000 to $59,999",60,60.0,ok,4.110873864173311
2011,Number of breakdowns that lasted 6 hours or more:,Breakdowns not reported,"$60,000 to $79,999",145,145.0,ok,4.983606621708336
2011,Number of breakdowns that lasted 6 hours or more:,Breakdowns not reported,"$80,000 to $99,999",99,99.0,ok,4.605170185988092
2011,Number of breakdowns that lasted 6 hours or more:,Breakdowns not reported,"Less than $10,000",183,183.0,ok,5.214935757608986
2011,Number of breakdowns that lasted 6 hours or more:,Cost of heating,"$10,000 to $19,999",200,200.0,ok,5.303304908059076
2011,Number of breakdowns that lasted 6 hours or more:,Cost of heating,"$100,000 to $119,999",54,54.0,ok,4.007333185232471
2011,Number of breakdowns that lasted 6 hours or more:,Cost of heating,"$120,000 or more",122,122.0,ok,4.812184355372417
2011,Number of breakdowns that lasted 6 hours or more:,Cost of heating,"$20,000 to $29,999",132,132.0,ok,4.890349128221754
2011,Number of breakdowns that lasted 6 hours or more:,Cost of heating,"$30,000 to $39,999",121,121.0,ok,4.804021044733257
2011,Number of breakdowns that lasted 6 hours or more:,Cost of heating,"$40,000 to $49,999",101,101.0,ok,4.624972813284271
2011,Number of breakdowns that lasted 6 hours or more:,Cost of heating,"$50,000 to $59,999",69,69.0,ok,4.248495242049359
2011,Number of breakdowns that lasted 6 hours or more:,Cost of heating,"$60,000 to $79,999",99,99.0,ok,4.605170185988092
2011,Number of breakdowns that lasted 6 hours or more:,Cost of heating,"$80,000 to $99,999",55,55.0,ok,4.02535169073515
2011,Number of breakdowns that lasted 6 hours or more:,Cost of heating,"Less than $10,000",150,150.0,ok,5.017279836814924
2011,Number of breakdowns that lasted 6 hours or more:,Discomfort not reported,"$10,000 to $19,999",274,274.0,ok,5.616771097666572
2011,Number of breakdowns that lasted 6 hours or more:,Discomfort not reported,"$100,000 to $119,999",90,90.0,ok,4.51085950651685
2011,Number of breakdowns that lasted 6 hours or more:,Discomfort not reported,"$120,000 or more",200,200.0,ok,5.303304908059076
2011,Number of breakdowns that lasted 6 hours or more:,Discomfort not reported,"$20,000 to $29,999",312,312.0,ok,5.746203190540153
2011,Number of breakdowns that lasted 6 hours or more:,Discomfort not reported,"$30,000 to $39,999",226,226.0,ok,5.424950017481403
2011,Number of breakdowns that lasted 6 hours or more:,Discomfort not reported,"$40,000 to $49,999",198,198.0,ok,5.293304824724492
2011,Number of breakdowns that lasted 6 hours or more:,Discomfort not reported,"$50,000 to $59,999",132,132.0,ok,4.890349128221754
2011,Number of breakdowns that lasted 6 hours or more:,Discomfort not reported,"$60,000 to $79,999",251,251.0,ok,5.529429087511423
2011,Number of breakdowns that lasted 6 hours or more:,Discomfort not reported,"$80,000 to $99,999",170,170.0,ok,5.14166355650266
2011,Number of breakdowns that lasted 6 hours or more:,Discomfort not reported,"Less than $10,000",406,406.0,ok,6.008813185442595
2011,Number of breakdowns that lasted 6 hours or more:,Inadequate heating capacity,"$10,000 to $19,999",249,249.0,ok,5.521460917862246
2011,Number of breakdowns that lasted 6 hours or more:,Inadequate heating capacity,"$100,000 to $119,999",42,42.0,ok,3.7612001156935624
2011,Number of breakdowns that lasted 6 hours or more:,Inadequate heating capacity,"$120,000 or more",80,80.0,ok,4.394449154672439
2011,Number of breakdowns that lasted 6 hours or more:,Inadequate heating capacity,"$20,000 to $29,999",144,144.0,ok,4.976733742420574
2011,Number of breakdowns that lasted 6 hours or more:,Inadequate heating capacity,"$30,000 to $39,999",154,154.0,ok,5.043425116919247
2011,Number of breakdowns that lasted 6 hours or more:,Inadequate heating capacity,"$40,000 to $49,999",154,154.0,ok,5.043425116919247
2011,Number of breakdowns that lasted 6 hours or more:,Inadequate heating capacity,"$50,000 to $59,999",80,80.0,ok,4.394449154672439
2011,Number of breakdowns that lasted 6 hours or more:,Inadequate heating capacity,"$60,000 to $79,999",116,116.0,ok,4.762173934797756
2011,Number of breakdowns that lasted 6 hours or more:,Inadequate heating capacity,"$80,000 to $99,999",49,49.0,ok,3.912023005428146
2011,Number of breakdowns that lasted 6 hours or more:,Inadequate heating capacity,"Less than $10,000",222,222.0,ok,5.407171771460119
2011,Number of breakdowns that lasted 6 hours or more:,Inadequate insulation,"$10,000 to $19,999",186,186.0,ok,5.231108616854587
2011,Number of breakdowns that lasted 6 hours or more:,Inadequate insulation,"$100,000 to $119,999",31,31.0,ok,3.4657359027997265
2011,Number of breakdowns that lasted 6 hours or more:,Inadequate insulation,"$120,000 or more",62,62.0,ok,4.143134726391533
2011,Number of breakdowns that lasted 6 hours or more:,Inadequate insulation,"$20,000 to $29,999",242,242.0,ok,5.493061443340548
2011,Number of breakdowns that lasted 6 hours or more:,Inadequate insulation,"$30,000 to $39,999",136,136.0,ok,4.919980925828125
2011,Number of breakdowns that lasted 6 hours or more:,Inadequate insulation,"$40,000 to $49,999",115,115.0,ok,4.7535901911063645
2011,Number of breakdowns that lasted 6 hours or more:,Inadequate insulation,"$50,000 to $59,999",64,64.0,ok,4.174387269895637
2011,Number of breakdowns that lasted 6 hours or more:,Inadequate insulation,"$60,000 to $79,999",117,117.0,ok,4.770684624465665
2011,Number of breakdowns that lasted 6 hours or more:,Inadequate insulation,"$80,000 to $99,999",48,48.0,ok,3.8918202981106265
2011,Number of breakdowns that lasted 6 hours or more:,Inadequate insulation,"Less than $10,000",177,177.0,ok,5.181783550292085
2011,Number of breakdowns that lasted 6 hours or more:,No breakdowns in last 3 months,"$10,000 to $19,999","2,081",2081.0,ok,7.641084249174914
2011,Number of breakdowns that lasted 6 hours or more:,No breakdowns in last 3 months,"$100,000 to $119,999","1,428",1428.0,ok,7.264730177929867
2011,Number of breakdowns that lasted 6 hours or more:,No breakdowns in last 3 months,"$120,000 or more","2,892",2892.0,ok,7.970049304976135
2011,Number of breakdowns that lasted 6 hours or more:,No breakdowns in last 3 months,"$20,000 to $29,999","2,732",2732.0,ok,7.913155185928068
2011,Number of breakdowns that lasted 6 hours or more:,No breakdowns in last 3 months,"$30,000 to $39,999","2,426",2426.0,ok,7.794411205726601
2011,Number of breakdowns that lasted 6 hours or more:,No breakdowns in last 3 months,"$40,000 to $49,999","2,032",2032.0,ok,7.617267813628347
2011,Number of breakdowns that lasted 6 hours or more:,No breakdowns in last 3 months,"$50,000 to $59,999","1,707",1707.0,ok,7.443078374348515
2011,Number of breakdowns that lasted 6 hours or more:,No breakdowns in last 3 months,"$60,000 to $79,999","2,954",2954.0,ok,7.991253929840198
2011,Number of breakdowns that lasted 6 hours or more:,No breakdowns in last 3 months,"$80,000 to $99,999","2,230",2230.0,ok,7.7102051944325325
2011,Number of breakdowns that lasted 6 hours or more:,No breakdowns in last 3 months,"Less than $10,000","1,584",1584.0,ok,7.368339686311381
2011,Number of breakdowns that lasted 6 hours or more:,No breakdowns lasting 6 hours or more,"$10,000 to $19,999",8,8.0,ok,2.1972245773362196
2011,Number of breakdowns that lasted 6 hours or more:,No breakdowns lasting 6 hours or more,"$100,000 to $119,999",4,4.0,ok,1.6094379124341003
2011,Number of breakdowns that lasted 6 hours or more:,No breakdowns lasting 6 hours or more,"$120,000 or more",2,2.0,ok,1.0986122886681096
2011,Number of breakdowns that lasted 6 hours or more:,No breakdowns lasting 6 hours or more,"$20,000 to $29,999",9,9.0,ok,2.302585092994046
2011,Number of breakdowns that lasted 6 hours or more:,No breakdowns lasting 6 hours or more,"$30,000 to $39,999",2,2.0,ok,1.0986122886681096
2011,Number of breakdowns that lasted 6 hours or more:,No breakdowns lasting 6 hours or more,"$40,000 to $49,999",3,3.0,ok,1.3862943611198906
2011,Number of breakdowns that lasted 6 hours or more:,No breakdowns lasting 6 hours or more,"$50,000 to $59,999",.,,blank_or_na,
2011,Number of breakdowns that lasted 6 hours or more:,No breakdowns lasting 6 hours or more,"$60,000 to $79,999",2,2.0,ok,1.0986122886681096
2011,Number of breakdowns that lasted 6 hours or more:,No breakdowns lasting 6 hours or more,"$80,000 to $99,999",8,8.0,ok,2.1972245773362196
2011,Number of breakdowns that lasted 6 hours or more:,No breakdowns lasting 6 hours or more,"Less than $10,000",6,6.0,ok,1.9459101490553132
2011,Number of breakdowns that lasted 6 hours or more:,Not reported,"$10,000 to $19,999",2,2.0,ok,1.0986122886681096
2011,Number of breakdowns that lasted 6 hours or more:,Not reported,"$100,000 to $119,999",.,,blank_or_na,
2011,Number of breakdowns that lasted 6 hours or more:,Not reported,"$120,000 or more",1,1.0,ok,0.6931471805599453
2011,Number of breakdowns that lasted 6 hours or more:,Not reported,"$20,000 to $29,999",2,2.0,ok,1.0986122886681096
2011,Number of breakdowns that lasted 6 hours or more:,Not reported,"$30,000 to $39,999",.,,blank_or_na,
2011,Number of breakdowns that lasted 6 hours or more:,Not reported,"$40,000 to $49,999",.,,blank_or_na,
2011,Number of breakdowns that lasted 6 hours or more:,Not reported,"$50,000 to $59,999",3,3.0,ok,1.3862943611198906
2011,Number of breakdowns that lasted 6 hours or more:,Not reported,"$60,000 to $79,999",.,,blank_or_na,
2011,Number of breakdowns that lasted 6 hours or more:,Not reported,"$80,000 to $99,999",3,3.0,ok,1.3862943611198906
2011,Number of breakdowns that lasted 6 hours or more:,Not reported,"Less than $10,000",7,7.0,ok,2.0794415416798357
2011,Number of breakdowns that lasted 6 hours or more:,Number of breakdowns not reported,"$10,000 to $19,999",4,4.0,ok,1.6094379124341003
2011,Number of breakdowns that lasted 6 hours or more:,Number of breakdowns not reported,"$100,000 to $119,999",.,,blank_or_na,
2011,Number of breakdowns that lasted 6 hours or more:,Number of breakdowns not reported,"$120,000 or more",4,4.0,ok,1.6094379124341003
2011,Number of breakdowns that lasted 6 hours or more:,Number of breakdowns not reported,"$20,000 to $29,999",5,5.0,ok,1.791759469228055
2011,Number of breakdowns that lasted 6 hours or more:,Number of breakdowns not reported,"$30,000 to $39,999",.,,blank_or_na,
2011,Number of breakdowns that lasted 6 hours or more:,Number of breakdowns not reported,"$40,000 to $49,999",.,,blank_or_na,
2011,Number of breakdowns that lasted 6 hours or more:,Number of breakdowns not reported,"$50,000 to $59,999",1,1.0,ok,0.6931471805599453
2011,Number of breakdowns that lasted 6 hours or more:,Number of breakdowns not reported,"$60,000 to $79,999",2,2.0,ok,1.0986122886681096
2011,Number of breakdowns that lasted 6 hours or more:,Number of breakdowns not reported,"$80,000 to $99,999",.,,blank_or_na,
2011,Number of breakdowns that lasted 6 hours or more:,Number of breakdowns not reported,"Less than $10,000",6,6.0,ok,1.9459101490553132
2011,Number of breakdowns that lasted 6 hours or more:,Other,"$10,000 to $19,999",219,219.0,ok,5.393627546352361
2011,Number of breakdowns that lasted 6 hours or more:,Other,"$100,000 to $119,999",51,51.0,ok,3.9512437185814275
2011,Number of breakdowns that lasted 6 hours or more:,Other,"$120,000 or more",151,151.0,ok,5.0238805208462765
2011,Number of breakdowns that lasted 6 hours or more:,Other,"$20,000 to $29,999",205,205.0,ok,5.327876168789581
2011,Number of breakdowns that lasted 6 hours or more:,Other,"$30,000 to $39,999",178,178.0,ok,5.187385805840755
2011,Number of breakdowns that lasted 6 hours or more:,Other,"$40,000 to $49,999",105,105.0,ok,4.663439094112067
2011,Number of breakdowns that lasted 6 hours or more:,Other,"$50,000 to $59,999",126,126.0,ok,4.844187086458591
2011,Number of breakdowns that lasted 6 hours or more:,Other,"$60,000 to $79,999",164,164.0,ok,5.10594547390058
2011,Number of breakdowns that lasted 6 hours or more:,Other,"$80,000 to $99,999",103,103.0,ok,4.6443908991413725
2011,Number of breakdowns that lasted 6 hours or more:,Other,"Less than $10,000",200,200.0,ok,5.303304908059076
2011,Number of breakdowns that lasted 6 hours or more:,Other causes,"$10,000 to $19,999",990,990.0,ok,6.898714534329988
2011,Number of breakdowns that lasted 6 hours or more:,Other causes,"$100,000 to $119,999",307,307.0,ok,5.730099782973575
2011,Number of breakdowns that lasted 6 hours or more:,Other causes,"$120,000 or more",723,723.0,ok,6.584791392385716
2011,Number of breakdowns that lasted 6 hours or more:,Other causes,"$20,000 to $29,999",864,864.0,ok,6.762729506931879
2011,Number of breakdowns that lasted 6 hours or more:,Other causes,"$30,000 to $39,999",784,784.0,ok,6.665683717782408
2011,Number of breakdowns that lasted 6 hours or more:,Other causes,"$40,000 to $49,999",571,571.0,ok,6.349138991379798
2011,Number of breakdowns that lasted 6 hours or more:,Other causes,"$50,000 to $59,999",497,497.0,ok,6.210600077024653
2011,Number of breakdowns that lasted 6 hours or more:,Other causes,"$60,000 to $79,999",713,713.0,ok,6.570882962339584
2011,Number of breakdowns that lasted 6 hours or more:,Other causes,"$80,000 to $99,999",437,437.0,ok,6.082218910376446
2011,Number of breakdowns that lasted 6 hours or more:,Other causes,"Less than $10,000",834,834.0,ok,6.727431724850855
2011,Number of breakdowns that lasted 6 hours or more:,Reason for discomfort not reported,"$10,000 to $19,999",4,4.0,ok,1.6094379124341003
2011,Number of breakdowns that lasted 6 hours or more:,Reason for discomfort not reported,"$100,000 to $119,999",1,1.0,ok,0.6931471805599453
2011,Number of breakdowns that lasted 6 hours or more:,Reason for discomfort not reported,"$120,000 or more",.,,blank_or_na,
2011,Number of breakdowns that lasted 6 hours or more:,Reason for discomfort not reported,"$20,000 to $29,999",8,8.0,ok,2.1972245773362196
2011,Number of breakdowns that lasted 6 hours or more:,Reason for discomfort not reported,"$30,000 to $39,999",2,2.0,ok,1.0986122886681096
2011,Number of breakdowns that lasted 6 hours or more:,Reason for discomfort not reported,"$40,000 to $49,999",5,5.0,ok,1.791759469228055
2011,Number of breakdowns that lasted 6 hours or more:,Reason for discomfort not reported,"$50,000 to $59,999",8,8.0,ok,2.1972245773362196
2011,Number of breakdowns that lasted 6 hours or more:,Reason for discomfort not reported,"$60,000 to $79,999",.,,blank_or_na,
2011,Number of breakdowns that lasted 6 hours or more:,Reason for discomfort not reported,"$80,000 to $99,999",.,,blank_or_na,
2011,Number of breakdowns that lasted 6 hours or more:,Reason for discomfort not reported,"Less than $10,000",11,11.0,ok,2.4849066497880004
2011,Number of breakdowns that lasted 6 hours or more:,Utility interruption,"$10,000 to $19,999",239,239.0,ok,5.480638923341991
2011,Number of breakdowns that lasted 6 hours or more:,Utility interruption,"$100,000 to $119,999",142,142.0,ok,4.962844630259907
2011,Number of breakdowns that lasted 6 hours or more:,Utility interruption,"$120,000 or more",330,330.0,ok,5.802118375377063
2011,Number of breakdowns that lasted 6 hours or more:,Utility interruption,"$20,000 to $29,999",201,201.0,ok,5.308267697401205
2011,Number of breakdowns that lasted 6 hours or more:,Utility interruption,"$30,000 to $39,999",255,255.0,ok,5.545177444479562
2011,Number of breakdowns that lasted 6 hours or more:,Utility interruption,"$40,000 to $49,999",162,162.0,ok,5.093750200806762
2011,Number of breakdowns that lasted 6 hours or more:,Utility interruption,"$50,000 to $59,999",175,175.0,ok,5.170483995038151
2011,Number of breakdowns that lasted 6 hours or more:,Utility interruption,"$60,000 to $79,999",264,264.0,ok,5.579729825986222
2011,Number of breakdowns that lasted 6 hours or more:,Utility interruption,"$80,000 to $99,999",202,202.0,ok,5.313205979041787
2011,Number of breakdowns that lasted 6 hours or more:,Utility interruption,"Less than $10,000",183,183.0,ok,5.214935757608986
2011,Number of breakdowns that lasted 6 hours or more:,With breakdown(s) in last 3 months,"$10,000 to $19,999",42,42.0,ok,3.7612001156935624
2011,Number of breakdowns that lasted 6 hours or more:,With breakdown(s) in last 3 months,"$100,000 to $119,999",10,10.0,ok,2.3978952727983707
2011,Number of breakdowns that lasted 6 hours or more:,With breakdown(s) in last 3 months,"$120,000 or more",37,37.0,ok,3.6375861597263857
2011,Number of breakdowns that lasted 6 hours or more:,With breakdown(s) in last 3 months,"$20,000 to $29,999",31,31.0,ok,3.4657359027997265
2011,Number of breakdowns that lasted 6 hours or more:,With breakdown(s) in last 3 months,"$30,000 to $39,999",48,48.0,ok,3.8918202981106265
2011,Number of breakdowns that lasted 6 hours or more:,With breakdown(s) in last 3 months,"$40,000 to $49,999",26,26.0,ok,3.295836866004329
2011,Number of breakdowns that lasted 6 hours or more:,With breakdown(s) in last 3 months,"$50,000 to $59,999",11,11.0,ok,2.4849066497880004
2011,Number of breakdowns that lasted 6 hours or more:,With breakdown(s) in last 3 months,"$60,000 to $79,999",36,36.0,ok,3.6109179126442243
2011,Number of breakdowns that lasted 6 hours or more:,With breakdown(s) in last 3 months,"$80,000 to $99,999",35,35.0,ok,3.58351893845611
2011,Number of breakdowns that lasted 6 hours or more:,With breakdown(s) in last 3 months,"Less than $10,000",37,37.0,ok,3.6375861597263857
2011,Number of breakdowns that lasted 6 hours or more:,With septic tank or cesspool,"$10,000 to $19,999","2,123",2123.0,ok,7.66105638236183
2011,Number of breakdowns that lasted 6 hours or more:,With septic tank or cesspool,"$100,000 to $119,999","1,439",1439.0,ok,7.272398392570047
2011,Number of breakdowns that lasted 6 hours or more:,With septic tank or cesspool,"$120,000 or more","2,928",2928.0,ok,7.982416346827733
2011,Number of breakdowns that lasted 6 hours or more:,With septic tank or cesspool,"$20,000 to $29,999","2,763",2763.0,ok,7.92443418488756
2011,Number of breakdowns that lasted 6 hours or more:,With septic tank or cesspool,"$30,000 to $39,999","2,475",2475.0,ok,7.814399633804487
2011,Number of breakdowns that lasted 6 hours or more:,With septic tank or cesspool,"$40,000 to $49,999","2,058",2058.0,ok,7.629975707027789
2011,Number of breakdowns that lasted 6 hours or more:,With septic tank or cesspool,"$50,000 to $59,999","1,717",1717.0,ok,7.4489161025442
2011,Number of breakdowns that lasted 6 hours or more:,With septic tank or cesspool,"$60,000 to $79,999","2,990",2990.0,ok,8.003363058629947
2011,Number of breakdowns that lasted 6 hours or more:,With septic tank or cesspool,"$80,000 to $99,999","2,264",2264.0,ok,7.725330037917135
2011,Number of breakdowns that lasted 6 hours or more:,With septic tank or cesspool,"Less than $10,000","1,621",1621.0,ok,7.3914152346753585
2011,Number of stoppages that lasted 6 hours or more:,1,"$10,000 to $19,999",307,307.0,ok,5.730099782973575
2011,Number of stoppages that lasted 6 hours or more:,1,"$100,000 to $119,999",127,127.0,ok,4.852030263919617
2011,Number of stoppages that lasted 6 hours or more:,1,"$120,000 or more",270,270.0,ok,5.602118820879701
2011,Number of stoppages that lasted 6 hours or more:,1,"$20,000 to $29,999",305,305.0,ok,5.723585101952381
2011,Number of stoppages that lasted 6 hours or more:,1,"$30,000 to $39,999",201,201.0,ok,5.308267697401205
2011,Number of stoppages that lasted 6 hours or more:,1,"$40,000 to $49,999",189,189.0,ok,5.247024072160486
2011,Number of stoppages that lasted 6 hours or more:,1,"$50,000 to $59,999",161,161.0,ok,5.087596335232384
2011,Number of stoppages that lasted 6 hours or more:,1,"$60,000 to $79,999",328,328.0,ok,5.796057750765372
2011,Number of stoppages that lasted 6 hours or more:,1,"$80,000 to $99,999",173,173.0,ok,5.159055299214529
2011,Number of stoppages that lasted 6 hours or more:,1,"Less than $10,000",222,222.0,ok,5.407171771460119
2011,Number of stoppages that lasted 6 hours or more:,2,"$10,000 to $19,999",75,75.0,ok,4.330733340286331
2011,Number of stoppages that lasted 6 hours or more:,2,"$100,000 to $119,999",21,21.0,ok,3.091042453358316
2011,Number of stoppages that lasted 6 hours or more:,2,"$120,000 or more",47,47.0,ok,3.8712010109078907
2011,Number of stoppages that lasted 6 hours or more:,2,"$20,000 to $29,999",78,78.0,ok,4.3694478524670215
2011,Number of stoppages that lasted 6 hours or more:,2,"$30,000 to $39,999",82,82.0,ok,4.418840607796598
2011,Number of stoppages that lasted 6 hours or more:,2,"$40,000 to $49,999",43,43.0,ok,3.784189633918261
2011,Number of stoppages that lasted 6 hours or more:,2,"$50,000 to $59,999",41,41.0,ok,3.7376696182833684
2011,Number of stoppages that lasted 6 hours or more:,2,"$60,000 to $79,999",69,69.0,ok,4.248495242049359
2011,Number of stoppages that lasted 6 hours or more:,2,"$80,000 to $99,999",61,61.0,ok,4.127134385045092
2011,Number of stoppages that lasted 6 hours or more:,2,"Less than $10,000",85,85.0,ok,4.454347296253507
2011,Number of stoppages that lasted 6 hours or more:,3,"$10,000 to $19,999",31,31.0,ok,3.4657359027997265
2011,Number of stoppages that lasted 6 hours or more:,3,"$100,000 to $119,999",7,7.0,ok,2.0794415416798357
2011,Number of stoppages that lasted 6 hours or more:,3,"$120,000 or more",27,27.0,ok,3.332204510175204
2011,Number of stoppages that lasted 6 hours or more:,3,"$20,000 to $29,999",32,32.0,ok,3.4965075614664802
2011,Number of stoppages that lasted 6 hours or more:,3,"$30,000 to $39,999",30,30.0,ok,3.4339872044851463
2011,Number of stoppages that lasted 6 hours or more:,3,"$40,000 to $49,999",19,19.0,ok,2.995732273553991
2011,Number of stoppages that lasted 6 hours or more:,3,"$50,000 to $59,999",18,18.0,ok,2.9444389791664403
2011,Number of stoppages that lasted 6 hours or more:,3,"$60,000 to $79,999",34,34.0,ok,3.5553480614894135
2011,Number of stoppages that lasted 6 hours or more:,3,"$80,000 to $99,999",30,30.0,ok,3.4339872044851463
2011,Number of stoppages that lasted 6 hours or more:,3,"Less than $10,000",37,37.0,ok,3.6375861597263857
2011,Number of stoppages that lasted 6 hours or more:,4 or more,"$10,000 to $19,999",52,52.0,ok,3.970291913552122
2011,Number of stoppages that lasted 6 hours or more:,4 or more,"$100,000 to $119,999",20,20.0,ok,3.044522437723423
2011,Number of stoppages that lasted 6 hours or more:,4 or more,"$120,000 or more",57,57.0,ok,4.060443010546419
2011,Number of stoppages that lasted 6 hours or more:,4 or more,"$20,000 to $29,999",14,14.0,ok,2.70805020110221
2011,Number of stoppages that lasted 6 hours or more:,4 or more,"$30,000 to $39,999",52,52.0,ok,3.970291913552122
2011,Number of stoppages that lasted 6 hours or more:,4 or more,"$40,000 to $49,999",22,22.0,ok,3.1354942159291497
2011,Number of stoppages that lasted 6 hours or more:,4 or more,"$50,000 to $59,999",17,17.0,ok,2.8903717578961645
2011,Number of stoppages that lasted 6 hours or more:,4 or more,"$60,000 to $79,999",29,29.0,ok,3.4011973816621555
2011,Number of stoppages that lasted 6 hours or more:,4 or more,"$80,000 to $99,999",26,26.0,ok,3.295836866004329
2011,Number of stoppages that lasted 6 hours or more:,4 or more,"Less than $10,000",70,70.0,ok,4.2626798770413155
2011,Number of stoppages that lasted 6 hours or more:,Number of stoppages not reported,"$10,000 to $19,999",12,12.0,ok,2.5649493574615367
2011,Number of stoppages that lasted 6 hours or more:,Number of stoppages not reported,"$100,000 to $119,999",2,2.0,ok,1.0986122886681096
2011,Number of stoppages that lasted 6 hours or more:,Number of stoppages not reported,"$120,000 or more",.,,blank_or_na,
2011,Number of stoppages that lasted 6 hours or more:,Number of stoppages not reported,"$20,000 to $29,999",4,4.0,ok,1.6094379124341003
2011,Number of stoppages that lasted 6 hours or more:,Number of stoppages not reported,"$30,000 to $39,999",7,7.0,ok,2.0794415416798357
2011,Number of stoppages that lasted 6 hours or more:,Number of stoppages not reported,"$40,000 to $49,999",4,4.0,ok,1.6094379124341003
2011,Number of stoppages that lasted 6 hours or more:,Number of stoppages not reported,"$50,000 to $59,999",2,2.0,ok,1.0986122886681096
2011,Number of stoppages that lasted 6 hours or more:,Number of stoppages not reported,"$60,000 to $79,999",5,5.0,ok,1.791759469228055
2011,Number of stoppages that lasted 6 hours or more:,Number of stoppages not reported,"$80,000 to $99,999",4,4.0,ok,1.6094379124341003
2011,Number of stoppages that lasted 6 hours or more:,Number of stoppages not reported,"Less than $10,000",7,7.0,ok,2.0794415416798357
2011,Number of stoppages that lasted 6 hours or more:,Stoppage not reported,"$10,000 to $19,999",114,114.0,ok,4.74493212836325
2011,Number of stoppages that lasted 6 hours or more:,Stoppage not reported,"$100,000 to $119,999",63,63.0,ok,4.1588830833596715
2011,Number of stoppages that lasted 6 hours or more:,Stoppage not reported,"$120,000 or more",110,110.0,ok,4.709530201312334
2011,Number of stoppages that lasted 6 hours or more:,Stoppage not reported,"$20,000 to $29,999",146,146.0,ok,4.990432586778736
2011,Number of stoppages that lasted 6 hours or more:,Stoppage not reported,"$30,000 to $39,999",134,134.0,ok,4.90527477843843
2011,Number of stoppages that lasted 6 hours or more:,Stoppage not reported,"$40,000 to $49,999",90,90.0,ok,4.51085950651685
2011,Number of stoppages that lasted 6 hours or more:,Stoppage not reported,"$50,000 to $59,999",63,63.0,ok,4.1588830833596715
2011,Number of stoppages that lasted 6 hours or more:,Stoppage not reported,"$60,000 to $79,999",147,147.0,ok,4.997212273764115
2011,Number of stoppages that lasted 6 hours or more:,Stoppage not reported,"$80,000 to $99,999",92,92.0,ok,4.532599493153256
2011,Number of stoppages that lasted 6 hours or more:,Stoppage not reported,"Less than $10,000",168,168.0,ok,5.1298987149230735
2011,Selected Deficiencies,Broken plaster or peeling paint (interior),"$10,000 to $19,999",347,347.0,ok,5.8522024797744745
2011,Selected Deficiencies,Broken plaster or peeling paint (interior),"$100,000 to $119,999",81,81.0,ok,4.406719247264253
2011,Selected Deficiencies,Broken plaster or peeling paint (interior),"$120,000 or more",190,190.0,ok,5.25227342804663
2011,Selected Deficiencies,Broken plaster or peeling paint (interior),"$20,000 to $29,999",312,312.0,ok,5.746203190540153
2011,Selected Deficiencies,Broken plaster or peeling paint (interior),"$30,000 to $39,999",303,303.0,ok,5.717027701406222
2011,Selected Deficiencies,Broken plaster or peeling paint (interior),"$40,000 to $49,999",183,183.0,ok,5.214935757608986
2011,Selected Deficiencies,Broken plaster or peeling paint (interior),"$50,000 to $59,999",136,136.0,ok,4.919980925828125
2011,Selected Deficiencies,Broken plaster or peeling paint (interior),"$60,000 to $79,999",254,254.0,ok,5.541263545158426
2011,Selected Deficiencies,Broken plaster or peeling paint (interior),"$80,000 to $99,999",139,139.0,ok,4.941642422609304
2011,Selected Deficiencies,Broken plaster or peeling paint (interior),"Less than $10,000",365,365.0,ok,5.902633333401366
2011,Selected Deficiencies,Exposed wiring,"$10,000 to $19,999",276,276.0,ok,5.6240175061873385
2011,Selected Deficiencies,Exposed wiring,"$100,000 to $119,999",83,83.0,ok,4.430816798843313
2011,Selected Deficiencies,Exposed wiring,"$120,000 or more",170,170.0,ok,5.14166355650266
2011,Selected Deficiencies,Exposed wiring,"$20,000 to $29,999",245,245.0,ok,5.5053315359323625
2011,Selected Deficiencies,Exposed wiring,"$30,000 to $39,999",169,169.0,ok,5.135798437050262
2011,Selected Deficiencies,Exposed wiring,"$40,000 to $49,999",134,134.0,ok,4.90527477843843
2011,Selected Deficiencies,Exposed wiring,"$50,000 to $59,999",113,113.0,ok,4.736198448394496
2011,Selected Deficiencies,Exposed wiring,"$60,000 to $79,999",216,216.0,ok,5.37989735354046
2011,Selected Deficiencies,Exposed wiring,"$80,000 to $99,999",133,133.0,ok,4.897839799950911
2011,Selected Deficiencies,Exposed wiring,"Less than $10,000",286,286.0,ok,5.659482215759621
2011,Selected Deficiencies,Holes in floors,"$10,000 to $19,999",208,208.0,ok,5.342334251964811
2011,Selected Deficiencies,Holes in floors,"$100,000 to $119,999",33,33.0,ok,3.5263605246161616
2011,Selected Deficiencies,Holes in floors,"$120,000 or more",82,82.0,ok,4.418840607796598
2011,Selected Deficiencies,Holes in floors,"$20,000 to $29,999",178,178.0,ok,5.187385805840755
2011,Selected Deficiencies,Holes in floors,"$30,000 to $39,999",140,140.0,ok,4.948759890378168
2011,Selected Deficiencies,Holes in floors,"$40,000 to $49,999",79,79.0,ok,4.382026634673881
2011,Selected Deficiencies,Holes in floors,"$50,000 to $59,999",38,38.0,ok,3.6635616461296463
2011,Selected Deficiencies,Holes in floors,"$60,000 to $79,999",88,88.0,ok,4.48863636973214
2011,Selected Deficiencies,Holes in floors,"$80,000 to $99,999",60,60.0,ok,4.110873864173311
2011,Selected Deficiencies,Holes in floors,"Less than $10,000",259,259.0,ok,5.560681631015528
2011,Selected Deficiencies,No electrical wiring,"$10,000 to $19,999",32,32.0,ok,3.4965075614664802
2011,Selected Deficiencies,No electrical wiring,"$100,000 to $119,999",4,4.0,ok,1.6094379124341003
2011,Selected Deficiencies,No electrical wiring,"$120,000 or more",5,5.0,ok,1.791759469228055
2011,Selected Deficiencies,No electrical wiring,"$20,000 to $29,999",57,57.0,ok,4.060443010546419
2011,Selected Deficiencies,No electrical wiring,"$30,000 to $39,999",15,15.0,ok,2.772588722239781
2011,Selected Deficiencies,No electrical wiring,"$40,000 to $49,999",5,5.0,ok,1.791759469228055
2011,Selected Deficiencies,No electrical wiring,"$50,000 to $59,999",10,10.0,ok,2.3978952727983707
2011,Selected Deficiencies,No electrical wiring,"$60,000 to $79,999",10,10.0,ok,2.3978952727983707
2011,Selected Deficiencies,No electrical wiring,"$80,000 to $99,999",8,8.0,ok,2.1972245773362196
2011,Selected Deficiencies,No electrical wiring,"Less than $10,000",23,23.0,ok,3.1780538303479458
2011,Selected Deficiencies,Open cracks or holes (interior),"$10,000 to $19,999",892,892.0,ok,6.794586580876499
2011,Selected Deficiencies,Open cracks or holes (interior),"$100,000 to $119,999",256,256.0,ok,5.54907608489522
2011,Selected Deficiencies,Open cracks or holes (interior),"$120,000 or more",443,443.0,ok,6.095824562432225
2011,Selected Deficiencies,Open cracks or holes (interior),"$20,000 to $29,999",772,772.0,ok,6.650279048587422
2011,Selected Deficiencies,Open cracks or holes (interior),"$30,000 to $39,999",709,709.0,ok,6.565264970035361
2011,Selected Deficiencies,Open cracks or holes (interior),"$40,000 to $49,999",521,521.0,ok,6.257667587882639
2011,Selected Deficiencies,Open cracks or holes (interior),"$50,000 to $59,999",344,344.0,ok,5.84354441703136
2011,Selected Deficiencies,Open cracks or holes (interior),"$60,000 to $79,999",674,674.0,ok,6.51471269087253
2011,Selected Deficiencies,Open cracks or holes (interior),"$80,000 to $99,999",361,361.0,ok,5.891644211825771
2011,Selected Deficiencies,Open cracks or holes (interior),"Less than $10,000",868,868.0,ok,6.767343125265392
2011,Selected Deficiencies,Rooms without electric outlets,"$10,000 to $19,999",114,114.0,ok,4.74493212836325
2011,Selected Deficiencies,Rooms without electric outlets,"$100,000 to $119,999",27,27.0,ok,3.332204510175204
2011,Selected Deficiencies,Rooms without electric outlets,"$120,000 or more",51,51.0,ok,3.9512437185814275
2011,Selected Deficiencies,Rooms without electric outlets,"$20,000 to $29,999",103,103.0,ok,4.6443908991413725
2011,Selected Deficiencies,Rooms without electric outlets,"$30,000 to $39,999",72,72.0,ok,4.290459441148391
2011,Selected Deficiencies,Rooms without electric outlets,"$40,000 to $49,999",59,59.0,ok,4.0943445622221
2011,Selected Deficiencies,Rooms without electric outlets,"$50,000 to $59,999",44,44.0,ok,3.8066624897703196
2011,Selected Deficiencies,Rooms without electric outlets,"$60,000 to $79,999",70,70.0,ok,4.2626798770413155
2011,Selected Deficiencies,Rooms without electric outlets,"$80,000 to $99,999",76,76.0,ok,4.343805421853684
2011,Selected Deficiencies,Rooms without electric outlets,"Less than $10,000",125,125.0,ok,4.836281906951478
2011,Selected Deficiencies,Signs of cockroaches in last 12 months,"$10,000 to $19,999","2,007",2007.0,ok,7.60489448081162
2011,Selected Deficiencies,Signs of cockroaches in last 12 months,"$100,000 to $119,999",544,544.0,ok,6.300785794663244
2011,Selected Deficiencies,Signs of cockroaches in last 12 months,"$120,000 or more","1,154",1154.0,ok,7.051855622955894
2011,Selected Deficiencies,Signs of cockroaches in last 12 months,"$20,000 to $29,999","1,808",1808.0,ok,7.500529485395295
2011,Selected Deficiencies,Signs of cockroaches in last 12 months,"$30,000 to $39,999","1,433",1433.0,ok,7.2682230211595655
2011,Selected Deficiencies,Signs of cockroaches in last 12 months,"$40,000 to $49,999","1,180",1180.0,ok,7.074116816197362
2011,Selected Deficiencies,Signs of cockroaches in last 12 months,"$50,000 to $59,999",923,923.0,ok,6.828712071641684
2011,Selected Deficiencies,Signs of cockroaches in last 12 months,"$60,000 to $79,999","1,225",1225.0,ok,7.111512116496157
2011,Selected Deficiencies,Signs of cockroaches in last 12 months,"$80,000 to $99,999",785,785.0,ok,6.666956792429207
2011,Selected Deficiencies,Signs of cockroaches in last 12 months,"Less than $10,000","2,045",2045.0,ok,7.6236419465115715
2011,Selected Deficiencies,Signs of mice in last 12 months,"$10,000 to $19,999","1,457",1457.0,ok,7.284820912568604
2011,Selected Deficiencies,Signs of mice in last 12 months,"$100,000 to $119,999",635,635.0,ok,6.455198563340122
2011,Selected Deficiencies,Signs of mice in last 12 months,"$120,000 or more","1,596",1596.0,ok,7.3758821482150125
2011,Selected Deficiencies,Signs of mice in last 12 months,"$20,000 to $29,999","1,516",1516.0,ok,7.324489979348532
2011,Selected Deficiencies,Signs of mice in last 12 months,"$30,000 to $39,999","1,383",1383.0,ok,7.232733136177615
2011,Selected Deficiencies,Signs of mice in last 12 months,"$40,000 to $49,999","1,112",1112.0,ok,7.014814351275545
2011,Selected Deficiencies,Signs of mice in last 12 months,"$50,000 to $59,999",920,920.0,ok,6.825460036255307
2011,Selected Deficiencies,Signs of mice in last 12 months,"$60,000 to $79,999","1,602",1602.0,ok,7.3796321526095525
2011,Selected Deficiencies,Signs of mice in last 12 months,"$80,000 to $99,999","1,151",1151.0,ok,7.049254841255837
2011,Selected Deficiencies,Signs of mice in last 12 months,"Less than $10,000","1,272",1272.0,ok,7.149131598557407
2011,Selected Deficiencies,Signs of rats in last 12 months,"$10,000 to $19,999",186,186.0,ok,5.231108616854587
2011,Selected Deficiencies,Signs of rats in last 12 months,"$100,000 to $119,999",46,46.0,ok,3.8501476017100584
2011,Selected Deficiencies,Signs of rats in last 12 months,"$120,000 or more",96,96.0,ok,4.574710978503383
2011,Selected Deficiencies,Signs of rats in last 12 months,"$20,000 to $29,999",137,137.0,ok,4.927253685157205
2011,Selected Deficiencies,Signs of rats in last 12 months,"$30,000 to $39,999",119,119.0,ok,4.787491742782046
2011,Selected Deficiencies,Signs of rats in last 12 months,"$40,000 to $49,999",94,94.0,ok,4.553876891600541
2011,Selected Deficiencies,Signs of rats in last 12 months,"$50,000 to $59,999",78,78.0,ok,4.3694478524670215
2011,Selected Deficiencies,Signs of rats in last 12 months,"$60,000 to $79,999",104,104.0,ok,4.653960350157523
2011,Selected Deficiencies,Signs of rats in last 12 months,"$80,000 to $99,999",91,91.0,ok,4.5217885770490405
2011,Selected Deficiencies,Signs of rats in last 12 months,"Less than $10,000",188,188.0,ok,5.241747015059643
2011,Selected Deficiencies,"Signs of rodents, not sure which kind in last 12 months","$10,000 to $19,999",114,114.0,ok,4.74493212836325
2011,Selected Deficiencies,"Signs of rodents, not sure which kind in last 12 months","$100,000 to $119,999",21,21.0,ok,3.091042453358316
2011,Selected Deficiencies,"Signs of rodents, not sure which kind in last 12 months","$120,000 or more",65,65.0,ok,4.189654742026425
2011,Selected Deficiencies,"Signs of rodents, not sure which kind in last 12 months","$20,000 to $29,999",85,85.0,ok,4.454347296253507
2011,Selected Deficiencies,"Signs of rodents, not sure which kind in last 12 months","$30,000 to $39,999",63,63.0,ok,4.1588830833596715
2011,Selected Deficiencies,"Signs of rodents, not sure which kind in last 12 months","$40,000 to $49,999",65,65.0,ok,4.189654742026425
2011,Selected Deficiencies,"Signs of rodents, not sure which kind in last 12 months","$50,000 to $59,999",38,38.0,ok,3.6635616461296463
2011,Selected Deficiencies,"Signs of rodents, not sure which kind in last 12 months","$60,000 to $79,999",70,70.0,ok,4.2626798770413155
2011,Selected Deficiencies,"Signs of rodents, not sure which kind in last 12 months","$80,000 to $99,999",52,52.0,ok,3.970291913552122
2011,Selected Deficiencies,"Signs of rodents, not sure which kind in last 12 months","Less than $10,000",117,117.0,ok,4.770684624465665
2011,Selected Physical Problems,Electric,"$10,000 to $19,999",8,8.0,ok,2.1972245773362196
2011,Selected Physical Problems,Electric,"$100,000 to $119,999",.,,blank_or_na,
2011,Selected Physical Problems,Electric,"$120,000 or more",4,4.0,ok,1.6094379124341003
2011,Selected Physical Problems,Electric,"$20,000 to $29,999",14,14.0,ok,2.70805020110221
2011,Selected Physical Problems,Electric,"$30,000 to $39,999",4,4.0,ok,1.6094379124341003
2011,Selected Physical Problems,Electric,"$40,000 to $49,999",2,2.0,ok,1.0986122886681096
2011,Selected Physical Problems,Electric,"$50,000 to $59,999",10,10.0,ok,2.3978952727983707
2011,Selected Physical Problems,Electric,"$60,000 to $79,999",12,12.0,ok,2.5649493574615367
2011,Selected Physical Problems,Electric,"$80,000 to $99,999",3,3.0,ok,1.3862943611198906
2011,Selected Physical Problems,Electric,"Less than $10,000",9,9.0,ok,2.302585092994046
2011,Selected Physical Problems,Heating,"$10,000 to $19,999",122,122.0,ok,4.812184355372417
2011,Selected Physical Problems,Heating,"$100,000 to $119,999",31,31.0,ok,3.4657359027997265
2011,Selected Physical Problems,Heating,"$120,000 or more",29,29.0,ok,3.4011973816621555
2011,Selected Physical Problems,Heating,"$20,000 to $29,999",114,114.0,ok,4.74493212836325
2011,Selected Physical Problems,Heating,"$30,000 to $39,999",64,64.0,ok,4.174387269895637
2011,Selected Physical Problems,Heating,"$40,000 to $49,999",24,24.0,ok,3.2188758248682006
2011,Selected Physical Problems,Heating,"$50,000 to $59,999",27,27.0,ok,3.332204510175204
2011,Selected Physical Problems,Heating,"$60,000 to $79,999",59,59.0,ok,4.0943445622221
2011,Selected Physical Problems,Heating,"$80,000 to $99,999",27,27.0,ok,3.332204510175204
2011,Selected Physical Problems,Heating,"Less than $10,000",95,95.0,ok,4.564348191467836
2011,Selected Physical Problems,Kitchen,"$10,000 to $19,999",342,342.0,ok,5.83773044716594
2011,Selected Physical Problems,Kitchen,"$100,000 to $119,999",50,50.0,ok,3.9318256327243257
2011,Selected Physical Problems,Kitchen,"$120,000 or more",65,65.0,ok,4.189654742026425
2011,Selected Physical Problems,Kitchen,"$20,000 to $29,999",273,273.0,ok,5.6131281063880705
2011,Selected Physical Problems,Kitchen,"$30,000 to $39,999",196,196.0,ok,5.2832037287379885
2011,Selected Physical Problems,Kitchen,"$40,000 to $49,999",170,170.0,ok,5.14166355650266
2011,Selected Physical Problems,Kitchen,"$50,000 to $59,999",84,84.0,ok,4.442651256490317
2011,Selected Physical Problems,Kitchen,"$60,000 to $79,999",163,163.0,ok,5.099866427824199
2011,Selected Physical Problems,Kitchen,"$80,000 to $99,999",102,102.0,ok,4.634728988229636
2011,Selected Physical Problems,Kitchen,"Less than $10,000",389,389.0,ok,5.966146739123692
2011,Selected Physical Problems,Moderate physical problems,"$10,000 to $19,999",818,818.0,ok,6.70808408385307
2011,Selected Physical Problems,Moderate physical problems,"$100,000 to $119,999",84,84.0,ok,4.442651256490317
2011,Selected Physical Problems,Moderate physical problems,"$120,000 or more",170,170.0,ok,5.14166355650266
2011,Selected Physical Problems,Moderate physical problems,"$20,000 to $29,999",607,607.0,ok,6.410174881966167
2011,Selected Physical Problems,Moderate physical problems,"$30,000 to $39,999",513,513.0,ok,6.2422232654551655
2011,Selected Physical Problems,Moderate physical problems,"$40,000 to $49,999",363,363.0,ok,5.8971538676367405
2011,Selected Physical Problems,Moderate physical problems,"$50,000 to $59,999",218,218.0,ok,5.389071729816501
2011,Selected Physical Problems,Moderate physical problems,"$60,000 to $79,999",338,338.0,ok,5.82600010738045
2011,Selected Physical Problems,Moderate physical problems,"$80,000 to $99,999",191,191.0,ok,5.2574953720277815
2011,Selected Physical Problems,Moderate physical problems,"Less than $10,000",852,852.0,ok,6.748759547491679
2011,Selected Physical Problems,Plumbing,"$10,000 to $19,999",229,229.0,ok,5.438079308923196
2011,Selected Physical Problems,Plumbing,"$100,000 to $119,999",28,28.0,ok,3.367295829986474
2011,Selected Physical Problems,Plumbing,"$120,000 or more",57,57.0,ok,4.060443010546419
2011,Selected Physical Problems,Plumbing,"$20,000 to $29,999",248,248.0,ok,5.517452896464707
2011,Selected Physical Problems,Plumbing,"$30,000 to $39,999",190,190.0,ok,5.25227342804663
2011,Selected Physical Problems,Plumbing,"$40,000 to $49,999",93,93.0,ok,4.543294782270004
2011,Selected Physical Problems,Plumbing,"$50,000 to $59,999",100,100.0,ok,4.61512051684126
2011,Selected Physical Problems,Plumbing,"$60,000 to $79,999",142,142.0,ok,4.962844630259907
2011,Selected Physical Problems,Plumbing,"$80,000 to $99,999",82,82.0,ok,4.418840607796598
2011,Selected Physical Problems,Plumbing,"Less than $10,000",269,269.0,ok,5.598421958998375
2011,Selected Physical Problems,Severe physical problems,"$10,000 to $19,999",368,368.0,ok,5.910796644040527
2011,Selected Physical Problems,Severe physical problems,"$100,000 to $119,999",59,59.0,ok,4.0943445622221
2011,Selected Physical Problems,Severe physical problems,"$120,000 or more",92,92.0,ok,4.532599493153256
2011,Selected Physical Problems,Severe physical problems,"$20,000 to $29,999",376,376.0,ok,5.932245187448011
2011,Selected Physical Problems,Severe physical problems,"$30,000 to $39,999",260,260.0,ok,5.564520407322694
2011,Selected Physical Problems,Severe physical problems,"$40,000 to $49,999",119,119.0,ok,4.787491742782046
2011,Selected Physical Problems,Severe physical problems,"$50,000 to $59,999",138,138.0,ok,4.9344739331306915
2011,Selected Physical Problems,Severe physical problems,"$60,000 to $79,999",206,206.0,ok,5.332718793265369
2011,Selected Physical Problems,Severe physical problems,"$80,000 to $99,999",114,114.0,ok,4.74493212836325
2011,Selected Physical Problems,Severe physical problems,"Less than $10,000",378,378.0,ok,5.937536205082426
2011,Selected Physical Problems,Upkeep,"$10,000 to $19,999",14,14.0,ok,2.70805020110221
2011,Selected Physical Problems,Upkeep,"$100,000 to $119,999",.,,blank_or_na,
2011,Selected Physical Problems,Upkeep,"$120,000 or more",3,3.0,ok,1.3862943611198906
2011,Selected Physical Problems,Upkeep,"$20,000 to $29,999",14,14.0,ok,2.70805020110221
2011,Selected Physical Problems,Upkeep,"$30,000 to $39,999",11,11.0,ok,2.4849066497880004
2011,Selected Physical Problems,Upkeep,"$40,000 to $49,999",.,,blank_or_na,
2011,Selected Physical Problems,Upkeep,"$50,000 to $59,999",4,4.0,ok,1.6094379124341003
2011,Selected Physical Problems,Upkeep,"$60,000 to $79,999",3,3.0,ok,1.3862943611198906
2011,Selected Physical Problems,Upkeep,"$80,000 to $99,999",3,3.0,ok,1.3862943611198906
2011,Selected Physical Problems,Upkeep,"Less than $10,000",21,21.0,ok,3.091042453358316
2011,Sewage Disposal Breakdowns,No breakdowns in last 3 months,"$10,000 to $19,999","10,448",10448.0,ok,9.254261559034111
2011,Sewage Disposal Breakdowns,No breakdowns in last 3 months,"$100,000 to $119,999","5,355",5355.0,ok,8.585972706811063
2011,Sewage Disposal Breakdowns,No breakdowns in last 3 months,"$120,000 or more","11,790",11790.0,ok,9.375091807576673
2011,Sewage Disposal Breakdowns,No breakdowns in last 3 months,"$20,000 to $29,999","11,326",11326.0,ok,9.334944535200714
2011,Sewage Disposal Breakdowns,No breakdowns in last 3 months,"$30,000 to $39,999","9,237",9237.0,ok,9.13108069099055
2011,Sewage Disposal Breakdowns,No breakdowns in last 3 months,"$40,000 to $49,999","7,960",7960.0,ok,8.982309899088579
2011,Sewage Disposal Breakdowns,No breakdowns in last 3 months,"$50,000 to $59,999","6,849",6849.0,ok,8.83200393125627
2011,Sewage Disposal Breakdowns,No breakdowns in last 3 months,"$60,000 to $79,999","10,968",10968.0,ok,9.302828391411333
2011,Sewage Disposal Breakdowns,No breakdowns in last 3 months,"$80,000 to $99,999","7,502",7502.0,ok,8.923058219545728
2011,Sewage Disposal Breakdowns,No breakdowns in last 3 months,"Less than $10,000","9,720",9720.0,ok,9.18204377282107
2011,Sewage Disposal Breakdowns,No breakdowns lasting 6 hours or more,"$10,000 to $19,999",30,30.0,ok,3.4339872044851463
2011,Sewage Disposal Breakdowns,No breakdowns lasting 6 hours or more,"$100,000 to $119,999",11,11.0,ok,2.4849066497880004
2011,Sewage Disposal Breakdowns,No breakdowns lasting 6 hours or more,"$120,000 or more",39,39.0,ok,3.6888794541139363
2011,Sewage Disposal Breakdowns,No breakdowns lasting 6 hours or more,"$20,000 to $29,999",45,45.0,ok,3.828641396489095
2011,Sewage Disposal Breakdowns,No breakdowns lasting 6 hours or more,"$30,000 to $39,999",28,28.0,ok,3.367295829986474
2011,Sewage Disposal Breakdowns,No breakdowns lasting 6 hours or more,"$40,000 to $49,999",20,20.0,ok,3.044522437723423
2011,Sewage Disposal Breakdowns,No breakdowns lasting 6 hours or more,"$50,000 to $59,999",26,26.0,ok,3.295836866004329
2011,Sewage Disposal Breakdowns,No breakdowns lasting 6 hours or more,"$60,000 to $79,999",43,43.0,ok,3.784189633918261
2011,Sewage Disposal Breakdowns,No breakdowns lasting 6 hours or more,"$80,000 to $99,999",30,30.0,ok,3.4339872044851463
2011,Sewage Disposal Breakdowns,No breakdowns lasting 6 hours or more,"Less than $10,000",29,29.0,ok,3.4011973816621555
2011,Sewage Disposal Breakdowns,With breakdown(s) in last 3 months,"$10,000 to $19,999",156,156.0,ok,5.056245805348308
2011,Sewage Disposal Breakdowns,With breakdown(s) in last 3 months,"$100,000 to $119,999",55,55.0,ok,4.02535169073515
2011,Sewage Disposal Breakdowns,With breakdown(s) in last 3 months,"$120,000 or more",146,146.0,ok,4.990432586778736
2011,Sewage Disposal Breakdowns,With breakdown(s) in last 3 months,"$20,000 to $29,999",183,183.0,ok,5.214935757608986
2011,Sewage Disposal Breakdowns,With breakdown(s) in last 3 months,"$30,000 to $39,999",125,125.0,ok,4.836281906951478
2011,Sewage Disposal Breakdowns,With breakdown(s) in last 3 months,"$40,000 to $49,999",100,100.0,ok,4.61512051684126
2011,Sewage Disposal Breakdowns,With breakdown(s) in last 3 months,"$50,000 to $59,999",78,78.0,ok,4.3694478524670215
2011,Sewage Disposal Breakdowns,With breakdown(s) in last 3 months,"$60,000 to $79,999",153,153.0,ok,5.0369526024136295
2011,Sewage Disposal Breakdowns,With breakdown(s) in last 3 months,"$80,000 to $99,999",74,74.0,ok,4.31748811353631
2011,Sewage Disposal Breakdowns,With breakdown(s) in last 3 months,"Less than $10,000",183,183.0,ok,5.214935757608986
2011,Sewage Disposal Breakdowns,With public sewer,"$10,000 to $19,999","10,604",10604.0,ok,9.269080866998783
2011,Sewage Disposal Breakdowns,With public sewer,"$100,000 to $119,999","5,410",5410.0,ok,8.596189197642735
2011,Sewage Disposal Breakdowns,With public sewer,"$120,000 or more","11,936",11936.0,ok,9.387398099095039
2011,Sewage Disposal Breakdowns,With public sewer,"$20,000 to $29,999","11,509",11509.0,ok,9.350971501715929
2011,Sewage Disposal Breakdowns,With public sewer,"$30,000 to $39,999","9,362",9362.0,ok,9.14452103093889
2011,Sewage Disposal Breakdowns,With public sewer,"$40,000 to $49,999","8,060",8060.0,ok,8.9947928972836
2011,Sewage Disposal Breakdowns,With public sewer,"$50,000 to $59,999","6,927",6927.0,ok,8.843326450242271
2011,Sewage Disposal Breakdowns,With public sewer,"$60,000 to $79,999","11,121",11121.0,ok,9.316680407747508
2011,Sewage Disposal Breakdowns,With public sewer,"$80,000 to $99,999","7,576",7576.0,ok,8.932872621931374
2011,Sewage Disposal Breakdowns,With public sewer,"Less than $10,000","9,904",9904.0,ok,9.20079495913265
2011,Water Leakage During Last 12 Months,Basement,"$10,000 to $19,999",196,196.0,ok,5.2832037287379885
2011,Water Leakage During Last 12 Months,Basement,"$100,000 to $119,999",257,257.0,ok,5.552959584921617
2011,Water Leakage During Last 12 Months,Basement,"$120,000 or more",551,551.0,ok,6.313548046277095
2011,Water Leakage During Last 12 Months,Basement,"$20,000 to $29,999",289,289.0,ok,5.66988092298052
2011,Water Leakage During Last 12 Months,Basement,"$30,000 to $39,999",335,335.0,ok,5.817111159963204
2011,Water Leakage During Last 12 Months,Basement,"$40,000 to $49,999",291,291.0,ok,5.676753802268282
2011,Water Leakage During Last 12 Months,Basement,"$50,000 to $59,999",267,267.0,ok,5.5909869805108565
2011,Water Leakage During Last 12 Months,Basement,"$60,000 to $79,999",445,445.0,ok,6.100318952020064
2011,Water Leakage During Last 12 Months,Basement,"$80,000 to $99,999",323,323.0,ok,5.780743515792329
2011,Water Leakage During Last 12 Months,Basement,"Less than $10,000",173,173.0,ok,5.159055299214529
2011,Water Leakage During Last 12 Months,Broken water heater,"$10,000 to $19,999",100,100.0,ok,4.61512051684126
2011,Water Leakage During Last 12 Months,Broken water heater,"$100,000 to $119,999",43,43.0,ok,3.784189633918261
2011,Water Leakage During Last 12 Months,Broken water heater,"$120,000 or more",154,154.0,ok,5.043425116919247
2011,Water Leakage During Last 12 Months,Broken water heater,"$20,000 to $29,999",124,124.0,ok,4.8283137373023015
2011,Water Leakage During Last 12 Months,Broken water heater,"$30,000 to $39,999",102,102.0,ok,4.634728988229636
2011,Water Leakage During Last 12 Months,Broken water heater,"$40,000 to $49,999",101,101.0,ok,4.624972813284271
2011,Water Leakage During Last 12 Months,Broken water heater,"$50,000 to $59,999",53,53.0,ok,3.9889840465642745
2011,Water Leakage During Last 12 Months,Broken water heater,"$60,000 to $79,999",121,121.0,ok,4.804021044733257
2011,Water Leakage During Last 12 Months,Broken water heater,"$80,000 to $99,999",58,58.0,ok,4.07753744390572
2011,Water Leakage During Last 12 Months,Broken water heater,"Less than $10,000",99,99.0,ok,4.605170185988092
2011,Water Leakage During Last 12 Months,Exterior leakage not reported,"$10,000 to $19,999",138,138.0,ok,4.9344739331306915
2011,Water Leakage During Last 12 Months,Exterior leakage not reported,"$100,000 to $119,999",84,84.0,ok,4.442651256490317
2011,Water Leakage During Last 12 Months,Exterior leakage not reported,"$120,000 or more",124,124.0,ok,4.8283137373023015
2011,Water Leakage During Last 12 Months,Exterior leakage not reported,"$20,000 to $29,999",147,147.0,ok,4.997212273764115
2011,Water Leakage During Last 12 Months,Exterior leakage not reported,"$30,000 to $39,999",145,145.0,ok,4.983606621708336
2011,Water Leakage During Last 12 Months,Exterior leakage not reported,"$40,000 to $49,999",95,95.0,ok,4.564348191467836
2011,Water Leakage During Last 12 Months,Exterior leakage not reported,"$50,000 to $59,999",66,66.0,ok,4.204692619390966
2011,Water Leakage During Last 12 Months,Exterior leakage not reported,"$60,000 to $79,999",149,149.0,ok,5.0106352940962555
2011,Water Leakage During Last 12 Months,Exterior leakage not reported,"$80,000 to $99,999",89,89.0,ok,4.499809670330265
2011,Water Leakage During Last 12 Months,Exterior leakage not reported,"Less than $10,000",195,195.0,ok,5.278114659230518
2011,Water Leakage During Last 12 Months,Fixtures backed up or overflowed,"$10,000 to $19,999",214,214.0,ok,5.3706380281276624
2011,Water Leakage During Last 12 Months,Fixtures backed up or overflowed,"$100,000 to $119,999",124,124.0,ok,4.8283137373023015
2011,Water Leakage During Last 12 Months,Fixtures backed up or overflowed,"$120,000 or more",311,311.0,ok,5.7430031878094825
2011,Water Leakage During Last 12 Months,Fixtures backed up or overflowed,"$20,000 to $29,999",249,249.0,ok,5.521460917862246
2011,Water Leakage During Last 12 Months,Fixtures backed up or overflowed,"$30,000 to $39,999",228,228.0,ok,5.43372200355424
2011,Water Leakage During Last 12 Months,Fixtures backed up or overflowed,"$40,000 to $49,999",192,192.0,ok,5.262690188904886
2011,Water Leakage During Last 12 Months,Fixtures backed up or overflowed,"$50,000 to $59,999",166,166.0,ok,5.117993812416755
2011,Water Leakage During Last 12 Months,Fixtures backed up or overflowed,"$60,000 to $79,999",294,294.0,ok,5.68697535633982
2011,Water Leakage During Last 12 Months,Fixtures backed up or overflowed,"$80,000 to $99,999",155,155.0,ok,5.049856007249537
2011,Water Leakage During Last 12 Months,Fixtures backed up or overflowed,"Less than $10,000",199,199.0,ok,5.298317366548036
2011,Water Leakage During Last 12 Months,Interior leakage not reported,"$10,000 to $19,999",136,136.0,ok,4.919980925828125
2011,Water Leakage During Last 12 Months,Interior leakage not reported,"$100,000 to $119,999",74,74.0,ok,4.31748811353631
2011,Water Leakage During Last 12 Months,Interior leakage not reported,"$120,000 or more",129,129.0,ok,4.867534450455582
2011,Water Leakage During Last 12 Months,Interior leakage not reported,"$20,000 to $29,999",148,148.0,ok,5.003946305945459
2011,Water Leakage During Last 12 Months,Interior leakage not reported,"$30,000 to $39,999",158,158.0,ok,5.0689042022202315
2011,Water Leakage During Last 12 Months,Interior leakage not reported,"$40,000 to $49,999",110,110.0,ok,4.709530201312334
2011,Water Leakage During Last 12 Months,Interior leakage not reported,"$50,000 to $59,999",63,63.0,ok,4.1588830833596715
2011,Water Leakage During Last 12 Months,Interior leakage not reported,"$60,000 to $79,999",157,157.0,ok,5.062595033026967
2011,Water Leakage During Last 12 Months,Interior leakage not reported,"$80,000 to $99,999",100,100.0,ok,4.61512051684126
2011,Water Leakage During Last 12 Months,Interior leakage not reported,"Less than $10,000",193,193.0,ok,5.267858159063328
2011,Water Leakage During Last 12 Months,No leakage from inside structure,"$10,000 to $19,999","11,549",11549.0,ok,9.35444071594994
2011,Water Leakage During Last 12 Months,No leakage from inside structure,"$100,000 to $119,999","6,282",6282.0,ok,8.745602852402946
2011,Water Leakage During Last 12 Months,No leakage from inside structure,"$120,000 or more","13,467",13467.0,ok,9.508071780280964
2011,Water Leakage During Last 12 Months,No leakage from inside structure,"$20,000 to $29,999","12,835",12835.0,ok,9.460009002229748
2011,Water Leakage During Last 12 Months,No leakage from inside structure,"$30,000 to $39,999","10,688",10688.0,ok,9.276970454273945
2011,Water Leakage During Last 12 Months,No leakage from inside structure,"$40,000 to $49,999","9,144",9144.0,ok,9.120962560824966
2011,Water Leakage During Last 12 Months,No leakage from inside structure,"$50,000 to $59,999","7,864",7864.0,ok,8.970177815492379
2011,Water Leakage During Last 12 Months,No leakage from inside structure,"$60,000 to $79,999","12,815",12815.0,ok,9.458449669308141
2011,Water Leakage During Last 12 Months,No leakage from inside structure,"$80,000 to $99,999","9,051",9051.0,ok,9.110741006753427
2011,Water Leakage During Last 12 Months,No leakage from inside structure,"Less than $10,000","10,272",10272.0,ok,9.237274373216264
2011,Water Leakage During Last 12 Months,No leakage from outside structure,"$10,000 to $19,999","11,283",11283.0,ok,9.331141072121888
2011,Water Leakage During Last 12 Months,No leakage from outside structure,"$100,000 to $119,999","6,052",6052.0,ok,8.708309295891688
2011,Water Leakage During Last 12 Months,No leakage from outside structure,"$120,000 or more","12,867",12867.0,ok,9.462498888358917
2011,Water Leakage During Last 12 Months,No leakage from outside structure,"$20,000 to $29,999","12,704",12704.0,ok,9.449750895754265
2011,Water Leakage During Last 12 Months,No leakage from outside structure,"$30,000 to $39,999","10,328",10328.0,ok,9.242710752006634
2011,Water Leakage During Last 12 Months,No leakage from outside structure,"$40,000 to $49,999","9,007",9007.0,ok,9.105868350379472
2011,Water Leakage During Last 12 Months,No leakage from outside structure,"$50,000 to $59,999","7,666",7666.0,ok,8.944680683558895
2011,Water Leakage During Last 12 Months,No leakage from outside structure,"$60,000 to $79,999","12,417",12417.0,ok,9.426902311924838
2011,Water Leakage During Last 12 Months,No leakage from outside structure,"$80,000 to $99,999","8,778",8778.0,ok,9.080117784926209
2011,Water Leakage During Last 12 Months,No leakage from outside structure,"Less than $10,000","10,140",10140.0,ok,9.224341891611996
2011,Water Leakage During Last 12 Months,Other or unknown (includes not reported),"$10,000 to $19,999",313,313.0,ok,5.749392985908253
2011,Water Leakage During Last 12 Months,Other or unknown (includes not reported),"$100,000 to $119,999",156,156.0,ok,5.056245805348308
2011,Water Leakage During Last 12 Months,Other or unknown (includes not reported),"$120,000 or more",382,382.0,ok,5.948034989180646
2011,Water Leakage During Last 12 Months,Other or unknown (includes not reported),"$20,000 to $29,999",387,387.0,ok,5.961005339623274
2011,Water Leakage During Last 12 Months,Other or unknown (includes not reported),"$30,000 to $39,999",290,290.0,ok,5.673323267171493
2011,Water Leakage During Last 12 Months,Other or unknown (includes not reported),"$40,000 to $49,999",204,204.0,ok,5.3230099791384085
2011,Water Leakage During Last 12 Months,Other or unknown (includes not reported),"$50,000 to $59,999",221,221.0,ok,5.402677381872279
2011,Water Leakage During Last 12 Months,Other or unknown (includes not reported),"$60,000 to $79,999",309,309.0,ok,5.736572297479192
2011,Water Leakage During Last 12 Months,Other or unknown (includes not reported),"$80,000 to $99,999",216,216.0,ok,5.37989735354046
2011,Water Leakage During Last 12 Months,Other or unknown (includes not reported),"Less than $10,000",307,307.0,ok,5.730099782973575
2011,Water Leakage During Last 12 Months,Pipes leaked,"$10,000 to $19,999",470,470.0,ok,6.154858094016418
2011,Water Leakage During Last 12 Months,Pipes leaked,"$100,000 to $119,999",191,191.0,ok,5.2574953720277815
2011,Water Leakage During Last 12 Months,Pipes leaked,"$120,000 or more",463,463.0,ok,6.139884552226255
2011,Water Leakage During Last 12 Months,Pipes leaked,"$20,000 to $29,999",589,589.0,ok,6.380122536899765
2011,Water Leakage During Last 12 Months,Pipes leaked,"$30,000 to $39,999",422,422.0,ok,6.0473721790462776
2011,Water Leakage During Last 12 Months,Pipes leaked,"$40,000 to $49,999",396,396.0,ok,5.983936280687191
2011,Water Leakage During Last 12 Months,Pipes leaked,"$50,000 to $59,999",285,285.0,ok,5.655991810819852
2011,Water Leakage During Last 12 Months,Pipes leaked,"$60,000 to $79,999",478,478.0,ok,6.171700597410915
2011,Water Leakage During Last 12 Months,Pipes leaked,"$80,000 to $99,999",270,270.0,ok,5.602118820879701
2011,Water Leakage During Last 12 Months,Pipes leaked,"Less than $10,000",513,513.0,ok,6.2422232654551655
2011,Water Leakage During Last 12 Months,Roof,"$10,000 to $19,999",775,775.0,ok,6.654152520183219
2011,Water Leakage During Last 12 Months,Roof,"$100,000 to $119,999",355,355.0,ok,5.87493073085203
2011,Water Leakage During Last 12 Months,Roof,"$120,000 or more",997,997.0,ok,6.905753276311464
2011,Water Leakage During Last 12 Months,Roof,"$20,000 to $29,999",796,796.0,ok,6.680854678790215
2011,Water Leakage During Last 12 Months,Roof,"$30,000 to $39,999",745,745.0,ok,6.61472560020376
2011,Water Leakage During Last 12 Months,Roof,"$40,000 to $49,999",488,488.0,ok,6.192362489474872
2011,Water Leakage During Last 12 Months,Roof,"$50,000 to $59,999",416,416.0,ok,6.0330862217988015
2011,Water Leakage During Last 12 Months,Roof,"$60,000 to $79,999",777,777.0,ok,6.656726524178391
2011,Water Leakage During Last 12 Months,Roof,"$80,000 to $99,999",497,497.0,ok,6.210600077024653
2011,Water Leakage During Last 12 Months,Roof,"Less than $10,000",666,666.0,ok,6.502790045915623
2011,Water Leakage During Last 12 Months,"Walls, closed windows, or doors","$10,000 to $19,999",306,306.0,ok,5.726847747587197
2011,Water Leakage During Last 12 Months,"Walls, closed windows, or doors","$100,000 to $119,999",131,131.0,ok,4.882801922586371
2011,Water Leakage During Last 12 Months,"Walls, closed windows, or doors","$120,000 or more",344,344.0,ok,5.84354441703136
2011,Water Leakage During Last 12 Months,"Walls, closed windows, or doors","$20,000 to $29,999",275,275.0,ok,5.62040086571715
2011,Water Leakage During Last 12 Months,"Walls, closed windows, or doors","$30,000 to $39,999",273,273.0,ok,5.6131281063880705
2011,Water Leakage During Last 12 Months,"Walls, closed windows, or doors","$40,000 to $49,999",222,222.0,ok,5.407171771460119
2011,Water Leakage During Last 12 Months,"Walls, closed windows, or doors","$50,000 to $59,999",187,187.0,ok,5.236441962829949
2011,Water Leakage During Last 12 Months,"Walls, closed windows, or doors","$60,000 to $79,999",279,279.0,ok,5.634789603169249
2011,Water Leakage During Last 12 Months,"Walls, closed windows, or doors","$80,000 to $99,999",156,156.0,ok,5.056245805348308
2011,Water Leakage During Last 12 Months,"Walls, closed windows, or doors","Less than $10,000",316,316.0,ok,5.75890177387728
2011,Water Leakage During Last 12 Months,With leakage from inside structure,"$10,000 to $19,999","1,058",1058.0,ok,6.9650803456014065
2011,Water Leakage During Last 12 Months,With leakage from inside structure,"$100,000 to $119,999",492,492.0,ok,6.20050917404269
2011,Water Leakage During Last 12 Months,With leakage from inside structure,"$120,000 or more","1,269",1269.0,ok,7.146772179452637
2011,Water Leakage During Last 12 Months,With leakage from inside structure,"$20,000 to $29,999","1,292",1292.0,ok,7.164720378771857
2011,Water Leakage During Last 12 Months,With leakage from inside structure,"$30,000 to $39,999",997,997.0,ok,6.905753276311464
2011,Water Leakage During Last 12 Months,With leakage from inside structure,"$40,000 to $49,999",865,865.0,ok,6.763884908562435
2011,Water Leakage During Last 12 Months,With leakage from inside structure,"$50,000 to $59,999",718,718.0,ok,6.577861357721047
2011,Water Leakage During Last 12 Months,With leakage from inside structure,"$60,000 to $79,999","1,147",1147.0,ok,7.045776576879511
2011,Water Leakage During Last 12 Months,With leakage from inside structure,"$80,000 to $99,999",689,689.0,ok,6.536691597591305
2011,Water Leakage During Last 12 Months,With leakage from inside structure,"Less than $10,000","1,072",1072.0,ok,6.9782137426306985
2011,Water Leakage During Last 12 Months,With leakage from outside structure,"$10,000 to $19,999","1,321",1321.0,ok,7.186901020411631
2011,Water Leakage During Last 12 Months,With leakage from outside structure,"$100,000 to $119,999",712,712.0,ok,6.569481420414296
2011,Water Leakage During Last 12 Months,With leakage from outside structure,"$120,000 or more","1,873",1873.0,ok,7.535830462798367
2011,Water Leakage During Last 12 Months,With leakage from outside structure,"$20,000 to $29,999","1,423",1423.0,ok,7.261225091971921
2011,Water Leakage During Last 12 Months,With leakage from outside structure,"$30,000 to $39,999","1,371",1371.0,ok,7.22402480828583
2011,Water Leakage During Last 12 Months,With leakage from outside structure,"$40,000 to $49,999","1,016",1016.0,ok,6.92461239604856
2011,Water Leakage During Last 12 Months,With leakage from outside structure,"$50,000 to $59,999",913,913.0,ok,6.81783057145415
2011,Water Leakage During Last 12 Months,With leakage from outside structure,"$60,000 to $79,999","1,553",1553.0,ok,7.348587530927593
2011,Water Leakage During Last 12 Months,With leakage from outside structure,"$80,000 to $99,999",974,974.0,ok,6.882437470997847
2011,Water Leakage During Last 12 Months,With leakage from outside structure,"Less than $10,000","1,202",1202.0,ok,7.0925737159746784
2011,Water Supply Stoppage,No stoppage in last 3 months,"$10,000 to $19,999","11,978",11978.0,ok,9.39091039573133
2011,Water Supply Stoppage,No stoppage in last 3 months,"$100,000 to $119,999","6,550",6550.0,ok,8.787372988731876
2011,Water Supply Stoppage,No stoppage in last 3 months,"$120,000 or more","14,229",14229.0,ok,9.563107691083898
2011,Water Supply Stoppage,No stoppage in last 3 months,"$20,000 to $29,999","13,561",13561.0,ok,9.515027043243787
2011,Water Supply Stoppage,No stoppage in last 3 months,"$30,000 to $39,999","11,214",11214.0,ok,9.32500744695431
2011,Water Supply Stoppage,No stoppage in last 3 months,"$40,000 to $49,999","9,686",9686.0,ok,9.178540059426386
2011,Water Supply Stoppage,No stoppage in last 3 months,"$50,000 to $59,999","8,244",8244.0,ok,9.0173622349937
2011,Water Supply Stoppage,No stoppage in last 3 months,"$60,000 to $79,999","13,381",13381.0,ok,9.501665799342762
2011,Water Supply Stoppage,No stoppage in last 3 months,"$80,000 to $99,999","9,366",9366.0,ok,9.14494815320913
2011,Water Supply Stoppage,No stoppage in last 3 months,"Less than $10,000","10,760",10760.0,ok,9.283683766200392
2011,Water Supply Stoppage,No stoppage lasting 6 hours or more,"$10,000 to $19,999",138,138.0,ok,4.9344739331306915
2011,Water Supply Stoppage,No stoppage lasting 6 hours or more,"$100,000 to $119,999",59,59.0,ok,4.0943445622221
2011,Water Supply Stoppage,No stoppage lasting 6 hours or more,"$120,000 or more",125,125.0,ok,4.836281906951478
2011,Water Supply Stoppage,No stoppage lasting 6 hours or more,"$20,000 to $29,999",108,108.0,ok,4.6913478822291435
2011,Water Supply Stoppage,No stoppage lasting 6 hours or more,"$30,000 to $39,999",97,97.0,ok,4.584967478670572
2011,Water Supply Stoppage,No stoppage lasting 6 hours or more,"$40,000 to $49,999",66,66.0,ok,4.204692619390966
2011,Water Supply Stoppage,No stoppage lasting 6 hours or more,"$50,000 to $59,999",97,97.0,ok,4.584967478670572
2011,Water Supply Stoppage,No stoppage lasting 6 hours or more,"$60,000 to $79,999",116,116.0,ok,4.762173934797756
2011,Water Supply Stoppage,No stoppage lasting 6 hours or more,"$80,000 to $99,999",78,78.0,ok,4.3694478524670215
2011,Water Supply Stoppage,No stoppage lasting 6 hours or more,"Less than $10,000",94,94.0,ok,4.553876891600541
2011,Water Supply Stoppage,With hot and cold piped water,"$10,000 to $19,999","12,707",12707.0,ok,9.449986995389407
2011,Water Supply Stoppage,With hot and cold piped water,"$100,000 to $119,999","6,849",6849.0,ok,8.83200393125627
2011,Water Supply Stoppage,With hot and cold piped water,"$120,000 or more","14,865",14865.0,ok,9.60683200528524
2011,Water Supply Stoppage,With hot and cold piped water,"$20,000 to $29,999","14,248",14248.0,ok,9.564442007795789
2011,Water Supply Stoppage,With hot and cold piped water,"$30,000 to $39,999","11,818",11818.0,ok,9.377463685012241
2011,Water Supply Stoppage,With hot and cold piped water,"$40,000 to $49,999","10,119",10119.0,ok,9.222268942841456
2011,Water Supply Stoppage,With hot and cold piped water,"$50,000 to $59,999","8,642",8642.0,ok,9.064505023752638
2011,Water Supply Stoppage,With hot and cold piped water,"$60,000 to $79,999","14,108",14108.0,ok,9.554568170613157
2011,Water Supply Stoppage,With hot and cold piped water,"$80,000 to $99,999","9,830",9830.0,ok,9.193295937366925
2011,Water Supply Stoppage,With hot and cold piped water,"Less than $10,000","11,442",11442.0,ok,9.345133468317714
2011,Water Supply Stoppage,With stoppage in last 3 months,"$10,000 to $19,999",614,614.0,ok,6.421622267806518
2011,Water Supply Stoppage,With stoppage in last 3 months,"$100,000 to $119,999",237,237.0,ok,5.472270673671475
2011,Water Supply Stoppage,With stoppage in last 3 months,"$120,000 or more",526,526.0,ok,6.267200548541362
2011,Water Supply Stoppage,With stoppage in last 3 months,"$20,000 to $29,999",541,541.0,ok,6.295266001439646
2011,Water Supply Stoppage,With stoppage in last 3 months,"$30,000 to $39,999",470,470.0,ok,6.154858094016418
2011,Water Supply Stoppage,With stoppage in last 3 months,"$40,000 to $49,999",342,342.0,ok,5.83773044716594
2011,Water Supply Stoppage,With stoppage in last 3 months,"$50,000 to $59,999",336,336.0,ok,5.820082930352362
2011,Water Supply Stoppage,With stoppage in last 3 months,"$60,000 to $79,999",580,580.0,ok,6.364750756851911
2011,Water Supply Stoppage,With stoppage in last 3 months,"$80,000 to $99,999",372,372.0,ok,5.921578419643816
2011,Water Supply Stoppage,With stoppage in last 3 months,"Less than $10,000",515,515.0,ok,6.246106765481563
2013,Electric Fuses and Circuit Breakers,1 time,"$10,000 to $19,999",373,373.0,ok,5.924255797414532
2013,Electric Fuses and Circuit Breakers,1 time,"$100,000 to $119,999",324,324.0,ok,5.783825182329737
2013,Electric Fuses and Circuit Breakers,1 time,"$120,000 or more",872,872.0,ok,6.771935555839602
2013,Electric Fuses and Circuit Breakers,1 time,"$20,000 to $29,999",516,516.0,ok,6.248042874508429
2013,Electric Fuses and Circuit Breakers,1 time,"$30,000 to $39,999",391,391.0,ok,5.971261839790462
2013,Electric Fuses and Circuit Breakers,1 time,"$40,000 to $49,999",372,372.0,ok,5.921578419643816
2013,Electric Fuses and Circuit Breakers,1 time,"$50,000 to $59,999",377,377.0,ok,5.934894195619588
2013,Electric Fuses and Circuit Breakers,1 time,"$60,000 to $79,999",569,569.0,ok,6.345636360828596
2013,Electric Fuses and Circuit Breakers,1 time,"$80,000 to $99,999",467,467.0,ok,6.148468295917647
2013,Electric Fuses and Circuit Breakers,1 time,"Less than $10,000",312,312.0,ok,5.746203190540153
2013,Electric Fuses and Circuit Breakers,2 times,"$10,000 to $19,999",145,145.0,ok,4.983606621708336
2013,Electric Fuses and Circuit Breakers,2 times,"$100,000 to $119,999",152,152.0,ok,5.030437921392435
2013,Electric Fuses and Circuit Breakers,2 times,"$120,000 or more",365,365.0,ok,5.902633333401366
2013,Electric Fuses and Circuit Breakers,2 times,"$20,000 to $29,999",190,190.0,ok,5.25227342804663
2013,Electric Fuses and Circuit Breakers,2 times,"$30,000 to $39,999",151,151.0,ok,5.0238805208462765
2013,Electric Fuses and Circuit Breakers,2 times,"$40,000 to $49,999",143,143.0,ok,4.969813299576001
2013,Electric Fuses and Circuit Breakers,2 times,"$50,000 to $59,999",124,124.0,ok,4.8283137373023015
2013,Electric Fuses and Circuit Breakers,2 times,"$60,000 to $79,999",209,209.0,ok,5.3471075307174685
2013,Electric Fuses and Circuit Breakers,2 times,"$80,000 to $99,999",174,174.0,ok,5.1647859739235145
2013,Electric Fuses and Circuit Breakers,2 times,"Less than $10,000",159,159.0,ok,5.075173815233827
2013,Electric Fuses and Circuit Breakers,3 times,"$10,000 to $19,999",64,64.0,ok,4.174387269895637
2013,Electric Fuses and Circuit Breakers,3 times,"$100,000 to $119,999",39,39.0,ok,3.6888794541139363
2013,Electric Fuses and Circuit Breakers,3 times,"$120,000 or more",143,143.0,ok,4.969813299576001
2013,Electric Fuses and Circuit Breakers,3 times,"$20,000 to $29,999",91,91.0,ok,4.5217885770490405
2013,Electric Fuses and Circuit Breakers,3 times,"$30,000 to $39,999",67,67.0,ok,4.219507705176107
2013,Electric Fuses and Circuit Breakers,3 times,"$40,000 to $49,999",51,51.0,ok,3.9512437185814275
2013,Electric Fuses and Circuit Breakers,3 times,"$50,000 to $59,999",65,65.0,ok,4.189654742026425
2013,Electric Fuses and Circuit Breakers,3 times,"$60,000 to $79,999",63,63.0,ok,4.1588830833596715
2013,Electric Fuses and Circuit Breakers,3 times,"$80,000 to $99,999",57,57.0,ok,4.060443010546419
2013,Electric Fuses and Circuit Breakers,3 times,"Less than $10,000",55,55.0,ok,4.02535169073515
2013,Electric Fuses and Circuit Breakers,4 times or more,"$10,000 to $19,999",118,118.0,ok,4.77912349311153
2013,Electric Fuses and Circuit Breakers,4 times or more,"$100,000 to $119,999",45,45.0,ok,3.828641396489095
2013,Electric Fuses and Circuit Breakers,4 times or more,"$120,000 or more",127,127.0,ok,4.852030263919617
2013,Electric Fuses and Circuit Breakers,4 times or more,"$20,000 to $29,999",121,121.0,ok,4.804021044733257
2013,Electric Fuses and Circuit Breakers,4 times or more,"$30,000 to $39,999",94,94.0,ok,4.553876891600541
2013,Electric Fuses and Circuit Breakers,4 times or more,"$40,000 to $49,999",101,101.0,ok,4.624972813284271
2013,Electric Fuses and Circuit Breakers,4 times or more,"$50,000 to $59,999",70,70.0,ok,4.2626798770413155
2013,Electric Fuses and Circuit Breakers,4 times or more,"$60,000 to $79,999",128,128.0,ok,4.859812404361672
2013,Electric Fuses and Circuit Breakers,4 times or more,"$80,000 to $99,999",109,109.0,ok,4.700480365792417
2013,Electric Fuses and Circuit Breakers,4 times or more,"Less than $10,000",103,103.0,ok,4.6443908991413725
2013,Electric Fuses and Circuit Breakers,No fuses or breakers blown in last 3 months,"$10,000 to $19,999","11,385",11385.0,ok,9.340139809511028
2013,Electric Fuses and Circuit Breakers,No fuses or breakers blown in last 3 months,"$100,000 to $119,999","6,500",6500.0,ok,8.77971129020447
2013,Electric Fuses and Circuit Breakers,No fuses or breakers blown in last 3 months,"$120,000 or more","14,820",14820.0,ok,9.603800372956915
2013,Electric Fuses and Circuit Breakers,No fuses or breakers blown in last 3 months,"$20,000 to $29,999","12,814",12814.0,ok,9.458371638798171
2013,Electric Fuses and Circuit Breakers,No fuses or breakers blown in last 3 months,"$30,000 to $39,999","10,618",10618.0,ok,9.270400128403846
2013,Electric Fuses and Circuit Breakers,No fuses or breakers blown in last 3 months,"$40,000 to $49,999","9,367",9367.0,ok,9.145054905277552
2013,Electric Fuses and Circuit Breakers,No fuses or breakers blown in last 3 months,"$50,000 to $59,999","7,838",7838.0,ok,8.966866554188723
2013,Electric Fuses and Circuit Breakers,No fuses or breakers blown in last 3 months,"$60,000 to $79,999","13,083",13083.0,ok,9.479145388658274
2013,Electric Fuses and Circuit Breakers,No fuses or breakers blown in last 3 months,"$80,000 to $99,999","9,075",9075.0,ok,9.113388845899733
2013,Electric Fuses and Circuit Breakers,No fuses or breakers blown in last 3 months,"Less than $10,000","10,504",10504.0,ok,9.2596066132791
2013,Electric Fuses and Circuit Breakers,Number of times not reported,"$10,000 to $19,999",12,12.0,ok,2.5649493574615367
2013,Electric Fuses and Circuit Breakers,Number of times not reported,"$100,000 to $119,999",2,2.0,ok,1.0986122886681096
2013,Electric Fuses and Circuit Breakers,Number of times not reported,"$120,000 or more",10,10.0,ok,2.3978952727983707
2013,Electric Fuses and Circuit Breakers,Number of times not reported,"$20,000 to $29,999",2,2.0,ok,1.0986122886681096
2013,Electric Fuses and Circuit Breakers,Number of times not reported,"$30,000 to $39,999",7,7.0,ok,2.0794415416798357
2013,Electric Fuses and Circuit Breakers,Number of times not reported,"$40,000 to $49,999",4,4.0,ok,1.6094379124341003
2013,Electric Fuses and Circuit Breakers,Number of times not reported,"$50,000 to $59,999",5,5.0,ok,1.791759469228055
2013,Electric Fuses and Circuit Breakers,Number of times not reported,"$60,000 to $79,999",11,11.0,ok,2.4849066497880004
2013,Electric Fuses and Circuit Breakers,Number of times not reported,"$80,000 to $99,999",4,4.0,ok,1.6094379124341003
2013,Electric Fuses and Circuit Breakers,Number of times not reported,"Less than $10,000",3,3.0,ok,1.3862943611198906
2013,Electric Fuses and Circuit Breakers,Problem not reported or don’t know,"$10,000 to $19,999",156,156.0,ok,5.056245805348308
2013,Electric Fuses and Circuit Breakers,Problem not reported or don’t know,"$100,000 to $119,999",86,86.0,ok,4.465908118654584
2013,Electric Fuses and Circuit Breakers,Problem not reported or don’t know,"$120,000 or more",139,139.0,ok,4.941642422609304
2013,Electric Fuses and Circuit Breakers,Problem not reported or don’t know,"$20,000 to $29,999",200,200.0,ok,5.303304908059076
2013,Electric Fuses and Circuit Breakers,Problem not reported or don’t know,"$30,000 to $39,999",137,137.0,ok,4.927253685157205
2013,Electric Fuses and Circuit Breakers,Problem not reported or don’t know,"$40,000 to $49,999",163,163.0,ok,5.099866427824199
2013,Electric Fuses and Circuit Breakers,Problem not reported or don’t know,"$50,000 to $59,999",90,90.0,ok,4.51085950651685
2013,Electric Fuses and Circuit Breakers,Problem not reported or don’t know,"$60,000 to $79,999",184,184.0,ok,5.220355825078325
2013,Electric Fuses and Circuit Breakers,Problem not reported or don’t know,"$80,000 to $99,999",113,113.0,ok,4.736198448394496
2013,Electric Fuses and Circuit Breakers,Problem not reported or don’t know,"Less than $10,000",232,232.0,ok,5.4510384535657
2013,Electric Fuses and Circuit Breakers,With electrical wiring,"$10,000 to $19,999","12,255",12255.0,ok,9.413770891980372
2013,Electric Fuses and Circuit Breakers,With electrical wiring,"$100,000 to $119,999","7,149",7149.0,ok,8.874867635688053
2013,Electric Fuses and Circuit Breakers,With electrical wiring,"$120,000 or more","16,476",16476.0,ok,9.709720748057432
2013,Electric Fuses and Circuit Breakers,With electrical wiring,"$20,000 to $29,999","13,934",13934.0,ok,9.542158939916048
2013,Electric Fuses and Circuit Breakers,With electrical wiring,"$30,000 to $39,999","11,465",11465.0,ok,9.347141413468329
2013,Electric Fuses and Circuit Breakers,With electrical wiring,"$40,000 to $49,999","10,201",10201.0,ok,9.230339058482873
2013,Electric Fuses and Circuit Breakers,With electrical wiring,"$50,000 to $59,999","8,569",8569.0,ok,9.056023011591826
2013,Electric Fuses and Circuit Breakers,With electrical wiring,"$60,000 to $79,999","14,247",14247.0,ok,9.564371824969498
2013,Electric Fuses and Circuit Breakers,With electrical wiring,"$80,000 to $99,999","9,998",9998.0,ok,9.21024036697585
2013,Electric Fuses and Circuit Breakers,With electrical wiring,"Less than $10,000","11,368",11368.0,ok,9.338645632129106
2013,Electric Fuses and Circuit Breakers,With fuses or breakers blown in last 3 months,"$10,000 to $19,999",713,713.0,ok,6.570882962339584
2013,Electric Fuses and Circuit Breakers,With fuses or breakers blown in last 3 months,"$100,000 to $119,999",563,563.0,ok,6.335054251498059
2013,Electric Fuses and Circuit Breakers,With fuses or breakers blown in last 3 months,"$120,000 or more","1,518",1518.0,ok,7.325807502595773
2013,Electric Fuses and Circuit Breakers,With fuses or breakers blown in last 3 months,"$20,000 to $29,999",920,920.0,ok,6.825460036255307
2013,Electric Fuses and Circuit Breakers,With fuses or breakers blown in last 3 months,"$30,000 to $39,999",710,710.0,ok,6.566672429803241
2013,Electric Fuses and Circuit Breakers,With fuses or breakers blown in last 3 months,"$40,000 to $49,999",671,671.0,ok,6.51025834052315
2013,Electric Fuses and Circuit Breakers,With fuses or breakers blown in last 3 months,"$50,000 to $59,999",640,640.0,ok,6.46302945692067
2013,Electric Fuses and Circuit Breakers,With fuses or breakers blown in last 3 months,"$60,000 to $79,999",981,981.0,ok,6.889591308354466
2013,Electric Fuses and Circuit Breakers,With fuses or breakers blown in last 3 months,"$80,000 to $99,999",810,810.0,ok,6.698268054115413
2013,Electric Fuses and Circuit Breakers,With fuses or breakers blown in last 3 months,"Less than $10,000",632,632.0,ok,6.450470422144176
2013,External Building Conditions,Bars on windows,"$10,000 to $19,999",369,369.0,ok,5.91350300563827
2013,External Building Conditions,Bars on windows,"$100,000 to $119,999",137,137.0,ok,4.927253685157205
2013,External Building Conditions,Bars on windows,"$120,000 or more",265,265.0,ok,5.583496308781699
2013,External Building Conditions,Bars on windows,"$20,000 to $29,999",391,391.0,ok,5.971261839790462
2013,External Building Conditions,Bars on windows,"$30,000 to $39,999",297,297.0,ok,5.697093486505405
2013,External Building Conditions,Bars on windows,"$40,000 to $49,999",238,238.0,ok,5.476463551931511
2013,External Building Conditions,Bars on windows,"$50,000 to $59,999",222,222.0,ok,5.407171771460119
2013,External Building Conditions,Bars on windows,"$60,000 to $79,999",283,283.0,ok,5.648974238161206
2013,External Building Conditions,Bars on windows,"$80,000 to $99,999",212,212.0,ok,5.3612921657094255
2013,External Building Conditions,Bars on windows,"Less than $10,000",379,379.0,ok,5.940171252720432
2013,External Building Conditions,Boarded up windows,"$10,000 to $19,999",122,122.0,ok,4.812184355372417
2013,External Building Conditions,Boarded up windows,"$100,000 to $119,999",29,29.0,ok,3.4011973816621555
2013,External Building Conditions,Boarded up windows,"$120,000 or more",28,28.0,ok,3.367295829986474
2013,External Building Conditions,Boarded up windows,"$20,000 to $29,999",111,111.0,ok,4.718498871295094
2013,External Building Conditions,Boarded up windows,"$30,000 to $39,999",80,80.0,ok,4.394449154672439
2013,External Building Conditions,Boarded up windows,"$40,000 to $49,999",59,59.0,ok,4.0943445622221
2013,External Building Conditions,Boarded up windows,"$50,000 to $59,999",23,23.0,ok,3.1780538303479458
2013,External Building Conditions,Boarded up windows,"$60,000 to $79,999",106,106.0,ok,4.672828834461906
2013,External Building Conditions,Boarded up windows,"$80,000 to $99,999",67,67.0,ok,4.219507705176107
2013,External Building Conditions,Boarded up windows,"Less than $10,000",127,127.0,ok,4.852030263919617
2013,External Building Conditions,Broken windows,"$10,000 to $19,999",441,441.0,ok,6.091309882077698
2013,External Building Conditions,Broken windows,"$100,000 to $119,999",87,87.0,ok,4.477336814478207
2013,External Building Conditions,Broken windows,"$120,000 or more",260,260.0,ok,5.564520407322694
2013,External Building Conditions,Broken windows,"$20,000 to $29,999",448,448.0,ok,6.1070228877422545
2013,External Building Conditions,Broken windows,"$30,000 to $39,999",339,339.0,ok,5.8289456176102075
2013,External Building Conditions,Broken windows,"$40,000 to $49,999",272,272.0,ok,5.60947179518496
2013,External Building Conditions,Broken windows,"$50,000 to $59,999",195,195.0,ok,5.278114659230518
2013,External Building Conditions,Broken windows,"$60,000 to $79,999",323,323.0,ok,5.780743515792329
2013,External Building Conditions,Broken windows,"$80,000 to $99,999",199,199.0,ok,5.298317366548036
2013,External Building Conditions,Broken windows,"Less than $10,000",369,369.0,ok,5.91350300563827
2013,External Building Conditions,Foundation crumbling or has open crack or hole,"$10,000 to $19,999",407,407.0,ok,6.0112671744041615
2013,External Building Conditions,Foundation crumbling or has open crack or hole,"$100,000 to $119,999",227,227.0,ok,5.429345628954441
2013,External Building Conditions,Foundation crumbling or has open crack or hole,"$120,000 or more",369,369.0,ok,5.91350300563827
2013,External Building Conditions,Foundation crumbling or has open crack or hole,"$20,000 to $29,999",434,434.0,ok,6.075346031088684
2013,External Building Conditions,Foundation crumbling or has open crack or hole,"$30,000 to $39,999",348,348.0,ok,5.855071922202427
2013,External Building Conditions,Foundation crumbling or has open crack or hole,"$40,000 to $49,999",294,294.0,ok,5.68697535633982
2013,External Building Conditions,Foundation crumbling or has open crack or hole,"$50,000 to $59,999",301,301.0,ok,5.71042701737487
2013,External Building Conditions,Foundation crumbling or has open crack or hole,"$60,000 to $79,999",462,462.0,ok,6.137727054086234
2013,External Building Conditions,Foundation crumbling or has open crack or hole,"$80,000 to $99,999",274,274.0,ok,5.616771097666572
2013,External Building Conditions,Foundation crumbling or has open crack or hole,"Less than $10,000",330,330.0,ok,5.802118375377063
2013,External Building Conditions,Hole in roof,"$10,000 to $19,999",176,176.0,ok,5.176149732573829
2013,External Building Conditions,Hole in roof,"$100,000 to $119,999",30,30.0,ok,3.4339872044851463
2013,External Building Conditions,Hole in roof,"$120,000 or more",83,83.0,ok,4.430816798843313
2013,External Building Conditions,Hole in roof,"$20,000 to $29,999",128,128.0,ok,4.859812404361672
2013,External Building Conditions,Hole in roof,"$30,000 to $39,999",91,91.0,ok,4.5217885770490405
2013,External Building Conditions,Hole in roof,"$40,000 to $49,999",79,79.0,ok,4.382026634673881
2013,External Building Conditions,Hole in roof,"$50,000 to $59,999",58,58.0,ok,4.07753744390572
2013,External Building Conditions,Hole in roof,"$60,000 to $79,999",96,96.0,ok,4.574710978503383
2013,External Building Conditions,Hole in roof,"$80,000 to $99,999",63,63.0,ok,4.1588830833596715
2013,External Building Conditions,Hole in roof,"Less than $10,000",207,207.0,ok,5.337538079701318
2013,External Building Conditions,"Missing bricks, siding, or other outside wall material","$10,000 to $19,999",266,266.0,ok,5.58724865840025
2013,External Building Conditions,"Missing bricks, siding, or other outside wall material","$100,000 to $119,999",91,91.0,ok,4.5217885770490405
2013,External Building Conditions,"Missing bricks, siding, or other outside wall material","$120,000 or more",199,199.0,ok,5.298317366548036
2013,External Building Conditions,"Missing bricks, siding, or other outside wall material","$20,000 to $29,999",227,227.0,ok,5.429345628954441
2013,External Building Conditions,"Missing bricks, siding, or other outside wall material","$30,000 to $39,999",253,253.0,ok,5.537334267018537
2013,External Building Conditions,"Missing bricks, siding, or other outside wall material","$40,000 to $49,999",162,162.0,ok,5.093750200806762
2013,External Building Conditions,"Missing bricks, siding, or other outside wall material","$50,000 to $59,999",143,143.0,ok,4.969813299576001
2013,External Building Conditions,"Missing bricks, siding, or other outside wall material","$60,000 to $79,999",199,199.0,ok,5.298317366548036
2013,External Building Conditions,"Missing bricks, siding, or other outside wall material","$80,000 to $99,999",151,151.0,ok,5.0238805208462765
2013,External Building Conditions,"Missing bricks, siding, or other outside wall material","Less than $10,000",192,192.0,ok,5.262690188904886
2013,External Building Conditions,Missing roofing material,"$10,000 to $19,999",355,355.0,ok,5.87493073085203
2013,External Building Conditions,Missing roofing material,"$100,000 to $119,999",139,139.0,ok,4.941642422609304
2013,External Building Conditions,Missing roofing material,"$120,000 or more",345,345.0,ok,5.846438775057724
2013,External Building Conditions,Missing roofing material,"$20,000 to $29,999",356,356.0,ok,5.877735781779639
2013,External Building Conditions,Missing roofing material,"$30,000 to $39,999",313,313.0,ok,5.749392985908253
2013,External Building Conditions,Missing roofing material,"$40,000 to $49,999",242,242.0,ok,5.493061443340548
2013,External Building Conditions,Missing roofing material,"$50,000 to $59,999",205,205.0,ok,5.327876168789581
2013,External Building Conditions,Missing roofing material,"$60,000 to $79,999",393,393.0,ok,5.976350909297934
2013,External Building Conditions,Missing roofing material,"$80,000 to $99,999",226,226.0,ok,5.424950017481403
2013,External Building Conditions,Missing roofing material,"Less than $10,000",294,294.0,ok,5.68697535633982
2013,External Building Conditions,None of the above,"$10,000 to $19,999","5,998",5998.0,ok,8.699348067653093
2013,External Building Conditions,None of the above,"$100,000 to $119,999","5,579",5579.0,ok,8.626944055375356
2013,External Building Conditions,None of the above,"$120,000 or more","13,373",13373.0,ok,9.501067802613925
2013,External Building Conditions,None of the above,"$20,000 to $29,999","8,005",8005.0,ok,8.987946539552519
2013,External Building Conditions,None of the above,"$30,000 to $39,999","6,725",6725.0,ok,8.813735892300215
2013,External Building Conditions,None of the above,"$40,000 to $49,999","6,444",6444.0,ok,8.771059915373288
2013,External Building Conditions,None of the above,"$50,000 to $59,999","5,682",5682.0,ok,8.645234541297121
2013,External Building Conditions,None of the above,"$60,000 to $79,999","9,910",9910.0,ok,9.201400530406708
2013,External Building Conditions,None of the above,"$80,000 to $99,999","7,347",7347.0,ok,8.902183446335016
2013,External Building Conditions,None of the above,"Less than $10,000","4,846",4846.0,ok,8.486115235845377
2013,External Building Conditions,Not reported,"$10,000 to $19,999",34,34.0,ok,3.5553480614894135
2013,External Building Conditions,Not reported,"$100,000 to $119,999",23,23.0,ok,3.1780538303479458
2013,External Building Conditions,Not reported,"$120,000 or more",34,34.0,ok,3.5553480614894135
2013,External Building Conditions,Not reported,"$20,000 to $29,999",40,40.0,ok,3.713572066704308
2013,External Building Conditions,Not reported,"$30,000 to $39,999",28,28.0,ok,3.367295829986474
2013,External Building Conditions,Not reported,"$40,000 to $49,999",29,29.0,ok,3.4011973816621555
2013,External Building Conditions,Not reported,"$50,000 to $59,999",27,27.0,ok,3.332204510175204
2013,External Building Conditions,Not reported,"$60,000 to $79,999",34,34.0,ok,3.5553480614894135
2013,External Building Conditions,Not reported,"$80,000 to $99,999",22,22.0,ok,3.1354942159291497
2013,External Building Conditions,Not reported,"Less than $10,000",38,38.0,ok,3.6635616461296463
2013,External Building Conditions,Sagging roof,"$10,000 to $19,999",260,260.0,ok,5.564520407322694
2013,External Building Conditions,Sagging roof,"$100,000 to $119,999",60,60.0,ok,4.110873864173311
2013,External Building Conditions,Sagging roof,"$120,000 or more",125,125.0,ok,4.836281906951478
2013,External Building Conditions,Sagging roof,"$20,000 to $29,999",230,230.0,ok,5.442417710521793
2013,External Building Conditions,Sagging roof,"$30,000 to $39,999",167,167.0,ok,5.123963979403259
2013,External Building Conditions,Sagging roof,"$40,000 to $49,999",79,79.0,ok,4.382026634673881
2013,External Building Conditions,Sagging roof,"$50,000 to $59,999",120,120.0,ok,4.795790545596741
2013,External Building Conditions,Sagging roof,"$60,000 to $79,999",166,166.0,ok,5.117993812416755
2013,External Building Conditions,Sagging roof,"$80,000 to $99,999",85,85.0,ok,4.454347296253507
2013,External Building Conditions,Sagging roof,"Less than $10,000",195,195.0,ok,5.278114659230518
2013,External Building Conditions,Sloping outside walls,"$10,000 to $19,999",150,150.0,ok,5.017279836814924
2013,External Building Conditions,Sloping outside walls,"$100,000 to $119,999",33,33.0,ok,3.5263605246161616
2013,External Building Conditions,Sloping outside walls,"$120,000 or more",56,56.0,ok,4.04305126783455
2013,External Building Conditions,Sloping outside walls,"$20,000 to $29,999",104,104.0,ok,4.653960350157523
2013,External Building Conditions,Sloping outside walls,"$30,000 to $39,999",90,90.0,ok,4.51085950651685
2013,External Building Conditions,Sloping outside walls,"$40,000 to $49,999",75,75.0,ok,4.330733340286331
2013,External Building Conditions,Sloping outside walls,"$50,000 to $59,999",59,59.0,ok,4.0943445622221
2013,External Building Conditions,Sloping outside walls,"$60,000 to $79,999",80,80.0,ok,4.394449154672439
2013,External Building Conditions,Sloping outside walls,"$80,000 to $99,999",59,59.0,ok,4.0943445622221
2013,External Building Conditions,Sloping outside walls,"Less than $10,000",152,152.0,ok,5.030437921392435
2013,Flush Toilet Breakdowns,No breakdowns lasting 6 hours or more,"$10,000 to $19,999",73,73.0,ok,4.304065093204169
2013,Flush Toilet Breakdowns,No breakdowns lasting 6 hours or more,"$100,000 to $119,999",17,17.0,ok,2.8903717578961645
2013,Flush Toilet Breakdowns,No breakdowns lasting 6 hours or more,"$120,000 or more",38,38.0,ok,3.6635616461296463
2013,Flush Toilet Breakdowns,No breakdowns lasting 6 hours or more,"$20,000 to $29,999",64,64.0,ok,4.174387269895637
2013,Flush Toilet Breakdowns,No breakdowns lasting 6 hours or more,"$30,000 to $39,999",51,51.0,ok,3.9512437185814275
2013,Flush Toilet Breakdowns,No breakdowns lasting 6 hours or more,"$40,000 to $49,999",27,27.0,ok,3.332204510175204
2013,Flush Toilet Breakdowns,No breakdowns lasting 6 hours or more,"$50,000 to $59,999",21,21.0,ok,3.091042453358316
2013,Flush Toilet Breakdowns,No breakdowns lasting 6 hours or more,"$60,000 to $79,999",39,39.0,ok,3.6888794541139363
2013,Flush Toilet Breakdowns,No breakdowns lasting 6 hours or more,"$80,000 to $99,999",28,28.0,ok,3.367295829986474
2013,Flush Toilet Breakdowns,No breakdowns lasting 6 hours or more,"Less than $10,000",83,83.0,ok,4.430816798843313
2013,Flush Toilet Breakdowns,None working some time in last 3 months,"$10,000 to $19,999",306,306.0,ok,5.726847747587197
2013,Flush Toilet Breakdowns,None working some time in last 3 months,"$100,000 to $119,999",75,75.0,ok,4.330733340286331
2013,Flush Toilet Breakdowns,None working some time in last 3 months,"$120,000 or more",122,122.0,ok,4.812184355372417
2013,Flush Toilet Breakdowns,None working some time in last 3 months,"$20,000 to $29,999",306,306.0,ok,5.726847747587197
2013,Flush Toilet Breakdowns,None working some time in last 3 months,"$30,000 to $39,999",188,188.0,ok,5.241747015059643
2013,Flush Toilet Breakdowns,None working some time in last 3 months,"$40,000 to $49,999",189,189.0,ok,5.247024072160486
2013,Flush Toilet Breakdowns,None working some time in last 3 months,"$50,000 to $59,999",90,90.0,ok,4.51085950651685
2013,Flush Toilet Breakdowns,None working some time in last 3 months,"$60,000 to $79,999",186,186.0,ok,5.231108616854587
2013,Flush Toilet Breakdowns,None working some time in last 3 months,"$80,000 to $99,999",97,97.0,ok,4.584967478670572
2013,Flush Toilet Breakdowns,None working some time in last 3 months,"Less than $10,000",312,312.0,ok,5.746203190540153
2013,Flush Toilet Breakdowns,With at least one toilet working at all times in last 3 months,"$10,000 to $19,999","11,841",11841.0,ok,9.37940781309172
2013,Flush Toilet Breakdowns,With at least one toilet working at all times in last 3 months,"$100,000 to $119,999","7,005",7005.0,ok,8.854522203757432
2013,Flush Toilet Breakdowns,With at least one toilet working at all times in last 3 months,"$120,000 or more","16,238",16238.0,ok,9.695171035465087
2013,Flush Toilet Breakdowns,With at least one toilet working at all times in last 3 months,"$20,000 to $29,999","13,492",13492.0,ok,9.509926311430787
2013,Flush Toilet Breakdowns,With at least one toilet working at all times in last 3 months,"$30,000 to $39,999","11,170",11170.0,ok,9.321076413570848
2013,Flush Toilet Breakdowns,With at least one toilet working at all times in last 3 months,"$40,000 to $49,999","9,871",9871.0,ok,9.197457746145169
2013,Flush Toilet Breakdowns,With at least one toilet working at all times in last 3 months,"$50,000 to $59,999","8,424",8424.0,ok,9.038958755220563
2013,Flush Toilet Breakdowns,With at least one toilet working at all times in last 3 months,"$60,000 to $79,999","13,940",13940.0,ok,9.542589417753089
2013,Flush Toilet Breakdowns,With at least one toilet working at all times in last 3 months,"$80,000 to $99,999","9,815",9815.0,ok,9.191768986390747
2013,Flush Toilet Breakdowns,With at least one toilet working at all times in last 3 months,"Less than $10,000","10,842",10842.0,ok,9.291274989472182
2013,Flush Toilet Breakdowns,With one or more flush toilets,"$10,000 to $19,999","12,261",12261.0,ok,9.414260328322634
2013,Flush Toilet Breakdowns,With one or more flush toilets,"$100,000 to $119,999","7,153",7153.0,ok,8.875426919818963
2013,Flush Toilet Breakdowns,With one or more flush toilets,"$120,000 or more","16,492",16492.0,ok,9.710691327448153
2013,Flush Toilet Breakdowns,With one or more flush toilets,"$20,000 to $29,999","13,953",13953.0,ok,9.543521484499182
2013,Flush Toilet Breakdowns,With one or more flush toilets,"$30,000 to $39,999","11,471",11471.0,ok,9.347664562839402
2013,Flush Toilet Breakdowns,With one or more flush toilets,"$40,000 to $49,999","10,208",10208.0,ok,9.231024963169016
2013,Flush Toilet Breakdowns,With one or more flush toilets,"$50,000 to $59,999","8,571",8571.0,ok,9.056256356593467
2013,Flush Toilet Breakdowns,With one or more flush toilets,"$60,000 to $79,999","14,271",14271.0,ok,9.566054854819791
2013,Flush Toilet Breakdowns,With one or more flush toilets,"$80,000 to $99,999","10,006",10006.0,ok,9.211040127090456
2013,Flush Toilet Breakdowns,With one or more flush toilets,"Less than $10,000","11,372",11372.0,ok,9.338997404184445
2013,Heating Problems,Equipment breakdowns,"$10,000 to $19,999",267,267.0,ok,5.5909869805108565
2013,Heating Problems,Equipment breakdowns,"$100,000 to $119,999",117,117.0,ok,4.770684624465665
2013,Heating Problems,Equipment breakdowns,"$120,000 or more",261,261.0,ok,5.568344503761097
2013,Heating Problems,Equipment breakdowns,"$20,000 to $29,999",324,324.0,ok,5.783825182329737
2013,Heating Problems,Equipment breakdowns,"$30,000 to $39,999",235,235.0,ok,5.4638318050256105
2013,Heating Problems,Equipment breakdowns,"$40,000 to $49,999",215,215.0,ok,5.375278407684165
2013,Heating Problems,Equipment breakdowns,"$50,000 to $59,999",182,182.0,ok,5.209486152841421
2013,Heating Problems,Equipment breakdowns,"$60,000 to $79,999",205,205.0,ok,5.327876168789581
2013,Heating Problems,Equipment breakdowns,"$80,000 to $99,999",154,154.0,ok,5.043425116919247
2013,Heating Problems,Equipment breakdowns,"Less than $10,000",340,340.0,ok,5.831882477283517
2013,Heating Problems,No breakdowns lasting 6 hours or more,"$10,000 to $19,999",4,4.0,ok,1.6094379124341003
2013,Heating Problems,No breakdowns lasting 6 hours or more,"$100,000 to $119,999",3,3.0,ok,1.3862943611198906
2013,Heating Problems,No breakdowns lasting 6 hours or more,"$120,000 or more",2,2.0,ok,1.0986122886681096
2013,Heating Problems,No breakdowns lasting 6 hours or more,"$20,000 to $29,999",3,3.0,ok,1.3862943611198906
2013,Heating Problems,No breakdowns lasting 6 hours or more,"$30,000 to $39,999",3,3.0,ok,1.3862943611198906
2013,Heating Problems,No breakdowns lasting 6 hours or more,"$40,000 to $49,999",7,7.0,ok,2.0794415416798357
2013,Heating Problems,No breakdowns lasting 6 hours or more,"$50,000 to $59,999",2,2.0,ok,1.0986122886681096
2013,Heating Problems,No breakdowns lasting 6 hours or more,"$60,000 to $79,999",7,7.0,ok,2.0794415416798357
2013,Heating Problems,No breakdowns lasting 6 hours or more,"$80,000 to $99,999",2,2.0,ok,1.0986122886681096
2013,Heating Problems,No breakdowns lasting 6 hours or more,"Less than $10,000",10,10.0,ok,2.3978952727983707
2013,Heating Problems,Not uncomfortably cold for 24 hours or more,"$10,000 to $19,999","10,328",10328.0,ok,9.242710752006634
2013,Heating Problems,Not uncomfortably cold for 24 hours or more,"$100,000 to $119,999","6,291",6291.0,ok,8.747034264178168
2013,Heating Problems,Not uncomfortably cold for 24 hours or more,"$120,000 or more","14,650",14650.0,ok,9.592263871501313
2013,Heating Problems,Not uncomfortably cold for 24 hours or more,"$20,000 to $29,999","11,749",11749.0,ok,9.371608519572305
2013,Heating Problems,Not uncomfortably cold for 24 hours or more,"$30,000 to $39,999","9,797",9797.0,ok,9.18993356219852
2013,Heating Problems,Not uncomfortably cold for 24 hours or more,"$40,000 to $49,999","8,670",8670.0,ok,9.06773940337716
2013,Heating Problems,Not uncomfortably cold for 24 hours or more,"$50,000 to $59,999","7,501",7501.0,ok,8.922924930641832
2013,Heating Problems,Not uncomfortably cold for 24 hours or more,"$60,000 to $79,999","12,606",12606.0,ok,9.44200749423127
2013,Heating Problems,Not uncomfortably cold for 24 hours or more,"$80,000 to $99,999","8,812",8812.0,ok,9.08398318309966
2013,Heating Problems,Not uncomfortably cold for 24 hours or more,"Less than $10,000","9,141",9141.0,ok,9.12063445889169
2013,Heating Problems,Uncomfortably cold for 24 hours or more,"$10,000 to $19,999",908,908.0,ok,6.812345094177479
2013,Heating Problems,Uncomfortably cold for 24 hours or more,"$100,000 to $119,999",457,457.0,ok,6.126869184114185
2013,Heating Problems,Uncomfortably cold for 24 hours or more,"$120,000 or more","1,108",1108.0,ok,7.011213987350367
2013,Heating Problems,Uncomfortably cold for 24 hours or more,"$20,000 to $29,999","1,037",1037.0,ok,6.945051063725834
2013,Heating Problems,Uncomfortably cold for 24 hours or more,"$30,000 to $39,999",790,790.0,ok,6.673297967767654
2013,Heating Problems,Uncomfortably cold for 24 hours or more,"$40,000 to $49,999",661,661.0,ok,6.495265555937008
2013,Heating Problems,Uncomfortably cold for 24 hours or more,"$50,000 to $59,999",537,537.0,ok,6.2878585601617845
2013,Heating Problems,Uncomfortably cold for 24 hours or more,"$60,000 to $79,999",755,755.0,ok,6.628041376179533
2013,Heating Problems,Uncomfortably cold for 24 hours or more,"$80,000 to $99,999",640,640.0,ok,6.46302945692067
2013,Heating Problems,Uncomfortably cold for 24 hours or more,"Less than $10,000",985,985.0,ok,6.893656354602635
2013,Heating Problems,With heating equipment and occupied last winter,"$10,000 to $19,999","11,535",11535.0,ok,9.353227859524731
2013,Heating Problems,With heating equipment and occupied last winter,"$100,000 to $119,999","6,875",6875.0,ok,8.83579236650274
2013,Heating Problems,With heating equipment and occupied last winter,"$120,000 or more","16,025",16025.0,ok,9.681967682338016
2013,Heating Problems,With heating equipment and occupied last winter,"$20,000 to $29,999","13,115",13115.0,ok,9.48158813796454
2013,Heating Problems,With heating equipment and occupied last winter,"$30,000 to $39,999","10,821",10821.0,ok,9.28933637820268
2013,Heating Problems,With heating equipment and occupied last winter,"$40,000 to $49,999","9,570",9570.0,ok,9.166492972195906
2013,Heating Problems,With heating equipment and occupied last winter,"$50,000 to $59,999","8,208",8208.0,ok,9.012986392348266
2013,Heating Problems,With heating equipment and occupied last winter,"$60,000 to $79,999","13,664",13664.0,ok,9.522593098362169
2013,Heating Problems,With heating equipment and occupied last winter,"$80,000 to $99,999","9,636",9636.0,ok,9.173365135851288
2013,Heating Problems,With heating equipment and occupied last winter,"Less than $10,000","10,515",10515.0,ok,9.260653185849772
2013,Number of breakdowns that lasted 6 hours or more:,1,"$10,000 to $19,999",133,133.0,ok,4.897839799950911
2013,Number of breakdowns that lasted 6 hours or more:,1,"$100,000 to $119,999",43,43.0,ok,3.784189633918261
2013,Number of breakdowns that lasted 6 hours or more:,1,"$120,000 or more",64,64.0,ok,4.174387269895637
2013,Number of breakdowns that lasted 6 hours or more:,1,"$20,000 to $29,999",140,140.0,ok,4.948759890378168
2013,Number of breakdowns that lasted 6 hours or more:,1,"$30,000 to $39,999",91,91.0,ok,4.5217885770490405
2013,Number of breakdowns that lasted 6 hours or more:,1,"$40,000 to $49,999",107,107.0,ok,4.68213122712422
2013,Number of breakdowns that lasted 6 hours or more:,1,"$50,000 to $59,999",49,49.0,ok,3.912023005428146
2013,Number of breakdowns that lasted 6 hours or more:,1,"$60,000 to $79,999",108,108.0,ok,4.6913478822291435
2013,Number of breakdowns that lasted 6 hours or more:,1,"$80,000 to $99,999",45,45.0,ok,3.828641396489095
2013,Number of breakdowns that lasted 6 hours or more:,1,"Less than $10,000",144,144.0,ok,4.976733742420574
2013,Number of breakdowns that lasted 6 hours or more:,2,"$10,000 to $19,999",49,49.0,ok,3.912023005428146
2013,Number of breakdowns that lasted 6 hours or more:,2,"$100,000 to $119,999",3,3.0,ok,1.3862943611198906
2013,Number of breakdowns that lasted 6 hours or more:,2,"$120,000 or more",9,9.0,ok,2.302585092994046
2013,Number of breakdowns that lasted 6 hours or more:,2,"$20,000 to $29,999",39,39.0,ok,3.6888794541139363
2013,Number of breakdowns that lasted 6 hours or more:,2,"$30,000 to $39,999",27,27.0,ok,3.332204510175204
2013,Number of breakdowns that lasted 6 hours or more:,2,"$40,000 to $49,999",27,27.0,ok,3.332204510175204
2013,Number of breakdowns that lasted 6 hours or more:,2,"$50,000 to $59,999",12,12.0,ok,2.5649493574615367
2013,Number of breakdowns that lasted 6 hours or more:,2,"$60,000 to $79,999",19,19.0,ok,2.995732273553991
2013,Number of breakdowns that lasted 6 hours or more:,2,"$80,000 to $99,999",14,14.0,ok,2.70805020110221
2013,Number of breakdowns that lasted 6 hours or more:,2,"Less than $10,000",40,40.0,ok,3.713572066704308
2013,Number of breakdowns that lasted 6 hours or more:,3,"$10,000 to $19,999",19,19.0,ok,2.995732273553991
2013,Number of breakdowns that lasted 6 hours or more:,3,"$100,000 to $119,999",6,6.0,ok,1.9459101490553132
2013,Number of breakdowns that lasted 6 hours or more:,3,"$120,000 or more",4,4.0,ok,1.6094379124341003
2013,Number of breakdowns that lasted 6 hours or more:,3,"$20,000 to $29,999",11,11.0,ok,2.4849066497880004
2013,Number of breakdowns that lasted 6 hours or more:,3,"$30,000 to $39,999",9,9.0,ok,2.302585092994046
2013,Number of breakdowns that lasted 6 hours or more:,3,"$40,000 to $49,999",7,7.0,ok,2.0794415416798357
2013,Number of breakdowns that lasted 6 hours or more:,3,"$50,000 to $59,999",2,2.0,ok,1.0986122886681096
2013,Number of breakdowns that lasted 6 hours or more:,3,"$60,000 to $79,999",7,7.0,ok,2.0794415416798357
2013,Number of breakdowns that lasted 6 hours or more:,3,"$80,000 to $99,999",5,5.0,ok,1.791759469228055
2013,Number of breakdowns that lasted 6 hours or more:,3,"Less than $10,000",14,14.0,ok,2.70805020110221
2013,Number of breakdowns that lasted 6 hours or more:,4 or more,"$10,000 to $19,999",31,31.0,ok,3.4657359027997265
2013,Number of breakdowns that lasted 6 hours or more:,4 or more,"$100,000 to $119,999",7,7.0,ok,2.0794415416798357
2013,Number of breakdowns that lasted 6 hours or more:,4 or more,"$120,000 or more",7,7.0,ok,2.0794415416798357
2013,Number of breakdowns that lasted 6 hours or more:,4 or more,"$20,000 to $29,999",50,50.0,ok,3.9318256327243257
2013,Number of breakdowns that lasted 6 hours or more:,4 or more,"$30,000 to $39,999",8,8.0,ok,2.1972245773362196
2013,Number of breakdowns that lasted 6 hours or more:,4 or more,"$40,000 to $49,999",15,15.0,ok,2.772588722239781
2013,Number of breakdowns that lasted 6 hours or more:,4 or more,"$50,000 to $59,999",1,1.0,ok,0.6931471805599453
2013,Number of breakdowns that lasted 6 hours or more:,4 or more,"$60,000 to $79,999",10,10.0,ok,2.3978952727983707
2013,Number of breakdowns that lasted 6 hours or more:,4 or more,"$80,000 to $99,999",6,6.0,ok,1.9459101490553132
2013,Number of breakdowns that lasted 6 hours or more:,4 or more,"Less than $10,000",26,26.0,ok,3.295836866004329
2013,Number of breakdowns that lasted 6 hours or more:,Breakdowns not reported,"$10,000 to $19,999",114,114.0,ok,4.74493212836325
2013,Number of breakdowns that lasted 6 hours or more:,Breakdowns not reported,"$100,000 to $119,999",73,73.0,ok,4.304065093204169
2013,Number of breakdowns that lasted 6 hours or more:,Breakdowns not reported,"$120,000 or more",132,132.0,ok,4.890349128221754
2013,Number of breakdowns that lasted 6 hours or more:,Breakdowns not reported,"$20,000 to $29,999",155,155.0,ok,5.049856007249537
2013,Number of breakdowns that lasted 6 hours or more:,Breakdowns not reported,"$30,000 to $39,999",113,113.0,ok,4.736198448394496
2013,Number of breakdowns that lasted 6 hours or more:,Breakdowns not reported,"$40,000 to $49,999",148,148.0,ok,5.003946305945459
2013,Number of breakdowns that lasted 6 hours or more:,Breakdowns not reported,"$50,000 to $59,999",57,57.0,ok,4.060443010546419
2013,Number of breakdowns that lasted 6 hours or more:,Breakdowns not reported,"$60,000 to $79,999",145,145.0,ok,4.983606621708336
2013,Number of breakdowns that lasted 6 hours or more:,Breakdowns not reported,"$80,000 to $99,999",93,93.0,ok,4.543294782270004
2013,Number of breakdowns that lasted 6 hours or more:,Breakdowns not reported,"Less than $10,000",218,218.0,ok,5.389071729816501
2013,Number of breakdowns that lasted 6 hours or more:,Cost of heating,"$10,000 to $19,999",91,91.0,ok,4.5217885770490405
2013,Number of breakdowns that lasted 6 hours or more:,Cost of heating,"$100,000 to $119,999",29,29.0,ok,3.4011973816621555
2013,Number of breakdowns that lasted 6 hours or more:,Cost of heating,"$120,000 or more",50,50.0,ok,3.9318256327243257
2013,Number of breakdowns that lasted 6 hours or more:,Cost of heating,"$20,000 to $29,999",94,94.0,ok,4.553876891600541
2013,Number of breakdowns that lasted 6 hours or more:,Cost of heating,"$30,000 to $39,999",71,71.0,ok,4.276666119016055
2013,Number of breakdowns that lasted 6 hours or more:,Cost of heating,"$40,000 to $49,999",67,67.0,ok,4.219507705176107
2013,Number of breakdowns that lasted 6 hours or more:,Cost of heating,"$50,000 to $59,999",55,55.0,ok,4.02535169073515
2013,Number of breakdowns that lasted 6 hours or more:,Cost of heating,"$60,000 to $79,999",80,80.0,ok,4.394449154672439
2013,Number of breakdowns that lasted 6 hours or more:,Cost of heating,"$80,000 to $99,999",35,35.0,ok,3.58351893845611
2013,Number of breakdowns that lasted 6 hours or more:,Cost of heating,"Less than $10,000",115,115.0,ok,4.7535901911063645
2013,Number of breakdowns that lasted 6 hours or more:,Discomfort not reported,"$10,000 to $19,999",299,299.0,ok,5.703782474656201
2013,Number of breakdowns that lasted 6 hours or more:,Discomfort not reported,"$100,000 to $119,999",128,128.0,ok,4.859812404361672
2013,Number of breakdowns that lasted 6 hours or more:,Discomfort not reported,"$120,000 or more",267,267.0,ok,5.5909869805108565
2013,Number of breakdowns that lasted 6 hours or more:,Discomfort not reported,"$20,000 to $29,999",329,329.0,ok,5.799092654460526
2013,Number of breakdowns that lasted 6 hours or more:,Discomfort not reported,"$30,000 to $39,999",235,235.0,ok,5.4638318050256105
2013,Number of breakdowns that lasted 6 hours or more:,Discomfort not reported,"$40,000 to $49,999",238,238.0,ok,5.476463551931511
2013,Number of breakdowns that lasted 6 hours or more:,Discomfort not reported,"$50,000 to $59,999",170,170.0,ok,5.14166355650266
2013,Number of breakdowns that lasted 6 hours or more:,Discomfort not reported,"$60,000 to $79,999",302,302.0,ok,5.713732805509369
2013,Number of breakdowns that lasted 6 hours or more:,Discomfort not reported,"$80,000 to $99,999",183,183.0,ok,5.214935757608986
2013,Number of breakdowns that lasted 6 hours or more:,Discomfort not reported,"Less than $10,000",389,389.0,ok,5.966146739123692
2013,Number of breakdowns that lasted 6 hours or more:,Inadequate heating capacity,"$10,000 to $19,999",142,142.0,ok,4.962844630259907
2013,Number of breakdowns that lasted 6 hours or more:,Inadequate heating capacity,"$100,000 to $119,999",24,24.0,ok,3.2188758248682006
2013,Number of breakdowns that lasted 6 hours or more:,Inadequate heating capacity,"$120,000 or more",47,47.0,ok,3.8712010109078907
2013,Number of breakdowns that lasted 6 hours or more:,Inadequate heating capacity,"$20,000 to $29,999",143,143.0,ok,4.969813299576001
2013,Number of breakdowns that lasted 6 hours or more:,Inadequate heating capacity,"$30,000 to $39,999",96,96.0,ok,4.574710978503383
2013,Number of breakdowns that lasted 6 hours or more:,Inadequate heating capacity,"$40,000 to $49,999",72,72.0,ok,4.290459441148391
2013,Number of breakdowns that lasted 6 hours or more:,Inadequate heating capacity,"$50,000 to $59,999",53,53.0,ok,3.9889840465642745
2013,Number of breakdowns that lasted 6 hours or more:,Inadequate heating capacity,"$60,000 to $79,999",50,50.0,ok,3.9318256327243257
2013,Number of breakdowns that lasted 6 hours or more:,Inadequate heating capacity,"$80,000 to $99,999",55,55.0,ok,4.02535169073515
2013,Number of breakdowns that lasted 6 hours or more:,Inadequate heating capacity,"Less than $10,000",169,169.0,ok,5.135798437050262
2013,Number of breakdowns that lasted 6 hours or more:,Inadequate insulation,"$10,000 to $19,999",111,111.0,ok,4.718498871295094
2013,Number of breakdowns that lasted 6 hours or more:,Inadequate insulation,"$100,000 to $119,999",27,27.0,ok,3.332204510175204
2013,Number of breakdowns that lasted 6 hours or more:,Inadequate insulation,"$120,000 or more",22,22.0,ok,3.1354942159291497
2013,Number of breakdowns that lasted 6 hours or more:,Inadequate insulation,"$20,000 to $29,999",141,141.0,ok,4.955827057601261
2013,Number of breakdowns that lasted 6 hours or more:,Inadequate insulation,"$30,000 to $39,999",117,117.0,ok,4.770684624465665
2013,Number of breakdowns that lasted 6 hours or more:,Inadequate insulation,"$40,000 to $49,999",62,62.0,ok,4.143134726391533
2013,Number of breakdowns that lasted 6 hours or more:,Inadequate insulation,"$50,000 to $59,999",46,46.0,ok,3.8501476017100584
2013,Number of breakdowns that lasted 6 hours or more:,Inadequate insulation,"$60,000 to $79,999",68,68.0,ok,4.23410650459726
2013,Number of breakdowns that lasted 6 hours or more:,Inadequate insulation,"$80,000 to $99,999",46,46.0,ok,3.8501476017100584
2013,Number of breakdowns that lasted 6 hours or more:,Inadequate insulation,"Less than $10,000",177,177.0,ok,5.181783550292085
2013,Number of breakdowns that lasted 6 hours or more:,No breakdowns in last 3 months,"$10,000 to $19,999","2,037",2037.0,ok,7.61972421378267
2013,Number of breakdowns that lasted 6 hours or more:,No breakdowns in last 3 months,"$100,000 to $119,999","1,432",1432.0,ok,7.267525427828172
2013,Number of breakdowns that lasted 6 hours or more:,No breakdowns in last 3 months,"$120,000 or more","3,175",3175.0,ok,8.063377822367027
2013,Number of breakdowns that lasted 6 hours or more:,No breakdowns in last 3 months,"$20,000 to $29,999","2,533",2533.0,ok,7.837554360881084
2013,Number of breakdowns that lasted 6 hours or more:,No breakdowns in last 3 months,"$30,000 to $39,999","2,245",2245.0,ok,7.716906135298388
2013,Number of breakdowns that lasted 6 hours or more:,No breakdowns in last 3 months,"$40,000 to $49,999","1,875",1875.0,ok,7.53689712956617
2013,Number of breakdowns that lasted 6 hours or more:,No breakdowns in last 3 months,"$50,000 to $59,999","1,710",1710.0,ok,7.444833273892193
2013,Number of breakdowns that lasted 6 hours or more:,No breakdowns in last 3 months,"$60,000 to $79,999","2,594",2594.0,ok,7.861341795599989
2013,Number of breakdowns that lasted 6 hours or more:,No breakdowns in last 3 months,"$80,000 to $99,999","2,145",2145.0,ok,7.671360923190644
2013,Number of breakdowns that lasted 6 hours or more:,No breakdowns in last 3 months,"Less than $10,000","1,482",1482.0,ok,7.301822342137932
2013,Number of breakdowns that lasted 6 hours or more:,No breakdowns lasting 6 hours or more,"$10,000 to $19,999",2,2.0,ok,1.0986122886681096
2013,Number of breakdowns that lasted 6 hours or more:,No breakdowns lasting 6 hours or more,"$100,000 to $119,999",5,5.0,ok,1.791759469228055
2013,Number of breakdowns that lasted 6 hours or more:,No breakdowns lasting 6 hours or more,"$120,000 or more",15,15.0,ok,2.772588722239781
2013,Number of breakdowns that lasted 6 hours or more:,No breakdowns lasting 6 hours or more,"$20,000 to $29,999",10,10.0,ok,2.3978952727983707
2013,Number of breakdowns that lasted 6 hours or more:,No breakdowns lasting 6 hours or more,"$30,000 to $39,999",2,2.0,ok,1.0986122886681096
2013,Number of breakdowns that lasted 6 hours or more:,No breakdowns lasting 6 hours or more,"$40,000 to $49,999",.,,blank_or_na,
2013,Number of breakdowns that lasted 6 hours or more:,No breakdowns lasting 6 hours or more,"$50,000 to $59,999",7,7.0,ok,2.0794415416798357
2013,Number of breakdowns that lasted 6 hours or more:,No breakdowns lasting 6 hours or more,"$60,000 to $79,999",8,8.0,ok,2.1972245773362196
2013,Number of breakdowns that lasted 6 hours or more:,No breakdowns lasting 6 hours or more,"$80,000 to $99,999",2,2.0,ok,1.0986122886681096
2013,Number of breakdowns that lasted 6 hours or more:,No breakdowns lasting 6 hours or more,"Less than $10,000",.,,blank_or_na,
2013,Number of breakdowns that lasted 6 hours or more:,Not reported,"$10,000 to $19,999",2,2.0,ok,1.0986122886681096
2013,Number of breakdowns that lasted 6 hours or more:,Not reported,"$100,000 to $119,999",.,,blank_or_na,
2013,Number of breakdowns that lasted 6 hours or more:,Not reported,"$120,000 or more",.,,blank_or_na,
2013,Number of breakdowns that lasted 6 hours or more:,Not reported,"$20,000 to $29,999",3,3.0,ok,1.3862943611198906
2013,Number of breakdowns that lasted 6 hours or more:,Not reported,"$30,000 to $39,999",.,,blank_or_na,
2013,Number of breakdowns that lasted 6 hours or more:,Not reported,"$40,000 to $49,999",.,,blank_or_na,
2013,Number of breakdowns that lasted 6 hours or more:,Not reported,"$50,000 to $59,999",.,,blank_or_na,
2013,Number of breakdowns that lasted 6 hours or more:,Not reported,"$60,000 to $79,999",.,,blank_or_na,
2013,Number of breakdowns that lasted 6 hours or more:,Not reported,"$80,000 to $99,999",.,,blank_or_na,
2013,Number of breakdowns that lasted 6 hours or more:,Not reported,"Less than $10,000",Z,0.0,zero_round,0.0
2013,Number of breakdowns that lasted 6 hours or more:,Number of breakdowns not reported,"$10,000 to $19,999",Z,0.0,zero_round,0.0
2013,Number of breakdowns that lasted 6 hours or more:,Number of breakdowns not reported,"$100,000 to $119,999",.,,blank_or_na,
2013,Number of breakdowns that lasted 6 hours or more:,Number of breakdowns not reported,"$120,000 or more",1,1.0,ok,0.6931471805599453
2013,Number of breakdowns that lasted 6 hours or more:,Number of breakdowns not reported,"$20,000 to $29,999",2,2.0,ok,1.0986122886681096
2013,Number of breakdowns that lasted 6 hours or more:,Number of breakdowns not reported,"$30,000 to $39,999",3,3.0,ok,1.3862943611198906
2013,Number of breakdowns that lasted 6 hours or more:,Number of breakdowns not reported,"$40,000 to $49,999",7,7.0,ok,2.0794415416798357
2013,Number of breakdowns that lasted 6 hours or more:,Number of breakdowns not reported,"$50,000 to $59,999",5,5.0,ok,1.791759469228055
2013,Number of breakdowns that lasted 6 hours or more:,Number of breakdowns not reported,"$60,000 to $79,999",2,2.0,ok,1.0986122886681096
2013,Number of breakdowns that lasted 6 hours or more:,Number of breakdowns not reported,"$80,000 to $99,999",.,,blank_or_na,
2013,Number of breakdowns that lasted 6 hours or more:,Number of breakdowns not reported,"Less than $10,000",5,5.0,ok,1.791759469228055
2013,Number of breakdowns that lasted 6 hours or more:,Other,"$10,000 to $19,999",195,195.0,ok,5.278114659230518
2013,Number of breakdowns that lasted 6 hours or more:,Other,"$100,000 to $119,999",89,89.0,ok,4.499809670330265
2013,Number of breakdowns that lasted 6 hours or more:,Other,"$120,000 or more",208,208.0,ok,5.342334251964811
2013,Number of breakdowns that lasted 6 hours or more:,Other,"$20,000 to $29,999",204,204.0,ok,5.3230099791384085
2013,Number of breakdowns that lasted 6 hours or more:,Other,"$30,000 to $39,999",141,141.0,ok,4.955827057601261
2013,Number of breakdowns that lasted 6 hours or more:,Other,"$40,000 to $49,999",110,110.0,ok,4.709530201312334
2013,Number of breakdowns that lasted 6 hours or more:,Other,"$50,000 to $59,999",95,95.0,ok,4.564348191467836
2013,Number of breakdowns that lasted 6 hours or more:,Other,"$60,000 to $79,999",176,176.0,ok,5.176149732573829
2013,Number of breakdowns that lasted 6 hours or more:,Other,"$80,000 to $99,999",117,117.0,ok,4.770684624465665
2013,Number of breakdowns that lasted 6 hours or more:,Other,"Less than $10,000",133,133.0,ok,4.897839799950911
2013,Number of breakdowns that lasted 6 hours or more:,Other causes,"$10,000 to $19,999",656,656.0,ok,6.487684018484611
2013,Number of breakdowns that lasted 6 hours or more:,Other causes,"$100,000 to $119,999",341,341.0,ok,5.834810737062605
2013,Number of breakdowns that lasted 6 hours or more:,Other causes,"$120,000 or more",861,861.0,ok,6.759255270663693
2013,Number of breakdowns that lasted 6 hours or more:,Other causes,"$20,000 to $29,999",748,748.0,ok,6.618738983517219
2013,Number of breakdowns that lasted 6 hours or more:,Other causes,"$30,000 to $39,999",575,575.0,ok,6.3561076606958915
2013,Number of breakdowns that lasted 6 hours or more:,Other causes,"$40,000 to $49,999",454,454.0,ok,6.12029741895095
2013,Number of breakdowns that lasted 6 hours or more:,Other causes,"$50,000 to $59,999",374,374.0,ok,5.926926025970411
2013,Number of breakdowns that lasted 6 hours or more:,Other causes,"$60,000 to $79,999",566,566.0,ok,6.340359303727752
2013,Number of breakdowns that lasted 6 hours or more:,Other causes,"$80,000 to $99,999",499,499.0,ok,6.214608098422191
2013,Number of breakdowns that lasted 6 hours or more:,Other causes,"Less than $10,000",683,683.0,ok,6.52795791762255
2013,Number of breakdowns that lasted 6 hours or more:,Reason for discomfort not reported,"$10,000 to $19,999",7,7.0,ok,2.0794415416798357
2013,Number of breakdowns that lasted 6 hours or more:,Reason for discomfort not reported,"$100,000 to $119,999",9,9.0,ok,2.302585092994046
2013,Number of breakdowns that lasted 6 hours or more:,Reason for discomfort not reported,"$120,000 or more",7,7.0,ok,2.0794415416798357
2013,Number of breakdowns that lasted 6 hours or more:,Reason for discomfort not reported,"$20,000 to $29,999",2,2.0,ok,1.0986122886681096
2013,Number of breakdowns that lasted 6 hours or more:,Reason for discomfort not reported,"$30,000 to $39,999",5,5.0,ok,1.791759469228055
2013,Number of breakdowns that lasted 6 hours or more:,Reason for discomfort not reported,"$40,000 to $49,999",3,3.0,ok,1.3862943611198906
2013,Number of breakdowns that lasted 6 hours or more:,Reason for discomfort not reported,"$50,000 to $59,999",.,,blank_or_na,
2013,Number of breakdowns that lasted 6 hours or more:,Reason for discomfort not reported,"$60,000 to $79,999",1,1.0,ok,0.6931471805599453
2013,Number of breakdowns that lasted 6 hours or more:,Reason for discomfort not reported,"$80,000 to $99,999",2,2.0,ok,1.0986122886681096
2013,Number of breakdowns that lasted 6 hours or more:,Reason for discomfort not reported,"Less than $10,000",2,2.0,ok,1.0986122886681096
2013,Number of breakdowns that lasted 6 hours or more:,Utility interruption,"$10,000 to $19,999",171,171.0,ok,5.147494476813453
2013,Number of breakdowns that lasted 6 hours or more:,Utility interruption,"$100,000 to $119,999",178,178.0,ok,5.187385805840755
2013,Number of breakdowns that lasted 6 hours or more:,Utility interruption,"$120,000 or more",551,551.0,ok,6.313548046277095
2013,Number of breakdowns that lasted 6 hours or more:,Utility interruption,"$20,000 to $29,999",231,231.0,ok,5.44673737166631
2013,Number of breakdowns that lasted 6 hours or more:,Utility interruption,"$30,000 to $39,999",187,187.0,ok,5.236441962829949
2013,Number of breakdowns that lasted 6 hours or more:,Utility interruption,"$40,000 to $49,999",173,173.0,ok,5.159055299214529
2013,Number of breakdowns that lasted 6 hours or more:,Utility interruption,"$50,000 to $59,999",138,138.0,ok,4.9344739331306915
2013,Number of breakdowns that lasted 6 hours or more:,Utility interruption,"$60,000 to $79,999",223,223.0,ok,5.4116460518550396
2013,Number of breakdowns that lasted 6 hours or more:,Utility interruption,"$80,000 to $99,999",269,269.0,ok,5.598421958998375
2013,Number of breakdowns that lasted 6 hours or more:,Utility interruption,"Less than $10,000",164,164.0,ok,5.10594547390058
2013,Number of breakdowns that lasted 6 hours or more:,With breakdown(s) in last 3 months,"$10,000 to $19,999",24,24.0,ok,3.2188758248682006
2013,Number of breakdowns that lasted 6 hours or more:,With breakdown(s) in last 3 months,"$100,000 to $119,999",28,28.0,ok,3.367295829986474
2013,Number of breakdowns that lasted 6 hours or more:,With breakdown(s) in last 3 months,"$120,000 or more",43,43.0,ok,3.784189633918261
2013,Number of breakdowns that lasted 6 hours or more:,With breakdown(s) in last 3 months,"$20,000 to $29,999",61,61.0,ok,4.127134385045092
2013,Number of breakdowns that lasted 6 hours or more:,With breakdown(s) in last 3 months,"$30,000 to $39,999",22,22.0,ok,3.1354942159291497
2013,Number of breakdowns that lasted 6 hours or more:,With breakdown(s) in last 3 months,"$40,000 to $49,999",17,17.0,ok,2.8903717578961645
2013,Number of breakdowns that lasted 6 hours or more:,With breakdown(s) in last 3 months,"$50,000 to $59,999",22,22.0,ok,3.1354942159291497
2013,Number of breakdowns that lasted 6 hours or more:,With breakdown(s) in last 3 months,"$60,000 to $79,999",24,24.0,ok,3.2188758248682006
2013,Number of breakdowns that lasted 6 hours or more:,With breakdown(s) in last 3 months,"$80,000 to $99,999",22,22.0,ok,3.1354942159291497
2013,Number of breakdowns that lasted 6 hours or more:,With breakdown(s) in last 3 months,"Less than $10,000",7,7.0,ok,2.0794415416798357
2013,Number of breakdowns that lasted 6 hours or more:,With septic tank or cesspool,"$10,000 to $19,999","2,061",2061.0,ok,7.631431664576906
2013,Number of breakdowns that lasted 6 hours or more:,With septic tank or cesspool,"$100,000 to $119,999","1,460",1460.0,ok,7.2868764117507
2013,Number of breakdowns that lasted 6 hours or more:,With septic tank or cesspool,"$120,000 or more","3,219",3219.0,ok,8.077136638538454
2013,Number of breakdowns that lasted 6 hours or more:,With septic tank or cesspool,"$20,000 to $29,999","2,594",2594.0,ok,7.861341795599989
2013,Number of breakdowns that lasted 6 hours or more:,With septic tank or cesspool,"$30,000 to $39,999","2,267",2267.0,ok,7.7266536648476425
2013,Number of breakdowns that lasted 6 hours or more:,With septic tank or cesspool,"$40,000 to $49,999","1,892",1892.0,ok,7.545918151209323
2013,Number of breakdowns that lasted 6 hours or more:,With septic tank or cesspool,"$50,000 to $59,999","1,732",1732.0,ok,7.457609289715606
2013,Number of breakdowns that lasted 6 hours or more:,With septic tank or cesspool,"$60,000 to $79,999","2,618",2618.0,ok,7.870547844507712
2013,Number of breakdowns that lasted 6 hours or more:,With septic tank or cesspool,"$80,000 to $99,999","2,167",2167.0,ok,7.681560362559537
2013,Number of breakdowns that lasted 6 hours or more:,With septic tank or cesspool,"Less than $10,000","1,489",1489.0,ok,7.306531398939505
2013,Number of stoppages that lasted 6 hours or more:,1,"$10,000 to $19,999",169,169.0,ok,5.135798437050262
2013,Number of stoppages that lasted 6 hours or more:,1,"$100,000 to $119,999",39,39.0,ok,3.6888794541139363
2013,Number of stoppages that lasted 6 hours or more:,1,"$120,000 or more",159,159.0,ok,5.075173815233827
2013,Number of stoppages that lasted 6 hours or more:,1,"$20,000 to $29,999",152,152.0,ok,5.030437921392435
2013,Number of stoppages that lasted 6 hours or more:,1,"$30,000 to $39,999",150,150.0,ok,5.017279836814924
2013,Number of stoppages that lasted 6 hours or more:,1,"$40,000 to $49,999",135,135.0,ok,4.912654885736052
2013,Number of stoppages that lasted 6 hours or more:,1,"$50,000 to $59,999",130,130.0,ok,4.875197323201151
2013,Number of stoppages that lasted 6 hours or more:,1,"$60,000 to $79,999",176,176.0,ok,5.176149732573829
2013,Number of stoppages that lasted 6 hours or more:,1,"$80,000 to $99,999",127,127.0,ok,4.852030263919617
2013,Number of stoppages that lasted 6 hours or more:,1,"Less than $10,000",130,130.0,ok,4.875197323201151
2013,Number of stoppages that lasted 6 hours or more:,2,"$10,000 to $19,999",60,60.0,ok,4.110873864173311
2013,Number of stoppages that lasted 6 hours or more:,2,"$100,000 to $119,999",32,32.0,ok,3.4965075614664802
2013,Number of stoppages that lasted 6 hours or more:,2,"$120,000 or more",24,24.0,ok,3.2188758248682006
2013,Number of stoppages that lasted 6 hours or more:,2,"$20,000 to $29,999",67,67.0,ok,4.219507705176107
2013,Number of stoppages that lasted 6 hours or more:,2,"$30,000 to $39,999",51,51.0,ok,3.9512437185814275
2013,Number of stoppages that lasted 6 hours or more:,2,"$40,000 to $49,999",51,51.0,ok,3.9512437185814275
2013,Number of stoppages that lasted 6 hours or more:,2,"$50,000 to $59,999",31,31.0,ok,3.4657359027997265
2013,Number of stoppages that lasted 6 hours or more:,2,"$60,000 to $79,999",42,42.0,ok,3.7612001156935624
2013,Number of stoppages that lasted 6 hours or more:,2,"$80,000 to $99,999",35,35.0,ok,3.58351893845611
2013,Number of stoppages that lasted 6 hours or more:,2,"Less than $10,000",40,40.0,ok,3.713572066704308
2013,Number of stoppages that lasted 6 hours or more:,3,"$10,000 to $19,999",31,31.0,ok,3.4657359027997265
2013,Number of stoppages that lasted 6 hours or more:,3,"$100,000 to $119,999",10,10.0,ok,2.3978952727983707
2013,Number of stoppages that lasted 6 hours or more:,3,"$120,000 or more",19,19.0,ok,2.995732273553991
2013,Number of stoppages that lasted 6 hours or more:,3,"$20,000 to $29,999",21,21.0,ok,3.091042453358316
2013,Number of stoppages that lasted 6 hours or more:,3,"$30,000 to $39,999",11,11.0,ok,2.4849066497880004
2013,Number of stoppages that lasted 6 hours or more:,3,"$40,000 to $49,999",12,12.0,ok,2.5649493574615367
2013,Number of stoppages that lasted 6 hours or more:,3,"$50,000 to $59,999",9,9.0,ok,2.302585092994046
2013,Number of stoppages that lasted 6 hours or more:,3,"$60,000 to $79,999",19,19.0,ok,2.995732273553991
2013,Number of stoppages that lasted 6 hours or more:,3,"$80,000 to $99,999",21,21.0,ok,3.091042453358316
2013,Number of stoppages that lasted 6 hours or more:,3,"Less than $10,000",23,23.0,ok,3.1780538303479458
2013,Number of stoppages that lasted 6 hours or more:,4 or more,"$10,000 to $19,999",39,39.0,ok,3.6888794541139363
2013,Number of stoppages that lasted 6 hours or more:,4 or more,"$100,000 to $119,999",3,3.0,ok,1.3862943611198906
2013,Number of stoppages that lasted 6 hours or more:,4 or more,"$120,000 or more",18,18.0,ok,2.9444389791664403
2013,Number of stoppages that lasted 6 hours or more:,4 or more,"$20,000 to $29,999",49,49.0,ok,3.912023005428146
2013,Number of stoppages that lasted 6 hours or more:,4 or more,"$30,000 to $39,999",23,23.0,ok,3.1780538303479458
2013,Number of stoppages that lasted 6 hours or more:,4 or more,"$40,000 to $49,999",18,18.0,ok,2.9444389791664403
2013,Number of stoppages that lasted 6 hours or more:,4 or more,"$50,000 to $59,999",14,14.0,ok,2.70805020110221
2013,Number of stoppages that lasted 6 hours or more:,4 or more,"$60,000 to $79,999",22,22.0,ok,3.1354942159291497
2013,Number of stoppages that lasted 6 hours or more:,4 or more,"$80,000 to $99,999",5,5.0,ok,1.791759469228055
2013,Number of stoppages that lasted 6 hours or more:,4 or more,"Less than $10,000",32,32.0,ok,3.4965075614664802
2013,Number of stoppages that lasted 6 hours or more:,Number of stoppages not reported,"$10,000 to $19,999",4,4.0,ok,1.6094379124341003
2013,Number of stoppages that lasted 6 hours or more:,Number of stoppages not reported,"$100,000 to $119,999",4,4.0,ok,1.6094379124341003
2013,Number of stoppages that lasted 6 hours or more:,Number of stoppages not reported,"$120,000 or more",2,2.0,ok,1.0986122886681096
2013,Number of stoppages that lasted 6 hours or more:,Number of stoppages not reported,"$20,000 to $29,999",1,1.0,ok,0.6931471805599453
2013,Number of stoppages that lasted 6 hours or more:,Number of stoppages not reported,"$30,000 to $39,999",3,3.0,ok,1.3862943611198906
2013,Number of stoppages that lasted 6 hours or more:,Number of stoppages not reported,"$40,000 to $49,999",3,3.0,ok,1.3862943611198906
2013,Number of stoppages that lasted 6 hours or more:,Number of stoppages not reported,"$50,000 to $59,999",.,,blank_or_na,
2013,Number of stoppages that lasted 6 hours or more:,Number of stoppages not reported,"$60,000 to $79,999",3,3.0,ok,1.3862943611198906
2013,Number of stoppages that lasted 6 hours or more:,Number of stoppages not reported,"$80,000 to $99,999",1,1.0,ok,0.6931471805599453
2013,Number of stoppages that lasted 6 hours or more:,Number of stoppages not reported,"Less than $10,000",3,3.0,ok,1.3862943611198906
2013,Number of stoppages that lasted 6 hours or more:,Stoppage not reported,"$10,000 to $19,999",119,119.0,ok,4.787491742782046
2013,Number of stoppages that lasted 6 hours or more:,Stoppage not reported,"$100,000 to $119,999",73,73.0,ok,4.304065093204169
2013,Number of stoppages that lasted 6 hours or more:,Stoppage not reported,"$120,000 or more",127,127.0,ok,4.852030263919617
2013,Number of stoppages that lasted 6 hours or more:,Stoppage not reported,"$20,000 to $29,999",162,162.0,ok,5.093750200806762
2013,Number of stoppages that lasted 6 hours or more:,Stoppage not reported,"$30,000 to $39,999",118,118.0,ok,4.77912349311153
2013,Number of stoppages that lasted 6 hours or more:,Stoppage not reported,"$40,000 to $49,999",147,147.0,ok,4.997212273764115
2013,Number of stoppages that lasted 6 hours or more:,Stoppage not reported,"$50,000 to $59,999",62,62.0,ok,4.143134726391533
2013,Number of stoppages that lasted 6 hours or more:,Stoppage not reported,"$60,000 to $79,999",142,142.0,ok,4.962844630259907
2013,Number of stoppages that lasted 6 hours or more:,Stoppage not reported,"$80,000 to $99,999",101,101.0,ok,4.624972813284271
2013,Number of stoppages that lasted 6 hours or more:,Stoppage not reported,"Less than $10,000",214,214.0,ok,5.3706380281276624
2013,Selected Deficiencies,Broken plaster or peeling paint (interior),"$10,000 to $19,999",300,300.0,ok,5.707110264748875
2013,Selected Deficiencies,Broken plaster or peeling paint (interior),"$100,000 to $119,999",79,79.0,ok,4.382026634673881
2013,Selected Deficiencies,Broken plaster or peeling paint (interior),"$120,000 or more",130,130.0,ok,4.875197323201151
2013,Selected Deficiencies,Broken plaster or peeling paint (interior),"$20,000 to $29,999",270,270.0,ok,5.602118820879701
2013,Selected Deficiencies,Broken plaster or peeling paint (interior),"$30,000 to $39,999",191,191.0,ok,5.2574953720277815
2013,Selected Deficiencies,Broken plaster or peeling paint (interior),"$40,000 to $49,999",162,162.0,ok,5.093750200806762
2013,Selected Deficiencies,Broken plaster or peeling paint (interior),"$50,000 to $59,999",113,113.0,ok,4.736198448394496
2013,Selected Deficiencies,Broken plaster or peeling paint (interior),"$60,000 to $79,999",169,169.0,ok,5.135798437050262
2013,Selected Deficiencies,Broken plaster or peeling paint (interior),"$80,000 to $99,999",76,76.0,ok,4.343805421853684
2013,Selected Deficiencies,Broken plaster or peeling paint (interior),"Less than $10,000",344,344.0,ok,5.84354441703136
2013,Selected Deficiencies,Exposed wiring,"$10,000 to $19,999",234,234.0,ok,5.459585514144159
2013,Selected Deficiencies,Exposed wiring,"$100,000 to $119,999",93,93.0,ok,4.543294782270004
2013,Selected Deficiencies,Exposed wiring,"$120,000 or more",222,222.0,ok,5.407171771460119
2013,Selected Deficiencies,Exposed wiring,"$20,000 to $29,999",218,218.0,ok,5.389071729816501
2013,Selected Deficiencies,Exposed wiring,"$30,000 to $39,999",203,203.0,ok,5.318119993844216
2013,Selected Deficiencies,Exposed wiring,"$40,000 to $49,999",171,171.0,ok,5.147494476813453
2013,Selected Deficiencies,Exposed wiring,"$50,000 to $59,999",103,103.0,ok,4.6443908991413725
2013,Selected Deficiencies,Exposed wiring,"$60,000 to $79,999",220,220.0,ok,5.3981627015177525
2013,Selected Deficiencies,Exposed wiring,"$80,000 to $99,999",137,137.0,ok,4.927253685157205
2013,Selected Deficiencies,Exposed wiring,"Less than $10,000",291,291.0,ok,5.676753802268282
2013,Selected Deficiencies,Holes in floors,"$10,000 to $19,999",177,177.0,ok,5.181783550292085
2013,Selected Deficiencies,Holes in floors,"$100,000 to $119,999",23,23.0,ok,3.1780538303479458
2013,Selected Deficiencies,Holes in floors,"$120,000 or more",64,64.0,ok,4.174387269895637
2013,Selected Deficiencies,Holes in floors,"$20,000 to $29,999",178,178.0,ok,5.187385805840755
2013,Selected Deficiencies,Holes in floors,"$30,000 to $39,999",122,122.0,ok,4.812184355372417
2013,Selected Deficiencies,Holes in floors,"$40,000 to $49,999",94,94.0,ok,4.553876891600541
2013,Selected Deficiencies,Holes in floors,"$50,000 to $59,999",58,58.0,ok,4.07753744390572
2013,Selected Deficiencies,Holes in floors,"$60,000 to $79,999",78,78.0,ok,4.3694478524670215
2013,Selected Deficiencies,Holes in floors,"$80,000 to $99,999",48,48.0,ok,3.8918202981106265
2013,Selected Deficiencies,Holes in floors,"Less than $10,000",222,222.0,ok,5.407171771460119
2013,Selected Deficiencies,No electrical wiring,"$10,000 to $19,999",24,24.0,ok,3.2188758248682006
2013,Selected Deficiencies,No electrical wiring,"$100,000 to $119,999",3,3.0,ok,1.3862943611198906
2013,Selected Deficiencies,No electrical wiring,"$120,000 or more",17,17.0,ok,2.8903717578961645
2013,Selected Deficiencies,No electrical wiring,"$20,000 to $29,999",33,33.0,ok,3.5263605246161616
2013,Selected Deficiencies,No electrical wiring,"$30,000 to $39,999",9,9.0,ok,2.302585092994046
2013,Selected Deficiencies,No electrical wiring,"$40,000 to $49,999",11,11.0,ok,2.4849066497880004
2013,Selected Deficiencies,No electrical wiring,"$50,000 to $59,999",13,13.0,ok,2.639057329615259
2013,Selected Deficiencies,No electrical wiring,"$60,000 to $79,999",29,29.0,ok,3.4011973816621555
2013,Selected Deficiencies,No electrical wiring,"$80,000 to $99,999",10,10.0,ok,2.3978952727983707
2013,Selected Deficiencies,No electrical wiring,"Less than $10,000",41,41.0,ok,3.7376696182833684
2013,Selected Deficiencies,Open cracks or holes (interior),"$10,000 to $19,999",774,774.0,ok,6.652863029353347
2013,Selected Deficiencies,Open cracks or holes (interior),"$100,000 to $119,999",230,230.0,ok,5.442417710521793
2013,Selected Deficiencies,Open cracks or holes (interior),"$120,000 or more",405,405.0,ok,6.0063531596017325
2013,Selected Deficiencies,Open cracks or holes (interior),"$20,000 to $29,999",695,695.0,ok,6.54534966033442
2013,Selected Deficiencies,Open cracks or holes (interior),"$30,000 to $39,999",511,511.0,ok,6.238324625039508
2013,Selected Deficiencies,Open cracks or holes (interior),"$40,000 to $49,999",523,523.0,ok,6.261491684321042
2013,Selected Deficiencies,Open cracks or holes (interior),"$50,000 to $59,999",350,350.0,ok,5.860786223465865
2013,Selected Deficiencies,Open cracks or holes (interior),"$60,000 to $79,999",542,542.0,ok,6.297109319933935
2013,Selected Deficiencies,Open cracks or holes (interior),"$80,000 to $99,999",330,330.0,ok,5.802118375377063
2013,Selected Deficiencies,Open cracks or holes (interior),"Less than $10,000",733,733.0,ok,6.598509028614515
2013,Selected Deficiencies,Rooms without electric outlets,"$10,000 to $19,999",223,223.0,ok,5.4116460518550396
2013,Selected Deficiencies,Rooms without electric outlets,"$100,000 to $119,999",85,85.0,ok,4.454347296253507
2013,Selected Deficiencies,Rooms without electric outlets,"$120,000 or more",158,158.0,ok,5.0689042022202315
2013,Selected Deficiencies,Rooms without electric outlets,"$20,000 to $29,999",178,178.0,ok,5.187385805840755
2013,Selected Deficiencies,Rooms without electric outlets,"$30,000 to $39,999",145,145.0,ok,4.983606621708336
2013,Selected Deficiencies,Rooms without electric outlets,"$40,000 to $49,999",128,128.0,ok,4.859812404361672
2013,Selected Deficiencies,Rooms without electric outlets,"$50,000 to $59,999",114,114.0,ok,4.74493212836325
2013,Selected Deficiencies,Rooms without electric outlets,"$60,000 to $79,999",174,174.0,ok,5.1647859739235145
2013,Selected Deficiencies,Rooms without electric outlets,"$80,000 to $99,999",163,163.0,ok,5.099866427824199
2013,Selected Deficiencies,Rooms without electric outlets,"Less than $10,000",252,252.0,ok,5.53338948872752
2013,Selected Deficiencies,Signs of cockroaches in last 12 months,"$10,000 to $19,999","1,714",1714.0,ok,7.44716835960004
2013,Selected Deficiencies,Signs of cockroaches in last 12 months,"$100,000 to $119,999",512,512.0,ok,6.240275845170769
2013,Selected Deficiencies,Signs of cockroaches in last 12 months,"$120,000 or more","1,228",1228.0,ok,7.113956109566034
2013,Selected Deficiencies,Signs of cockroaches in last 12 months,"$20,000 to $29,999","1,647",1647.0,ok,7.4073177104694174
2013,Selected Deficiencies,Signs of cockroaches in last 12 months,"$30,000 to $39,999","1,253",1253.0,ok,7.134093721192866
2013,Selected Deficiencies,Signs of cockroaches in last 12 months,"$40,000 to $49,999","1,079",1079.0,ok,6.984716320118265
2013,Selected Deficiencies,Signs of cockroaches in last 12 months,"$50,000 to $59,999",776,776.0,ok,6.655440350367647
2013,Selected Deficiencies,Signs of cockroaches in last 12 months,"$60,000 to $79,999","1,260",1260.0,ok,7.139660335964919
2013,Selected Deficiencies,Signs of cockroaches in last 12 months,"$80,000 to $99,999",765,765.0,ok,6.641182169740591
2013,Selected Deficiencies,Signs of cockroaches in last 12 months,"Less than $10,000","1,655",1655.0,ok,7.412160334945205
2013,Selected Deficiencies,Signs of mice in last 12 months,"$10,000 to $19,999","1,177",1177.0,ok,7.071573364211532
2013,Selected Deficiencies,Signs of mice in last 12 months,"$100,000 to $119,999",632,632.0,ok,6.450470422144176
2013,Selected Deficiencies,Signs of mice in last 12 months,"$120,000 or more","1,475",1475.0,ok,7.297091005160418
2013,Selected Deficiencies,Signs of mice in last 12 months,"$20,000 to $29,999","1,289",1289.0,ok,7.162397497355718
2013,Selected Deficiencies,Signs of mice in last 12 months,"$30,000 to $39,999","1,062",1062.0,ok,6.968850378341948
2013,Selected Deficiencies,Signs of mice in last 12 months,"$40,000 to $49,999",852,852.0,ok,6.748759547491679
2013,Selected Deficiencies,Signs of mice in last 12 months,"$50,000 to $59,999",848,848.0,ok,6.744059186311348
2013,Selected Deficiencies,Signs of mice in last 12 months,"$60,000 to $79,999","1,215",1215.0,ok,7.103322062526113
2013,Selected Deficiencies,Signs of mice in last 12 months,"$80,000 to $99,999",939,939.0,ok,6.84587987526405
2013,Selected Deficiencies,Signs of mice in last 12 months,"Less than $10,000","1,108",1108.0,ok,7.011213987350367
2013,Selected Deficiencies,Signs of rats in last 12 months,"$10,000 to $19,999",143,143.0,ok,4.969813299576001
2013,Selected Deficiencies,Signs of rats in last 12 months,"$100,000 to $119,999",63,63.0,ok,4.1588830833596715
2013,Selected Deficiencies,Signs of rats in last 12 months,"$120,000 or more",130,130.0,ok,4.875197323201151
2013,Selected Deficiencies,Signs of rats in last 12 months,"$20,000 to $29,999",121,121.0,ok,4.804021044733257
2013,Selected Deficiencies,Signs of rats in last 12 months,"$30,000 to $39,999",85,85.0,ok,4.454347296253507
2013,Selected Deficiencies,Signs of rats in last 12 months,"$40,000 to $49,999",96,96.0,ok,4.574710978503383
2013,Selected Deficiencies,Signs of rats in last 12 months,"$50,000 to $59,999",60,60.0,ok,4.110873864173311
2013,Selected Deficiencies,Signs of rats in last 12 months,"$60,000 to $79,999",129,129.0,ok,4.867534450455582
2013,Selected Deficiencies,Signs of rats in last 12 months,"$80,000 to $99,999",72,72.0,ok,4.290459441148391
2013,Selected Deficiencies,Signs of rats in last 12 months,"Less than $10,000",135,135.0,ok,4.912654885736052
2013,Selected Deficiencies,"Signs of rodents, not sure which kind in last 12 months","$10,000 to $19,999",86,86.0,ok,4.465908118654584
2013,Selected Deficiencies,"Signs of rodents, not sure which kind in last 12 months","$100,000 to $119,999",18,18.0,ok,2.9444389791664403
2013,Selected Deficiencies,"Signs of rodents, not sure which kind in last 12 months","$120,000 or more",69,69.0,ok,4.248495242049359
2013,Selected Deficiencies,"Signs of rodents, not sure which kind in last 12 months","$20,000 to $29,999",111,111.0,ok,4.718498871295094
2013,Selected Deficiencies,"Signs of rodents, not sure which kind in last 12 months","$30,000 to $39,999",69,69.0,ok,4.248495242049359
2013,Selected Deficiencies,"Signs of rodents, not sure which kind in last 12 months","$40,000 to $49,999",41,41.0,ok,3.7376696182833684
2013,Selected Deficiencies,"Signs of rodents, not sure which kind in last 12 months","$50,000 to $59,999",36,36.0,ok,3.6109179126442243
2013,Selected Deficiencies,"Signs of rodents, not sure which kind in last 12 months","$60,000 to $79,999",71,71.0,ok,4.276666119016055
2013,Selected Deficiencies,"Signs of rodents, not sure which kind in last 12 months","$80,000 to $99,999",74,74.0,ok,4.31748811353631
2013,Selected Deficiencies,"Signs of rodents, not sure which kind in last 12 months","Less than $10,000",125,125.0,ok,4.836281906951478
2013,Selected Physical Problems,Electric,"$10,000 to $19,999",11,11.0,ok,2.4849066497880004
2013,Selected Physical Problems,Electric,"$100,000 to $119,999",.,,blank_or_na,
2013,Selected Physical Problems,Electric,"$120,000 or more",6,6.0,ok,1.9459101490553132
2013,Selected Physical Problems,Electric,"$20,000 to $29,999",18,18.0,ok,2.9444389791664403
2013,Selected Physical Problems,Electric,"$30,000 to $39,999",9,9.0,ok,2.302585092994046
2013,Selected Physical Problems,Electric,"$40,000 to $49,999",4,4.0,ok,1.6094379124341003
2013,Selected Physical Problems,Electric,"$50,000 to $59,999",7,7.0,ok,2.0794415416798357
2013,Selected Physical Problems,Electric,"$60,000 to $79,999",15,15.0,ok,2.772588722239781
2013,Selected Physical Problems,Electric,"$80,000 to $99,999",6,6.0,ok,1.9459101490553132
2013,Selected Physical Problems,Electric,"Less than $10,000",17,17.0,ok,2.8903717578961645
2013,Selected Physical Problems,Heating,"$10,000 to $19,999",79,79.0,ok,4.382026634673881
2013,Selected Physical Problems,Heating,"$100,000 to $119,999",23,23.0,ok,3.1780538303479458
2013,Selected Physical Problems,Heating,"$120,000 or more",33,33.0,ok,3.5263605246161616
2013,Selected Physical Problems,Heating,"$20,000 to $29,999",108,108.0,ok,4.6913478822291435
2013,Selected Physical Problems,Heating,"$30,000 to $39,999",67,67.0,ok,4.219507705176107
2013,Selected Physical Problems,Heating,"$40,000 to $49,999",43,43.0,ok,3.784189633918261
2013,Selected Physical Problems,Heating,"$50,000 to $59,999",37,37.0,ok,3.6375861597263857
2013,Selected Physical Problems,Heating,"$60,000 to $79,999",49,49.0,ok,3.912023005428146
2013,Selected Physical Problems,Heating,"$80,000 to $99,999",30,30.0,ok,3.4339872044851463
2013,Selected Physical Problems,Heating,"Less than $10,000",102,102.0,ok,4.634728988229636
2013,Selected Physical Problems,Kitchen,"$10,000 to $19,999",278,278.0,ok,5.631211781821365
2013,Selected Physical Problems,Kitchen,"$100,000 to $119,999",57,57.0,ok,4.060443010546419
2013,Selected Physical Problems,Kitchen,"$120,000 or more",129,129.0,ok,4.867534450455582
2013,Selected Physical Problems,Kitchen,"$20,000 to $29,999",278,278.0,ok,5.631211781821365
2013,Selected Physical Problems,Kitchen,"$30,000 to $39,999",205,205.0,ok,5.327876168789581
2013,Selected Physical Problems,Kitchen,"$40,000 to $49,999",158,158.0,ok,5.0689042022202315
2013,Selected Physical Problems,Kitchen,"$50,000 to $59,999",119,119.0,ok,4.787491742782046
2013,Selected Physical Problems,Kitchen,"$60,000 to $79,999",178,178.0,ok,5.187385805840755
2013,Selected Physical Problems,Kitchen,"$80,000 to $99,999",110,110.0,ok,4.709530201312334
2013,Selected Physical Problems,Kitchen,"Less than $10,000",355,355.0,ok,5.87493073085203
2013,Selected Physical Problems,Moderate physical problems,"$10,000 to $19,999",717,717.0,ok,6.576469569048224
2013,Selected Physical Problems,Moderate physical problems,"$100,000 to $119,999",104,104.0,ok,4.653960350157523
2013,Selected Physical Problems,Moderate physical problems,"$120,000 or more",224,224.0,ok,5.41610040220442
2013,Selected Physical Problems,Moderate physical problems,"$20,000 to $29,999",630,630.0,ok,6.447305862541213
2013,Selected Physical Problems,Moderate physical problems,"$30,000 to $39,999",434,434.0,ok,6.075346031088684
2013,Selected Physical Problems,Moderate physical problems,"$40,000 to $49,999",353,353.0,ok,5.869296913133774
2013,Selected Physical Problems,Moderate physical problems,"$50,000 to $59,999",225,225.0,ok,5.420534999272286
2013,Selected Physical Problems,Moderate physical problems,"$60,000 to $79,999",322,322.0,ok,5.777652323222656
2013,Selected Physical Problems,Moderate physical problems,"$80,000 to $99,999",186,186.0,ok,5.231108616854587
2013,Selected Physical Problems,Moderate physical problems,"Less than $10,000",751,751.0,ok,6.62273632394984
2013,Selected Physical Problems,Plumbing,"$10,000 to $19,999",195,195.0,ok,5.278114659230518
2013,Selected Physical Problems,Plumbing,"$100,000 to $119,999",29,29.0,ok,3.4011973816621555
2013,Selected Physical Problems,Plumbing,"$120,000 or more",78,78.0,ok,4.3694478524670215
2013,Selected Physical Problems,Plumbing,"$20,000 to $29,999",174,174.0,ok,5.1647859739235145
2013,Selected Physical Problems,Plumbing,"$30,000 to $39,999",122,122.0,ok,4.812184355372417
2013,Selected Physical Problems,Plumbing,"$40,000 to $49,999",103,103.0,ok,4.6443908991413725
2013,Selected Physical Problems,Plumbing,"$50,000 to $59,999",90,90.0,ok,4.51085950651685
2013,Selected Physical Problems,Plumbing,"$60,000 to $79,999",117,117.0,ok,4.770684624465665
2013,Selected Physical Problems,Plumbing,"$80,000 to $99,999",71,71.0,ok,4.276666119016055
2013,Selected Physical Problems,Plumbing,"Less than $10,000",274,274.0,ok,5.616771097666572
2013,Selected Physical Problems,Severe physical problems,"$10,000 to $19,999",293,293.0,ok,5.683579767338681
2013,Selected Physical Problems,Severe physical problems,"$100,000 to $119,999",55,55.0,ok,4.02535169073515
2013,Selected Physical Problems,Severe physical problems,"$120,000 or more",122,122.0,ok,4.812184355372417
2013,Selected Physical Problems,Severe physical problems,"$20,000 to $29,999",294,294.0,ok,5.68697535633982
2013,Selected Physical Problems,Severe physical problems,"$30,000 to $39,999",200,200.0,ok,5.303304908059076
2013,Selected Physical Problems,Severe physical problems,"$40,000 to $49,999",150,150.0,ok,5.017279836814924
2013,Selected Physical Problems,Severe physical problems,"$50,000 to $59,999",131,131.0,ok,4.882801922586371
2013,Selected Physical Problems,Severe physical problems,"$60,000 to $79,999",184,184.0,ok,5.220355825078325
2013,Selected Physical Problems,Severe physical problems,"$80,000 to $99,999",107,107.0,ok,4.68213122712422
2013,Selected Physical Problems,Severe physical problems,"Less than $10,000",404,404.0,ok,6.003887067106539
2013,Selected Physical Problems,Upkeep,"$10,000 to $19,999",11,11.0,ok,2.4849066497880004
2013,Selected Physical Problems,Upkeep,"$100,000 to $119,999",3,3.0,ok,1.3862943611198906
2013,Selected Physical Problems,Upkeep,"$120,000 or more",6,6.0,ok,1.9459101490553132
2013,Selected Physical Problems,Upkeep,"$20,000 to $29,999",10,10.0,ok,2.3978952727983707
2013,Selected Physical Problems,Upkeep,"$30,000 to $39,999",6,6.0,ok,1.9459101490553132
2013,Selected Physical Problems,Upkeep,"$40,000 to $49,999",4,4.0,ok,1.6094379124341003
2013,Selected Physical Problems,Upkeep,"$50,000 to $59,999",4,4.0,ok,1.6094379124341003
2013,Selected Physical Problems,Upkeep,"$60,000 to $79,999",3,3.0,ok,1.3862943611198906
2013,Selected Physical Problems,Upkeep,"$80,000 to $99,999",.,,blank_or_na,
2013,Selected Physical Problems,Upkeep,"Less than $10,000",21,21.0,ok,3.091042453358316
2013,Sewage Disposal Breakdowns,No breakdowns in last 3 months,"$10,000 to $19,999","10,049",10049.0,ok,9.215327913487222
2013,Sewage Disposal Breakdowns,No breakdowns in last 3 months,"$100,000 to $119,999","5,638",5638.0,ok,8.637462023807181
2013,Sewage Disposal Breakdowns,No breakdowns in last 3 months,"$120,000 or more","13,188",13188.0,ok,9.487138427825885
2013,Sewage Disposal Breakdowns,No breakdowns in last 3 months,"$20,000 to $29,999","11,181",11181.0,ok,9.32206062158659
2013,Sewage Disposal Breakdowns,No breakdowns in last 3 months,"$30,000 to $39,999","9,083",9083.0,ok,9.114269903225448
2013,Sewage Disposal Breakdowns,No breakdowns in last 3 months,"$40,000 to $49,999","8,196",8196.0,ok,9.011523512653032
2013,Sewage Disposal Breakdowns,No breakdowns in last 3 months,"$50,000 to $59,999","6,759",6759.0,ok,8.81877816903701
2013,Sewage Disposal Breakdowns,No breakdowns in last 3 months,"$60,000 to $79,999","11,520",11520.0,ok,9.351926736038054
2013,Sewage Disposal Breakdowns,No breakdowns in last 3 months,"$80,000 to $99,999","7,753",7753.0,ok,8.955964118230874
2013,Sewage Disposal Breakdowns,No breakdowns in last 3 months,"Less than $10,000","9,768",9768.0,ok,9.186969385652942
2013,Sewage Disposal Breakdowns,No breakdowns lasting 6 hours or more,"$10,000 to $19,999",36,36.0,ok,3.6109179126442243
2013,Sewage Disposal Breakdowns,No breakdowns lasting 6 hours or more,"$100,000 to $119,999",5,5.0,ok,1.791759469228055
2013,Sewage Disposal Breakdowns,No breakdowns lasting 6 hours or more,"$120,000 or more",19,19.0,ok,2.995732273553991
2013,Sewage Disposal Breakdowns,No breakdowns lasting 6 hours or more,"$20,000 to $29,999",27,27.0,ok,3.332204510175204
2013,Sewage Disposal Breakdowns,No breakdowns lasting 6 hours or more,"$30,000 to $39,999",27,27.0,ok,3.332204510175204
2013,Sewage Disposal Breakdowns,No breakdowns lasting 6 hours or more,"$40,000 to $49,999",23,23.0,ok,3.1780538303479458
2013,Sewage Disposal Breakdowns,No breakdowns lasting 6 hours or more,"$50,000 to $59,999",25,25.0,ok,3.258096538021482
2013,Sewage Disposal Breakdowns,No breakdowns lasting 6 hours or more,"$60,000 to $79,999",22,22.0,ok,3.1354942159291497
2013,Sewage Disposal Breakdowns,No breakdowns lasting 6 hours or more,"$80,000 to $99,999",23,23.0,ok,3.1780538303479458
2013,Sewage Disposal Breakdowns,No breakdowns lasting 6 hours or more,"Less than $10,000",24,24.0,ok,3.2188758248682006
2013,Sewage Disposal Breakdowns,With breakdown(s) in last 3 months,"$10,000 to $19,999",161,161.0,ok,5.087596335232384
2013,Sewage Disposal Breakdowns,With breakdown(s) in last 3 months,"$100,000 to $119,999",55,55.0,ok,4.02535169073515
2013,Sewage Disposal Breakdowns,With breakdown(s) in last 3 months,"$120,000 or more",87,87.0,ok,4.477336814478207
2013,Sewage Disposal Breakdowns,With breakdown(s) in last 3 months,"$20,000 to $29,999",185,185.0,ok,5.225746673713202
2013,Sewage Disposal Breakdowns,With breakdown(s) in last 3 months,"$30,000 to $39,999",123,123.0,ok,4.820281565605037
2013,Sewage Disposal Breakdowns,With breakdown(s) in last 3 months,"$40,000 to $49,999",124,124.0,ok,4.8283137373023015
2013,Sewage Disposal Breakdowns,With breakdown(s) in last 3 months,"$50,000 to $59,999",84,84.0,ok,4.442651256490317
2013,Sewage Disposal Breakdowns,With breakdown(s) in last 3 months,"$60,000 to $79,999",138,138.0,ok,4.9344739331306915
2013,Sewage Disposal Breakdowns,With breakdown(s) in last 3 months,"$80,000 to $99,999",88,88.0,ok,4.48863636973214
2013,Sewage Disposal Breakdowns,With breakdown(s) in last 3 months,"Less than $10,000",142,142.0,ok,4.962844630259907
2013,Sewage Disposal Breakdowns,With public sewer,"$10,000 to $19,999","10,210",10210.0,ok,9.231220849555537
2013,Sewage Disposal Breakdowns,With public sewer,"$100,000 to $119,999","5,693",5693.0,ok,8.647168267837984
2013,Sewage Disposal Breakdowns,With public sewer,"$120,000 or more","13,275",13275.0,ok,9.493713172839865
2013,Sewage Disposal Breakdowns,With public sewer,"$20,000 to $29,999","11,367",11367.0,ok,9.338557669776936
2013,Sewage Disposal Breakdowns,With public sewer,"$30,000 to $39,999","9,206",9206.0,ok,9.127719343287845
2013,Sewage Disposal Breakdowns,With public sewer,"$40,000 to $49,999","8,320",8320.0,ok,9.02653771890043
2013,Sewage Disposal Breakdowns,With public sewer,"$50,000 to $59,999","6,843",6843.0,ok,8.831127635012084
2013,Sewage Disposal Breakdowns,With public sewer,"$60,000 to $79,999","11,658",11658.0,ok,9.36383369293329
2013,Sewage Disposal Breakdowns,With public sewer,"$80,000 to $99,999","7,841",7841.0,ok,8.967249182852276
2013,Sewage Disposal Breakdowns,With public sewer,"Less than $10,000","9,910",9910.0,ok,9.201400530406708
2013,Water Leakage During Last 12 Months,Basement,"$10,000 to $19,999",203,203.0,ok,5.318119993844216
2013,Water Leakage During Last 12 Months,Basement,"$100,000 to $119,999",185,185.0,ok,5.225746673713202
2013,Water Leakage During Last 12 Months,Basement,"$120,000 or more",351,351.0,ok,5.863631175598097
2013,Water Leakage During Last 12 Months,Basement,"$20,000 to $29,999",223,223.0,ok,5.4116460518550396
2013,Water Leakage During Last 12 Months,Basement,"$30,000 to $39,999",247,247.0,ok,5.5134287461649825
2013,Water Leakage During Last 12 Months,Basement,"$40,000 to $49,999",230,230.0,ok,5.442417710521793
2013,Water Leakage During Last 12 Months,Basement,"$50,000 to $59,999",247,247.0,ok,5.5134287461649825
2013,Water Leakage During Last 12 Months,Basement,"$60,000 to $79,999",341,341.0,ok,5.834810737062605
2013,Water Leakage During Last 12 Months,Basement,"$80,000 to $99,999",280,280.0,ok,5.638354669333745
2013,Water Leakage During Last 12 Months,Basement,"Less than $10,000",133,133.0,ok,4.897839799950911
2013,Water Leakage During Last 12 Months,Broken water heater,"$10,000 to $19,999",79,79.0,ok,4.382026634673881
2013,Water Leakage During Last 12 Months,Broken water heater,"$100,000 to $119,999",24,24.0,ok,3.2188758248682006
2013,Water Leakage During Last 12 Months,Broken water heater,"$120,000 or more",130,130.0,ok,4.875197323201151
2013,Water Leakage During Last 12 Months,Broken water heater,"$20,000 to $29,999",102,102.0,ok,4.634728988229636
2013,Water Leakage During Last 12 Months,Broken water heater,"$30,000 to $39,999",76,76.0,ok,4.343805421853684
2013,Water Leakage During Last 12 Months,Broken water heater,"$40,000 to $49,999",99,99.0,ok,4.605170185988092
2013,Water Leakage During Last 12 Months,Broken water heater,"$50,000 to $59,999",71,71.0,ok,4.276666119016055
2013,Water Leakage During Last 12 Months,Broken water heater,"$60,000 to $79,999",117,117.0,ok,4.770684624465665
2013,Water Leakage During Last 12 Months,Broken water heater,"$80,000 to $99,999",76,76.0,ok,4.343805421853684
2013,Water Leakage During Last 12 Months,Broken water heater,"Less than $10,000",46,46.0,ok,3.8501476017100584
2013,Water Leakage During Last 12 Months,Exterior leakage not reported,"$10,000 to $19,999",136,136.0,ok,4.919980925828125
2013,Water Leakage During Last 12 Months,Exterior leakage not reported,"$100,000 to $119,999",76,76.0,ok,4.343805421853684
2013,Water Leakage During Last 12 Months,Exterior leakage not reported,"$120,000 or more",131,131.0,ok,4.882801922586371
2013,Water Leakage During Last 12 Months,Exterior leakage not reported,"$20,000 to $29,999",157,157.0,ok,5.062595033026967
2013,Water Leakage During Last 12 Months,Exterior leakage not reported,"$30,000 to $39,999",113,113.0,ok,4.736198448394496
2013,Water Leakage During Last 12 Months,Exterior leakage not reported,"$40,000 to $49,999",154,154.0,ok,5.043425116919247
2013,Water Leakage During Last 12 Months,Exterior leakage not reported,"$50,000 to $59,999",73,73.0,ok,4.304065093204169
2013,Water Leakage During Last 12 Months,Exterior leakage not reported,"$60,000 to $79,999",163,163.0,ok,5.099866427824199
2013,Water Leakage During Last 12 Months,Exterior leakage not reported,"$80,000 to $99,999",104,104.0,ok,4.653960350157523
2013,Water Leakage During Last 12 Months,Exterior leakage not reported,"Less than $10,000",232,232.0,ok,5.4510384535657
2013,Water Leakage During Last 12 Months,Fixtures backed up or overflowed,"$10,000 to $19,999",168,168.0,ok,5.1298987149230735
2013,Water Leakage During Last 12 Months,Fixtures backed up or overflowed,"$100,000 to $119,999",124,124.0,ok,4.8283137373023015
2013,Water Leakage During Last 12 Months,Fixtures backed up or overflowed,"$120,000 or more",233,233.0,ok,5.455321115357702
2013,Water Leakage During Last 12 Months,Fixtures backed up or overflowed,"$20,000 to $29,999",250,250.0,ok,5.5254529391317835
2013,Water Leakage During Last 12 Months,Fixtures backed up or overflowed,"$30,000 to $39,999",208,208.0,ok,5.342334251964811
2013,Water Leakage During Last 12 Months,Fixtures backed up or overflowed,"$40,000 to $49,999",219,219.0,ok,5.393627546352361
2013,Water Leakage During Last 12 Months,Fixtures backed up or overflowed,"$50,000 to $59,999",124,124.0,ok,4.8283137373023015
2013,Water Leakage During Last 12 Months,Fixtures backed up or overflowed,"$60,000 to $79,999",194,194.0,ok,5.272999558563747
2013,Water Leakage During Last 12 Months,Fixtures backed up or overflowed,"$80,000 to $99,999",198,198.0,ok,5.293304824724492
2013,Water Leakage During Last 12 Months,Fixtures backed up or overflowed,"Less than $10,000",220,220.0,ok,5.3981627015177525
2013,Water Leakage During Last 12 Months,Interior leakage not reported,"$10,000 to $19,999",136,136.0,ok,4.919980925828125
2013,Water Leakage During Last 12 Months,Interior leakage not reported,"$100,000 to $119,999",74,74.0,ok,4.31748811353631
2013,Water Leakage During Last 12 Months,Interior leakage not reported,"$120,000 or more",137,137.0,ok,4.927253685157205
2013,Water Leakage During Last 12 Months,Interior leakage not reported,"$20,000 to $29,999",163,163.0,ok,5.099866427824199
2013,Water Leakage During Last 12 Months,Interior leakage not reported,"$30,000 to $39,999",119,119.0,ok,4.787491742782046
2013,Water Leakage During Last 12 Months,Interior leakage not reported,"$40,000 to $49,999",155,155.0,ok,5.049856007249537
2013,Water Leakage During Last 12 Months,Interior leakage not reported,"$50,000 to $59,999",71,71.0,ok,4.276666119016055
2013,Water Leakage During Last 12 Months,Interior leakage not reported,"$60,000 to $79,999",159,159.0,ok,5.075173815233827
2013,Water Leakage During Last 12 Months,Interior leakage not reported,"$80,000 to $99,999",104,104.0,ok,4.653960350157523
2013,Water Leakage During Last 12 Months,Interior leakage not reported,"Less than $10,000",243,243.0,ok,5.497168225293202
2013,Water Leakage During Last 12 Months,No leakage from inside structure,"$10,000 to $19,999","11,280",11280.0,ok,9.33087517360492
2013,Water Leakage During Last 12 Months,No leakage from inside structure,"$100,000 to $119,999","6,631",6631.0,ok,8.79966169681513
2013,Water Leakage During Last 12 Months,No leakage from inside structure,"$120,000 or more","15,258",15258.0,ok,9.632924771891735
2013,Water Leakage During Last 12 Months,No leakage from inside structure,"$20,000 to $29,999","12,812",12812.0,ok,9.458215559509576
2013,Water Leakage During Last 12 Months,No leakage from inside structure,"$30,000 to $39,999","10,561",10561.0,ok,9.26501793326688
2013,Water Leakage During Last 12 Months,No leakage from inside structure,"$40,000 to $49,999","9,257",9257.0,ok,9.133243321591216
2013,Water Leakage During Last 12 Months,No leakage from inside structure,"$50,000 to $59,999","7,976",7976.0,ok,8.984317679911129
2013,Water Leakage During Last 12 Months,No leakage from inside structure,"$60,000 to $79,999","13,224",13224.0,ok,9.4898642567265
2013,Water Leakage During Last 12 Months,No leakage from inside structure,"$80,000 to $99,999","9,235",9235.0,ok,9.130864170474386
2013,Water Leakage During Last 12 Months,No leakage from inside structure,"Less than $10,000","10,329",10329.0,ok,9.242807562113684
2013,Water Leakage During Last 12 Months,No leakage from outside structure,"$10,000 to $19,999","11,104",11104.0,ok,9.315150736328528
2013,Water Leakage During Last 12 Months,No leakage from outside structure,"$100,000 to $119,999","6,515",6515.0,ok,8.782015969721936
2013,Water Leakage During Last 12 Months,No leakage from outside structure,"$120,000 or more","14,942",14942.0,ok,9.611998241741393
2013,Water Leakage During Last 12 Months,No leakage from outside structure,"$20,000 to $29,999","12,684",12684.0,ok,9.448175472033382
2013,Water Leakage During Last 12 Months,No leakage from outside structure,"$30,000 to $39,999","10,488",10488.0,ok,9.258082367961604
2013,Water Leakage During Last 12 Months,No leakage from outside structure,"$40,000 to $49,999","9,209",9209.0,ok,9.128045129249353
2013,Water Leakage During Last 12 Months,No leakage from outside structure,"$50,000 to $59,999","7,776",7776.0,ok,8.958925938694943
2013,Water Leakage During Last 12 Months,No leakage from outside structure,"$60,000 to $79,999","13,014",13014.0,ok,9.473857817428666
2013,Water Leakage During Last 12 Months,No leakage from outside structure,"$80,000 to $99,999","9,099",9099.0,ok,9.116029692504942
2013,Water Leakage During Last 12 Months,No leakage from outside structure,"Less than $10,000","10,230",10230.0,ok,9.23317760587894
2013,Water Leakage During Last 12 Months,Other or unknown (includes not reported),"$10,000 to $19,999",251,251.0,ok,5.529429087511423
2013,Water Leakage During Last 12 Months,Other or unknown (includes not reported),"$100,000 to $119,999",125,125.0,ok,4.836281906951478
2013,Water Leakage During Last 12 Months,Other or unknown (includes not reported),"$120,000 or more",318,318.0,ok,5.765191102784844
2013,Water Leakage During Last 12 Months,Other or unknown (includes not reported),"$20,000 to $29,999",246,246.0,ok,5.5093883366279774
2013,Water Leakage During Last 12 Months,Other or unknown (includes not reported),"$30,000 to $39,999",248,248.0,ok,5.517452896464707
2013,Water Leakage During Last 12 Months,Other or unknown (includes not reported),"$40,000 to $49,999",213,213.0,ok,5.365976015021851
2013,Water Leakage During Last 12 Months,Other or unknown (includes not reported),"$50,000 to $59,999",172,172.0,ok,5.153291594497779
2013,Water Leakage During Last 12 Months,Other or unknown (includes not reported),"$60,000 to $79,999",241,241.0,ok,5.488937726156687
2013,Water Leakage During Last 12 Months,Other or unknown (includes not reported),"$80,000 to $99,999",185,185.0,ok,5.225746673713202
2013,Water Leakage During Last 12 Months,Other or unknown (includes not reported),"Less than $10,000",234,234.0,ok,5.459585514144159
2013,Water Leakage During Last 12 Months,Pipes leaked,"$10,000 to $19,999",423,423.0,ok,6.049733455231958
2013,Water Leakage During Last 12 Months,Pipes leaked,"$100,000 to $119,999",188,188.0,ok,5.241747015059643
2013,Water Leakage During Last 12 Months,Pipes leaked,"$120,000 or more",450,450.0,ok,6.111467339502679
2013,Water Leakage During Last 12 Months,Pipes leaked,"$20,000 to $29,999",443,443.0,ok,6.095824562432225
2013,Water Leakage During Last 12 Months,Pipes leaked,"$30,000 to $39,999",306,306.0,ok,5.726847747587197
2013,Water Leakage During Last 12 Months,Pipes leaked,"$40,000 to $49,999",298,298.0,ok,5.700443573390686
2013,Water Leakage During Last 12 Months,Pipes leaked,"$50,000 to $59,999",187,187.0,ok,5.236441962829949
2013,Water Leakage During Last 12 Months,Pipes leaked,"$60,000 to $79,999",376,376.0,ok,5.932245187448011
2013,Water Leakage During Last 12 Months,Pipes leaked,"$80,000 to $99,999",250,250.0,ok,5.5254529391317835
2013,Water Leakage During Last 12 Months,Pipes leaked,"Less than $10,000",364,364.0,ok,5.8998973535824915
2013,Water Leakage During Last 12 Months,Roof,"$10,000 to $19,999",610,610.0,ok,6.415096959171596
2013,Water Leakage During Last 12 Months,Roof,"$100,000 to $119,999",242,242.0,ok,5.493061443340548
2013,Water Leakage During Last 12 Months,Roof,"$120,000 or more",729,729.0,ok,6.593044534142437
2013,Water Leakage During Last 12 Months,Roof,"$20,000 to $29,999",601,601.0,ok,6.400257445308821
2013,Water Leakage During Last 12 Months,Roof,"$30,000 to $39,999",445,445.0,ok,6.100318952020064
2013,Water Leakage During Last 12 Months,Roof,"$40,000 to $49,999",426,426.0,ok,6.056784013228625
2013,Water Leakage During Last 12 Months,Roof,"$50,000 to $59,999",342,342.0,ok,5.83773044716594
2013,Water Leakage During Last 12 Months,Roof,"$60,000 to $79,999",525,525.0,ok,6.26530121273771
2013,Water Leakage During Last 12 Months,Roof,"$80,000 to $99,999",357,357.0,ok,5.8805329864007
2013,Water Leakage During Last 12 Months,Roof,"Less than $10,000",565,565.0,ok,6.338594078203183
2013,Water Leakage During Last 12 Months,"Walls, closed windows, or doors","$10,000 to $19,999",214,214.0,ok,5.3706380281276624
2013,Water Leakage During Last 12 Months,"Walls, closed windows, or doors","$100,000 to $119,999",119,119.0,ok,4.787491742782046
2013,Water Leakage During Last 12 Months,"Walls, closed windows, or doors","$120,000 or more",284,284.0,ok,5.652489180268651
2013,Water Leakage During Last 12 Months,"Walls, closed windows, or doors","$20,000 to $29,999",208,208.0,ok,5.342334251964811
2013,Water Leakage During Last 12 Months,"Walls, closed windows, or doors","$30,000 to $39,999",180,180.0,ok,5.198497031265826
2013,Water Leakage During Last 12 Months,"Walls, closed windows, or doors","$40,000 to $49,999",163,163.0,ok,5.099866427824199
2013,Water Leakage During Last 12 Months,"Walls, closed windows, or doors","$50,000 to $59,999",134,134.0,ok,4.90527477843843
2013,Water Leakage During Last 12 Months,"Walls, closed windows, or doors","$60,000 to $79,999",194,194.0,ok,5.272999558563747
2013,Water Leakage During Last 12 Months,"Walls, closed windows, or doors","$80,000 to $99,999",144,144.0,ok,4.976733742420574
2013,Water Leakage During Last 12 Months,"Walls, closed windows, or doors","Less than $10,000",205,205.0,ok,5.327876168789581
2013,Water Leakage During Last 12 Months,With leakage from inside structure,"$10,000 to $19,999",862,862.0,ok,6.760414691083428
2013,Water Leakage During Last 12 Months,With leakage from inside structure,"$100,000 to $119,999",447,447.0,ok,6.104793232414985
2013,Water Leakage During Last 12 Months,With leakage from inside structure,"$120,000 or more","1,098",1098.0,ok,7.002155954403621
2013,Water Leakage During Last 12 Months,With leakage from inside structure,"$20,000 to $29,999",992,992.0,ok,6.900730664045173
2013,Water Leakage During Last 12 Months,With leakage from inside structure,"$30,000 to $39,999",794,794.0,ok,6.678342114654332
2013,Water Leakage During Last 12 Months,With leakage from inside structure,"$40,000 to $49,999",800,800.0,ok,6.68586094706836
2013,Water Leakage During Last 12 Months,With leakage from inside structure,"$50,000 to $59,999",535,535.0,ok,6.284134161070802
2013,Water Leakage During Last 12 Months,With leakage from inside structure,"$60,000 to $79,999",893,893.0,ok,6.795705775173515
2013,Water Leakage During Last 12 Months,With leakage from inside structure,"$80,000 to $99,999",668,668.0,ok,6.505784060128229
2013,Water Leakage During Last 12 Months,With leakage from inside structure,"Less than $10,000",838,838.0,ok,6.732210706467206
2013,Water Leakage During Last 12 Months,With leakage from outside structure,"$10,000 to $19,999","1,038",1038.0,ok,6.946013991099227
2013,Water Leakage During Last 12 Months,With leakage from outside structure,"$100,000 to $119,999",562,562.0,ok,6.333279628139691
2013,Water Leakage During Last 12 Months,With leakage from outside structure,"$120,000 or more","1,420",1420.0,ok,7.259116128097101
2013,Water Leakage During Last 12 Months,With leakage from outside structure,"$20,000 to $29,999","1,126",1126.0,ok,7.027314514039777
2013,Water Leakage During Last 12 Months,With leakage from outside structure,"$30,000 to $39,999",872,872.0,ok,6.771935555839602
2013,Water Leakage During Last 12 Months,With leakage from outside structure,"$40,000 to $49,999",850,850.0,ok,6.7464121285733745
2013,Water Leakage During Last 12 Months,With leakage from outside structure,"$50,000 to $59,999",734,734.0,ok,6.5998704992128365
2013,Water Leakage During Last 12 Months,With leakage from outside structure,"$60,000 to $79,999","1,099",1099.0,ok,7.003065458786462
2013,Water Leakage During Last 12 Months,With leakage from outside structure,"$80,000 to $99,999",806,806.0,ok,6.693323668269949
2013,Water Leakage During Last 12 Months,With leakage from outside structure,"Less than $10,000",947,947.0,ok,6.854354502255021
2013,Water Supply Stoppage,No stoppage in last 3 months,"$10,000 to $19,999","11,764",11764.0,ok,9.372884301161463
2013,Water Supply Stoppage,No stoppage in last 3 months,"$100,000 to $119,999","6,964",6964.0,ok,8.848652886213905
2013,Water Supply Stoppage,No stoppage in last 3 months,"$120,000 or more","16,087",16087.0,ok,9.685828931452487
2013,Water Supply Stoppage,No stoppage in last 3 months,"$20,000 to $29,999","13,400",13400.0,ok,9.503084610020228
2013,Water Supply Stoppage,No stoppage in last 3 months,"$30,000 to $39,999","11,043",11043.0,ok,9.309642573050045
2013,Water Supply Stoppage,No stoppage in last 3 months,"$40,000 to $49,999","9,789",9789.0,ok,9.189116735524555
2013,Water Supply Stoppage,No stoppage in last 3 months,"$50,000 to $59,999","8,274",8274.0,ok,9.020994200245264
2013,Water Supply Stoppage,No stoppage in last 3 months,"$60,000 to $79,999","13,766",13766.0,ok,9.530029703062944
2013,Water Supply Stoppage,No stoppage in last 3 months,"$80,000 to $99,999","9,675",9675.0,ok,9.177403871729918
2013,Water Supply Stoppage,No stoppage in last 3 months,"Less than $10,000","10,833",10833.0,ok,9.290444616217844
2013,Water Supply Stoppage,No stoppage lasting 6 hours or more,"$10,000 to $19,999",77,77.0,ok,4.356708826689592
2013,Water Supply Stoppage,No stoppage lasting 6 hours or more,"$100,000 to $119,999",29,29.0,ok,3.4011973816621555
2013,Water Supply Stoppage,No stoppage lasting 6 hours or more,"$120,000 or more",57,57.0,ok,4.060443010546419
2013,Water Supply Stoppage,No stoppage lasting 6 hours or more,"$20,000 to $29,999",108,108.0,ok,4.6913478822291435
2013,Water Supply Stoppage,No stoppage lasting 6 hours or more,"$30,000 to $39,999",73,73.0,ok,4.304065093204169
2013,Water Supply Stoppage,No stoppage lasting 6 hours or more,"$40,000 to $49,999",50,50.0,ok,3.9318256327243257
2013,Water Supply Stoppage,No stoppage lasting 6 hours or more,"$50,000 to $59,999",54,54.0,ok,4.007333185232471
2013,Water Supply Stoppage,No stoppage lasting 6 hours or more,"$60,000 to $79,999",103,103.0,ok,4.6443908991413725
2013,Water Supply Stoppage,No stoppage lasting 6 hours or more,"$80,000 to $99,999",43,43.0,ok,3.784189633918261
2013,Water Supply Stoppage,No stoppage lasting 6 hours or more,"Less than $10,000",72,72.0,ok,4.290459441148391
2013,Water Supply Stoppage,With hot and cold piped water,"$10,000 to $19,999","12,264",12264.0,ok,9.41450495669259
2013,Water Supply Stoppage,With hot and cold piped water,"$100,000 to $119,999","7,153",7153.0,ok,8.875426919818963
2013,Water Supply Stoppage,With hot and cold piped water,"$120,000 or more","16,493",16493.0,ok,9.7107519573933
2013,Water Supply Stoppage,With hot and cold piped water,"$20,000 to $29,999","13,959",13959.0,ok,9.543951376316363
2013,Water Supply Stoppage,With hot and cold piped water,"$30,000 to $39,999","11,473",11473.0,ok,9.347838885161817
2013,Water Supply Stoppage,With hot and cold piped water,"$40,000 to $49,999","10,204",10204.0,ok,9.230633075243945
2013,Water Supply Stoppage,With hot and cold piped water,"$50,000 to $59,999","8,574",8574.0,ok,9.056606272034141
2013,Water Supply Stoppage,With hot and cold piped water,"$60,000 to $79,999","14,273",14273.0,ok,9.566194979531012
2013,Water Supply Stoppage,With hot and cold piped water,"$80,000 to $99,999","10,006",10006.0,ok,9.211040127090456
2013,Water Supply Stoppage,With hot and cold piped water,"Less than $10,000","11,346",11346.0,ok,9.336708670790989
2013,Water Supply Stoppage,With stoppage in last 3 months,"$10,000 to $19,999",380,380.0,ok,5.942799375126701
2013,Water Supply Stoppage,With stoppage in last 3 months,"$100,000 to $119,999",116,116.0,ok,4.762173934797756
2013,Water Supply Stoppage,With stoppage in last 3 months,"$120,000 or more",279,279.0,ok,5.634789603169249
2013,Water Supply Stoppage,With stoppage in last 3 months,"$20,000 to $29,999",397,397.0,ok,5.986452005284438
2013,Water Supply Stoppage,With stoppage in last 3 months,"$30,000 to $39,999",312,312.0,ok,5.746203190540153
2013,Water Supply Stoppage,With stoppage in last 3 months,"$40,000 to $49,999",269,269.0,ok,5.598421958998375
2013,Water Supply Stoppage,With stoppage in last 3 months,"$50,000 to $59,999",238,238.0,ok,5.476463551931511
2013,Water Supply Stoppage,With stoppage in last 3 months,"$60,000 to $79,999",366,366.0,ok,5.905361848054571
2013,Water Supply Stoppage,With stoppage in last 3 months,"$80,000 to $99,999",231,231.0,ok,5.44673737166631
2013,Water Supply Stoppage,With stoppage in last 3 months,"Less than $10,000",300,300.0,ok,5.707110264748875
2015,Electric Fuses and Circuit Breakers,1 time,"$10,000 to $19,999",444,444.0,ok,6.09807428216624
2015,Electric Fuses and Circuit Breakers,1 time,"$100,000 to $119,999",390,390.0,ok,5.968707559985366
2015,Electric Fuses and Circuit Breakers,1 time,"$120,000 or more","1,106",1106.0,ok,7.009408932708637
2015,Electric Fuses and Circuit Breakers,1 time,"$20,000 to $29,999",494,494.0,ok,6.20455776256869
2015,Electric Fuses and Circuit Breakers,1 time,"$30,000 to $39,999",510,510.0,ok,6.236369590203704
2015,Electric Fuses and Circuit Breakers,1 time,"$40,000 to $49,999",410,410.0,ok,6.018593214496234
2015,Electric Fuses and Circuit Breakers,1 time,"$50,000 to $59,999",430,430.0,ok,6.066108090103747
2015,Electric Fuses and Circuit Breakers,1 time,"$60,000 to $79,999",707,707.0,ok,6.56244409369372
2015,Electric Fuses and Circuit Breakers,1 time,"$80,000 to $99,999",487,487.0,ok,6.1903154058531475
2015,Electric Fuses and Circuit Breakers,1 time,"Less than $10,000",315,315.0,ok,5.755742213586912
2015,Electric Fuses and Circuit Breakers,2 times,"$10,000 to $19,999",184,184.0,ok,5.220355825078325
2015,Electric Fuses and Circuit Breakers,2 times,"$100,000 to $119,999",154,154.0,ok,5.043425116919247
2015,Electric Fuses and Circuit Breakers,2 times,"$120,000 or more",551,551.0,ok,6.313548046277095
2015,Electric Fuses and Circuit Breakers,2 times,"$20,000 to $29,999",182,182.0,ok,5.209486152841421
2015,Electric Fuses and Circuit Breakers,2 times,"$30,000 to $39,999",209,209.0,ok,5.3471075307174685
2015,Electric Fuses and Circuit Breakers,2 times,"$40,000 to $49,999",205,205.0,ok,5.327876168789581
2015,Electric Fuses and Circuit Breakers,2 times,"$50,000 to $59,999",146,146.0,ok,4.990432586778736
2015,Electric Fuses and Circuit Breakers,2 times,"$60,000 to $79,999",313,313.0,ok,5.749392985908253
2015,Electric Fuses and Circuit Breakers,2 times,"$80,000 to $99,999",227,227.0,ok,5.429345628954441
2015,Electric Fuses and Circuit Breakers,2 times,"Less than $10,000",154,154.0,ok,5.043425116919247
2015,Electric Fuses and Circuit Breakers,3 times,"$10,000 to $19,999",93,93.0,ok,4.543294782270004
2015,Electric Fuses and Circuit Breakers,3 times,"$100,000 to $119,999",61,61.0,ok,4.127134385045092
2015,Electric Fuses and Circuit Breakers,3 times,"$120,000 or more",175,175.0,ok,5.170483995038151
2015,Electric Fuses and Circuit Breakers,3 times,"$20,000 to $29,999",81,81.0,ok,4.406719247264253
2015,Electric Fuses and Circuit Breakers,3 times,"$30,000 to $39,999",92,92.0,ok,4.532599493153256
2015,Electric Fuses and Circuit Breakers,3 times,"$40,000 to $49,999",66,66.0,ok,4.204692619390966
2015,Electric Fuses and Circuit Breakers,3 times,"$50,000 to $59,999",77,77.0,ok,4.356708826689592
2015,Electric Fuses and Circuit Breakers,3 times,"$60,000 to $79,999",118,118.0,ok,4.77912349311153
2015,Electric Fuses and Circuit Breakers,3 times,"$80,000 to $99,999",111,111.0,ok,4.718498871295094
2015,Electric Fuses and Circuit Breakers,3 times,"Less than $10,000",74,74.0,ok,4.31748811353631
2015,Electric Fuses and Circuit Breakers,4 times or more,"$10,000 to $19,999",134,134.0,ok,4.90527477843843
2015,Electric Fuses and Circuit Breakers,4 times or more,"$100,000 to $119,999",81,81.0,ok,4.406719247264253
2015,Electric Fuses and Circuit Breakers,4 times or more,"$120,000 or more",213,213.0,ok,5.365976015021851
2015,Electric Fuses and Circuit Breakers,4 times or more,"$20,000 to $29,999",181,181.0,ok,5.204006687076795
2015,Electric Fuses and Circuit Breakers,4 times or more,"$30,000 to $39,999",122,122.0,ok,4.812184355372417
2015,Electric Fuses and Circuit Breakers,4 times or more,"$40,000 to $49,999",149,149.0,ok,5.0106352940962555
2015,Electric Fuses and Circuit Breakers,4 times or more,"$50,000 to $59,999",127,127.0,ok,4.852030263919617
2015,Electric Fuses and Circuit Breakers,4 times or more,"$60,000 to $79,999",147,147.0,ok,4.997212273764115
2015,Electric Fuses and Circuit Breakers,4 times or more,"$80,000 to $99,999",99,99.0,ok,4.605170185988092
2015,Electric Fuses and Circuit Breakers,4 times or more,"Less than $10,000",119,119.0,ok,4.787491742782046
2015,Electric Fuses and Circuit Breakers,No fuses or breakers blown in last 3 months,"$10,000 to $19,999","11,249",11249.0,ok,9.328123407632566
2015,Electric Fuses and Circuit Breakers,No fuses or breakers blown in last 3 months,"$100,000 to $119,999","7,194",7194.0,ok,8.881141619321468
2015,Electric Fuses and Circuit Breakers,No fuses or breakers blown in last 3 months,"$120,000 or more","16,536",16536.0,ok,9.713355573650196
2015,Electric Fuses and Circuit Breakers,No fuses or breakers blown in last 3 months,"$20,000 to $29,999","11,318",11318.0,ok,9.33423800863242
2015,Electric Fuses and Circuit Breakers,No fuses or breakers blown in last 3 months,"$30,000 to $39,999","10,568",10568.0,ok,9.265680467009346
2015,Electric Fuses and Circuit Breakers,No fuses or breakers blown in last 3 months,"$40,000 to $49,999","9,208",9208.0,ok,9.127936545721367
2015,Electric Fuses and Circuit Breakers,No fuses or breakers blown in last 3 months,"$50,000 to $59,999","8,007",8007.0,ok,8.988196320995057
2015,Electric Fuses and Circuit Breakers,No fuses or breakers blown in last 3 months,"$60,000 to $79,999","13,372",13372.0,ok,9.500993027872797
2015,Electric Fuses and Circuit Breakers,No fuses or breakers blown in last 3 months,"$80,000 to $99,999","9,539",9539.0,ok,9.163248764442333
2015,Electric Fuses and Circuit Breakers,No fuses or breakers blown in last 3 months,"Less than $10,000","9,839",9839.0,ok,9.1942109900463
2015,Electric Fuses and Circuit Breakers,Number of times not reported,"$10,000 to $19,999",S,,suppressed,
2015,Electric Fuses and Circuit Breakers,Number of times not reported,"$100,000 to $119,999",S,,suppressed,
2015,Electric Fuses and Circuit Breakers,Number of times not reported,"$120,000 or more",S,,suppressed,
2015,Electric Fuses and Circuit Breakers,Number of times not reported,"$20,000 to $29,999",S,,suppressed,
2015,Electric Fuses and Circuit Breakers,Number of times not reported,"$30,000 to $39,999",S,,suppressed,
2015,Electric Fuses and Circuit Breakers,Number of times not reported,"$40,000 to $49,999",S,,suppressed,
2015,Electric Fuses and Circuit Breakers,Number of times not reported,"$50,000 to $59,999",S,,suppressed,
2015,Electric Fuses and Circuit Breakers,Number of times not reported,"$60,000 to $79,999",.,,blank_or_na,
2015,Electric Fuses and Circuit Breakers,Number of times not reported,"$80,000 to $99,999",.,,blank_or_na,
2015,Electric Fuses and Circuit Breakers,Number of times not reported,"Less than $10,000",S,,suppressed,
2015,Electric Fuses and Circuit Breakers,Problem not reported or don’t know,"$10,000 to $19,999",121,121.0,ok,4.804021044733257
2015,Electric Fuses and Circuit Breakers,Problem not reported or don’t know,"$100,000 to $119,999",87,87.0,ok,4.477336814478207
2015,Electric Fuses and Circuit Breakers,Problem not reported or don’t know,"$120,000 or more",173,173.0,ok,5.159055299214529
2015,Electric Fuses and Circuit Breakers,Problem not reported or don’t know,"$20,000 to $29,999",103,103.0,ok,4.6443908991413725
2015,Electric Fuses and Circuit Breakers,Problem not reported or don’t know,"$30,000 to $39,999",123,123.0,ok,4.820281565605037
2015,Electric Fuses and Circuit Breakers,Problem not reported or don’t know,"$40,000 to $49,999",115,115.0,ok,4.7535901911063645
2015,Electric Fuses and Circuit Breakers,Problem not reported or don’t know,"$50,000 to $59,999",101,101.0,ok,4.624972813284271
2015,Electric Fuses and Circuit Breakers,Problem not reported or don’t know,"$60,000 to $79,999",158,158.0,ok,5.0689042022202315
2015,Electric Fuses and Circuit Breakers,Problem not reported or don’t know,"$80,000 to $99,999",104,104.0,ok,4.653960350157523
2015,Electric Fuses and Circuit Breakers,Problem not reported or don’t know,"Less than $10,000",189,189.0,ok,5.247024072160486
2015,Electric Fuses and Circuit Breakers,With electrical wiring,"$10,000 to $19,999","12,229",12229.0,ok,9.411647228681218
2015,Electric Fuses and Circuit Breakers,With electrical wiring,"$100,000 to $119,999","7,976",7976.0,ok,8.984317679911129
2015,Electric Fuses and Circuit Breakers,With electrical wiring,"$120,000 or more","18,765",18765.0,ok,9.839802000849994
2015,Electric Fuses and Circuit Breakers,With electrical wiring,"$20,000 to $29,999","12,373",12373.0,ok,9.423352776090933
2015,Electric Fuses and Circuit Breakers,With electrical wiring,"$30,000 to $39,999","11,629",11629.0,ok,9.36134324551271
2015,Electric Fuses and Circuit Breakers,With electrical wiring,"$40,000 to $49,999","10,157",10157.0,ok,9.22601685136119
2015,Electric Fuses and Circuit Breakers,With electrical wiring,"$50,000 to $59,999","8,890",8890.0,ok,9.09279480812114
2015,Electric Fuses and Circuit Breakers,With electrical wiring,"$60,000 to $79,999","14,814",14814.0,ok,9.603395460007665
2015,Electric Fuses and Circuit Breakers,With electrical wiring,"$80,000 to $99,999","10,568",10568.0,ok,9.265680467009346
2015,Electric Fuses and Circuit Breakers,With electrical wiring,"Less than $10,000","10,704",10704.0,ok,9.278466201023782
2015,Electric Fuses and Circuit Breakers,With fuses or breakers blown in last 3 months,"$10,000 to $19,999",859,859.0,ok,6.756932389247553
2015,Electric Fuses and Circuit Breakers,With fuses or breakers blown in last 3 months,"$100,000 to $119,999",695,695.0,ok,6.54534966033442
2015,Electric Fuses and Circuit Breakers,With fuses or breakers blown in last 3 months,"$120,000 or more","2,055",2055.0,ok,7.628517626575055
2015,Electric Fuses and Circuit Breakers,With fuses or breakers blown in last 3 months,"$20,000 to $29,999",952,952.0,ok,6.859614903654202
2015,Electric Fuses and Circuit Breakers,With fuses or breakers blown in last 3 months,"$30,000 to $39,999",938,938.0,ok,6.844815479208263
2015,Electric Fuses and Circuit Breakers,With fuses or breakers blown in last 3 months,"$40,000 to $49,999",834,834.0,ok,6.727431724850855
2015,Electric Fuses and Circuit Breakers,With fuses or breakers blown in last 3 months,"$50,000 to $59,999",782,782.0,ok,6.663132695990803
2015,Electric Fuses and Circuit Breakers,With fuses or breakers blown in last 3 months,"$60,000 to $79,999","1,285",1285.0,ok,7.1592919047975645
2015,Electric Fuses and Circuit Breakers,With fuses or breakers blown in last 3 months,"$80,000 to $99,999",925,925.0,ok,6.8308742346461795
2015,Electric Fuses and Circuit Breakers,With fuses or breakers blown in last 3 months,"Less than $10,000",676,676.0,ok,6.517671272912275
2015,External Building Conditions,Bars on windows,"$10,000 to $19,999",357,357.0,ok,5.8805329864007
2015,External Building Conditions,Bars on windows,"$100,000 to $119,999",147,147.0,ok,4.997212273764115
2015,External Building Conditions,Bars on windows,"$120,000 or more",326,326.0,ok,5.7899601708972535
2015,External Building Conditions,Bars on windows,"$20,000 to $29,999",316,316.0,ok,5.75890177387728
2015,External Building Conditions,Bars on windows,"$30,000 to $39,999",300,300.0,ok,5.707110264748875
2015,External Building Conditions,Bars on windows,"$40,000 to $49,999",201,201.0,ok,5.308267697401205
2015,External Building Conditions,Bars on windows,"$50,000 to $59,999",203,203.0,ok,5.318119993844216
2015,External Building Conditions,Bars on windows,"$60,000 to $79,999",330,330.0,ok,5.802118375377063
2015,External Building Conditions,Bars on windows,"$80,000 to $99,999",179,179.0,ok,5.19295685089021
2015,External Building Conditions,Bars on windows,"Less than $10,000",301,301.0,ok,5.71042701737487
2015,External Building Conditions,Boarded up windows,"$10,000 to $19,999",159,159.0,ok,5.075173815233827
2015,External Building Conditions,Boarded up windows,"$100,000 to $119,999",49,49.0,ok,3.912023005428146
2015,External Building Conditions,Boarded up windows,"$120,000 or more",66,66.0,ok,4.204692619390966
2015,External Building Conditions,Boarded up windows,"$20,000 to $29,999",176,176.0,ok,5.176149732573829
2015,External Building Conditions,Boarded up windows,"$30,000 to $39,999",138,138.0,ok,4.9344739331306915
2015,External Building Conditions,Boarded up windows,"$40,000 to $49,999",109,109.0,ok,4.700480365792417
2015,External Building Conditions,Boarded up windows,"$50,000 to $59,999",67,67.0,ok,4.219507705176107
2015,External Building Conditions,Boarded up windows,"$60,000 to $79,999",124,124.0,ok,4.8283137373023015
2015,External Building Conditions,Boarded up windows,"$80,000 to $99,999",84,84.0,ok,4.442651256490317
2015,External Building Conditions,Boarded up windows,"Less than $10,000",215,215.0,ok,5.375278407684165
2015,External Building Conditions,Broken windows,"$10,000 to $19,999",580,580.0,ok,6.364750756851911
2015,External Building Conditions,Broken windows,"$100,000 to $119,999",218,218.0,ok,5.389071729816501
2015,External Building Conditions,Broken windows,"$120,000 or more",458,458.0,ok,6.129050210060545
2015,External Building Conditions,Broken windows,"$20,000 to $29,999",544,544.0,ok,6.300785794663244
2015,External Building Conditions,Broken windows,"$30,000 to $39,999",453,453.0,ok,6.118097198041348
2015,External Building Conditions,Broken windows,"$40,000 to $49,999",367,367.0,ok,5.908082938168931
2015,External Building Conditions,Broken windows,"$50,000 to $59,999",304,304.0,ok,5.720311776607412
2015,External Building Conditions,Broken windows,"$60,000 to $79,999",547,547.0,ok,6.306275286948016
2015,External Building Conditions,Broken windows,"$80,000 to $99,999",305,305.0,ok,5.723585101952381
2015,External Building Conditions,Broken windows,"Less than $10,000",537,537.0,ok,6.2878585601617845
2015,External Building Conditions,Foundation crumbling or has open crack or hole,"$10,000 to $19,999",597,597.0,ok,6.393590753950631
2015,External Building Conditions,Foundation crumbling or has open crack or hole,"$100,000 to $119,999",405,405.0,ok,6.0063531596017325
2015,External Building Conditions,Foundation crumbling or has open crack or hole,"$120,000 or more",844,844.0,ok,6.739336627357174
2015,External Building Conditions,Foundation crumbling or has open crack or hole,"$20,000 to $29,999",735,735.0,ok,6.601230118728877
2015,External Building Conditions,Foundation crumbling or has open crack or hole,"$30,000 to $39,999",630,630.0,ok,6.447305862541213
2015,External Building Conditions,Foundation crumbling or has open crack or hole,"$40,000 to $49,999",571,571.0,ok,6.349138991379798
2015,External Building Conditions,Foundation crumbling or has open crack or hole,"$50,000 to $59,999",463,463.0,ok,6.139884552226255
2015,External Building Conditions,Foundation crumbling or has open crack or hole,"$60,000 to $79,999",752,752.0,ok,6.6240652277998935
2015,External Building Conditions,Foundation crumbling or has open crack or hole,"$80,000 to $99,999",524,524.0,ok,6.263398262591624
2015,External Building Conditions,Foundation crumbling or has open crack or hole,"Less than $10,000",574,574.0,ok,6.354370040797351
2015,External Building Conditions,Hole in roof,"$10,000 to $19,999",247,247.0,ok,5.5134287461649825
2015,External Building Conditions,Hole in roof,"$100,000 to $119,999",71,71.0,ok,4.276666119016055
2015,External Building Conditions,Hole in roof,"$120,000 or more",140,140.0,ok,4.948759890378168
2015,External Building Conditions,Hole in roof,"$20,000 to $29,999",207,207.0,ok,5.337538079701318
2015,External Building Conditions,Hole in roof,"$30,000 to $39,999",153,153.0,ok,5.0369526024136295
2015,External Building Conditions,Hole in roof,"$40,000 to $49,999",124,124.0,ok,4.8283137373023015
2015,External Building Conditions,Hole in roof,"$50,000 to $59,999",91,91.0,ok,4.5217885770490405
2015,External Building Conditions,Hole in roof,"$60,000 to $79,999",145,145.0,ok,4.983606621708336
2015,External Building Conditions,Hole in roof,"$80,000 to $99,999",49,49.0,ok,3.912023005428146
2015,External Building Conditions,Hole in roof,"Less than $10,000",298,298.0,ok,5.700443573390686
2015,External Building Conditions,"Missing bricks, siding, or other outside wall material","$10,000 to $19,999",345,345.0,ok,5.846438775057724
2015,External Building Conditions,"Missing bricks, siding, or other outside wall material","$100,000 to $119,999",166,166.0,ok,5.117993812416755
2015,External Building Conditions,"Missing bricks, siding, or other outside wall material","$120,000 or more",246,246.0,ok,5.5093883366279774
2015,External Building Conditions,"Missing bricks, siding, or other outside wall material","$20,000 to $29,999",300,300.0,ok,5.707110264748875
2015,External Building Conditions,"Missing bricks, siding, or other outside wall material","$30,000 to $39,999",275,275.0,ok,5.62040086571715
2015,External Building Conditions,"Missing bricks, siding, or other outside wall material","$40,000 to $49,999",218,218.0,ok,5.389071729816501
2015,External Building Conditions,"Missing bricks, siding, or other outside wall material","$50,000 to $59,999",153,153.0,ok,5.0369526024136295
2015,External Building Conditions,"Missing bricks, siding, or other outside wall material","$60,000 to $79,999",294,294.0,ok,5.68697535633982
2015,External Building Conditions,"Missing bricks, siding, or other outside wall material","$80,000 to $99,999",237,237.0,ok,5.472270673671475
2015,External Building Conditions,"Missing bricks, siding, or other outside wall material","Less than $10,000",408,408.0,ok,6.013715156042802
2015,External Building Conditions,Missing roofing material,"$10,000 to $19,999",404,404.0,ok,6.003887067106539
2015,External Building Conditions,Missing roofing material,"$100,000 to $119,999",218,218.0,ok,5.389071729816501
2015,External Building Conditions,Missing roofing material,"$120,000 or more",387,387.0,ok,5.961005339623274
2015,External Building Conditions,Missing roofing material,"$20,000 to $29,999",398,398.0,ok,5.988961416889864
2015,External Building Conditions,Missing roofing material,"$30,000 to $39,999",269,269.0,ok,5.598421958998375
2015,External Building Conditions,Missing roofing material,"$40,000 to $49,999",307,307.0,ok,5.730099782973575
2015,External Building Conditions,Missing roofing material,"$50,000 to $59,999",239,239.0,ok,5.480638923341991
2015,External Building Conditions,Missing roofing material,"$60,000 to $79,999",407,407.0,ok,6.0112671744041615
2015,External Building Conditions,Missing roofing material,"$80,000 to $99,999",263,263.0,ok,5.575949103146316
2015,External Building Conditions,Missing roofing material,"Less than $10,000",391,391.0,ok,5.971261839790462
2015,External Building Conditions,None of the above,"$10,000 to $19,999","5,781",5781.0,ok,8.662504922576291
2015,External Building Conditions,None of the above,"$100,000 to $119,999","5,861",5861.0,ok,8.676246121270838
2015,External Building Conditions,None of the above,"$120,000 or more","14,519",14519.0,ok,9.583282288378786
2015,External Building Conditions,None of the above,"$20,000 to $29,999","6,421",6421.0,ok,8.76748487464946
2015,External Building Conditions,None of the above,"$30,000 to $39,999","6,451",6451.0,ok,8.772145439245099
2015,External Building Conditions,None of the above,"$40,000 to $49,999","6,088",6088.0,ok,8.714239143608575
2015,External Building Conditions,None of the above,"$50,000 to $59,999","5,580",5580.0,ok,8.627123250788433
2015,External Building Conditions,None of the above,"$60,000 to $79,999","9,619",9619.0,ok,9.171599543659752
2015,External Building Conditions,None of the above,"$80,000 to $99,999","7,412",7412.0,ok,8.910990494656719
2015,External Building Conditions,None of the above,"Less than $10,000","4,418",4418.0,ok,8.39366870513074
2015,External Building Conditions,Not reported,"$10,000 to $19,999",S,,suppressed,
2015,External Building Conditions,Not reported,"$100,000 to $119,999",S,,suppressed,
2015,External Building Conditions,Not reported,"$120,000 or more",47,47.0,ok,3.8712010109078907
2015,External Building Conditions,Not reported,"$20,000 to $29,999",S,,suppressed,
2015,External Building Conditions,Not reported,"$30,000 to $39,999",S,,suppressed,
2015,External Building Conditions,Not reported,"$40,000 to $49,999",S,,suppressed,
2015,External Building Conditions,Not reported,"$50,000 to $59,999",S,,suppressed,
2015,External Building Conditions,Not reported,"$60,000 to $79,999",31,31.0,ok,3.4657359027997265
2015,External Building Conditions,Not reported,"$80,000 to $99,999",S,,suppressed,
2015,External Building Conditions,Not reported,"Less than $10,000",S,,suppressed,
2015,External Building Conditions,Sagging roof,"$10,000 to $19,999",303,303.0,ok,5.717027701406222
2015,External Building Conditions,Sagging roof,"$100,000 to $119,999",99,99.0,ok,4.605170185988092
2015,External Building Conditions,Sagging roof,"$120,000 or more",200,200.0,ok,5.303304908059076
2015,External Building Conditions,Sagging roof,"$20,000 to $29,999",289,289.0,ok,5.66988092298052
2015,External Building Conditions,Sagging roof,"$30,000 to $39,999",229,229.0,ok,5.438079308923196
2015,External Building Conditions,Sagging roof,"$40,000 to $49,999",188,188.0,ok,5.241747015059643
2015,External Building Conditions,Sagging roof,"$50,000 to $59,999",122,122.0,ok,4.812184355372417
2015,External Building Conditions,Sagging roof,"$60,000 to $79,999",254,254.0,ok,5.541263545158426
2015,External Building Conditions,Sagging roof,"$80,000 to $99,999",158,158.0,ok,5.0689042022202315
2015,External Building Conditions,Sagging roof,"Less than $10,000",323,323.0,ok,5.780743515792329
2015,External Building Conditions,Sloping outside walls,"$10,000 to $19,999",200,200.0,ok,5.303304908059076
2015,External Building Conditions,Sloping outside walls,"$100,000 to $119,999",48,48.0,ok,3.8918202981106265
2015,External Building Conditions,Sloping outside walls,"$120,000 or more",92,92.0,ok,4.532599493153256
2015,External Building Conditions,Sloping outside walls,"$20,000 to $29,999",145,145.0,ok,4.983606621708336
2015,External Building Conditions,Sloping outside walls,"$30,000 to $39,999",127,127.0,ok,4.852030263919617
2015,External Building Conditions,Sloping outside walls,"$40,000 to $49,999",99,99.0,ok,4.605170185988092
2015,External Building Conditions,Sloping outside walls,"$50,000 to $59,999",79,79.0,ok,4.382026634673881
2015,External Building Conditions,Sloping outside walls,"$60,000 to $79,999",145,145.0,ok,4.983606621708336
2015,External Building Conditions,Sloping outside walls,"$80,000 to $99,999",89,89.0,ok,4.499809670330265
2015,External Building Conditions,Sloping outside walls,"Less than $10,000",231,231.0,ok,5.44673737166631
2015,Flush Toilet Breakdowns,No breakdowns lasting 6 hours or more,"$10,000 to $19,999",107,107.0,ok,4.68213122712422
2015,Flush Toilet Breakdowns,No breakdowns lasting 6 hours or more,"$100,000 to $119,999",S,,suppressed,
2015,Flush Toilet Breakdowns,No breakdowns lasting 6 hours or more,"$120,000 or more",S,,suppressed,
2015,Flush Toilet Breakdowns,No breakdowns lasting 6 hours or more,"$20,000 to $29,999",76,76.0,ok,4.343805421853684
2015,Flush Toilet Breakdowns,No breakdowns lasting 6 hours or more,"$30,000 to $39,999",51,51.0,ok,3.9512437185814275
2015,Flush Toilet Breakdowns,No breakdowns lasting 6 hours or more,"$40,000 to $49,999",73,73.0,ok,4.304065093204169
2015,Flush Toilet Breakdowns,No breakdowns lasting 6 hours or more,"$50,000 to $59,999",43,43.0,ok,3.784189633918261
2015,Flush Toilet Breakdowns,No breakdowns lasting 6 hours or more,"$60,000 to $79,999",43,43.0,ok,3.784189633918261
2015,Flush Toilet Breakdowns,No breakdowns lasting 6 hours or more,"$80,000 to $99,999",37,37.0,ok,3.6375861597263857
2015,Flush Toilet Breakdowns,No breakdowns lasting 6 hours or more,"Less than $10,000",76,76.0,ok,4.343805421853684
2015,Flush Toilet Breakdowns,None working some time in last 3 months,"$10,000 to $19,999",421,421.0,ok,6.045005314036012
2015,Flush Toilet Breakdowns,None working some time in last 3 months,"$100,000 to $119,999",82,82.0,ok,4.418840607796598
2015,Flush Toilet Breakdowns,None working some time in last 3 months,"$120,000 or more",154,154.0,ok,5.043425116919247
2015,Flush Toilet Breakdowns,None working some time in last 3 months,"$20,000 to $29,999",342,342.0,ok,5.83773044716594
2015,Flush Toilet Breakdowns,None working some time in last 3 months,"$30,000 to $39,999",274,274.0,ok,5.616771097666572
2015,Flush Toilet Breakdowns,None working some time in last 3 months,"$40,000 to $49,999",259,259.0,ok,5.560681631015528
2015,Flush Toilet Breakdowns,None working some time in last 3 months,"$50,000 to $59,999",164,164.0,ok,5.10594547390058
2015,Flush Toilet Breakdowns,None working some time in last 3 months,"$60,000 to $79,999",202,202.0,ok,5.313205979041787
2015,Flush Toilet Breakdowns,None working some time in last 3 months,"$80,000 to $99,999",154,154.0,ok,5.043425116919247
2015,Flush Toilet Breakdowns,None working some time in last 3 months,"Less than $10,000",396,396.0,ok,5.983936280687191
2015,Flush Toilet Breakdowns,With at least one toilet working at all times in last 3 months,"$10,000 to $19,999","11,687",11687.0,ok,9.366317953430535
2015,Flush Toilet Breakdowns,With at least one toilet working at all times in last 3 months,"$100,000 to $119,999","7,817",7817.0,ok,8.9641840463529
2015,Flush Toilet Breakdowns,With at least one toilet working at all times in last 3 months,"$120,000 or more","18,486",18486.0,ok,9.824823061352445
2015,Flush Toilet Breakdowns,With at least one toilet working at all times in last 3 months,"$20,000 to $29,999","11,940",11940.0,ok,9.387733135533384
2015,Flush Toilet Breakdowns,With at least one toilet working at all times in last 3 months,"$30,000 to $39,999","11,264",11264.0,ok,9.329455852866344
2015,Flush Toilet Breakdowns,With at least one toilet working at all times in last 3 months,"$40,000 to $49,999","9,798",9798.0,ok,9.190035618635818
2015,Flush Toilet Breakdowns,With at least one toilet working at all times in last 3 months,"$50,000 to $59,999","8,648",8648.0,ok,9.065198986306513
2015,Flush Toilet Breakdowns,With at least one toilet working at all times in last 3 months,"$60,000 to $79,999","14,497",14497.0,ok,9.581765987860823
2015,Flush Toilet Breakdowns,With at least one toilet working at all times in last 3 months,"$80,000 to $99,999","10,344",10344.0,ok,9.244258590179644
2015,Flush Toilet Breakdowns,With at least one toilet working at all times in last 3 months,"Less than $10,000","10,144",10144.0,ok,9.224736252259914
2015,Flush Toilet Breakdowns,With one or more flush toilets,"$10,000 to $19,999","12,204",12204.0,ok,9.40960098282706
2015,Flush Toilet Breakdowns,With one or more flush toilets,"$100,000 to $119,999","7,982",7982.0,ok,8.9850695596458
2015,Flush Toilet Breakdowns,With one or more flush toilets,"$120,000 or more","18,781",18781.0,ok,9.84065424336456
2015,Flush Toilet Breakdowns,With one or more flush toilets,"$20,000 to $29,999","12,368",12368.0,ok,9.42294862137501
2015,Flush Toilet Breakdowns,With one or more flush toilets,"$30,000 to $39,999","11,638",11638.0,ok,9.362116806941977
2015,Flush Toilet Breakdowns,With one or more flush toilets,"$40,000 to $49,999","10,162",10162.0,ok,9.226508953137767
2015,Flush Toilet Breakdowns,With one or more flush toilets,"$50,000 to $59,999","8,904",8904.0,ok,9.094368195723762
2015,Flush Toilet Breakdowns,With one or more flush toilets,"$60,000 to $79,999","14,829",14829.0,ok,9.604407435131979
2015,Flush Toilet Breakdowns,With one or more flush toilets,"$80,000 to $99,999","10,586",10586.0,ok,9.26738211234338
2015,Flush Toilet Breakdowns,With one or more flush toilets,"Less than $10,000","10,708",10708.0,ok,9.278839788400875
2015,Heating Problems,Equipment breakdowns,"$10,000 to $19,999",457,457.0,ok,6.126869184114185
2015,Heating Problems,Equipment breakdowns,"$100,000 to $119,999",169,169.0,ok,5.135798437050262
2015,Heating Problems,Equipment breakdowns,"$120,000 or more",388,388.0,ok,5.963579343618446
2015,Heating Problems,Equipment breakdowns,"$20,000 to $29,999",386,386.0,ok,5.958424693029782
2015,Heating Problems,Equipment breakdowns,"$30,000 to $39,999",371,371.0,ok,5.918893854273146
2015,Heating Problems,Equipment breakdowns,"$40,000 to $49,999",325,325.0,ok,5.786897381366708
2015,Heating Problems,Equipment breakdowns,"$50,000 to $59,999",219,219.0,ok,5.393627546352361
2015,Heating Problems,Equipment breakdowns,"$60,000 to $79,999",424,424.0,ok,6.052089168924417
2015,Heating Problems,Equipment breakdowns,"$80,000 to $99,999",220,220.0,ok,5.3981627015177525
2015,Heating Problems,Equipment breakdowns,"Less than $10,000",434,434.0,ok,6.075346031088684
2015,Heating Problems,No breakdowns lasting 6 hours or more,"$10,000 to $19,999",S,,suppressed,
2015,Heating Problems,No breakdowns lasting 6 hours or more,"$100,000 to $119,999",S,,suppressed,
2015,Heating Problems,No breakdowns lasting 6 hours or more,"$120,000 or more",S,,suppressed,
2015,Heating Problems,No breakdowns lasting 6 hours or more,"$20,000 to $29,999",S,,suppressed,
2015,Heating Problems,No breakdowns lasting 6 hours or more,"$30,000 to $39,999",S,,suppressed,
2015,Heating Problems,No breakdowns lasting 6 hours or more,"$40,000 to $49,999",S,,suppressed,
2015,Heating Problems,No breakdowns lasting 6 hours or more,"$50,000 to $59,999",S,,suppressed,
2015,Heating Problems,No breakdowns lasting 6 hours or more,"$60,000 to $79,999",S,,suppressed,
2015,Heating Problems,No breakdowns lasting 6 hours or more,"$80,000 to $99,999",S,,suppressed,
2015,Heating Problems,No breakdowns lasting 6 hours or more,"Less than $10,000",S,,suppressed,
2015,Heating Problems,Not uncomfortably cold for 24 hours or more,"$10,000 to $19,999","9,948",9948.0,ok,9.20522732258936
2015,Heating Problems,Not uncomfortably cold for 24 hours or more,"$100,000 to $119,999","7,071",7071.0,ok,8.863898604317479
2015,Heating Problems,Not uncomfortably cold for 24 hours or more,"$120,000 or more","16,890",16890.0,ok,9.734536214680345
2015,Heating Problems,Not uncomfortably cold for 24 hours or more,"$20,000 to $29,999","10,383",10383.0,ok,9.248021438943871
2015,Heating Problems,Not uncomfortably cold for 24 hours or more,"$30,000 to $39,999","9,740",9740.0,ok,9.184099060770956
2015,Heating Problems,Not uncomfortably cold for 24 hours or more,"$40,000 to $49,999","8,612",8612.0,ok,9.061027968789174
2015,Heating Problems,Not uncomfortably cold for 24 hours or more,"$50,000 to $59,999","7,709",7709.0,ok,8.950273466557375
2015,Heating Problems,Not uncomfortably cold for 24 hours or more,"$60,000 to $79,999","12,838",12838.0,ok,9.460242692591084
2015,Heating Problems,Not uncomfortably cold for 24 hours or more,"$80,000 to $99,999","9,271",9271.0,ok,9.134754385019587
2015,Heating Problems,Not uncomfortably cold for 24 hours or more,"Less than $10,000","8,459",8459.0,ok,9.04310445260027
2015,Heating Problems,Uncomfortably cold for 24 hours or more,"$10,000 to $19,999","1,308",1308.0,ok,7.1770187659099
2015,Heating Problems,Uncomfortably cold for 24 hours or more,"$100,000 to $119,999",488,488.0,ok,6.192362489474872
2015,Heating Problems,Uncomfortably cold for 24 hours or more,"$120,000 or more","1,081",1081.0,ok,6.9865664594064265
2015,Heating Problems,Uncomfortably cold for 24 hours or more,"$20,000 to $29,999","1,137",1137.0,ok,7.037027614686276
2015,Heating Problems,Uncomfortably cold for 24 hours or more,"$30,000 to $39,999","1,070",1070.0,ok,6.976348070447749
2015,Heating Problems,Uncomfortably cold for 24 hours or more,"$40,000 to $49,999",927,927.0,ok,6.833031732786201
2015,Heating Problems,Uncomfortably cold for 24 hours or more,"$50,000 to $59,999",668,668.0,ok,6.505784060128229
2015,Heating Problems,Uncomfortably cold for 24 hours or more,"$60,000 to $79,999","1,063",1063.0,ok,6.96979066990159
2015,Heating Problems,Uncomfortably cold for 24 hours or more,"$80,000 to $99,999",698,698.0,ok,6.54965074223381
2015,Heating Problems,Uncomfortably cold for 24 hours or more,"Less than $10,000","1,213",1213.0,ok,7.101675971619444
2015,Heating Problems,With heating equipment and occupied last winter,"$10,000 to $19,999","11,429",11429.0,ok,9.343996756788856
2015,Heating Problems,With heating equipment and occupied last winter,"$100,000 to $119,999","7,661",7661.0,ok,8.944028325260595
2015,Heating Problems,With heating equipment and occupied last winter,"$120,000 or more","18,153",18153.0,ok,9.806646201086572
2015,Heating Problems,With heating equipment and occupied last winter,"$20,000 to $29,999","11,660",11660.0,ok,9.364005219520333
2015,Heating Problems,With heating equipment and occupied last winter,"$30,000 to $39,999","10,957",10957.0,ok,9.301825062098361
2015,Heating Problems,With heating equipment and occupied last winter,"$40,000 to $49,999","9,686",9686.0,ok,9.178540059426386
2015,Heating Problems,With heating equipment and occupied last winter,"$50,000 to $59,999","8,479",8479.0,ok,9.045465728785949
2015,Heating Problems,With heating equipment and occupied last winter,"$60,000 to $79,999","14,063",14063.0,ok,9.551373619924957
2015,Heating Problems,With heating equipment and occupied last winter,"$80,000 to $99,999","10,109",10109.0,ok,9.221280312014517
2015,Heating Problems,With heating equipment and occupied last winter,"Less than $10,000","9,894",9894.0,ok,9.199784858036667
2015,Housing Adequacy,Adequate,"$10,000 to $19,999","11,149",11149.0,ok,9.319194776888265
2015,Housing Adequacy,Adequate,"$100,000 to $119,999","7,740",7740.0,ok,8.954286157204713
2015,Housing Adequacy,Adequate,"$120,000 or more","18,310",18310.0,ok,9.815257251141714
2015,Housing Adequacy,Adequate,"$20,000 to $29,999","11,469",11469.0,ok,9.347490210123416
2015,Housing Adequacy,Adequate,"$30,000 to $39,999","10,895",10895.0,ok,9.296151028389293
2015,Housing Adequacy,Adequate,"$40,000 to $49,999","9,602",9602.0,ok,9.169830828637973
2015,Housing Adequacy,Adequate,"$50,000 to $59,999","8,482",8482.0,ok,9.045819439807735
2015,Housing Adequacy,Adequate,"$60,000 to $79,999","14,184",14184.0,ok,9.559940347242952
2015,Housing Adequacy,Adequate,"$80,000 to $99,999","10,213",10213.0,ok,9.23151460720759
2015,Housing Adequacy,Adequate,"Less than $10,000","9,567",9567.0,ok,9.166179476190413
2015,Housing Adequacy,Electric,"$10,000 to $19,999",S,,suppressed,
2015,Housing Adequacy,Electric,"$100,000 to $119,999",S,,suppressed,
2015,Housing Adequacy,Electric,"$120,000 or more",S,,suppressed,
2015,Housing Adequacy,Electric,"$20,000 to $29,999",S,,suppressed,
2015,Housing Adequacy,Electric,"$30,000 to $39,999",S,,suppressed,
2015,Housing Adequacy,Electric,"$40,000 to $49,999",S,,suppressed,
2015,Housing Adequacy,Electric,"$50,000 to $59,999",S,,suppressed,
2015,Housing Adequacy,Electric,"$60,000 to $79,999",S,,suppressed,
2015,Housing Adequacy,Electric,"$80,000 to $99,999",S,,suppressed,
2015,Housing Adequacy,Electric,"Less than $10,000",S,,suppressed,
2015,Housing Adequacy,Heating,"$10,000 to $19,999",140,140.0,ok,4.948759890378168
2015,Housing Adequacy,Heating,"$100,000 to $119,999",S,,suppressed,
2015,Housing Adequacy,Heating,"$120,000 or more",79,79.0,ok,4.382026634673881
2015,Housing Adequacy,Heating,"$20,000 to $29,999",111,111.0,ok,4.718498871295094
2015,Housing Adequacy,Heating,"$30,000 to $39,999",79,79.0,ok,4.382026634673881
2015,Housing Adequacy,Heating,"$40,000 to $49,999",78,78.0,ok,4.3694478524670215
2015,Housing Adequacy,Heating,"$50,000 to $59,999",52,52.0,ok,3.970291913552122
2015,Housing Adequacy,Heating,"$60,000 to $79,999",96,96.0,ok,4.574710978503383
2015,Housing Adequacy,Heating,"$80,000 to $99,999",37,37.0,ok,3.6375861597263857
2015,Housing Adequacy,Heating,"Less than $10,000",158,158.0,ok,5.0689042022202315
2015,Housing Adequacy,Moderately inadequate,"$10,000 to $19,999",800,800.0,ok,6.68586094706836
2015,Housing Adequacy,Moderately inadequate,"$100,000 to $119,999",203,203.0,ok,5.318119993844216
2015,Housing Adequacy,Moderately inadequate,"$120,000 or more",371,371.0,ok,5.918893854273146
2015,Housing Adequacy,Moderately inadequate,"$20,000 to $29,999",718,718.0,ok,6.577861357721047
2015,Housing Adequacy,Moderately inadequate,"$30,000 to $39,999",619,619.0,ok,6.429719478039138
2015,Housing Adequacy,Moderately inadequate,"$40,000 to $49,999",438,438.0,ok,6.0844994130751715
2015,Housing Adequacy,Moderately inadequate,"$50,000 to $59,999",349,349.0,ok,5.857933154483459
2015,Housing Adequacy,Moderately inadequate,"$60,000 to $79,999",512,512.0,ok,6.240275845170769
2015,Housing Adequacy,Moderately inadequate,"$80,000 to $99,999",308,308.0,ok,5.733341276897746
2015,Housing Adequacy,Moderately inadequate,"Less than $10,000",859,859.0,ok,6.756932389247553
2015,Housing Adequacy,Other,"$10,000 to $19,999",438,438.0,ok,6.0844994130751715
2015,Housing Adequacy,Other,"$100,000 to $119,999",88,88.0,ok,4.48863636973214
2015,Housing Adequacy,Other,"$120,000 or more",149,149.0,ok,5.0106352940962555
2015,Housing Adequacy,Other,"$20,000 to $29,999",397,397.0,ok,5.986452005284438
2015,Housing Adequacy,Other,"$30,000 to $39,999",324,324.0,ok,5.783825182329737
2015,Housing Adequacy,Other,"$40,000 to $49,999",204,204.0,ok,5.3230099791384085
2015,Housing Adequacy,Other,"$50,000 to $59,999",165,165.0,ok,5.111987788356544
2015,Housing Adequacy,Other,"$60,000 to $79,999",235,235.0,ok,5.4638318050256105
2015,Housing Adequacy,Other,"$80,000 to $99,999",140,140.0,ok,4.948759890378168
2015,Housing Adequacy,Other,"Less than $10,000",528,528.0,ok,6.270988431858299
2015,Housing Adequacy,Plumbing,"$10,000 to $19,999",100,100.0,ok,4.61512051684126
2015,Housing Adequacy,Plumbing,"$100,000 to $119,999",S,,suppressed,
2015,Housing Adequacy,Plumbing,"$120,000 or more",S,,suppressed,
2015,Housing Adequacy,Plumbing,"$20,000 to $29,999",44,44.0,ok,3.8066624897703196
2015,Housing Adequacy,Plumbing,"$30,000 to $39,999",S,,suppressed,
2015,Housing Adequacy,Plumbing,"$40,000 to $49,999",S,,suppressed,
2015,Housing Adequacy,Plumbing,"$50,000 to $59,999",S,,suppressed,
2015,Housing Adequacy,Plumbing,"$60,000 to $79,999",S,,suppressed,
2015,Housing Adequacy,Plumbing,"$80,000 to $99,999",S,,suppressed,
2015,Housing Adequacy,Plumbing,"Less than $10,000",59,59.0,ok,4.0943445622221
2015,Housing Adequacy,Severely inadequate,"$10,000 to $19,999",296,296.0,ok,5.6937321388027
2015,Housing Adequacy,Severely inadequate,"$100,000 to $119,999",40,40.0,ok,3.713572066704308
2015,Housing Adequacy,Severely inadequate,"$120,000 or more",103,103.0,ok,4.6443908991413725
2015,Housing Adequacy,Severely inadequate,"$20,000 to $29,999",210,210.0,ok,5.351858133476067
2015,Housing Adequacy,Severely inadequate,"$30,000 to $39,999",125,125.0,ok,4.836281906951478
2015,Housing Adequacy,Severely inadequate,"$40,000 to $49,999",135,135.0,ok,4.912654885736052
2015,Housing Adequacy,Severely inadequate,"$50,000 to $59,999",78,78.0,ok,4.3694478524670215
2015,Housing Adequacy,Severely inadequate,"$60,000 to $79,999",133,133.0,ok,4.897839799950911
2015,Housing Adequacy,Severely inadequate,"$80,000 to $99,999",65,65.0,ok,4.189654742026425
2015,Housing Adequacy,Severely inadequate,"Less than $10,000",314,314.0,ok,5.752572638825633
2015,Housing Adequacy,Upkeep,"$10,000 to $19,999",62,62.0,ok,4.143134726391533
2015,Housing Adequacy,Upkeep,"$100,000 to $119,999",S,,suppressed,
2015,Housing Adequacy,Upkeep,"$120,000 or more",S,,suppressed,
2015,Housing Adequacy,Upkeep,"$20,000 to $29,999",40,40.0,ok,3.713572066704308
2015,Housing Adequacy,Upkeep,"$30,000 to $39,999",S,,suppressed,
2015,Housing Adequacy,Upkeep,"$40,000 to $49,999",S,,suppressed,
2015,Housing Adequacy,Upkeep,"$50,000 to $59,999",S,,suppressed,
2015,Housing Adequacy,Upkeep,"$60,000 to $79,999",S,,suppressed,
2015,Housing Adequacy,Upkeep,"$80,000 to $99,999",S,,suppressed,
2015,Housing Adequacy,Upkeep,"Less than $10,000",98,98.0,ok,4.59511985013459
2015,Housing Adequacy,Wiring,"$10,000 to $19,999",S,,suppressed,
2015,Housing Adequacy,Wiring,"$100,000 to $119,999",.,,blank_or_na,
2015,Housing Adequacy,Wiring,"$120,000 or more",.,,blank_or_na,
2015,Housing Adequacy,Wiring,"$20,000 to $29,999",S,,suppressed,
2015,Housing Adequacy,Wiring,"$30,000 to $39,999",S,,suppressed,
2015,Housing Adequacy,Wiring,"$40,000 to $49,999",S,,suppressed,
2015,Housing Adequacy,Wiring,"$50,000 to $59,999",S,,suppressed,
2015,Housing Adequacy,Wiring,"$60,000 to $79,999",.,,blank_or_na,
2015,Housing Adequacy,Wiring,"$80,000 to $99,999",.,,blank_or_na,
2015,Housing Adequacy,Wiring,"Less than $10,000",S,,suppressed,
2015,Mold,Basement,"$10,000 to $19,999",66,66.0,ok,4.204692619390966
2015,Mold,Basement,"$100,000 to $119,999",46,46.0,ok,3.8501476017100584
2015,Mold,Basement,"$120,000 or more",97,97.0,ok,4.584967478670572
2015,Mold,Basement,"$20,000 to $29,999",98,98.0,ok,4.59511985013459
2015,Mold,Basement,"$30,000 to $39,999",63,63.0,ok,4.1588830833596715
2015,Mold,Basement,"$40,000 to $49,999",60,60.0,ok,4.110873864173311
2015,Mold,Basement,"$50,000 to $59,999",52,52.0,ok,3.970291913552122
2015,Mold,Basement,"$60,000 to $79,999",100,100.0,ok,4.61512051684126
2015,Mold,Basement,"$80,000 to $99,999",59,59.0,ok,4.0943445622221
2015,Mold,Basement,"Less than $10,000",73,73.0,ok,4.304065093204169
2015,Mold,Bathroom(s),"$10,000 to $19,999",331,331.0,ok,5.805134968916488
2015,Mold,Bathroom(s),"$100,000 to $119,999",78,78.0,ok,4.3694478524670215
2015,Mold,Bathroom(s),"$120,000 or more",146,146.0,ok,4.990432586778736
2015,Mold,Bathroom(s),"$20,000 to $29,999",283,283.0,ok,5.648974238161206
2015,Mold,Bathroom(s),"$30,000 to $39,999",239,239.0,ok,5.480638923341991
2015,Mold,Bathroom(s),"$40,000 to $49,999",166,166.0,ok,5.117993812416755
2015,Mold,Bathroom(s),"$50,000 to $59,999",123,123.0,ok,4.820281565605037
2015,Mold,Bathroom(s),"$60,000 to $79,999",157,157.0,ok,5.062595033026967
2015,Mold,Bathroom(s),"$80,000 to $99,999",111,111.0,ok,4.718498871295094
2015,Mold,Bathroom(s),"Less than $10,000",305,305.0,ok,5.723585101952381
2015,Mold,Bedroom(s),"$10,000 to $19,999",178,178.0,ok,5.187385805840755
2015,Mold,Bedroom(s),"$100,000 to $119,999",49,49.0,ok,3.912023005428146
2015,Mold,Bedroom(s),"$120,000 or more",81,81.0,ok,4.406719247264253
2015,Mold,Bedroom(s),"$20,000 to $29,999",165,165.0,ok,5.111987788356544
2015,Mold,Bedroom(s),"$30,000 to $39,999",146,146.0,ok,4.990432586778736
2015,Mold,Bedroom(s),"$40,000 to $49,999",95,95.0,ok,4.564348191467836
2015,Mold,Bedroom(s),"$50,000 to $59,999",68,68.0,ok,4.23410650459726
2015,Mold,Bedroom(s),"$60,000 to $79,999",100,100.0,ok,4.61512051684126
2015,Mold,Bedroom(s),"$80,000 to $99,999",59,59.0,ok,4.0943445622221
2015,Mold,Bedroom(s),"Less than $10,000",182,182.0,ok,5.209486152841421
2015,Mold,Housing units with mold in last 12 months,"$10,000 to $19,999",650,650.0,ok,6.478509642208569
2015,Mold,Housing units with mold in last 12 months,"$100,000 to $119,999",205,205.0,ok,5.327876168789581
2015,Mold,Housing units with mold in last 12 months,"$120,000 or more",401,401.0,ok,5.996452088619021
2015,Mold,Housing units with mold in last 12 months,"$20,000 to $29,999",569,569.0,ok,6.345636360828596
2015,Mold,Housing units with mold in last 12 months,"$30,000 to $39,999",471,471.0,ok,6.156978985585555
2015,Mold,Housing units with mold in last 12 months,"$40,000 to $49,999",378,378.0,ok,5.937536205082426
2015,Mold,Housing units with mold in last 12 months,"$50,000 to $59,999",279,279.0,ok,5.634789603169249
2015,Mold,Housing units with mold in last 12 months,"$60,000 to $79,999",458,458.0,ok,6.129050210060545
2015,Mold,Housing units with mold in last 12 months,"$80,000 to $99,999",281,281.0,ok,5.641907070938114
2015,Mold,Housing units with mold in last 12 months,"Less than $10,000",612,612.0,ok,6.418364935936212
2015,Mold,Kitchen,"$10,000 to $19,999",149,149.0,ok,5.0106352940962555
2015,Mold,Kitchen,"$100,000 to $119,999",45,45.0,ok,3.828641396489095
2015,Mold,Kitchen,"$120,000 or more",44,44.0,ok,3.8066624897703196
2015,Mold,Kitchen,"$20,000 to $29,999",102,102.0,ok,4.634728988229636
2015,Mold,Kitchen,"$30,000 to $39,999",69,69.0,ok,4.248495242049359
2015,Mold,Kitchen,"$40,000 to $49,999",38,38.0,ok,3.6635616461296463
2015,Mold,Kitchen,"$50,000 to $59,999",35,35.0,ok,3.58351893845611
2015,Mold,Kitchen,"$60,000 to $79,999",48,48.0,ok,3.8918202981106265
2015,Mold,Kitchen,"$80,000 to $99,999",39,39.0,ok,3.6888794541139363
2015,Mold,Kitchen,"Less than $10,000",111,111.0,ok,4.718498871295094
2015,Mold,Living room,"$10,000 to $19,999",82,82.0,ok,4.418840607796598
2015,Mold,Living room,"$100,000 to $119,999",32,32.0,ok,3.4965075614664802
2015,Mold,Living room,"$120,000 or more",S,,suppressed,
2015,Mold,Living room,"$20,000 to $29,999",93,93.0,ok,4.543294782270004
2015,Mold,Living room,"$30,000 to $39,999",47,47.0,ok,3.8712010109078907
2015,Mold,Living room,"$40,000 to $49,999",51,51.0,ok,3.9512437185814275
2015,Mold,Living room,"$50,000 to $59,999",S,,suppressed,
2015,Mold,Living room,"$60,000 to $79,999",50,50.0,ok,3.9318256327243257
2015,Mold,Living room,"$80,000 to $99,999",S,,suppressed,
2015,Mold,Living room,"Less than $10,000",125,125.0,ok,4.836281906951478
2015,Mold,Not reported,"$10,000 to $19,999",108,108.0,ok,4.6913478822291435
2015,Mold,Not reported,"$100,000 to $119,999",86,86.0,ok,4.465908118654584
2015,Mold,Not reported,"$120,000 or more",150,150.0,ok,5.017279836814924
2015,Mold,Not reported,"$20,000 to $29,999",102,102.0,ok,4.634728988229636
2015,Mold,Not reported,"$30,000 to $39,999",109,109.0,ok,4.700480365792417
2015,Mold,Not reported,"$40,000 to $49,999",116,116.0,ok,4.762173934797756
2015,Mold,Not reported,"$50,000 to $59,999",100,100.0,ok,4.61512051684126
2015,Mold,Not reported,"$60,000 to $79,999",137,137.0,ok,4.927253685157205
2015,Mold,Not reported,"$80,000 to $99,999",95,95.0,ok,4.564348191467836
2015,Mold,Not reported,"Less than $10,000",201,201.0,ok,5.308267697401205
2015,Mold,Other room,"$10,000 to $19,999",67,67.0,ok,4.219507705176107
2015,Mold,Other room,"$100,000 to $119,999",S,,suppressed,
2015,Mold,Other room,"$120,000 or more",71,71.0,ok,4.276666119016055
2015,Mold,Other room,"$20,000 to $29,999",61,61.0,ok,4.127134385045092
2015,Mold,Other room,"$30,000 to $39,999",42,42.0,ok,3.7612001156935624
2015,Mold,Other room,"$40,000 to $49,999",51,51.0,ok,3.9512437185814275
2015,Mold,Other room,"$50,000 to $59,999",36,36.0,ok,3.6109179126442243
2015,Mold,Other room,"$60,000 to $79,999",80,80.0,ok,4.394449154672439
2015,Mold,Other room,"$80,000 to $99,999",45,45.0,ok,3.828641396489095
2015,Mold,Other room,"Less than $10,000",65,65.0,ok,4.189654742026425
2015,Number of breakdowns that lasted 6 hours or more:,1,"$10,000 to $19,999",200,200.0,ok,5.303304908059076
2015,Number of breakdowns that lasted 6 hours or more:,1,"$100,000 to $119,999",45,45.0,ok,3.828641396489095
2015,Number of breakdowns that lasted 6 hours or more:,1,"$120,000 or more",92,92.0,ok,4.532599493153256
2015,Number of breakdowns that lasted 6 hours or more:,1,"$20,000 to $29,999",168,168.0,ok,5.1298987149230735
2015,Number of breakdowns that lasted 6 hours or more:,1,"$30,000 to $39,999",146,146.0,ok,4.990432586778736
2015,Number of breakdowns that lasted 6 hours or more:,1,"$40,000 to $49,999",121,121.0,ok,4.804021044733257
2015,Number of breakdowns that lasted 6 hours or more:,1,"$50,000 to $59,999",74,74.0,ok,4.31748811353631
2015,Number of breakdowns that lasted 6 hours or more:,1,"$60,000 to $79,999",111,111.0,ok,4.718498871295094
2015,Number of breakdowns that lasted 6 hours or more:,1,"$80,000 to $99,999",88,88.0,ok,4.48863636973214
2015,Number of breakdowns that lasted 6 hours or more:,1,"Less than $10,000",156,156.0,ok,5.056245805348308
2015,Number of breakdowns that lasted 6 hours or more:,2,"$10,000 to $19,999",47,47.0,ok,3.8712010109078907
2015,Number of breakdowns that lasted 6 hours or more:,2,"$100,000 to $119,999",S,,suppressed,
2015,Number of breakdowns that lasted 6 hours or more:,2,"$120,000 or more",S,,suppressed,
2015,Number of breakdowns that lasted 6 hours or more:,2,"$20,000 to $29,999",S,,suppressed,
2015,Number of breakdowns that lasted 6 hours or more:,2,"$30,000 to $39,999",S,,suppressed,
2015,Number of breakdowns that lasted 6 hours or more:,2,"$40,000 to $49,999",S,,suppressed,
2015,Number of breakdowns that lasted 6 hours or more:,2,"$50,000 to $59,999",S,,suppressed,
2015,Number of breakdowns that lasted 6 hours or more:,2,"$60,000 to $79,999",S,,suppressed,
2015,Number of breakdowns that lasted 6 hours or more:,2,"$80,000 to $99,999",S,,suppressed,
2015,Number of breakdowns that lasted 6 hours or more:,2,"Less than $10,000",51,51.0,ok,3.9512437185814275
2015,Number of breakdowns that lasted 6 hours or more:,3,"$10,000 to $19,999",S,,suppressed,
2015,Number of breakdowns that lasted 6 hours or more:,3,"$100,000 to $119,999",.,,blank_or_na,
2015,Number of breakdowns that lasted 6 hours or more:,3,"$120,000 or more",S,,suppressed,
2015,Number of breakdowns that lasted 6 hours or more:,3,"$20,000 to $29,999",18,18.0,ok,2.9444389791664403
2015,Number of breakdowns that lasted 6 hours or more:,3,"$30,000 to $39,999",S,,suppressed,
2015,Number of breakdowns that lasted 6 hours or more:,3,"$40,000 to $49,999",S,,suppressed,
2015,Number of breakdowns that lasted 6 hours or more:,3,"$50,000 to $59,999",S,,suppressed,
2015,Number of breakdowns that lasted 6 hours or more:,3,"$60,000 to $79,999",S,,suppressed,
2015,Number of breakdowns that lasted 6 hours or more:,3,"$80,000 to $99,999",S,,suppressed,
2015,Number of breakdowns that lasted 6 hours or more:,3,"Less than $10,000",S,,suppressed,
2015,Number of breakdowns that lasted 6 hours or more:,4 or more,"$10,000 to $19,999",46,46.0,ok,3.8501476017100584
2015,Number of breakdowns that lasted 6 hours or more:,4 or more,"$100,000 to $119,999",S,,suppressed,
2015,Number of breakdowns that lasted 6 hours or more:,4 or more,"$120,000 or more",S,,suppressed,
2015,Number of breakdowns that lasted 6 hours or more:,4 or more,"$20,000 to $29,999",52,52.0,ok,3.970291913552122
2015,Number of breakdowns that lasted 6 hours or more:,4 or more,"$30,000 to $39,999",S,,suppressed,
2015,Number of breakdowns that lasted 6 hours or more:,4 or more,"$40,000 to $49,999",S,,suppressed,
2015,Number of breakdowns that lasted 6 hours or more:,4 or more,"$50,000 to $59,999",S,,suppressed,
2015,Number of breakdowns that lasted 6 hours or more:,4 or more,"$60,000 to $79,999",S,,suppressed,
2015,Number of breakdowns that lasted 6 hours or more:,4 or more,"$80,000 to $99,999",S,,suppressed,
2015,Number of breakdowns that lasted 6 hours or more:,4 or more,"Less than $10,000",100,100.0,ok,4.61512051684126
2015,Number of breakdowns that lasted 6 hours or more:,Breakdowns not reported,"$10,000 to $19,999",96,96.0,ok,4.574710978503383
2015,Number of breakdowns that lasted 6 hours or more:,Breakdowns not reported,"$100,000 to $119,999",83,83.0,ok,4.430816798843313
2015,Number of breakdowns that lasted 6 hours or more:,Breakdowns not reported,"$120,000 or more",140,140.0,ok,4.948759890378168
2015,Number of breakdowns that lasted 6 hours or more:,Breakdowns not reported,"$20,000 to $29,999",87,87.0,ok,4.477336814478207
2015,Number of breakdowns that lasted 6 hours or more:,Breakdowns not reported,"$30,000 to $39,999",101,101.0,ok,4.624972813284271
2015,Number of breakdowns that lasted 6 hours or more:,Breakdowns not reported,"$40,000 to $49,999",105,105.0,ok,4.663439094112067
2015,Number of breakdowns that lasted 6 hours or more:,Breakdowns not reported,"$50,000 to $59,999",93,93.0,ok,4.543294782270004
2015,Number of breakdowns that lasted 6 hours or more:,Breakdowns not reported,"$60,000 to $79,999",129,129.0,ok,4.867534450455582
2015,Number of breakdowns that lasted 6 hours or more:,Breakdowns not reported,"$80,000 to $99,999",88,88.0,ok,4.48863636973214
2015,Number of breakdowns that lasted 6 hours or more:,Breakdowns not reported,"Less than $10,000",168,168.0,ok,5.1298987149230735
2015,Number of breakdowns that lasted 6 hours or more:,Cost of heating,"$10,000 to $19,999",146,146.0,ok,4.990432586778736
2015,Number of breakdowns that lasted 6 hours or more:,Cost of heating,"$100,000 to $119,999",36,36.0,ok,3.6109179126442243
2015,Number of breakdowns that lasted 6 hours or more:,Cost of heating,"$120,000 or more",78,78.0,ok,4.3694478524670215
2015,Number of breakdowns that lasted 6 hours or more:,Cost of heating,"$20,000 to $29,999",142,142.0,ok,4.962844630259907
2015,Number of breakdowns that lasted 6 hours or more:,Cost of heating,"$30,000 to $39,999",120,120.0,ok,4.795790545596741
2015,Number of breakdowns that lasted 6 hours or more:,Cost of heating,"$40,000 to $49,999",111,111.0,ok,4.718498871295094
2015,Number of breakdowns that lasted 6 hours or more:,Cost of heating,"$50,000 to $59,999",65,65.0,ok,4.189654742026425
2015,Number of breakdowns that lasted 6 hours or more:,Cost of heating,"$60,000 to $79,999",113,113.0,ok,4.736198448394496
2015,Number of breakdowns that lasted 6 hours or more:,Cost of heating,"$80,000 to $99,999",83,83.0,ok,4.430816798843313
2015,Number of breakdowns that lasted 6 hours or more:,Cost of heating,"Less than $10,000",125,125.0,ok,4.836281906951478
2015,Number of breakdowns that lasted 6 hours or more:,Discomfort not reported,"$10,000 to $19,999",172,172.0,ok,5.153291594497779
2015,Number of breakdowns that lasted 6 hours or more:,Discomfort not reported,"$100,000 to $119,999",102,102.0,ok,4.634728988229636
2015,Number of breakdowns that lasted 6 hours or more:,Discomfort not reported,"$120,000 or more",181,181.0,ok,5.204006687076795
2015,Number of breakdowns that lasted 6 hours or more:,Discomfort not reported,"$20,000 to $29,999",140,140.0,ok,4.948759890378168
2015,Number of breakdowns that lasted 6 hours or more:,Discomfort not reported,"$30,000 to $39,999",147,147.0,ok,4.997212273764115
2015,Number of breakdowns that lasted 6 hours or more:,Discomfort not reported,"$40,000 to $49,999",146,146.0,ok,4.990432586778736
2015,Number of breakdowns that lasted 6 hours or more:,Discomfort not reported,"$50,000 to $59,999",102,102.0,ok,4.634728988229636
2015,Number of breakdowns that lasted 6 hours or more:,Discomfort not reported,"$60,000 to $79,999",163,163.0,ok,5.099866427824199
2015,Number of breakdowns that lasted 6 hours or more:,Discomfort not reported,"$80,000 to $99,999",140,140.0,ok,4.948759890378168
2015,Number of breakdowns that lasted 6 hours or more:,Discomfort not reported,"Less than $10,000",222,222.0,ok,5.407171771460119
2015,Number of breakdowns that lasted 6 hours or more:,Inadequate heating capacity,"$10,000 to $19,999",270,270.0,ok,5.602118820879701
2015,Number of breakdowns that lasted 6 hours or more:,Inadequate heating capacity,"$100,000 to $119,999",47,47.0,ok,3.8712010109078907
2015,Number of breakdowns that lasted 6 hours or more:,Inadequate heating capacity,"$120,000 or more",109,109.0,ok,4.700480365792417
2015,Number of breakdowns that lasted 6 hours or more:,Inadequate heating capacity,"$20,000 to $29,999",194,194.0,ok,5.272999558563747
2015,Number of breakdowns that lasted 6 hours or more:,Inadequate heating capacity,"$30,000 to $39,999",141,141.0,ok,4.955827057601261
2015,Number of breakdowns that lasted 6 hours or more:,Inadequate heating capacity,"$40,000 to $49,999",135,135.0,ok,4.912654885736052
2015,Number of breakdowns that lasted 6 hours or more:,Inadequate heating capacity,"$50,000 to $59,999",104,104.0,ok,4.653960350157523
2015,Number of breakdowns that lasted 6 hours or more:,Inadequate heating capacity,"$60,000 to $79,999",123,123.0,ok,4.820281565605037
2015,Number of breakdowns that lasted 6 hours or more:,Inadequate heating capacity,"$80,000 to $99,999",119,119.0,ok,4.787491742782046
2015,Number of breakdowns that lasted 6 hours or more:,Inadequate heating capacity,"Less than $10,000",252,252.0,ok,5.53338948872752
2015,Number of breakdowns that lasted 6 hours or more:,Inadequate insulation,"$10,000 to $19,999",227,227.0,ok,5.429345628954441
2015,Number of breakdowns that lasted 6 hours or more:,Inadequate insulation,"$100,000 to $119,999",49,49.0,ok,3.912023005428146
2015,Number of breakdowns that lasted 6 hours or more:,Inadequate insulation,"$120,000 or more",131,131.0,ok,4.882801922586371
2015,Number of breakdowns that lasted 6 hours or more:,Inadequate insulation,"$20,000 to $29,999",215,215.0,ok,5.375278407684165
2015,Number of breakdowns that lasted 6 hours or more:,Inadequate insulation,"$30,000 to $39,999",191,191.0,ok,5.2574953720277815
2015,Number of breakdowns that lasted 6 hours or more:,Inadequate insulation,"$40,000 to $49,999",151,151.0,ok,5.0238805208462765
2015,Number of breakdowns that lasted 6 hours or more:,Inadequate insulation,"$50,000 to $59,999",101,101.0,ok,4.624972813284271
2015,Number of breakdowns that lasted 6 hours or more:,Inadequate insulation,"$60,000 to $79,999",151,151.0,ok,5.0238805208462765
2015,Number of breakdowns that lasted 6 hours or more:,Inadequate insulation,"$80,000 to $99,999",103,103.0,ok,4.6443908991413725
2015,Number of breakdowns that lasted 6 hours or more:,Inadequate insulation,"Less than $10,000",195,195.0,ok,5.278114659230518
2015,Number of breakdowns that lasted 6 hours or more:,No breakdowns in last 3 months,"$10,000 to $19,999","2,152",2152.0,ok,7.674617497364363
2015,Number of breakdowns that lasted 6 hours or more:,No breakdowns in last 3 months,"$100,000 to $119,999","1,600",1600.0,ok,7.3783837129967145
2015,Number of breakdowns that lasted 6 hours or more:,No breakdowns in last 3 months,"$120,000 or more","3,743",3743.0,ok,8.227909837597483
2015,Number of breakdowns that lasted 6 hours or more:,No breakdowns in last 3 months,"$20,000 to $29,999","2,311",2311.0,ok,7.7458682297922685
2015,Number of breakdowns that lasted 6 hours or more:,No breakdowns in last 3 months,"$30,000 to $39,999","2,317",2317.0,ok,7.748460023899697
2015,Number of breakdowns that lasted 6 hours or more:,No breakdowns in last 3 months,"$40,000 to $49,999","2,024",2024.0,ok,7.613324979540639
2015,Number of breakdowns that lasted 6 hours or more:,No breakdowns in last 3 months,"$50,000 to $59,999","1,818",1818.0,ok,7.506042178518122
2015,Number of breakdowns that lasted 6 hours or more:,No breakdowns in last 3 months,"$60,000 to $79,999","3,166",3166.0,ok,8.06054004653864
2015,Number of breakdowns that lasted 6 hours or more:,No breakdowns in last 3 months,"$80,000 to $99,999","2,240",2240.0,ok,7.714677473800927
2015,Number of breakdowns that lasted 6 hours or more:,No breakdowns in last 3 months,"Less than $10,000","1,455",1455.0,ok,7.283448228756631
2015,Number of breakdowns that lasted 6 hours or more:,No breakdowns lasting 6 hours or more,"$10,000 to $19,999",.,,blank_or_na,
2015,Number of breakdowns that lasted 6 hours or more:,No breakdowns lasting 6 hours or more,"$100,000 to $119,999",S,,suppressed,
2015,Number of breakdowns that lasted 6 hours or more:,No breakdowns lasting 6 hours or more,"$120,000 or more",S,,suppressed,
2015,Number of breakdowns that lasted 6 hours or more:,No breakdowns lasting 6 hours or more,"$20,000 to $29,999",S,,suppressed,
2015,Number of breakdowns that lasted 6 hours or more:,No breakdowns lasting 6 hours or more,"$30,000 to $39,999",S,,suppressed,
2015,Number of breakdowns that lasted 6 hours or more:,No breakdowns lasting 6 hours or more,"$40,000 to $49,999",S,,suppressed,
2015,Number of breakdowns that lasted 6 hours or more:,No breakdowns lasting 6 hours or more,"$50,000 to $59,999",S,,suppressed,
2015,Number of breakdowns that lasted 6 hours or more:,No breakdowns lasting 6 hours or more,"$60,000 to $79,999",.,,blank_or_na,
2015,Number of breakdowns that lasted 6 hours or more:,No breakdowns lasting 6 hours or more,"$80,000 to $99,999",S,,suppressed,
2015,Number of breakdowns that lasted 6 hours or more:,No breakdowns lasting 6 hours or more,"Less than $10,000",S,,suppressed,
2015,Number of breakdowns that lasted 6 hours or more:,Not reported,"$10,000 to $19,999",S,,suppressed,
2015,Number of breakdowns that lasted 6 hours or more:,Not reported,"$100,000 to $119,999",S,,suppressed,
2015,Number of breakdowns that lasted 6 hours or more:,Not reported,"$120,000 or more",.,,blank_or_na,
2015,Number of breakdowns that lasted 6 hours or more:,Not reported,"$20,000 to $29,999",S,,suppressed,
2015,Number of breakdowns that lasted 6 hours or more:,Not reported,"$30,000 to $39,999",S,,suppressed,
2015,Number of breakdowns that lasted 6 hours or more:,Not reported,"$40,000 to $49,999",.,,blank_or_na,
2015,Number of breakdowns that lasted 6 hours or more:,Not reported,"$50,000 to $59,999",S,,suppressed,
2015,Number of breakdowns that lasted 6 hours or more:,Not reported,"$60,000 to $79,999",.,,blank_or_na,
2015,Number of breakdowns that lasted 6 hours or more:,Not reported,"$80,000 to $99,999",S,,suppressed,
2015,Number of breakdowns that lasted 6 hours or more:,Not reported,"Less than $10,000",S,,suppressed,
2015,Number of breakdowns that lasted 6 hours or more:,Number of breakdowns not reported,"$10,000 to $19,999",S,,suppressed,
2015,Number of breakdowns that lasted 6 hours or more:,Number of breakdowns not reported,"$100,000 to $119,999",.,,blank_or_na,
2015,Number of breakdowns that lasted 6 hours or more:,Number of breakdowns not reported,"$120,000 or more",S,,suppressed,
2015,Number of breakdowns that lasted 6 hours or more:,Number of breakdowns not reported,"$20,000 to $29,999",.,,blank_or_na,
2015,Number of breakdowns that lasted 6 hours or more:,Number of breakdowns not reported,"$30,000 to $39,999",S,,suppressed,
2015,Number of breakdowns that lasted 6 hours or more:,Number of breakdowns not reported,"$40,000 to $49,999",.,,blank_or_na,
2015,Number of breakdowns that lasted 6 hours or more:,Number of breakdowns not reported,"$50,000 to $59,999",S,,suppressed,
2015,Number of breakdowns that lasted 6 hours or more:,Number of breakdowns not reported,"$60,000 to $79,999",S,,suppressed,
2015,Number of breakdowns that lasted 6 hours or more:,Number of breakdowns not reported,"$80,000 to $99,999",.,,blank_or_na,
2015,Number of breakdowns that lasted 6 hours or more:,Number of breakdowns not reported,"Less than $10,000",S,,suppressed,
2015,Number of breakdowns that lasted 6 hours or more:,Other,"$10,000 to $19,999",130,130.0,ok,4.875197323201151
2015,Number of breakdowns that lasted 6 hours or more:,Other,"$100,000 to $119,999",78,78.0,ok,4.3694478524670215
2015,Number of breakdowns that lasted 6 hours or more:,Other,"$120,000 or more",199,199.0,ok,5.298317366548036
2015,Number of breakdowns that lasted 6 hours or more:,Other,"$20,000 to $29,999",149,149.0,ok,5.0106352940962555
2015,Number of breakdowns that lasted 6 hours or more:,Other,"$30,000 to $39,999",173,173.0,ok,5.159055299214529
2015,Number of breakdowns that lasted 6 hours or more:,Other,"$40,000 to $49,999",118,118.0,ok,4.77912349311153
2015,Number of breakdowns that lasted 6 hours or more:,Other,"$50,000 to $59,999",116,116.0,ok,4.762173934797756
2015,Number of breakdowns that lasted 6 hours or more:,Other,"$60,000 to $79,999",163,163.0,ok,5.099866427824199
2015,Number of breakdowns that lasted 6 hours or more:,Other,"$80,000 to $99,999",94,94.0,ok,4.553876891600541
2015,Number of breakdowns that lasted 6 hours or more:,Other,"Less than $10,000",159,159.0,ok,5.075173815233827
2015,Number of breakdowns that lasted 6 hours or more:,Other causes,"$10,000 to $19,999",849,849.0,ok,6.745236349484362
2015,Number of breakdowns that lasted 6 hours or more:,Other causes,"$100,000 to $119,999",319,319.0,ok,5.768320995793772
2015,Number of breakdowns that lasted 6 hours or more:,Other causes,"$120,000 or more",694,694.0,ok,6.543911845564792
2015,Number of breakdowns that lasted 6 hours or more:,Other causes,"$20,000 to $29,999",751,751.0,ok,6.62273632394984
2015,Number of breakdowns that lasted 6 hours or more:,Other causes,"$30,000 to $39,999",698,698.0,ok,6.54965074223381
2015,Number of breakdowns that lasted 6 hours or more:,Other causes,"$40,000 to $49,999",597,597.0,ok,6.393590753950631
2015,Number of breakdowns that lasted 6 hours or more:,Other causes,"$50,000 to $59,999",448,448.0,ok,6.1070228877422545
2015,Number of breakdowns that lasted 6 hours or more:,Other causes,"$60,000 to $79,999",638,638.0,ok,6.459904454377535
2015,Number of breakdowns that lasted 6 hours or more:,Other causes,"$80,000 to $99,999",477,477.0,ok,6.169610732491456
2015,Number of breakdowns that lasted 6 hours or more:,Other causes,"Less than $10,000",754,754.0,ok,6.626717749249025
2015,Number of breakdowns that lasted 6 hours or more:,Reason for discomfort not reported,"$10,000 to $19,999",S,,suppressed,
2015,Number of breakdowns that lasted 6 hours or more:,Reason for discomfort not reported,"$100,000 to $119,999",.,,blank_or_na,
2015,Number of breakdowns that lasted 6 hours or more:,Reason for discomfort not reported,"$120,000 or more",.,,blank_or_na,
2015,Number of breakdowns that lasted 6 hours or more:,Reason for discomfort not reported,"$20,000 to $29,999",S,,suppressed,
2015,Number of breakdowns that lasted 6 hours or more:,Reason for discomfort not reported,"$30,000 to $39,999",.,,blank_or_na,
2015,Number of breakdowns that lasted 6 hours or more:,Reason for discomfort not reported,"$40,000 to $49,999",S,,suppressed,
2015,Number of breakdowns that lasted 6 hours or more:,Reason for discomfort not reported,"$50,000 to $59,999",S,,suppressed,
2015,Number of breakdowns that lasted 6 hours or more:,Reason for discomfort not reported,"$60,000 to $79,999",.,,blank_or_na,
2015,Number of breakdowns that lasted 6 hours or more:,Reason for discomfort not reported,"$80,000 to $99,999",.,,blank_or_na,
2015,Number of breakdowns that lasted 6 hours or more:,Reason for discomfort not reported,"Less than $10,000",S,,suppressed,
2015,Number of breakdowns that lasted 6 hours or more:,Utility interruption,"$10,000 to $19,999",174,174.0,ok,5.1647859739235145
2015,Number of breakdowns that lasted 6 hours or more:,Utility interruption,"$100,000 to $119,999",117,117.0,ok,4.770684624465665
2015,Number of breakdowns that lasted 6 hours or more:,Utility interruption,"$120,000 or more",216,216.0,ok,5.37989735354046
2015,Number of breakdowns that lasted 6 hours or more:,Utility interruption,"$20,000 to $29,999",145,145.0,ok,4.983606621708336
2015,Number of breakdowns that lasted 6 hours or more:,Utility interruption,"$30,000 to $39,999",121,121.0,ok,4.804021044733257
2015,Number of breakdowns that lasted 6 hours or more:,Utility interruption,"$40,000 to $49,999",125,125.0,ok,4.836281906951478
2015,Number of breakdowns that lasted 6 hours or more:,Utility interruption,"$50,000 to $59,999",96,96.0,ok,4.574710978503383
2015,Number of breakdowns that lasted 6 hours or more:,Utility interruption,"$60,000 to $79,999",166,166.0,ok,5.117993812416755
2015,Number of breakdowns that lasted 6 hours or more:,Utility interruption,"$80,000 to $99,999",145,145.0,ok,4.983606621708336
2015,Number of breakdowns that lasted 6 hours or more:,Utility interruption,"Less than $10,000",94,94.0,ok,4.553876891600541
2015,Number of breakdowns that lasted 6 hours or more:,With breakdown(s) in last 3 months,"$10,000 to $19,999",S,,suppressed,
2015,Number of breakdowns that lasted 6 hours or more:,With breakdown(s) in last 3 months,"$100,000 to $119,999",S,,suppressed,
2015,Number of breakdowns that lasted 6 hours or more:,With breakdown(s) in last 3 months,"$120,000 or more",50,50.0,ok,3.9318256327243257
2015,Number of breakdowns that lasted 6 hours or more:,With breakdown(s) in last 3 months,"$20,000 to $29,999",57,57.0,ok,4.060443010546419
2015,Number of breakdowns that lasted 6 hours or more:,With breakdown(s) in last 3 months,"$30,000 to $39,999",76,76.0,ok,4.343805421853684
2015,Number of breakdowns that lasted 6 hours or more:,With breakdown(s) in last 3 months,"$40,000 to $49,999",S,,suppressed,
2015,Number of breakdowns that lasted 6 hours or more:,With breakdown(s) in last 3 months,"$50,000 to $59,999",S,,suppressed,
2015,Number of breakdowns that lasted 6 hours or more:,With breakdown(s) in last 3 months,"$60,000 to $79,999",48,48.0,ok,3.8918202981106265
2015,Number of breakdowns that lasted 6 hours or more:,With breakdown(s) in last 3 months,"$80,000 to $99,999",35,35.0,ok,3.58351893845611
2015,Number of breakdowns that lasted 6 hours or more:,With breakdown(s) in last 3 months,"Less than $10,000",48,48.0,ok,3.8918202981106265
2015,Number of breakdowns that lasted 6 hours or more:,With septic tank or cesspool,"$10,000 to $19,999","2,173",2173.0,ok,7.684324067681155
2015,Number of breakdowns that lasted 6 hours or more:,With septic tank or cesspool,"$100,000 to $119,999","1,618",1618.0,ok,7.389563953677635
2015,Number of breakdowns that lasted 6 hours or more:,With septic tank or cesspool,"$120,000 or more","3,793",3793.0,ok,8.24117615049496
2015,Number of breakdowns that lasted 6 hours or more:,With septic tank or cesspool,"$20,000 to $29,999","2,368",2368.0,ok,7.7702232041587855
2015,Number of breakdowns that lasted 6 hours or more:,With septic tank or cesspool,"$30,000 to $39,999","2,393",2393.0,ok,7.780720886117918
2015,Number of breakdowns that lasted 6 hours or more:,With septic tank or cesspool,"$40,000 to $49,999","2,051",2051.0,ok,7.62657020629066
2015,Number of breakdowns that lasted 6 hours or more:,With septic tank or cesspool,"$50,000 to $59,999","1,829",1829.0,ok,7.512071245835466
2015,Number of breakdowns that lasted 6 hours or more:,With septic tank or cesspool,"$60,000 to $79,999","3,214",3214.0,ok,8.07558263667172
2015,Number of breakdowns that lasted 6 hours or more:,With septic tank or cesspool,"$80,000 to $99,999","2,275",2275.0,ok,7.730174795246222
2015,Number of breakdowns that lasted 6 hours or more:,With septic tank or cesspool,"Less than $10,000","1,503",1503.0,ok,7.315883504509785
2015,Number of stoppages that lasted 6 hours or more:,1,"$10,000 to $19,999",206,206.0,ok,5.332718793265369
2015,Number of stoppages that lasted 6 hours or more:,1,"$100,000 to $119,999",95,95.0,ok,4.564348191467836
2015,Number of stoppages that lasted 6 hours or more:,1,"$120,000 or more",241,241.0,ok,5.488937726156687
2015,Number of stoppages that lasted 6 hours or more:,1,"$20,000 to $29,999",185,185.0,ok,5.225746673713202
2015,Number of stoppages that lasted 6 hours or more:,1,"$30,000 to $39,999",189,189.0,ok,5.247024072160486
2015,Number of stoppages that lasted 6 hours or more:,1,"$40,000 to $49,999",162,162.0,ok,5.093750200806762
2015,Number of stoppages that lasted 6 hours or more:,1,"$50,000 to $59,999",154,154.0,ok,5.043425116919247
2015,Number of stoppages that lasted 6 hours or more:,1,"$60,000 to $79,999",236,236.0,ok,5.4680601411351315
2015,Number of stoppages that lasted 6 hours or more:,1,"$80,000 to $99,999",175,175.0,ok,5.170483995038151
2015,Number of stoppages that lasted 6 hours or more:,1,"Less than $10,000",220,220.0,ok,5.3981627015177525
2015,Number of stoppages that lasted 6 hours or more:,2,"$10,000 to $19,999",94,94.0,ok,4.553876891600541
2015,Number of stoppages that lasted 6 hours or more:,2,"$100,000 to $119,999",S,,suppressed,
2015,Number of stoppages that lasted 6 hours or more:,2,"$120,000 or more",63,63.0,ok,4.1588830833596715
2015,Number of stoppages that lasted 6 hours or more:,2,"$20,000 to $29,999",83,83.0,ok,4.430816798843313
2015,Number of stoppages that lasted 6 hours or more:,2,"$30,000 to $39,999",77,77.0,ok,4.356708826689592
2015,Number of stoppages that lasted 6 hours or more:,2,"$40,000 to $49,999",54,54.0,ok,4.007333185232471
2015,Number of stoppages that lasted 6 hours or more:,2,"$50,000 to $59,999",45,45.0,ok,3.828641396489095
2015,Number of stoppages that lasted 6 hours or more:,2,"$60,000 to $79,999",38,38.0,ok,3.6635616461296463
2015,Number of stoppages that lasted 6 hours or more:,2,"$80,000 to $99,999",34,34.0,ok,3.5553480614894135
2015,Number of stoppages that lasted 6 hours or more:,2,"Less than $10,000",59,59.0,ok,4.0943445622221
2015,Number of stoppages that lasted 6 hours or more:,3,"$10,000 to $19,999",20,20.0,ok,3.044522437723423
2015,Number of stoppages that lasted 6 hours or more:,3,"$100,000 to $119,999",S,,suppressed,
2015,Number of stoppages that lasted 6 hours or more:,3,"$120,000 or more",S,,suppressed,
2015,Number of stoppages that lasted 6 hours or more:,3,"$20,000 to $29,999",47,47.0,ok,3.8712010109078907
2015,Number of stoppages that lasted 6 hours or more:,3,"$30,000 to $39,999",S,,suppressed,
2015,Number of stoppages that lasted 6 hours or more:,3,"$40,000 to $49,999",S,,suppressed,
2015,Number of stoppages that lasted 6 hours or more:,3,"$50,000 to $59,999",S,,suppressed,
2015,Number of stoppages that lasted 6 hours or more:,3,"$60,000 to $79,999",S,,suppressed,
2015,Number of stoppages that lasted 6 hours or more:,3,"$80,000 to $99,999",S,,suppressed,
2015,Number of stoppages that lasted 6 hours or more:,3,"Less than $10,000",S,,suppressed,
2015,Number of stoppages that lasted 6 hours or more:,4 or more,"$10,000 to $19,999",65,65.0,ok,4.189654742026425
2015,Number of stoppages that lasted 6 hours or more:,4 or more,"$100,000 to $119,999",S,,suppressed,
2015,Number of stoppages that lasted 6 hours or more:,4 or more,"$120,000 or more",S,,suppressed,
2015,Number of stoppages that lasted 6 hours or more:,4 or more,"$20,000 to $29,999",64,64.0,ok,4.174387269895637
2015,Number of stoppages that lasted 6 hours or more:,4 or more,"$30,000 to $39,999",35,35.0,ok,3.58351893845611
2015,Number of stoppages that lasted 6 hours or more:,4 or more,"$40,000 to $49,999",S,,suppressed,
2015,Number of stoppages that lasted 6 hours or more:,4 or more,"$50,000 to $59,999",S,,suppressed,
2015,Number of stoppages that lasted 6 hours or more:,4 or more,"$60,000 to $79,999",37,37.0,ok,3.6375861597263857
2015,Number of stoppages that lasted 6 hours or more:,4 or more,"$80,000 to $99,999",S,,suppressed,
2015,Number of stoppages that lasted 6 hours or more:,4 or more,"Less than $10,000",72,72.0,ok,4.290459441148391
2015,Number of stoppages that lasted 6 hours or more:,Number of stoppages not reported,"$10,000 to $19,999",S,,suppressed,
2015,Number of stoppages that lasted 6 hours or more:,Number of stoppages not reported,"$100,000 to $119,999",S,,suppressed,
2015,Number of stoppages that lasted 6 hours or more:,Number of stoppages not reported,"$120,000 or more",S,,suppressed,
2015,Number of stoppages that lasted 6 hours or more:,Number of stoppages not reported,"$20,000 to $29,999",.,,blank_or_na,
2015,Number of stoppages that lasted 6 hours or more:,Number of stoppages not reported,"$30,000 to $39,999",S,,suppressed,
2015,Number of stoppages that lasted 6 hours or more:,Number of stoppages not reported,"$40,000 to $49,999",S,,suppressed,
2015,Number of stoppages that lasted 6 hours or more:,Number of stoppages not reported,"$50,000 to $59,999",.,,blank_or_na,
2015,Number of stoppages that lasted 6 hours or more:,Number of stoppages not reported,"$60,000 to $79,999",S,,suppressed,
2015,Number of stoppages that lasted 6 hours or more:,Number of stoppages not reported,"$80,000 to $99,999",S,,suppressed,
2015,Number of stoppages that lasted 6 hours or more:,Number of stoppages not reported,"Less than $10,000",S,,suppressed,
2015,Number of stoppages that lasted 6 hours or more:,Stoppage not reported,"$10,000 to $19,999",94,94.0,ok,4.553876891600541
2015,Number of stoppages that lasted 6 hours or more:,Stoppage not reported,"$100,000 to $119,999",86,86.0,ok,4.465908118654584
2015,Number of stoppages that lasted 6 hours or more:,Stoppage not reported,"$120,000 or more",142,142.0,ok,4.962844630259907
2015,Number of stoppages that lasted 6 hours or more:,Stoppage not reported,"$20,000 to $29,999",83,83.0,ok,4.430816798843313
2015,Number of stoppages that lasted 6 hours or more:,Stoppage not reported,"$30,000 to $39,999",101,101.0,ok,4.624972813284271
2015,Number of stoppages that lasted 6 hours or more:,Stoppage not reported,"$40,000 to $49,999",99,99.0,ok,4.605170185988092
2015,Number of stoppages that lasted 6 hours or more:,Stoppage not reported,"$50,000 to $59,999",88,88.0,ok,4.48863636973214
2015,Number of stoppages that lasted 6 hours or more:,Stoppage not reported,"$60,000 to $79,999",133,133.0,ok,4.897839799950911
2015,Number of stoppages that lasted 6 hours or more:,Stoppage not reported,"$80,000 to $99,999",92,92.0,ok,4.532599493153256
2015,Number of stoppages that lasted 6 hours or more:,Stoppage not reported,"Less than $10,000",169,169.0,ok,5.135798437050262
2015,Selected Deficiencies,Broken plaster or peeling paint (interior),"$10,000 to $19,999",451,451.0,ok,6.113682179832232
2015,Selected Deficiencies,Broken plaster or peeling paint (interior),"$100,000 to $119,999",124,124.0,ok,4.8283137373023015
2015,Selected Deficiencies,Broken plaster or peeling paint (interior),"$120,000 or more",244,244.0,ok,5.501258210544727
2015,Selected Deficiencies,Broken plaster or peeling paint (interior),"$20,000 to $29,999",379,379.0,ok,5.940171252720432
2015,Selected Deficiencies,Broken plaster or peeling paint (interior),"$30,000 to $39,999",293,293.0,ok,5.683579767338681
2015,Selected Deficiencies,Broken plaster or peeling paint (interior),"$40,000 to $49,999",271,271.0,ok,5.605802066295998
2015,Selected Deficiencies,Broken plaster or peeling paint (interior),"$50,000 to $59,999",180,180.0,ok,5.198497031265826
2015,Selected Deficiencies,Broken plaster or peeling paint (interior),"$60,000 to $79,999",313,313.0,ok,5.749392985908253
2015,Selected Deficiencies,Broken plaster or peeling paint (interior),"$80,000 to $99,999",218,218.0,ok,5.389071729816501
2015,Selected Deficiencies,Broken plaster or peeling paint (interior),"Less than $10,000",418,418.0,ok,6.037870919922137
2015,Selected Deficiencies,Exposed wiring,"$10,000 to $19,999",416,416.0,ok,6.0330862217988015
2015,Selected Deficiencies,Exposed wiring,"$100,000 to $119,999",208,208.0,ok,5.342334251964811
2015,Selected Deficiencies,Exposed wiring,"$120,000 or more",397,397.0,ok,5.986452005284438
2015,Selected Deficiencies,Exposed wiring,"$20,000 to $29,999",411,411.0,ok,6.021023349349527
2015,Selected Deficiencies,Exposed wiring,"$30,000 to $39,999",321,321.0,ok,5.7745515455444085
2015,Selected Deficiencies,Exposed wiring,"$40,000 to $49,999",252,252.0,ok,5.53338948872752
2015,Selected Deficiencies,Exposed wiring,"$50,000 to $59,999",257,257.0,ok,5.552959584921617
2015,Selected Deficiencies,Exposed wiring,"$60,000 to $79,999",366,366.0,ok,5.905361848054571
2015,Selected Deficiencies,Exposed wiring,"$80,000 to $99,999",224,224.0,ok,5.41610040220442
2015,Selected Deficiencies,Exposed wiring,"Less than $10,000",524,524.0,ok,6.263398262591624
2015,Selected Deficiencies,Holes in floors,"$10,000 to $19,999",312,312.0,ok,5.746203190540153
2015,Selected Deficiencies,Holes in floors,"$100,000 to $119,999",54,54.0,ok,4.007333185232471
2015,Selected Deficiencies,Holes in floors,"$120,000 or more",96,96.0,ok,4.574710978503383
2015,Selected Deficiencies,Holes in floors,"$20,000 to $29,999",288,288.0,ok,5.666426688112432
2015,Selected Deficiencies,Holes in floors,"$30,000 to $39,999",204,204.0,ok,5.3230099791384085
2015,Selected Deficiencies,Holes in floors,"$40,000 to $49,999",139,139.0,ok,4.941642422609304
2015,Selected Deficiencies,Holes in floors,"$50,000 to $59,999",108,108.0,ok,4.6913478822291435
2015,Selected Deficiencies,Holes in floors,"$60,000 to $79,999",96,96.0,ok,4.574710978503383
2015,Selected Deficiencies,Holes in floors,"$80,000 to $99,999",94,94.0,ok,4.553876891600541
2015,Selected Deficiencies,Holes in floors,"Less than $10,000",324,324.0,ok,5.783825182329737
2015,Selected Deficiencies,No electrical wiring,"$10,000 to $19,999",16,16.0,ok,2.833213344056216
2015,Selected Deficiencies,No electrical wiring,"$100,000 to $119,999",S,,suppressed,
2015,Selected Deficiencies,No electrical wiring,"$120,000 or more",S,,suppressed,
2015,Selected Deficiencies,No electrical wiring,"$20,000 to $29,999",S,,suppressed,
2015,Selected Deficiencies,No electrical wiring,"$30,000 to $39,999",S,,suppressed,
2015,Selected Deficiencies,No electrical wiring,"$40,000 to $49,999",S,,suppressed,
2015,Selected Deficiencies,No electrical wiring,"$50,000 to $59,999",S,,suppressed,
2015,Selected Deficiencies,No electrical wiring,"$60,000 to $79,999",S,,suppressed,
2015,Selected Deficiencies,No electrical wiring,"$80,000 to $99,999",S,,suppressed,
2015,Selected Deficiencies,No electrical wiring,"Less than $10,000",36,36.0,ok,3.6109179126442243
2015,Selected Deficiencies,Open cracks or holes (interior),"$10,000 to $19,999","1,026",1026.0,ok,6.934397209928558
2015,Selected Deficiencies,Open cracks or holes (interior),"$100,000 to $119,999",405,405.0,ok,6.0063531596017325
2015,Selected Deficiencies,Open cracks or holes (interior),"$120,000 or more",744,744.0,ok,6.61338421837956
2015,Selected Deficiencies,Open cracks or holes (interior),"$20,000 to $29,999",912,912.0,ok,6.816735880594968
2015,Selected Deficiencies,Open cracks or holes (interior),"$30,000 to $39,999",796,796.0,ok,6.680854678790215
2015,Selected Deficiencies,Open cracks or holes (interior),"$40,000 to $49,999",706,706.0,ok,6.561030665896573
2015,Selected Deficiencies,Open cracks or holes (interior),"$50,000 to $59,999",509,509.0,ok,6.234410725718371
2015,Selected Deficiencies,Open cracks or holes (interior),"$60,000 to $79,999",825,825.0,ok,6.716594773520978
2015,Selected Deficiencies,Open cracks or holes (interior),"$80,000 to $99,999",528,528.0,ok,6.270988431858299
2015,Selected Deficiencies,Open cracks or holes (interior),"Less than $10,000",943,943.0,ok,6.8501261661455
2015,Selected Deficiencies,Rooms without electric outlets,"$10,000 to $19,999",380,380.0,ok,5.942799375126701
2015,Selected Deficiencies,Rooms without electric outlets,"$100,000 to $119,999",100,100.0,ok,4.61512051684126
2015,Selected Deficiencies,Rooms without electric outlets,"$120,000 or more",302,302.0,ok,5.713732805509369
2015,Selected Deficiencies,Rooms without electric outlets,"$20,000 to $29,999",362,362.0,ok,5.8944028342648505
2015,Selected Deficiencies,Rooms without electric outlets,"$30,000 to $39,999",317,317.0,ok,5.762051382780177
2015,Selected Deficiencies,Rooms without electric outlets,"$40,000 to $49,999",218,218.0,ok,5.389071729816501
2015,Selected Deficiencies,Rooms without electric outlets,"$50,000 to $59,999",216,216.0,ok,5.37989735354046
2015,Selected Deficiencies,Rooms without electric outlets,"$60,000 to $79,999",304,304.0,ok,5.720311776607412
2015,Selected Deficiencies,Rooms without electric outlets,"$80,000 to $99,999",140,140.0,ok,4.948759890378168
2015,Selected Deficiencies,Rooms without electric outlets,"Less than $10,000",401,401.0,ok,5.996452088619021
2015,Selected Deficiencies,Signs of cockroaches in last 12 months,"$10,000 to $19,999","1,903",1903.0,ok,7.55171221535131
2015,Selected Deficiencies,Signs of cockroaches in last 12 months,"$100,000 to $119,999",660,660.0,ok,6.493753839851687
2015,Selected Deficiencies,Signs of cockroaches in last 12 months,"$120,000 or more","1,461",1461.0,ok,7.2875606403097235
2015,Selected Deficiencies,Signs of cockroaches in last 12 months,"$20,000 to $29,999","1,690",1690.0,ok,7.43307534889858
2015,Selected Deficiencies,Signs of cockroaches in last 12 months,"$30,000 to $39,999","1,616",1616.0,ok,7.388327859577107
2015,Selected Deficiencies,Signs of cockroaches in last 12 months,"$40,000 to $49,999","1,307",1307.0,ok,7.176254532017144
2015,Selected Deficiencies,Signs of cockroaches in last 12 months,"$50,000 to $59,999",970,970.0,ok,6.878326468291325
2015,Selected Deficiencies,Signs of cockroaches in last 12 months,"$60,000 to $79,999","1,553",1553.0,ok,7.348587530927593
2015,Selected Deficiencies,Signs of cockroaches in last 12 months,"$80,000 to $99,999",990,990.0,ok,6.898714534329988
2015,Selected Deficiencies,Signs of cockroaches in last 12 months,"Less than $10,000","1,860",1860.0,ok,7.528869256642251
2015,Selected Deficiencies,Signs of mice or rats inside home in last 12 months,"$10,000 to $19,999","1,485",1485.0,ok,7.303843225277705
2015,Selected Deficiencies,Signs of mice or rats inside home in last 12 months,"$100,000 to $119,999",818,818.0,ok,6.70808408385307
2015,Selected Deficiencies,Signs of mice or rats inside home in last 12 months,"$120,000 or more","1,975",1975.0,ok,7.588829878307813
2015,Selected Deficiencies,Signs of mice or rats inside home in last 12 months,"$20,000 to $29,999","1,408",1408.0,ok,7.25063551189868
2015,Selected Deficiencies,Signs of mice or rats inside home in last 12 months,"$30,000 to $39,999","1,337",1337.0,ok,7.198931240688173
2015,Selected Deficiencies,Signs of mice or rats inside home in last 12 months,"$40,000 to $49,999","1,245",1245.0,ok,7.1276936993473985
2015,Selected Deficiencies,Signs of mice or rats inside home in last 12 months,"$50,000 to $59,999",930,930.0,ok,6.836259277277067
2015,Selected Deficiencies,Signs of mice or rats inside home in last 12 months,"$60,000 to $79,999","1,627",1627.0,ok,7.395107546562485
2015,Selected Deficiencies,Signs of mice or rats inside home in last 12 months,"$80,000 to $99,999","1,138",1138.0,ok,7.037905963447182
2015,Selected Deficiencies,Signs of mice or rats inside home in last 12 months,"Less than $10,000","1,294",1294.0,ok,7.166265974133638
2015,Sewage Disposal Breakdowns,No breakdowns in last 3 months,"$10,000 to $19,999","9,747",9747.0,ok,9.184817414745098
2015,Sewage Disposal Breakdowns,No breakdowns in last 3 months,"$100,000 to $119,999","6,216",6216.0,ok,8.735042754269337
2015,Sewage Disposal Breakdowns,No breakdowns in last 3 months,"$120,000 or more","14,700",14700.0,ok,9.595670797663967
2015,Sewage Disposal Breakdowns,No breakdowns in last 3 months,"$20,000 to $29,999","9,835",9835.0,ok,9.193804403336083
2015,Sewage Disposal Breakdowns,No breakdowns in last 3 months,"$30,000 to $39,999","9,025",9025.0,ok,9.107864580386947
2015,Sewage Disposal Breakdowns,No breakdowns in last 3 months,"$40,000 to $49,999","7,936",7936.0,ok,8.979290649090876
2015,Sewage Disposal Breakdowns,No breakdowns in last 3 months,"$50,000 to $59,999","6,920",6920.0,ok,8.842315546841863
2015,Sewage Disposal Breakdowns,No breakdowns in last 3 months,"$60,000 to $79,999","11,324",11324.0,ok,9.334767950351235
2015,Sewage Disposal Breakdowns,No breakdowns in last 3 months,"$80,000 to $99,999","8,162",8162.0,ok,9.007367027451355
2015,Sewage Disposal Breakdowns,No breakdowns in last 3 months,"Less than $10,000","8,815",8815.0,ok,9.084323531392696
2015,Sewage Disposal Breakdowns,No breakdowns lasting 6 hours or more,"$10,000 to $19,999",39,39.0,ok,3.6888794541139363
2015,Sewage Disposal Breakdowns,No breakdowns lasting 6 hours or more,"$100,000 to $119,999",S,,suppressed,
2015,Sewage Disposal Breakdowns,No breakdowns lasting 6 hours or more,"$120,000 or more",S,,suppressed,
2015,Sewage Disposal Breakdowns,No breakdowns lasting 6 hours or more,"$20,000 to $29,999",S,,suppressed,
2015,Sewage Disposal Breakdowns,No breakdowns lasting 6 hours or more,"$30,000 to $39,999",S,,suppressed,
2015,Sewage Disposal Breakdowns,No breakdowns lasting 6 hours or more,"$40,000 to $49,999",S,,suppressed,
2015,Sewage Disposal Breakdowns,No breakdowns lasting 6 hours or more,"$50,000 to $59,999",S,,suppressed,
2015,Sewage Disposal Breakdowns,No breakdowns lasting 6 hours or more,"$60,000 to $79,999",22,22.0,ok,3.1354942159291497
2015,Sewage Disposal Breakdowns,No breakdowns lasting 6 hours or more,"$80,000 to $99,999",S,,suppressed,
2015,Sewage Disposal Breakdowns,No breakdowns lasting 6 hours or more,"Less than $10,000",29,29.0,ok,3.4011973816621555
2015,Sewage Disposal Breakdowns,With breakdown(s) in last 3 months,"$10,000 to $19,999",220,220.0,ok,5.3981627015177525
2015,Sewage Disposal Breakdowns,With breakdown(s) in last 3 months,"$100,000 to $119,999",84,84.0,ok,4.442651256490317
2015,Sewage Disposal Breakdowns,With breakdown(s) in last 3 months,"$120,000 or more",150,150.0,ok,5.017279836814924
2015,Sewage Disposal Breakdowns,With breakdown(s) in last 3 months,"$20,000 to $29,999",150,150.0,ok,5.017279836814924
2015,Sewage Disposal Breakdowns,With breakdown(s) in last 3 months,"$30,000 to $39,999",126,126.0,ok,4.844187086458591
2015,Sewage Disposal Breakdowns,With breakdown(s) in last 3 months,"$40,000 to $49,999",121,121.0,ok,4.804021044733257
2015,Sewage Disposal Breakdowns,With breakdown(s) in last 3 months,"$50,000 to $59,999",85,85.0,ok,4.454347296253507
2015,Sewage Disposal Breakdowns,With breakdown(s) in last 3 months,"$60,000 to $79,999",160,160.0,ok,5.081404364984463
2015,Sewage Disposal Breakdowns,With breakdown(s) in last 3 months,"$80,000 to $99,999",65,65.0,ok,4.189654742026425
2015,Sewage Disposal Breakdowns,With breakdown(s) in last 3 months,"Less than $10,000",220,220.0,ok,5.3981627015177525
2015,Sewage Disposal Breakdowns,With public sewer,"$10,000 to $19,999","9,967",9967.0,ok,9.207135241027235
2015,Sewage Disposal Breakdowns,With public sewer,"$100,000 to $119,999","6,301",6301.0,ok,8.74862232231722
2015,Sewage Disposal Breakdowns,With public sewer,"$120,000 or more","14,850",14850.0,ok,9.605822482030945
2015,Sewage Disposal Breakdowns,With public sewer,"$20,000 to $29,999","9,985",9985.0,ok,9.208939391060554
2015,Sewage Disposal Breakdowns,With public sewer,"$30,000 to $39,999","9,151",9151.0,ok,9.12172771361958
2015,Sewage Disposal Breakdowns,With public sewer,"$40,000 to $49,999","8,057",8057.0,ok,8.994420665751292
2015,Sewage Disposal Breakdowns,With public sewer,"$50,000 to $59,999","7,005",7005.0,ok,8.854522203757432
2015,Sewage Disposal Breakdowns,With public sewer,"$60,000 to $79,999","11,484",11484.0,ok,9.3487971151232
2015,Sewage Disposal Breakdowns,With public sewer,"$80,000 to $99,999","8,228",8228.0,ok,9.015419779605713
2015,Sewage Disposal Breakdowns,With public sewer,"Less than $10,000","9,035",9035.0,ok,9.108971877587894
2015,Water Leakage During Last 12 Months,Basement,"$10,000 to $19,999",186,186.0,ok,5.231108616854587
2015,Water Leakage During Last 12 Months,Basement,"$100,000 to $119,999",200,200.0,ok,5.303304908059076
2015,Water Leakage During Last 12 Months,Basement,"$120,000 or more",488,488.0,ok,6.192362489474872
2015,Water Leakage During Last 12 Months,Basement,"$20,000 to $29,999",203,203.0,ok,5.318119993844216
2015,Water Leakage During Last 12 Months,Basement,"$30,000 to $39,999",214,214.0,ok,5.3706380281276624
2015,Water Leakage During Last 12 Months,Basement,"$40,000 to $49,999",188,188.0,ok,5.241747015059643
2015,Water Leakage During Last 12 Months,Basement,"$50,000 to $59,999",226,226.0,ok,5.424950017481403
2015,Water Leakage During Last 12 Months,Basement,"$60,000 to $79,999",392,392.0,ok,5.973809611869261
2015,Water Leakage During Last 12 Months,Basement,"$80,000 to $99,999",300,300.0,ok,5.707110264748875
2015,Water Leakage During Last 12 Months,Basement,"Less than $10,000",138,138.0,ok,4.9344739331306915
2015,Water Leakage During Last 12 Months,Broken water heater,"$10,000 to $19,999",103,103.0,ok,4.6443908991413725
2015,Water Leakage During Last 12 Months,Broken water heater,"$100,000 to $119,999",55,55.0,ok,4.02535169073515
2015,Water Leakage During Last 12 Months,Broken water heater,"$120,000 or more",132,132.0,ok,4.890349128221754
2015,Water Leakage During Last 12 Months,Broken water heater,"$20,000 to $29,999",131,131.0,ok,4.882801922586371
2015,Water Leakage During Last 12 Months,Broken water heater,"$30,000 to $39,999",87,87.0,ok,4.477336814478207
2015,Water Leakage During Last 12 Months,Broken water heater,"$40,000 to $49,999",70,70.0,ok,4.2626798770413155
2015,Water Leakage During Last 12 Months,Broken water heater,"$50,000 to $59,999",97,97.0,ok,4.584967478670572
2015,Water Leakage During Last 12 Months,Broken water heater,"$60,000 to $79,999",159,159.0,ok,5.075173815233827
2015,Water Leakage During Last 12 Months,Broken water heater,"$80,000 to $99,999",92,92.0,ok,4.532599493153256
2015,Water Leakage During Last 12 Months,Broken water heater,"Less than $10,000",119,119.0,ok,4.787491742782046
2015,Water Leakage During Last 12 Months,Exterior leakage not reported,"$10,000 to $19,999",103,103.0,ok,4.6443908991413725
2015,Water Leakage During Last 12 Months,Exterior leakage not reported,"$100,000 to $119,999",85,85.0,ok,4.454347296253507
2015,Water Leakage During Last 12 Months,Exterior leakage not reported,"$120,000 or more",150,150.0,ok,5.017279836814924
2015,Water Leakage During Last 12 Months,Exterior leakage not reported,"$20,000 to $29,999",91,91.0,ok,4.5217885770490405
2015,Water Leakage During Last 12 Months,Exterior leakage not reported,"$30,000 to $39,999",107,107.0,ok,4.68213122712422
2015,Water Leakage During Last 12 Months,Exterior leakage not reported,"$40,000 to $49,999",102,102.0,ok,4.634728988229636
2015,Water Leakage During Last 12 Months,Exterior leakage not reported,"$50,000 to $59,999",104,104.0,ok,4.653960350157523
2015,Water Leakage During Last 12 Months,Exterior leakage not reported,"$60,000 to $79,999",137,137.0,ok,4.927253685157205
2015,Water Leakage During Last 12 Months,Exterior leakage not reported,"$80,000 to $99,999",95,95.0,ok,4.564348191467836
2015,Water Leakage During Last 12 Months,Exterior leakage not reported,"Less than $10,000",170,170.0,ok,5.14166355650266
2015,Water Leakage During Last 12 Months,Fixtures backed up or overflowed,"$10,000 to $19,999",268,268.0,ok,5.594711379601839
2015,Water Leakage During Last 12 Months,Fixtures backed up or overflowed,"$100,000 to $119,999",136,136.0,ok,4.919980925828125
2015,Water Leakage During Last 12 Months,Fixtures backed up or overflowed,"$120,000 or more",342,342.0,ok,5.83773044716594
2015,Water Leakage During Last 12 Months,Fixtures backed up or overflowed,"$20,000 to $29,999",256,256.0,ok,5.54907608489522
2015,Water Leakage During Last 12 Months,Fixtures backed up or overflowed,"$30,000 to $39,999",218,218.0,ok,5.389071729816501
2015,Water Leakage During Last 12 Months,Fixtures backed up or overflowed,"$40,000 to $49,999",208,208.0,ok,5.342334251964811
2015,Water Leakage During Last 12 Months,Fixtures backed up or overflowed,"$50,000 to $59,999",183,183.0,ok,5.214935757608986
2015,Water Leakage During Last 12 Months,Fixtures backed up or overflowed,"$60,000 to $79,999",357,357.0,ok,5.8805329864007
2015,Water Leakage During Last 12 Months,Fixtures backed up or overflowed,"$80,000 to $99,999",225,225.0,ok,5.420534999272286
2015,Water Leakage During Last 12 Months,Fixtures backed up or overflowed,"Less than $10,000",216,216.0,ok,5.37989735354046
2015,Water Leakage During Last 12 Months,Interior leakage not reported,"$10,000 to $19,999",95,95.0,ok,4.564348191467836
2015,Water Leakage During Last 12 Months,Interior leakage not reported,"$100,000 to $119,999",85,85.0,ok,4.454347296253507
2015,Water Leakage During Last 12 Months,Interior leakage not reported,"$120,000 or more",153,153.0,ok,5.0369526024136295
2015,Water Leakage During Last 12 Months,Interior leakage not reported,"$20,000 to $29,999",84,84.0,ok,4.442651256490317
2015,Water Leakage During Last 12 Months,Interior leakage not reported,"$30,000 to $39,999",100,100.0,ok,4.61512051684126
2015,Water Leakage During Last 12 Months,Interior leakage not reported,"$40,000 to $49,999",110,110.0,ok,4.709530201312334
2015,Water Leakage During Last 12 Months,Interior leakage not reported,"$50,000 to $59,999",97,97.0,ok,4.584967478670572
2015,Water Leakage During Last 12 Months,Interior leakage not reported,"$60,000 to $79,999",137,137.0,ok,4.927253685157205
2015,Water Leakage During Last 12 Months,Interior leakage not reported,"$80,000 to $99,999",94,94.0,ok,4.553876891600541
2015,Water Leakage During Last 12 Months,Interior leakage not reported,"Less than $10,000",176,176.0,ok,5.176149732573829
2015,Water Leakage During Last 12 Months,No leakage from inside structure,"$10,000 to $19,999","11,003",11003.0,ok,9.306014122044465
2015,Water Leakage During Last 12 Months,No leakage from inside structure,"$100,000 to $119,999","7,316",7316.0,ok,8.89795568688403
2015,Water Leakage During Last 12 Months,No leakage from inside structure,"$120,000 or more","17,267",17267.0,ok,9.756610356675369
2015,Water Leakage During Last 12 Months,No leakage from inside structure,"$20,000 to $29,999","11,208",11208.0,ok,9.324472306021095
2015,Water Leakage During Last 12 Months,No leakage from inside structure,"$30,000 to $39,999","10,541",10541.0,ok,9.263122557415151
2015,Water Leakage During Last 12 Months,No leakage from inside structure,"$40,000 to $49,999","9,257",9257.0,ok,9.133243321591216
2015,Water Leakage During Last 12 Months,No leakage from inside structure,"$50,000 to $59,999","8,004",8004.0,ok,8.987821625430815
2015,Water Leakage During Last 12 Months,No leakage from inside structure,"$60,000 to $79,999","13,380",13380.0,ok,9.50159106930499
2015,Water Leakage During Last 12 Months,No leakage from inside structure,"$80,000 to $99,999","9,581",9581.0,ok,9.167641617443067
2015,Water Leakage During Last 12 Months,No leakage from inside structure,"Less than $10,000","9,588",9588.0,ok,9.16837188715368
2015,Water Leakage During Last 12 Months,No leakage from outside structure,"$10,000 to $19,999","10,948",10948.0,ok,9.301003406873425
2015,Water Leakage During Last 12 Months,No leakage from outside structure,"$100,000 to $119,999","7,115",7115.0,ok,8.870101048785726
2015,Water Leakage During Last 12 Months,No leakage from outside structure,"$120,000 or more","16,701",16701.0,ok,9.723283751713176
2015,Water Leakage During Last 12 Months,No leakage from outside structure,"$20,000 to $29,999","11,046",11046.0,ok,9.309914176872276
2015,Water Leakage During Last 12 Months,No leakage from outside structure,"$30,000 to $39,999","10,307",10307.0,ok,9.240675571772256
2015,Water Leakage During Last 12 Months,No leakage from outside structure,"$40,000 to $49,999","9,104",9104.0,ok,9.116578992161708
2015,Water Leakage During Last 12 Months,No leakage from outside structure,"$50,000 to $59,999","7,913",7913.0,ok,8.97638862194537
2015,Water Leakage During Last 12 Months,No leakage from outside structure,"$60,000 to $79,999","13,223",13223.0,ok,9.48978863950086
2015,Water Leakage During Last 12 Months,No leakage from outside structure,"$80,000 to $99,999","9,508",9508.0,ok,9.159993997539445
2015,Water Leakage During Last 12 Months,No leakage from outside structure,"Less than $10,000","9,514",9514.0,ok,9.16062477973025
2015,Water Leakage During Last 12 Months,Other or unknown (includes not reported),"$10,000 to $19,999",275,275.0,ok,5.62040086571715
2015,Water Leakage During Last 12 Months,Other or unknown (includes not reported),"$100,000 to $119,999",191,191.0,ok,5.2574953720277815
2015,Water Leakage During Last 12 Months,Other or unknown (includes not reported),"$120,000 or more",374,374.0,ok,5.926926025970411
2015,Water Leakage During Last 12 Months,Other or unknown (includes not reported),"$20,000 to $29,999",273,273.0,ok,5.6131281063880705
2015,Water Leakage During Last 12 Months,Other or unknown (includes not reported),"$30,000 to $39,999",278,278.0,ok,5.631211781821365
2015,Water Leakage During Last 12 Months,Other or unknown (includes not reported),"$40,000 to $49,999",244,244.0,ok,5.501258210544727
2015,Water Leakage During Last 12 Months,Other or unknown (includes not reported),"$50,000 to $59,999",198,198.0,ok,5.293304824724492
2015,Water Leakage During Last 12 Months,Other or unknown (includes not reported),"$60,000 to $79,999",358,358.0,ok,5.883322388488279
2015,Water Leakage During Last 12 Months,Other or unknown (includes not reported),"$80,000 to $99,999",201,201.0,ok,5.308267697401205
2015,Water Leakage During Last 12 Months,Other or unknown (includes not reported),"Less than $10,000",269,269.0,ok,5.598421958998375
2015,Water Leakage During Last 12 Months,Pipes leaked,"$10,000 to $19,999",609,609.0,ok,6.413458957167357
2015,Water Leakage During Last 12 Months,Pipes leaked,"$100,000 to $119,999",224,224.0,ok,5.41610040220442
2015,Water Leakage During Last 12 Months,Pipes leaked,"$120,000 or more",548,548.0,ok,6.3080984415095305
2015,Water Leakage During Last 12 Months,Pipes leaked,"$20,000 to $29,999",516,516.0,ok,6.248042874508429
2015,Water Leakage During Last 12 Months,Pipes leaked,"$30,000 to $39,999",478,478.0,ok,6.171700597410915
2015,Water Leakage During Last 12 Months,Pipes leaked,"$40,000 to $49,999",336,336.0,ok,5.820082930352362
2015,Water Leakage During Last 12 Months,Pipes leaked,"$50,000 to $59,999",366,366.0,ok,5.905361848054571
2015,Water Leakage During Last 12 Months,Pipes leaked,"$60,000 to $79,999",548,548.0,ok,6.3080984415095305
2015,Water Leakage During Last 12 Months,Pipes leaked,"$80,000 to $99,999",442,442.0,ok,6.093569770045136
2015,Water Leakage During Last 12 Months,Pipes leaked,"Less than $10,000",472,472.0,ok,6.159095388491933
2015,Water Leakage During Last 12 Months,Roof,"$10,000 to $19,999",728,728.0,ok,6.591673732008658
2015,Water Leakage During Last 12 Months,Roof,"$100,000 to $119,999",448,448.0,ok,6.1070228877422545
2015,Water Leakage During Last 12 Months,Roof,"$120,000 or more","1,081",1081.0,ok,6.9865664594064265
2015,Water Leakage During Last 12 Months,Roof,"$20,000 to $29,999",729,729.0,ok,6.593044534142437
2015,Water Leakage During Last 12 Months,Roof,"$30,000 to $39,999",698,698.0,ok,6.54965074223381
2015,Water Leakage During Last 12 Months,Roof,"$40,000 to $49,999",550,550.0,ok,6.311734809152915
2015,Water Leakage During Last 12 Months,Roof,"$50,000 to $59,999",478,478.0,ok,6.171700597410915
2015,Water Leakage During Last 12 Months,Roof,"$60,000 to $79,999",738,738.0,ok,6.6052979209482015
2015,Water Leakage During Last 12 Months,Roof,"$80,000 to $99,999",524,524.0,ok,6.263398262591624
2015,Water Leakage During Last 12 Months,Roof,"Less than $10,000",642,642.0,ok,6.466144724237619
2015,Water Leakage During Last 12 Months,"Walls, closed windows, or doors","$10,000 to $19,999",261,261.0,ok,5.568344503761097
2015,Water Leakage During Last 12 Months,"Walls, closed windows, or doors","$100,000 to $119,999",153,153.0,ok,5.0369526024136295
2015,Water Leakage During Last 12 Months,"Walls, closed windows, or doors","$120,000 or more",366,366.0,ok,5.905361848054571
2015,Water Leakage During Last 12 Months,"Walls, closed windows, or doors","$20,000 to $29,999",285,285.0,ok,5.655991810819852
2015,Water Leakage During Last 12 Months,"Walls, closed windows, or doors","$30,000 to $39,999",264,264.0,ok,5.579729825986222
2015,Water Leakage During Last 12 Months,"Walls, closed windows, or doors","$40,000 to $49,999",222,222.0,ok,5.407171771460119
2015,Water Leakage During Last 12 Months,"Walls, closed windows, or doors","$50,000 to $59,999",184,184.0,ok,5.220355825078325
2015,Water Leakage During Last 12 Months,"Walls, closed windows, or doors","$60,000 to $79,999",271,271.0,ok,5.605802066295998
2015,Water Leakage During Last 12 Months,"Walls, closed windows, or doors","$80,000 to $99,999",151,151.0,ok,5.0238805208462765
2015,Water Leakage During Last 12 Months,"Walls, closed windows, or doors","Less than $10,000",237,237.0,ok,5.472270673671475
2015,Water Leakage During Last 12 Months,With leakage from inside structure,"$10,000 to $19,999","1,147",1147.0,ok,7.045776576879511
2015,Water Leakage During Last 12 Months,With leakage from inside structure,"$100,000 to $119,999",582,582.0,ok,6.368187186350492
2015,Water Leakage During Last 12 Months,With leakage from inside structure,"$120,000 or more","1,364",1364.0,ok,7.21890970761906
2015,Water Leakage During Last 12 Months,With leakage from inside structure,"$20,000 to $29,999","1,106",1106.0,ok,7.009408932708637
2015,Water Leakage During Last 12 Months,With leakage from inside structure,"$30,000 to $39,999",999,999.0,ok,6.907755278982137
2015,Water Leakage During Last 12 Months,With leakage from inside structure,"$40,000 to $49,999",809,809.0,ok,6.697034247666484
2015,Water Leakage During Last 12 Months,With leakage from inside structure,"$50,000 to $59,999",808,808.0,ok,6.695798917058491
2015,Water Leakage During Last 12 Months,With leakage from inside structure,"$60,000 to $79,999","1,312",1312.0,ok,7.180069874302796
2015,Water Leakage During Last 12 Months,With leakage from inside structure,"$80,000 to $99,999",912,912.0,ok,6.816735880594968
2015,Water Leakage During Last 12 Months,With leakage from inside structure,"Less than $10,000",977,977.0,ok,6.885509670034818
2015,Water Leakage During Last 12 Months,With leakage from outside structure,"$10,000 to $19,999","1,195",1195.0,ok,7.086737934510577
2015,Water Leakage During Last 12 Months,With leakage from outside structure,"$100,000 to $119,999",782,782.0,ok,6.663132695990803
2015,Water Leakage During Last 12 Months,With leakage from outside structure,"$120,000 or more","1,934",1934.0,ok,7.5678626054638825
2015,Water Leakage During Last 12 Months,With leakage from outside structure,"$20,000 to $29,999","1,261",1261.0,ok,7.140453043101158
2015,Water Leakage During Last 12 Months,With leakage from outside structure,"$30,000 to $39,999","1,225",1225.0,ok,7.111512116496157
2015,Water Leakage During Last 12 Months,With leakage from outside structure,"$40,000 to $49,999",970,970.0,ok,6.878326468291325
2015,Water Leakage During Last 12 Months,With leakage from outside structure,"$50,000 to $59,999",891,891.0,ok,6.79346613258001
2015,Water Leakage During Last 12 Months,With leakage from outside structure,"$60,000 to $79,999","1,469",1469.0,ok,7.293017679772782
2015,Water Leakage During Last 12 Months,With leakage from outside structure,"$80,000 to $99,999",984,984.0,ok,6.892641641172089
2015,Water Leakage During Last 12 Months,With leakage from outside structure,"Less than $10,000","1,055",1055.0,ok,6.962243464266207
2015,Water Supply Stoppage,No stoppage in last 3 months,"$10,000 to $19,999","11,605",11605.0,ok,9.359277484750553
2015,Water Supply Stoppage,No stoppage in last 3 months,"$100,000 to $119,999","7,712",7712.0,ok,8.950662495933999
2015,Water Supply Stoppage,No stoppage in last 3 months,"$120,000 or more","18,161",18161.0,ok,9.807086778249774
2015,Water Supply Stoppage,No stoppage in last 3 months,"$20,000 to $29,999","11,817",11817.0,ok,9.37737907190562
2015,Water Supply Stoppage,No stoppage in last 3 months,"$30,000 to $39,999","11,133",11133.0,ok,9.317758768743452
2015,Water Supply Stoppage,No stoppage in last 3 months,"$40,000 to $49,999","9,767",9767.0,ok,9.18686701579054
2015,Water Supply Stoppage,No stoppage in last 3 months,"$50,000 to $59,999","8,518",8518.0,ok,9.05005424204284
2015,Water Supply Stoppage,No stoppage in last 3 months,"$60,000 to $79,999","14,251",14251.0,ok,9.564652526725727
2015,Water Supply Stoppage,No stoppage in last 3 months,"$80,000 to $99,999","10,183",10183.0,ok,9.228573140237243
2015,Water Supply Stoppage,No stoppage in last 3 months,"Less than $10,000","10,085",10085.0,ok,9.21890360263667
2015,Water Supply Stoppage,No stoppage lasting 6 hours or more,"$10,000 to $19,999",108,108.0,ok,4.6913478822291435
2015,Water Supply Stoppage,No stoppage lasting 6 hours or more,"$100,000 to $119,999",31,31.0,ok,3.4657359027997265
2015,Water Supply Stoppage,No stoppage lasting 6 hours or more,"$120,000 or more",117,117.0,ok,4.770684624465665
2015,Water Supply Stoppage,No stoppage lasting 6 hours or more,"$20,000 to $29,999",82,82.0,ok,4.418840607796598
2015,Water Supply Stoppage,No stoppage lasting 6 hours or more,"$30,000 to $39,999",73,73.0,ok,4.304065093204169
2015,Water Supply Stoppage,No stoppage lasting 6 hours or more,"$40,000 to $49,999",56,56.0,ok,4.04305126783455
2015,Water Supply Stoppage,No stoppage lasting 6 hours or more,"$50,000 to $59,999",57,57.0,ok,4.060443010546419
2015,Water Supply Stoppage,No stoppage lasting 6 hours or more,"$60,000 to $79,999",109,109.0,ok,4.700480365792417
2015,Water Supply Stoppage,No stoppage lasting 6 hours or more,"$80,000 to $99,999",76,76.0,ok,4.343805421853684
2015,Water Supply Stoppage,No stoppage lasting 6 hours or more,"Less than $10,000",61,61.0,ok,4.127134385045092
2015,Water Supply Stoppage,With hot and cold piped water,"$10,000 to $19,999","12,196",12196.0,ok,9.40894529884324
2015,Water Supply Stoppage,With hot and cold piped water,"$100,000 to $119,999","7,980",7980.0,ok,8.984818995876008
2015,Water Supply Stoppage,With hot and cold piped water,"$120,000 or more","18,783",18783.0,ok,9.840760722627824
2015,Water Supply Stoppage,With hot and cold piped water,"$20,000 to $29,999","12,362",12362.0,ok,9.422463420006927
2015,Water Supply Stoppage,With hot and cold piped water,"$30,000 to $39,999","11,629",11629.0,ok,9.36134324551271
2015,Water Supply Stoppage,With hot and cold piped water,"$40,000 to $49,999","10,171",10171.0,ok,9.227394126542011
2015,Water Supply Stoppage,With hot and cold piped water,"$50,000 to $59,999","8,896",8896.0,ok,9.093469420244768
2015,Water Supply Stoppage,With hot and cold piped water,"$60,000 to $79,999","14,827",14827.0,ok,9.604272564270623
2015,Water Supply Stoppage,With hot and cold piped water,"$80,000 to $99,999","10,583",10583.0,ok,9.267098705794792
2015,Water Supply Stoppage,With hot and cold piped water,"Less than $10,000","10,699",10699.0,ok,9.277999020449997
2015,Water Supply Stoppage,With stoppage in last 3 months,"$10,000 to $19,999",497,497.0,ok,6.210600077024653
2015,Water Supply Stoppage,With stoppage in last 3 months,"$100,000 to $119,999",183,183.0,ok,5.214935757608986
2015,Water Supply Stoppage,With stoppage in last 3 months,"$120,000 or more",479,479.0,ok,6.173786103901937
2015,Water Supply Stoppage,With stoppage in last 3 months,"$20,000 to $29,999",462,462.0,ok,6.137727054086234
2015,Water Supply Stoppage,With stoppage in last 3 months,"$30,000 to $39,999",395,395.0,ok,5.981414211254481
2015,Water Supply Stoppage,With stoppage in last 3 months,"$40,000 to $49,999",304,304.0,ok,5.720311776607412
2015,Water Supply Stoppage,With stoppage in last 3 months,"$50,000 to $59,999",291,291.0,ok,5.676753802268282
2015,Water Supply Stoppage,With stoppage in last 3 months,"$60,000 to $79,999",443,443.0,ok,6.095824562432225
2015,Water Supply Stoppage,With stoppage in last 3 months,"$80,000 to $99,999",309,309.0,ok,5.736572297479192
2015,Water Supply Stoppage,With stoppage in last 3 months,"Less than $10,000",446,446.0,ok,6.102558594613569
2017,Electric Fuses and Circuit Breakers,1 time,"$10,000 to $19,999",415,415.0,ok,6.030685260261263
2017,Electric Fuses and Circuit Breakers,1 time,"$100,000 to $119,999",403,403.0,ok,6.0014148779611505
2017,Electric Fuses and Circuit Breakers,1 time,"$120,000 or more","1,310",1310.0,ok,7.1785454837637
2017,Electric Fuses and Circuit Breakers,1 time,"$20,000 to $29,999",440,440.0,ok,6.089044875446846
2017,Electric Fuses and Circuit Breakers,1 time,"$30,000 to $39,999",440,440.0,ok,6.089044875446846
2017,Electric Fuses and Circuit Breakers,1 time,"$40,000 to $49,999",458,458.0,ok,6.129050210060545
2017,Electric Fuses and Circuit Breakers,1 time,"$50,000 to $59,999",380,380.0,ok,5.942799375126701
2017,Electric Fuses and Circuit Breakers,1 time,"$60,000 to $79,999",678,678.0,ok,6.520621127558696
2017,Electric Fuses and Circuit Breakers,1 time,"$80,000 to $99,999",538,538.0,ok,6.289715570908998
2017,Electric Fuses and Circuit Breakers,1 time,"Less than $10,000",335,335.0,ok,5.817111159963204
2017,Electric Fuses and Circuit Breakers,2 times,"$10,000 to $19,999",165,165.0,ok,5.111987788356544
2017,Electric Fuses and Circuit Breakers,2 times,"$100,000 to $119,999",203,203.0,ok,5.318119993844216
2017,Electric Fuses and Circuit Breakers,2 times,"$120,000 or more",519,519.0,ok,6.253828811575473
2017,Electric Fuses and Circuit Breakers,2 times,"$20,000 to $29,999",213,213.0,ok,5.365976015021851
2017,Electric Fuses and Circuit Breakers,2 times,"$30,000 to $39,999",214,214.0,ok,5.3706380281276624
2017,Electric Fuses and Circuit Breakers,2 times,"$40,000 to $49,999",131,131.0,ok,4.882801922586371
2017,Electric Fuses and Circuit Breakers,2 times,"$50,000 to $59,999",187,187.0,ok,5.236441962829949
2017,Electric Fuses and Circuit Breakers,2 times,"$60,000 to $79,999",277,277.0,ok,5.627621113690637
2017,Electric Fuses and Circuit Breakers,2 times,"$80,000 to $99,999",181,181.0,ok,5.204006687076795
2017,Electric Fuses and Circuit Breakers,2 times,"Less than $10,000",142,142.0,ok,4.962844630259907
2017,Electric Fuses and Circuit Breakers,3 times,"$10,000 to $19,999",63,63.0,ok,4.1588830833596715
2017,Electric Fuses and Circuit Breakers,3 times,"$100,000 to $119,999",45,45.0,ok,3.828641396489095
2017,Electric Fuses and Circuit Breakers,3 times,"$120,000 or more",193,193.0,ok,5.267858159063328
2017,Electric Fuses and Circuit Breakers,3 times,"$20,000 to $29,999",55,55.0,ok,4.02535169073515
2017,Electric Fuses and Circuit Breakers,3 times,"$30,000 to $39,999",58,58.0,ok,4.07753744390572
2017,Electric Fuses and Circuit Breakers,3 times,"$40,000 to $49,999",66,66.0,ok,4.204692619390966
2017,Electric Fuses and Circuit Breakers,3 times,"$50,000 to $59,999",90,90.0,ok,4.51085950651685
2017,Electric Fuses and Circuit Breakers,3 times,"$60,000 to $79,999",99,99.0,ok,4.605170185988092
2017,Electric Fuses and Circuit Breakers,3 times,"$80,000 to $99,999",85,85.0,ok,4.454347296253507
2017,Electric Fuses and Circuit Breakers,3 times,"Less than $10,000",75,75.0,ok,4.330733340286331
2017,Electric Fuses and Circuit Breakers,4 times or more,"$10,000 to $19,999",136,136.0,ok,4.919980925828125
2017,Electric Fuses and Circuit Breakers,4 times or more,"$100,000 to $119,999",62,62.0,ok,4.143134726391533
2017,Electric Fuses and Circuit Breakers,4 times or more,"$120,000 or more",254,254.0,ok,5.541263545158426
2017,Electric Fuses and Circuit Breakers,4 times or more,"$20,000 to $29,999",98,98.0,ok,4.59511985013459
2017,Electric Fuses and Circuit Breakers,4 times or more,"$30,000 to $39,999",118,118.0,ok,4.77912349311153
2017,Electric Fuses and Circuit Breakers,4 times or more,"$40,000 to $49,999",105,105.0,ok,4.663439094112067
2017,Electric Fuses and Circuit Breakers,4 times or more,"$50,000 to $59,999",92,92.0,ok,4.532599493153256
2017,Electric Fuses and Circuit Breakers,4 times or more,"$60,000 to $79,999",154,154.0,ok,5.043425116919247
2017,Electric Fuses and Circuit Breakers,4 times or more,"$80,000 to $99,999",113,113.0,ok,4.736198448394496
2017,Electric Fuses and Circuit Breakers,4 times or more,"Less than $10,000",112,112.0,ok,4.727387818712341
2017,Electric Fuses and Circuit Breakers,No fuses or breakers blown in last 3 months,"$10,000 to $19,999","10,354",10354.0,ok,9.245224773829685
2017,Electric Fuses and Circuit Breakers,No fuses or breakers blown in last 3 months,"$100,000 to $119,999","8,022",8022.0,ok,8.990067695753655
2017,Electric Fuses and Circuit Breakers,No fuses or breakers blown in last 3 months,"$120,000 or more","20,083",20083.0,ok,9.907678757154596
2017,Electric Fuses and Circuit Breakers,No fuses or breakers blown in last 3 months,"$20,000 to $29,999","10,960",10960.0,ok,9.302098797215724
2017,Electric Fuses and Circuit Breakers,No fuses or breakers blown in last 3 months,"$30,000 to $39,999","10,330",10330.0,ok,9.242904362849446
2017,Electric Fuses and Circuit Breakers,No fuses or breakers blown in last 3 months,"$40,000 to $49,999","9,502",9502.0,ok,9.159362817211315
2017,Electric Fuses and Circuit Breakers,No fuses or breakers blown in last 3 months,"$50,000 to $59,999","8,257",8257.0,ok,9.018937706446035
2017,Electric Fuses and Circuit Breakers,No fuses or breakers blown in last 3 months,"$60,000 to $79,999","14,029",14029.0,ok,9.548953173096507
2017,Electric Fuses and Circuit Breakers,No fuses or breakers blown in last 3 months,"$80,000 to $99,999","10,406",10406.0,ok,9.25023393563786
2017,Electric Fuses and Circuit Breakers,No fuses or breakers blown in last 3 months,"Less than $10,000","9,799",9799.0,ok,9.190137664658664
2017,Electric Fuses and Circuit Breakers,With electrical wiring,"$10,000 to $19,999","11,132",11132.0,ok,9.317668949728708
2017,Electric Fuses and Circuit Breakers,With electrical wiring,"$100,000 to $119,999","8,734",8734.0,ok,9.075093222568157
2017,Electric Fuses and Circuit Breakers,With electrical wiring,"$120,000 or more","22,359",22359.0,ok,10.015028927269036
2017,Electric Fuses and Circuit Breakers,With electrical wiring,"$20,000 to $29,999","11,765",11765.0,ok,9.3729692954244
2017,Electric Fuses and Circuit Breakers,With electrical wiring,"$30,000 to $39,999","11,160",11160.0,ok,9.320180837655714
2017,Electric Fuses and Circuit Breakers,With electrical wiring,"$40,000 to $49,999","10,263",10263.0,ok,9.236397906295473
2017,Electric Fuses and Circuit Breakers,With electrical wiring,"$50,000 to $59,999","9,005",9005.0,ok,9.105646300861517
2017,Electric Fuses and Circuit Breakers,With electrical wiring,"$60,000 to $79,999","15,236",15236.0,ok,9.631481959469355
2017,Electric Fuses and Circuit Breakers,With electrical wiring,"$80,000 to $99,999","11,323",11323.0,ok,9.33467964623179
2017,Electric Fuses and Circuit Breakers,With electrical wiring,"Less than $10,000","10,463",10463.0,ok,9.25569607369698
2017,Electric Fuses and Circuit Breakers,With fuses or breakers blown in last 3 months,"$10,000 to $19,999",778,778.0,ok,6.658011045870748
2017,Electric Fuses and Circuit Breakers,With fuses or breakers blown in last 3 months,"$100,000 to $119,999",712,712.0,ok,6.569481420414296
2017,Electric Fuses and Circuit Breakers,With fuses or breakers blown in last 3 months,"$120,000 or more","2,276",2276.0,ok,7.7306140660637395
2017,Electric Fuses and Circuit Breakers,With fuses or breakers blown in last 3 months,"$20,000 to $29,999",805,805.0,ok,6.692083742506628
2017,Electric Fuses and Circuit Breakers,With fuses or breakers blown in last 3 months,"$30,000 to $39,999",830,830.0,ok,6.7226297948554485
2017,Electric Fuses and Circuit Breakers,With fuses or breakers blown in last 3 months,"$40,000 to $49,999",760,760.0,ok,6.634633357861686
2017,Electric Fuses and Circuit Breakers,With fuses or breakers blown in last 3 months,"$50,000 to $59,999",748,748.0,ok,6.618738983517219
2017,Electric Fuses and Circuit Breakers,With fuses or breakers blown in last 3 months,"$60,000 to $79,999","1,207",1207.0,ok,7.0967213784947605
2017,Electric Fuses and Circuit Breakers,With fuses or breakers blown in last 3 months,"$80,000 to $99,999",918,918.0,ok,6.823286122355687
2017,Electric Fuses and Circuit Breakers,With fuses or breakers blown in last 3 months,"Less than $10,000",664,664.0,ok,6.499787040655854
2017,External Building Conditions,Bars on windows,"$10,000 to $19,999",218,218.0,ok,5.389071729816501
2017,External Building Conditions,Bars on windows,"$100,000 to $119,999",89,89.0,ok,4.499809670330265
2017,External Building Conditions,Bars on windows,"$120,000 or more",250,250.0,ok,5.5254529391317835
2017,External Building Conditions,Bars on windows,"$20,000 to $29,999",325,325.0,ok,5.786897381366708
2017,External Building Conditions,Bars on windows,"$30,000 to $39,999",236,236.0,ok,5.4680601411351315
2017,External Building Conditions,Bars on windows,"$40,000 to $49,999",213,213.0,ok,5.365976015021851
2017,External Building Conditions,Bars on windows,"$50,000 to $59,999",196,196.0,ok,5.2832037287379885
2017,External Building Conditions,Bars on windows,"$60,000 to $79,999",304,304.0,ok,5.720311776607412
2017,External Building Conditions,Bars on windows,"$80,000 to $99,999",209,209.0,ok,5.3471075307174685
2017,External Building Conditions,Bars on windows,"Less than $10,000",280,280.0,ok,5.638354669333745
2017,External Building Conditions,Boarded up windows,"$10,000 to $19,999",155,155.0,ok,5.049856007249537
2017,External Building Conditions,Boarded up windows,"$100,000 to $119,999",35,35.0,ok,3.58351893845611
2017,External Building Conditions,Boarded up windows,"$120,000 or more",71,71.0,ok,4.276666119016055
2017,External Building Conditions,Boarded up windows,"$20,000 to $29,999",156,156.0,ok,5.056245805348308
2017,External Building Conditions,Boarded up windows,"$30,000 to $39,999",132,132.0,ok,4.890349128221754
2017,External Building Conditions,Boarded up windows,"$40,000 to $49,999",104,104.0,ok,4.653960350157523
2017,External Building Conditions,Boarded up windows,"$50,000 to $59,999",71,71.0,ok,4.276666119016055
2017,External Building Conditions,Boarded up windows,"$60,000 to $79,999",100,100.0,ok,4.61512051684126
2017,External Building Conditions,Boarded up windows,"$80,000 to $99,999",90,90.0,ok,4.51085950651685
2017,External Building Conditions,Boarded up windows,"Less than $10,000",147,147.0,ok,4.997212273764115
2017,External Building Conditions,Broken windows,"$10,000 to $19,999",480,480.0,ok,6.175867270105761
2017,External Building Conditions,Broken windows,"$100,000 to $119,999",248,248.0,ok,5.517452896464707
2017,External Building Conditions,Broken windows,"$120,000 or more",448,448.0,ok,6.1070228877422545
2017,External Building Conditions,Broken windows,"$20,000 to $29,999",490,490.0,ok,6.19644412779452
2017,External Building Conditions,Broken windows,"$30,000 to $39,999",410,410.0,ok,6.018593214496234
2017,External Building Conditions,Broken windows,"$40,000 to $49,999",433,433.0,ok,6.073044534100405
2017,External Building Conditions,Broken windows,"$50,000 to $59,999",294,294.0,ok,5.68697535633982
2017,External Building Conditions,Broken windows,"$60,000 to $79,999",466,466.0,ok,6.1463292576688975
2017,External Building Conditions,Broken windows,"$80,000 to $99,999",277,277.0,ok,5.627621113690637
2017,External Building Conditions,Broken windows,"Less than $10,000",366,366.0,ok,5.905361848054571
2017,External Building Conditions,Foundation crumbling or has open crack or hole,"$10,000 to $19,999",548,548.0,ok,6.3080984415095305
2017,External Building Conditions,Foundation crumbling or has open crack or hole,"$100,000 to $119,999",305,305.0,ok,5.723585101952381
2017,External Building Conditions,Foundation crumbling or has open crack or hole,"$120,000 or more",837,837.0,ok,6.731018100482083
2017,External Building Conditions,Foundation crumbling or has open crack or hole,"$20,000 to $29,999",587,587.0,ok,6.376726947898627
2017,External Building Conditions,Foundation crumbling or has open crack or hole,"$30,000 to $39,999",414,414.0,ok,6.028278520230698
2017,External Building Conditions,Foundation crumbling or has open crack or hole,"$40,000 to $49,999",407,407.0,ok,6.0112671744041615
2017,External Building Conditions,Foundation crumbling or has open crack or hole,"$50,000 to $59,999",355,355.0,ok,5.87493073085203
2017,External Building Conditions,Foundation crumbling or has open crack or hole,"$60,000 to $79,999",577,577.0,ok,6.359573868672378
2017,External Building Conditions,Foundation crumbling or has open crack or hole,"$80,000 to $99,999",460,460.0,ok,6.133398042996649
2017,External Building Conditions,Foundation crumbling or has open crack or hole,"Less than $10,000",480,480.0,ok,6.175867270105761
2017,External Building Conditions,Hole in roof,"$10,000 to $19,999",206,206.0,ok,5.332718793265369
2017,External Building Conditions,Hole in roof,"$100,000 to $119,999",49,49.0,ok,3.912023005428146
2017,External Building Conditions,Hole in roof,"$120,000 or more",120,120.0,ok,4.795790545596741
2017,External Building Conditions,Hole in roof,"$20,000 to $29,999",181,181.0,ok,5.204006687076795
2017,External Building Conditions,Hole in roof,"$30,000 to $39,999",117,117.0,ok,4.770684624465665
2017,External Building Conditions,Hole in roof,"$40,000 to $49,999",173,173.0,ok,5.159055299214529
2017,External Building Conditions,Hole in roof,"$50,000 to $59,999",92,92.0,ok,4.532599493153256
2017,External Building Conditions,Hole in roof,"$60,000 to $79,999",145,145.0,ok,4.983606621708336
2017,External Building Conditions,Hole in roof,"$80,000 to $99,999",97,97.0,ok,4.584967478670572
2017,External Building Conditions,Hole in roof,"Less than $10,000",172,172.0,ok,5.153291594497779
2017,External Building Conditions,"Missing bricks, siding, or other outside wall material","$10,000 to $19,999",313,313.0,ok,5.749392985908253
2017,External Building Conditions,"Missing bricks, siding, or other outside wall material","$100,000 to $119,999",126,126.0,ok,4.844187086458591
2017,External Building Conditions,"Missing bricks, siding, or other outside wall material","$120,000 or more",358,358.0,ok,5.883322388488279
2017,External Building Conditions,"Missing bricks, siding, or other outside wall material","$20,000 to $29,999",280,280.0,ok,5.638354669333745
2017,External Building Conditions,"Missing bricks, siding, or other outside wall material","$30,000 to $39,999",198,198.0,ok,5.293304824724492
2017,External Building Conditions,"Missing bricks, siding, or other outside wall material","$40,000 to $49,999",243,243.0,ok,5.497168225293202
2017,External Building Conditions,"Missing bricks, siding, or other outside wall material","$50,000 to $59,999",171,171.0,ok,5.147494476813453
2017,External Building Conditions,"Missing bricks, siding, or other outside wall material","$60,000 to $79,999",327,327.0,ok,5.793013608384144
2017,External Building Conditions,"Missing bricks, siding, or other outside wall material","$80,000 to $99,999",239,239.0,ok,5.480638923341991
2017,External Building Conditions,"Missing bricks, siding, or other outside wall material","Less than $10,000",303,303.0,ok,5.717027701406222
2017,External Building Conditions,Missing roofing material,"$10,000 to $19,999",347,347.0,ok,5.8522024797744745
2017,External Building Conditions,Missing roofing material,"$100,000 to $119,999",219,219.0,ok,5.393627546352361
2017,External Building Conditions,Missing roofing material,"$120,000 or more",426,426.0,ok,6.056784013228625
2017,External Building Conditions,Missing roofing material,"$20,000 to $29,999",436,436.0,ok,6.07993319509559
2017,External Building Conditions,Missing roofing material,"$30,000 to $39,999",273,273.0,ok,5.6131281063880705
2017,External Building Conditions,Missing roofing material,"$40,000 to $49,999",304,304.0,ok,5.720311776607412
2017,External Building Conditions,Missing roofing material,"$50,000 to $59,999",262,262.0,ok,5.572154032177765
2017,External Building Conditions,Missing roofing material,"$60,000 to $79,999",449,449.0,ok,6.1092475827643655
2017,External Building Conditions,Missing roofing material,"$80,000 to $99,999",280,280.0,ok,5.638354669333745
2017,External Building Conditions,Missing roofing material,"Less than $10,000",331,331.0,ok,5.805134968916488
2017,External Building Conditions,Sagging roof,"$10,000 to $19,999",289,289.0,ok,5.66988092298052
2017,External Building Conditions,Sagging roof,"$100,000 to $119,999",106,106.0,ok,4.672828834461906
2017,External Building Conditions,Sagging roof,"$120,000 or more",173,173.0,ok,5.159055299214529
2017,External Building Conditions,Sagging roof,"$20,000 to $29,999",210,210.0,ok,5.351858133476067
2017,External Building Conditions,Sagging roof,"$30,000 to $39,999",158,158.0,ok,5.0689042022202315
2017,External Building Conditions,Sagging roof,"$40,000 to $49,999",190,190.0,ok,5.25227342804663
2017,External Building Conditions,Sagging roof,"$50,000 to $59,999",125,125.0,ok,4.836281906951478
2017,External Building Conditions,Sagging roof,"$60,000 to $79,999",149,149.0,ok,5.0106352940962555
2017,External Building Conditions,Sagging roof,"$80,000 to $99,999",135,135.0,ok,4.912654885736052
2017,External Building Conditions,Sagging roof,"Less than $10,000",203,203.0,ok,5.318119993844216
2017,External Building Conditions,Sloping outside walls,"$10,000 to $19,999",197,197.0,ok,5.288267030694535
2017,External Building Conditions,Sloping outside walls,"$100,000 to $119,999",66,66.0,ok,4.204692619390966
2017,External Building Conditions,Sloping outside walls,"$120,000 or more",132,132.0,ok,4.890349128221754
2017,External Building Conditions,Sloping outside walls,"$20,000 to $29,999",151,151.0,ok,5.0238805208462765
2017,External Building Conditions,Sloping outside walls,"$30,000 to $39,999",111,111.0,ok,4.718498871295094
2017,External Building Conditions,Sloping outside walls,"$40,000 to $49,999",111,111.0,ok,4.718498871295094
2017,External Building Conditions,Sloping outside walls,"$50,000 to $59,999",88,88.0,ok,4.48863636973214
2017,External Building Conditions,Sloping outside walls,"$60,000 to $79,999",85,85.0,ok,4.454347296253507
2017,External Building Conditions,Sloping outside walls,"$80,000 to $99,999",82,82.0,ok,4.418840607796598
2017,External Building Conditions,Sloping outside walls,"Less than $10,000",161,161.0,ok,5.087596335232384
2017,Flush Toilet Breakdowns,No breakdowns lasting 6 hours or more,"$10,000 to $19,999",89,89.0,ok,4.499809670330265
2017,Flush Toilet Breakdowns,No breakdowns lasting 6 hours or more,"$100,000 to $119,999",36,36.0,ok,3.6109179126442243
2017,Flush Toilet Breakdowns,No breakdowns lasting 6 hours or more,"$120,000 or more",54,54.0,ok,4.007333185232471
2017,Flush Toilet Breakdowns,No breakdowns lasting 6 hours or more,"$20,000 to $29,999",71,71.0,ok,4.276666119016055
2017,Flush Toilet Breakdowns,No breakdowns lasting 6 hours or more,"$30,000 to $39,999",36,36.0,ok,3.6109179126442243
2017,Flush Toilet Breakdowns,No breakdowns lasting 6 hours or more,"$40,000 to $49,999",31,31.0,ok,3.4657359027997265
2017,Flush Toilet Breakdowns,No breakdowns lasting 6 hours or more,"$50,000 to $59,999",43,43.0,ok,3.784189633918261
2017,Flush Toilet Breakdowns,No breakdowns lasting 6 hours or more,"$60,000 to $79,999",49,49.0,ok,3.912023005428146
2017,Flush Toilet Breakdowns,No breakdowns lasting 6 hours or more,"$80,000 to $99,999",37,37.0,ok,3.6375861597263857
2017,Flush Toilet Breakdowns,No breakdowns lasting 6 hours or more,"Less than $10,000",80,80.0,ok,4.394449154672439
2017,Flush Toilet Breakdowns,None working some time in last 3 months,"$10,000 to $19,999",318,318.0,ok,5.765191102784844
2017,Flush Toilet Breakdowns,None working some time in last 3 months,"$100,000 to $119,999",120,120.0,ok,4.795790545596741
2017,Flush Toilet Breakdowns,None working some time in last 3 months,"$120,000 or more",213,213.0,ok,5.365976015021851
2017,Flush Toilet Breakdowns,None working some time in last 3 months,"$20,000 to $29,999",305,305.0,ok,5.723585101952381
2017,Flush Toilet Breakdowns,None working some time in last 3 months,"$30,000 to $39,999",228,228.0,ok,5.43372200355424
2017,Flush Toilet Breakdowns,None working some time in last 3 months,"$40,000 to $49,999",207,207.0,ok,5.337538079701318
2017,Flush Toilet Breakdowns,None working some time in last 3 months,"$50,000 to $59,999",167,167.0,ok,5.123963979403259
2017,Flush Toilet Breakdowns,None working some time in last 3 months,"$60,000 to $79,999",257,257.0,ok,5.552959584921617
2017,Flush Toilet Breakdowns,None working some time in last 3 months,"$80,000 to $99,999",155,155.0,ok,5.049856007249537
2017,Flush Toilet Breakdowns,None working some time in last 3 months,"Less than $10,000",349,349.0,ok,5.857933154483459
2017,Flush Toilet Breakdowns,With at least one toilet working at all times in last 3 months,"$10,000 to $19,999","10,783",10783.0,ok,9.285818833152089
2017,Flush Toilet Breakdowns,With at least one toilet working at all times in last 3 months,"$100,000 to $119,999","8,614",8614.0,ok,9.06126014896203
2017,Flush Toilet Breakdowns,With at least one toilet working at all times in last 3 months,"$120,000 or more","22,156",22156.0,ok,10.005908752635277
2017,Flush Toilet Breakdowns,With at least one toilet working at all times in last 3 months,"$20,000 to $29,999","11,452",11452.0,ok,9.346006983397716
2017,Flush Toilet Breakdowns,With at least one toilet working at all times in last 3 months,"$30,000 to $39,999","10,946",10946.0,ok,9.300820725104558
2017,Flush Toilet Breakdowns,With at least one toilet working at all times in last 3 months,"$40,000 to $49,999","10,059",10059.0,ok,9.21632244365373
2017,Flush Toilet Breakdowns,With at least one toilet working at all times in last 3 months,"$50,000 to $59,999","8,831",8831.0,ok,9.086136768516877
2017,Flush Toilet Breakdowns,With at least one toilet working at all times in last 3 months,"$60,000 to $79,999","14,983",14983.0,ok,9.614738244123924
2017,Flush Toilet Breakdowns,With at least one toilet working at all times in last 3 months,"$80,000 to $99,999","11,172",11172.0,ok,9.321255432547337
2017,Flush Toilet Breakdowns,With at least one toilet working at all times in last 3 months,"Less than $10,000","10,125",10125.0,ok,9.222861652529854
2017,Flush Toilet Breakdowns,With one or more flush toilets,"$10,000 to $19,999","11,101",11101.0,ok,9.314880551250107
2017,Flush Toilet Breakdowns,With one or more flush toilets,"$100,000 to $119,999","8,734",8734.0,ok,9.075093222568157
2017,Flush Toilet Breakdowns,With one or more flush toilets,"$120,000 or more","22,369",22369.0,ok,10.015476054484175
2017,Flush Toilet Breakdowns,With one or more flush toilets,"$20,000 to $29,999","11,757",11757.0,ok,9.3722891389622
2017,Flush Toilet Breakdowns,With one or more flush toilets,"$30,000 to $39,999","11,174",11174.0,ok,9.32143441948177
2017,Flush Toilet Breakdowns,With one or more flush toilets,"$40,000 to $49,999","10,266",10266.0,ok,9.236690147298965
2017,Flush Toilet Breakdowns,With one or more flush toilets,"$50,000 to $59,999","8,998",8998.0,ok,9.104868739033948
2017,Flush Toilet Breakdowns,With one or more flush toilets,"$60,000 to $79,999","15,240",15240.0,ok,9.63174444388585
2017,Flush Toilet Breakdowns,With one or more flush toilets,"$80,000 to $99,999","11,327",11327.0,ok,9.3350328159335
2017,Flush Toilet Breakdowns,With one or more flush toilets,"Less than $10,000","10,474",10474.0,ok,9.25674674479034
2017,Heating Problems,Equipment breakdowns,"$10,000 to $19,999",337,337.0,ok,5.823045895483019
2017,Heating Problems,Equipment breakdowns,"$100,000 to $119,999",141,141.0,ok,4.955827057601261
2017,Heating Problems,Equipment breakdowns,"$120,000 or more",314,314.0,ok,5.752572638825633
2017,Heating Problems,Equipment breakdowns,"$20,000 to $29,999",270,270.0,ok,5.602118820879701
2017,Heating Problems,Equipment breakdowns,"$30,000 to $39,999",265,265.0,ok,5.583496308781699
2017,Heating Problems,Equipment breakdowns,"$40,000 to $49,999",233,233.0,ok,5.455321115357702
2017,Heating Problems,Equipment breakdowns,"$50,000 to $59,999",175,175.0,ok,5.170483995038151
2017,Heating Problems,Equipment breakdowns,"$60,000 to $79,999",247,247.0,ok,5.5134287461649825
2017,Heating Problems,Equipment breakdowns,"$80,000 to $99,999",216,216.0,ok,5.37989735354046
2017,Heating Problems,Equipment breakdowns,"Less than $10,000",318,318.0,ok,5.765191102784844
2017,Heating Problems,No breakdowns lasting 6 hours or more,"$10,000 to $19,999",S,,suppressed,
2017,Heating Problems,No breakdowns lasting 6 hours or more,"$100,000 to $119,999",.,,blank_or_na,
2017,Heating Problems,No breakdowns lasting 6 hours or more,"$120,000 or more",S,,suppressed,
2017,Heating Problems,No breakdowns lasting 6 hours or more,"$20,000 to $29,999",S,,suppressed,
2017,Heating Problems,No breakdowns lasting 6 hours or more,"$30,000 to $39,999",S,,suppressed,
2017,Heating Problems,No breakdowns lasting 6 hours or more,"$40,000 to $49,999",.,,blank_or_na,
2017,Heating Problems,No breakdowns lasting 6 hours or more,"$50,000 to $59,999",S,,suppressed,
2017,Heating Problems,No breakdowns lasting 6 hours or more,"$60,000 to $79,999",S,,suppressed,
2017,Heating Problems,No breakdowns lasting 6 hours or more,"$80,000 to $99,999",S,,suppressed,
2017,Heating Problems,No breakdowns lasting 6 hours or more,"Less than $10,000",S,,suppressed,
2017,Heating Problems,Not uncomfortably cold for 24 hours or more,"$10,000 to $19,999","9,227",9227.0,ok,9.129997619293643
2017,Heating Problems,Not uncomfortably cold for 24 hours or more,"$100,000 to $119,999","7,818",7818.0,ok,8.964311948124514
2017,Heating Problems,Not uncomfortably cold for 24 hours or more,"$120,000 or more","20,083",20083.0,ok,9.907678757154596
2017,Heating Problems,Not uncomfortably cold for 24 hours or more,"$20,000 to $29,999","10,070",10070.0,ok,9.217415285648144
2017,Heating Problems,Not uncomfortably cold for 24 hours or more,"$30,000 to $39,999","9,527",9527.0,ok,9.161990111035136
2017,Heating Problems,Not uncomfortably cold for 24 hours or more,"$40,000 to $49,999","8,841",8841.0,ok,9.087268374386188
2017,Heating Problems,Not uncomfortably cold for 24 hours or more,"$50,000 to $59,999","7,789",7789.0,ok,8.960596138864794
2017,Heating Problems,Not uncomfortably cold for 24 hours or more,"$60,000 to $79,999","13,205",13205.0,ok,9.488426550754516
2017,Heating Problems,Not uncomfortably cold for 24 hours or more,"$80,000 to $99,999","10,008",10008.0,ok,9.211239967219019
2017,Heating Problems,Not uncomfortably cold for 24 hours or more,"Less than $10,000","8,505",8505.0,ok,9.04852707581358
2017,Heating Problems,Uncomfortably cold for 24 hours or more,"$10,000 to $19,999",929,929.0,ok,6.835184586147301
2017,Heating Problems,Uncomfortably cold for 24 hours or more,"$100,000 to $119,999",342,342.0,ok,5.83773044716594
2017,Heating Problems,Uncomfortably cold for 24 hours or more,"$120,000 or more",897,897.0,ok,6.8001700683022
2017,Heating Problems,Uncomfortably cold for 24 hours or more,"$20,000 to $29,999",788,788.0,ok,6.670766320845874
2017,Heating Problems,Uncomfortably cold for 24 hours or more,"$30,000 to $39,999",703,703.0,ok,6.556778356158042
2017,Heating Problems,Uncomfortably cold for 24 hours or more,"$40,000 to $49,999",614,614.0,ok,6.421622267806518
2017,Heating Problems,Uncomfortably cold for 24 hours or more,"$50,000 to $59,999",442,442.0,ok,6.093569770045136
2017,Heating Problems,Uncomfortably cold for 24 hours or more,"$60,000 to $79,999",803,803.0,ok,6.6895992691789665
2017,Heating Problems,Uncomfortably cold for 24 hours or more,"$80,000 to $99,999",541,541.0,ok,6.295266001439646
2017,Heating Problems,Uncomfortably cold for 24 hours or more,"Less than $10,000",928,928.0,ok,6.834108738813838
2017,Heating Problems,With heating equipment and occupied last winter,"$10,000 to $19,999","10,156",10156.0,ok,9.2259184019395
2017,Heating Problems,With heating equipment and occupied last winter,"$100,000 to $119,999","8,160",8160.0,ok,9.007121989469242
2017,Heating Problems,With heating equipment and occupied last winter,"$120,000 or more","20,981",20981.0,ok,9.95142020629143
2017,Heating Problems,With heating equipment and occupied last winter,"$20,000 to $29,999","10,858",10858.0,ok,9.2927495082169
2017,Heating Problems,With heating equipment and occupied last winter,"$30,000 to $39,999","10,230",10230.0,ok,9.23317760587894
2017,Heating Problems,With heating equipment and occupied last winter,"$40,000 to $49,999","9,454",9454.0,ok,9.154298981092557
2017,Heating Problems,With heating equipment and occupied last winter,"$50,000 to $59,999","8,231",8231.0,ok,9.015784277513886
2017,Heating Problems,With heating equipment and occupied last winter,"$60,000 to $79,999","14,008",14008.0,ok,9.547455259196115
2017,Heating Problems,With heating equipment and occupied last winter,"$80,000 to $99,999","10,549",10549.0,ok,9.263881138904212
2017,Heating Problems,With heating equipment and occupied last winter,"Less than $10,000","9,433",9433.0,ok,9.152075463844207
2017,Housing Adequacy,Adequate,"$10,000 to $19,999","10,160",10160.0,ok,9.22631214148588
2017,Housing Adequacy,Adequate,"$100,000 to $119,999","8,466",8466.0,ok,9.043931533642278
2017,Housing Adequacy,Adequate,"$120,000 or more","21,790",21790.0,ok,9.989252319496922
2017,Housing Adequacy,Adequate,"$20,000 to $29,999","10,963",10963.0,ok,9.302372457422676
2017,Housing Adequacy,Adequate,"$30,000 to $39,999","10,535",10535.0,ok,9.262553243423117
2017,Housing Adequacy,Adequate,"$40,000 to $49,999","9,783",9783.0,ok,9.188503677367008
2017,Housing Adequacy,Adequate,"$50,000 to $59,999","8,652",8652.0,ok,9.06566136060674
2017,Housing Adequacy,Adequate,"$60,000 to $79,999","14,693",14693.0,ok,9.595194526180222
2017,Housing Adequacy,Adequate,"$80,000 to $99,999","10,962",10962.0,ok,9.30228124567454
2017,Housing Adequacy,Adequate,"Less than $10,000","9,559",9559.0,ok,9.165343006045447
2017,Housing Adequacy,Electric,"$10,000 to $19,999",S,,suppressed,
2017,Housing Adequacy,Electric,"$100,000 to $119,999",S,,suppressed,
2017,Housing Adequacy,Electric,"$120,000 or more",20,20.0,ok,3.044522437723423
2017,Housing Adequacy,Electric,"$20,000 to $29,999",S,,suppressed,
2017,Housing Adequacy,Electric,"$30,000 to $39,999",S,,suppressed,
2017,Housing Adequacy,Electric,"$40,000 to $49,999",S,,suppressed,
2017,Housing Adequacy,Electric,"$50,000 to $59,999",S,,suppressed,
2017,Housing Adequacy,Electric,"$60,000 to $79,999",S,,suppressed,
2017,Housing Adequacy,Electric,"$80,000 to $99,999",S,,suppressed,
2017,Housing Adequacy,Electric,"Less than $10,000",S,,suppressed,
2017,Housing Adequacy,Heating,"$10,000 to $19,999",105,105.0,ok,4.663439094112067
2017,Housing Adequacy,Heating,"$100,000 to $119,999",S,,suppressed,
2017,Housing Adequacy,Heating,"$120,000 or more",42,42.0,ok,3.7612001156935624
2017,Housing Adequacy,Heating,"$20,000 to $29,999",66,66.0,ok,4.204692619390966
2017,Housing Adequacy,Heating,"$30,000 to $39,999",75,75.0,ok,4.330733340286331
2017,Housing Adequacy,Heating,"$40,000 to $49,999",61,61.0,ok,4.127134385045092
2017,Housing Adequacy,Heating,"$50,000 to $59,999",33,33.0,ok,3.5263605246161616
2017,Housing Adequacy,Heating,"$60,000 to $79,999",49,49.0,ok,3.912023005428146
2017,Housing Adequacy,Heating,"$80,000 to $99,999",S,,suppressed,
2017,Housing Adequacy,Heating,"Less than $10,000",102,102.0,ok,4.634728988229636
2017,Housing Adequacy,Moderately inadequate,"$10,000 to $19,999",703,703.0,ok,6.556778356158042
2017,Housing Adequacy,Moderately inadequate,"$100,000 to $119,999",235,235.0,ok,5.4638318050256105
2017,Housing Adequacy,Moderately inadequate,"$120,000 or more",480,480.0,ok,6.175867270105761
2017,Housing Adequacy,Moderately inadequate,"$20,000 to $29,999",633,633.0,ok,6.452048954437226
2017,Housing Adequacy,Moderately inadequate,"$30,000 to $39,999",508,508.0,ok,6.2324480165505225
2017,Housing Adequacy,Moderately inadequate,"$40,000 to $49,999",369,369.0,ok,5.91350300563827
2017,Housing Adequacy,Moderately inadequate,"$50,000 to $59,999",278,278.0,ok,5.631211781821365
2017,Housing Adequacy,Moderately inadequate,"$60,000 to $79,999",453,453.0,ok,6.118097198041348
2017,Housing Adequacy,Moderately inadequate,"$80,000 to $99,999",292,292.0,ok,5.680172609017068
2017,Housing Adequacy,Moderately inadequate,"Less than $10,000",699,699.0,ok,6.551080335043404
2017,Housing Adequacy,Other,"$10,000 to $19,999",390,390.0,ok,5.968707559985366
2017,Housing Adequacy,Other,"$100,000 to $119,999",101,101.0,ok,4.624972813284271
2017,Housing Adequacy,Other,"$120,000 or more",186,186.0,ok,5.231108616854587
2017,Housing Adequacy,Other,"$20,000 to $29,999",302,302.0,ok,5.713732805509369
2017,Housing Adequacy,Other,"$30,000 to $39,999",269,269.0,ok,5.598421958998375
2017,Housing Adequacy,Other,"$40,000 to $49,999",197,197.0,ok,5.288267030694535
2017,Housing Adequacy,Other,"$50,000 to $59,999",133,133.0,ok,4.897839799950911
2017,Housing Adequacy,Other,"$60,000 to $79,999",169,169.0,ok,5.135798437050262
2017,Housing Adequacy,Other,"$80,000 to $99,999",129,129.0,ok,4.867534450455582
2017,Housing Adequacy,Other,"Less than $10,000",401,401.0,ok,5.996452088619021
2017,Housing Adequacy,Plumbing,"$10,000 to $19,999",111,111.0,ok,4.718498871295094
2017,Housing Adequacy,Plumbing,"$100,000 to $119,999",S,,suppressed,
2017,Housing Adequacy,Plumbing,"$120,000 or more",S,,suppressed,
2017,Housing Adequacy,Plumbing,"$20,000 to $29,999",62,62.0,ok,4.143134726391533
2017,Housing Adequacy,Plumbing,"$30,000 to $39,999",32,32.0,ok,3.4965075614664802
2017,Housing Adequacy,Plumbing,"$40,000 to $49,999",S,,suppressed,
2017,Housing Adequacy,Plumbing,"$50,000 to $59,999",S,,suppressed,
2017,Housing Adequacy,Plumbing,"$60,000 to $79,999",37,37.0,ok,3.6375861597263857
2017,Housing Adequacy,Plumbing,"$80,000 to $99,999",S,,suppressed,
2017,Housing Adequacy,Plumbing,"Less than $10,000",92,92.0,ok,4.532599493153256
2017,Housing Adequacy,Severely inadequate,"$10,000 to $19,999",281,281.0,ok,5.641907070938114
2017,Housing Adequacy,Severely inadequate,"$100,000 to $119,999",36,36.0,ok,3.6109179126442243
2017,Housing Adequacy,Severely inadequate,"$120,000 or more",100,100.0,ok,4.61512051684126
2017,Housing Adequacy,Severely inadequate,"$20,000 to $29,999",183,183.0,ok,5.214935757608986
2017,Housing Adequacy,Severely inadequate,"$30,000 to $39,999",132,132.0,ok,4.890349128221754
2017,Housing Adequacy,Severely inadequate,"$40,000 to $49,999",115,115.0,ok,4.7535901911063645
2017,Housing Adequacy,Severely inadequate,"$50,000 to $59,999",75,75.0,ok,4.330733340286331
2017,Housing Adequacy,Severely inadequate,"$60,000 to $79,999",107,107.0,ok,4.68213122712422
2017,Housing Adequacy,Severely inadequate,"$80,000 to $99,999",74,74.0,ok,4.31748811353631
2017,Housing Adequacy,Severely inadequate,"Less than $10,000",245,245.0,ok,5.5053315359323625
2017,Housing Adequacy,Upkeep,"$10,000 to $19,999",57,57.0,ok,4.060443010546419
2017,Housing Adequacy,Upkeep,"$100,000 to $119,999",S,,suppressed,
2017,Housing Adequacy,Upkeep,"$120,000 or more",S,,suppressed,
2017,Housing Adequacy,Upkeep,"$20,000 to $29,999",47,47.0,ok,3.8712010109078907
2017,Housing Adequacy,Upkeep,"$30,000 to $39,999",16,16.0,ok,2.833213344056216
2017,Housing Adequacy,Upkeep,"$40,000 to $49,999",S,,suppressed,
2017,Housing Adequacy,Upkeep,"$50,000 to $59,999",S,,suppressed,
2017,Housing Adequacy,Upkeep,"$60,000 to $79,999",S,,suppressed,
2017,Housing Adequacy,Upkeep,"$80,000 to $99,999",S,,suppressed,
2017,Housing Adequacy,Upkeep,"Less than $10,000",42,42.0,ok,3.7612001156935624
2017,Housing Adequacy,Wiring,"$10,000 to $19,999",S,,suppressed,
2017,Housing Adequacy,Wiring,"$100,000 to $119,999",.,,blank_or_na,
2017,Housing Adequacy,Wiring,"$120,000 or more",S,,suppressed,
2017,Housing Adequacy,Wiring,"$20,000 to $29,999",.,,blank_or_na,
2017,Housing Adequacy,Wiring,"$30,000 to $39,999",S,,suppressed,
2017,Housing Adequacy,Wiring,"$40,000 to $49,999",S,,suppressed,
2017,Housing Adequacy,Wiring,"$50,000 to $59,999",.,,blank_or_na,
2017,Housing Adequacy,Wiring,"$60,000 to $79,999",S,,suppressed,
2017,Housing Adequacy,Wiring,"$80,000 to $99,999",S,,suppressed,
2017,Housing Adequacy,Wiring,"Less than $10,000",S,,suppressed,
2017,Mold,Basement,"$10,000 to $19,999",35,35.0,ok,3.58351893845611
2017,Mold,Basement,"$100,000 to $119,999",53,53.0,ok,3.9889840465642745
2017,Mold,Basement,"$120,000 or more",101,101.0,ok,4.624972813284271
2017,Mold,Basement,"$20,000 to $29,999",56,56.0,ok,4.04305126783455
2017,Mold,Basement,"$30,000 to $39,999",47,47.0,ok,3.8712010109078907
2017,Mold,Basement,"$40,000 to $49,999",54,54.0,ok,4.007333185232471
2017,Mold,Basement,"$50,000 to $59,999",43,43.0,ok,3.784189633918261
2017,Mold,Basement,"$60,000 to $79,999",80,80.0,ok,4.394449154672439
2017,Mold,Basement,"$80,000 to $99,999",63,63.0,ok,4.1588830833596715
2017,Mold,Basement,"Less than $10,000",59,59.0,ok,4.0943445622221
2017,Mold,Bathroom(s),"$10,000 to $19,999",228,228.0,ok,5.43372200355424
2017,Mold,Bathroom(s),"$100,000 to $119,999",70,70.0,ok,4.2626798770413155
2017,Mold,Bathroom(s),"$120,000 or more",157,157.0,ok,5.062595033026967
2017,Mold,Bathroom(s),"$20,000 to $29,999",200,200.0,ok,5.303304908059076
2017,Mold,Bathroom(s),"$30,000 to $39,999",205,205.0,ok,5.327876168789581
2017,Mold,Bathroom(s),"$40,000 to $49,999",149,149.0,ok,5.0106352940962555
2017,Mold,Bathroom(s),"$50,000 to $59,999",120,120.0,ok,4.795790545596741
2017,Mold,Bathroom(s),"$60,000 to $79,999",128,128.0,ok,4.859812404361672
2017,Mold,Bathroom(s),"$80,000 to $99,999",118,118.0,ok,4.77912349311153
2017,Mold,Bathroom(s),"Less than $10,000",254,254.0,ok,5.541263545158426
2017,Mold,Bedroom(s),"$10,000 to $19,999",150,150.0,ok,5.017279836814924
2017,Mold,Bedroom(s),"$100,000 to $119,999",28,28.0,ok,3.367295829986474
2017,Mold,Bedroom(s),"$120,000 or more",93,93.0,ok,4.543294782270004
2017,Mold,Bedroom(s),"$20,000 to $29,999",133,133.0,ok,4.897839799950911
2017,Mold,Bedroom(s),"$30,000 to $39,999",87,87.0,ok,4.477336814478207
2017,Mold,Bedroom(s),"$40,000 to $49,999",85,85.0,ok,4.454347296253507
2017,Mold,Bedroom(s),"$50,000 to $59,999",49,49.0,ok,3.912023005428146
2017,Mold,Bedroom(s),"$60,000 to $79,999",73,73.0,ok,4.304065093204169
2017,Mold,Bedroom(s),"$80,000 to $99,999",62,62.0,ok,4.143134726391533
2017,Mold,Bedroom(s),"Less than $10,000",163,163.0,ok,5.099866427824199
2017,Mold,Housing units with mold in last 12 months,"$10,000 to $19,999",492,492.0,ok,6.20050917404269
2017,Mold,Housing units with mold in last 12 months,"$100,000 to $119,999",196,196.0,ok,5.2832037287379885
2017,Mold,Housing units with mold in last 12 months,"$120,000 or more",448,448.0,ok,6.1070228877422545
2017,Mold,Housing units with mold in last 12 months,"$20,000 to $29,999",486,486.0,ok,6.18826412308259
2017,Mold,Housing units with mold in last 12 months,"$30,000 to $39,999",416,416.0,ok,6.0330862217988015
2017,Mold,Housing units with mold in last 12 months,"$40,000 to $49,999",318,318.0,ok,5.765191102784844
2017,Mold,Housing units with mold in last 12 months,"$50,000 to $59,999",245,245.0,ok,5.5053315359323625
2017,Mold,Housing units with mold in last 12 months,"$60,000 to $79,999",353,353.0,ok,5.869296913133774
2017,Mold,Housing units with mold in last 12 months,"$80,000 to $99,999",309,309.0,ok,5.736572297479192
2017,Mold,Housing units with mold in last 12 months,"Less than $10,000",512,512.0,ok,6.240275845170769
2017,Mold,Kitchen,"$10,000 to $19,999",107,107.0,ok,4.68213122712422
2017,Mold,Kitchen,"$100,000 to $119,999",S,,suppressed,
2017,Mold,Kitchen,"$120,000 or more",75,75.0,ok,4.330733340286331
2017,Mold,Kitchen,"$20,000 to $29,999",75,75.0,ok,4.330733340286331
2017,Mold,Kitchen,"$30,000 to $39,999",80,80.0,ok,4.394449154672439
2017,Mold,Kitchen,"$40,000 to $49,999",42,42.0,ok,3.7612001156935624
2017,Mold,Kitchen,"$50,000 to $59,999",47,47.0,ok,3.8712010109078907
2017,Mold,Kitchen,"$60,000 to $79,999",81,81.0,ok,4.406719247264253
2017,Mold,Kitchen,"$80,000 to $99,999",S,,suppressed,
2017,Mold,Kitchen,"Less than $10,000",102,102.0,ok,4.634728988229636
2017,Mold,Living room,"$10,000 to $19,999",93,93.0,ok,4.543294782270004
2017,Mold,Living room,"$100,000 to $119,999",S,,suppressed,
2017,Mold,Living room,"$120,000 or more",44,44.0,ok,3.8066624897703196
2017,Mold,Living room,"$20,000 to $29,999",57,57.0,ok,4.060443010546419
2017,Mold,Living room,"$30,000 to $39,999",79,79.0,ok,4.382026634673881
2017,Mold,Living room,"$40,000 to $49,999",S,,suppressed,
2017,Mold,Living room,"$50,000 to $59,999",35,35.0,ok,3.58351893845611
2017,Mold,Living room,"$60,000 to $79,999",49,49.0,ok,3.912023005428146
2017,Mold,Living room,"$80,000 to $99,999",36,36.0,ok,3.6109179126442243
2017,Mold,Living room,"Less than $10,000",92,92.0,ok,4.532599493153256
2017,Mold,Not reported,"$10,000 to $19,999",88,88.0,ok,4.48863636973214
2017,Mold,Not reported,"$100,000 to $119,999",43,43.0,ok,3.784189633918261
2017,Mold,Not reported,"$120,000 or more",138,138.0,ok,4.9344739331306915
2017,Mold,Not reported,"$20,000 to $29,999",107,107.0,ok,4.68213122712422
2017,Mold,Not reported,"$30,000 to $39,999",58,58.0,ok,4.07753744390572
2017,Mold,Not reported,"$40,000 to $49,999",60,60.0,ok,4.110873864173311
2017,Mold,Not reported,"$50,000 to $59,999",60,60.0,ok,4.110873864173311
2017,Mold,Not reported,"$60,000 to $79,999",99,99.0,ok,4.605170185988092
2017,Mold,Not reported,"$80,000 to $99,999",76,76.0,ok,4.343805421853684
2017,Mold,Not reported,"Less than $10,000",118,118.0,ok,4.77912349311153
2017,Mold,Other room,"$10,000 to $19,999",65,65.0,ok,4.189654742026425
2017,Mold,Other room,"$100,000 to $119,999",33,33.0,ok,3.5263605246161616
2017,Mold,Other room,"$120,000 or more",87,87.0,ok,4.477336814478207
2017,Mold,Other room,"$20,000 to $29,999",87,87.0,ok,4.477336814478207
2017,Mold,Other room,"$30,000 to $39,999",48,48.0,ok,3.8918202981106265
2017,Mold,Other room,"$40,000 to $49,999",54,54.0,ok,4.007333185232471
2017,Mold,Other room,"$50,000 to $59,999",S,,suppressed,
2017,Mold,Other room,"$60,000 to $79,999",58,58.0,ok,4.07753744390572
2017,Mold,Other room,"$80,000 to $99,999",53,53.0,ok,3.9889840465642745
2017,Mold,Other room,"Less than $10,000",53,53.0,ok,3.9889840465642745
2017,Number of breakdowns that lasted 6 hours or more:,1,"$10,000 to $19,999",137,137.0,ok,4.927253685157205
2017,Number of breakdowns that lasted 6 hours or more:,1,"$100,000 to $119,999",47,47.0,ok,3.8712010109078907
2017,Number of breakdowns that lasted 6 hours or more:,1,"$120,000 or more",106,106.0,ok,4.672828834461906
2017,Number of breakdowns that lasted 6 hours or more:,1,"$20,000 to $29,999",127,127.0,ok,4.852030263919617
2017,Number of breakdowns that lasted 6 hours or more:,1,"$30,000 to $39,999",112,112.0,ok,4.727387818712341
2017,Number of breakdowns that lasted 6 hours or more:,1,"$40,000 to $49,999",110,110.0,ok,4.709530201312334
2017,Number of breakdowns that lasted 6 hours or more:,1,"$50,000 to $59,999",93,93.0,ok,4.543294782270004
2017,Number of breakdowns that lasted 6 hours or more:,1,"$60,000 to $79,999",150,150.0,ok,5.017279836814924
2017,Number of breakdowns that lasted 6 hours or more:,1,"$80,000 to $99,999",62,62.0,ok,4.143134726391533
2017,Number of breakdowns that lasted 6 hours or more:,1,"Less than $10,000",149,149.0,ok,5.0106352940962555
2017,Number of breakdowns that lasted 6 hours or more:,2,"$10,000 to $19,999",41,41.0,ok,3.7376696182833684
2017,Number of breakdowns that lasted 6 hours or more:,2,"$100,000 to $119,999",S,,suppressed,
2017,Number of breakdowns that lasted 6 hours or more:,2,"$120,000 or more",S,,suppressed,
2017,Number of breakdowns that lasted 6 hours or more:,2,"$20,000 to $29,999",59,59.0,ok,4.0943445622221
2017,Number of breakdowns that lasted 6 hours or more:,2,"$30,000 to $39,999",S,,suppressed,
2017,Number of breakdowns that lasted 6 hours or more:,2,"$40,000 to $49,999",S,,suppressed,
2017,Number of breakdowns that lasted 6 hours or more:,2,"$50,000 to $59,999",S,,suppressed,
2017,Number of breakdowns that lasted 6 hours or more:,2,"$60,000 to $79,999",36,36.0,ok,3.6109179126442243
2017,Number of breakdowns that lasted 6 hours or more:,2,"$80,000 to $99,999",S,,suppressed,
2017,Number of breakdowns that lasted 6 hours or more:,2,"Less than $10,000",58,58.0,ok,4.07753744390572
2017,Number of breakdowns that lasted 6 hours or more:,3,"$10,000 to $19,999",S,,suppressed,
2017,Number of breakdowns that lasted 6 hours or more:,3,"$100,000 to $119,999",S,,suppressed,
2017,Number of breakdowns that lasted 6 hours or more:,3,"$120,000 or more",S,,suppressed,
2017,Number of breakdowns that lasted 6 hours or more:,3,"$20,000 to $29,999",S,,suppressed,
2017,Number of breakdowns that lasted 6 hours or more:,3,"$30,000 to $39,999",S,,suppressed,
2017,Number of breakdowns that lasted 6 hours or more:,3,"$40,000 to $49,999",S,,suppressed,
2017,Number of breakdowns that lasted 6 hours or more:,3,"$50,000 to $59,999",S,,suppressed,
2017,Number of breakdowns that lasted 6 hours or more:,3,"$60,000 to $79,999",S,,suppressed,
2017,Number of breakdowns that lasted 6 hours or more:,3,"$80,000 to $99,999",S,,suppressed,
2017,Number of breakdowns that lasted 6 hours or more:,3,"Less than $10,000",S,,suppressed,
2017,Number of breakdowns that lasted 6 hours or more:,4 or more,"$10,000 to $19,999",S,,suppressed,
2017,Number of breakdowns that lasted 6 hours or more:,4 or more,"$100,000 to $119,999",S,,suppressed,
2017,Number of breakdowns that lasted 6 hours or more:,4 or more,"$120,000 or more",S,,suppressed,
2017,Number of breakdowns that lasted 6 hours or more:,4 or more,"$20,000 to $29,999",S,,suppressed,
2017,Number of breakdowns that lasted 6 hours or more:,4 or more,"$30,000 to $39,999",42,42.0,ok,3.7612001156935624
2017,Number of breakdowns that lasted 6 hours or more:,4 or more,"$40,000 to $49,999",S,,suppressed,
2017,Number of breakdowns that lasted 6 hours or more:,4 or more,"$50,000 to $59,999",S,,suppressed,
2017,Number of breakdowns that lasted 6 hours or more:,4 or more,"$60,000 to $79,999",S,,suppressed,
2017,Number of breakdowns that lasted 6 hours or more:,4 or more,"$80,000 to $99,999",S,,suppressed,
2017,Number of breakdowns that lasted 6 hours or more:,4 or more,"Less than $10,000",40,40.0,ok,3.713572066704308
2017,Number of breakdowns that lasted 6 hours or more:,Cost of heating,"$10,000 to $19,999",99,99.0,ok,4.605170185988092
2017,Number of breakdowns that lasted 6 hours or more:,Cost of heating,"$100,000 to $119,999",S,,suppressed,
2017,Number of breakdowns that lasted 6 hours or more:,Cost of heating,"$120,000 or more",70,70.0,ok,4.2626798770413155
2017,Number of breakdowns that lasted 6 hours or more:,Cost of heating,"$20,000 to $29,999",59,59.0,ok,4.0943445622221
2017,Number of breakdowns that lasted 6 hours or more:,Cost of heating,"$30,000 to $39,999",41,41.0,ok,3.7376696182833684
2017,Number of breakdowns that lasted 6 hours or more:,Cost of heating,"$40,000 to $49,999",57,57.0,ok,4.060443010546419
2017,Number of breakdowns that lasted 6 hours or more:,Cost of heating,"$50,000 to $59,999",35,35.0,ok,3.58351893845611
2017,Number of breakdowns that lasted 6 hours or more:,Cost of heating,"$60,000 to $79,999",77,77.0,ok,4.356708826689592
2017,Number of breakdowns that lasted 6 hours or more:,Cost of heating,"$80,000 to $99,999",49,49.0,ok,3.912023005428146
2017,Number of breakdowns that lasted 6 hours or more:,Cost of heating,"Less than $10,000",97,97.0,ok,4.584967478670572
2017,Number of breakdowns that lasted 6 hours or more:,Inadequate heating capacity,"$10,000 to $19,999",175,175.0,ok,5.170483995038151
2017,Number of breakdowns that lasted 6 hours or more:,Inadequate heating capacity,"$100,000 to $119,999",35,35.0,ok,3.58351893845611
2017,Number of breakdowns that lasted 6 hours or more:,Inadequate heating capacity,"$120,000 or more",103,103.0,ok,4.6443908991413725
2017,Number of breakdowns that lasted 6 hours or more:,Inadequate heating capacity,"$20,000 to $29,999",110,110.0,ok,4.709530201312334
2017,Number of breakdowns that lasted 6 hours or more:,Inadequate heating capacity,"$30,000 to $39,999",94,94.0,ok,4.553876891600541
2017,Number of breakdowns that lasted 6 hours or more:,Inadequate heating capacity,"$40,000 to $49,999",83,83.0,ok,4.430816798843313
2017,Number of breakdowns that lasted 6 hours or more:,Inadequate heating capacity,"$50,000 to $59,999",45,45.0,ok,3.828641396489095
2017,Number of breakdowns that lasted 6 hours or more:,Inadequate heating capacity,"$60,000 to $79,999",82,82.0,ok,4.418840607796598
2017,Number of breakdowns that lasted 6 hours or more:,Inadequate heating capacity,"$80,000 to $99,999",53,53.0,ok,3.9889840465642745
2017,Number of breakdowns that lasted 6 hours or more:,Inadequate heating capacity,"Less than $10,000",158,158.0,ok,5.0689042022202315
2017,Number of breakdowns that lasted 6 hours or more:,Inadequate insulation,"$10,000 to $19,999",140,140.0,ok,4.948759890378168
2017,Number of breakdowns that lasted 6 hours or more:,Inadequate insulation,"$100,000 to $119,999",S,,suppressed,
2017,Number of breakdowns that lasted 6 hours or more:,Inadequate insulation,"$120,000 or more",86,86.0,ok,4.465908118654584
2017,Number of breakdowns that lasted 6 hours or more:,Inadequate insulation,"$20,000 to $29,999",143,143.0,ok,4.969813299576001
2017,Number of breakdowns that lasted 6 hours or more:,Inadequate insulation,"$30,000 to $39,999",115,115.0,ok,4.7535901911063645
2017,Number of breakdowns that lasted 6 hours or more:,Inadequate insulation,"$40,000 to $49,999",93,93.0,ok,4.543294782270004
2017,Number of breakdowns that lasted 6 hours or more:,Inadequate insulation,"$50,000 to $59,999",63,63.0,ok,4.1588830833596715
2017,Number of breakdowns that lasted 6 hours or more:,Inadequate insulation,"$60,000 to $79,999",118,118.0,ok,4.77912349311153
2017,Number of breakdowns that lasted 6 hours or more:,Inadequate insulation,"$80,000 to $99,999",50,50.0,ok,3.9318256327243257
2017,Number of breakdowns that lasted 6 hours or more:,Inadequate insulation,"Less than $10,000",166,166.0,ok,5.117993812416755
2017,Number of breakdowns that lasted 6 hours or more:,No breakdowns in last 3 months,"$10,000 to $19,999","1,736",1736.0,ok,7.459914766241105
2017,Number of breakdowns that lasted 6 hours or more:,No breakdowns in last 3 months,"$100,000 to $119,999","1,683",1683.0,ok,7.428927194802272
2017,Number of breakdowns that lasted 6 hours or more:,No breakdowns in last 3 months,"$120,000 or more","3,830",3830.0,ok,8.25088114470065
2017,Number of breakdowns that lasted 6 hours or more:,No breakdowns in last 3 months,"$20,000 to $29,999","2,009",2009.0,ok,7.605890001053122
2017,Number of breakdowns that lasted 6 hours or more:,No breakdowns in last 3 months,"$30,000 to $39,999","2,107",2107.0,ok,7.653494909661253
2017,Number of breakdowns that lasted 6 hours or more:,No breakdowns in last 3 months,"$40,000 to $49,999","1,870",1870.0,ok,7.534228326274089
2017,Number of breakdowns that lasted 6 hours or more:,No breakdowns in last 3 months,"$50,000 to $59,999","1,642",1642.0,ok,7.404279118037268
2017,Number of breakdowns that lasted 6 hours or more:,No breakdowns in last 3 months,"$60,000 to $79,999","2,874",2874.0,ok,7.963807953231451
2017,Number of breakdowns that lasted 6 hours or more:,No breakdowns in last 3 months,"$80,000 to $99,999","2,260",2260.0,ok,7.72356247227797
2017,Number of breakdowns that lasted 6 hours or more:,No breakdowns in last 3 months,"Less than $10,000","1,410",1410.0,ok,7.2520539518528135
2017,Number of breakdowns that lasted 6 hours or more:,No breakdowns lasting 6 hours or more,"$10,000 to $19,999",S,,suppressed,
2017,Number of breakdowns that lasted 6 hours or more:,No breakdowns lasting 6 hours or more,"$100,000 to $119,999",S,,suppressed,
2017,Number of breakdowns that lasted 6 hours or more:,No breakdowns lasting 6 hours or more,"$120,000 or more",S,,suppressed,
2017,Number of breakdowns that lasted 6 hours or more:,No breakdowns lasting 6 hours or more,"$20,000 to $29,999",S,,suppressed,
2017,Number of breakdowns that lasted 6 hours or more:,No breakdowns lasting 6 hours or more,"$30,000 to $39,999",S,,suppressed,
2017,Number of breakdowns that lasted 6 hours or more:,No breakdowns lasting 6 hours or more,"$40,000 to $49,999",S,,suppressed,
2017,Number of breakdowns that lasted 6 hours or more:,No breakdowns lasting 6 hours or more,"$50,000 to $59,999",S,,suppressed,
2017,Number of breakdowns that lasted 6 hours or more:,No breakdowns lasting 6 hours or more,"$60,000 to $79,999",S,,suppressed,
2017,Number of breakdowns that lasted 6 hours or more:,No breakdowns lasting 6 hours or more,"$80,000 to $99,999",S,,suppressed,
2017,Number of breakdowns that lasted 6 hours or more:,No breakdowns lasting 6 hours or more,"Less than $10,000",.,,blank_or_na,
2017,Number of breakdowns that lasted 6 hours or more:,Not reported,"$10,000 to $19,999",S,,suppressed,
2017,Number of breakdowns that lasted 6 hours or more:,Not reported,"$100,000 to $119,999",S,,suppressed,
2017,Number of breakdowns that lasted 6 hours or more:,Not reported,"$120,000 or more",S,,suppressed,
2017,Number of breakdowns that lasted 6 hours or more:,Not reported,"$20,000 to $29,999",S,,suppressed,
2017,Number of breakdowns that lasted 6 hours or more:,Not reported,"$30,000 to $39,999",S,,suppressed,
2017,Number of breakdowns that lasted 6 hours or more:,Not reported,"$40,000 to $49,999",.,,blank_or_na,
2017,Number of breakdowns that lasted 6 hours or more:,Not reported,"$50,000 to $59,999",.,,blank_or_na,
2017,Number of breakdowns that lasted 6 hours or more:,Not reported,"$60,000 to $79,999",S,,suppressed,
2017,Number of breakdowns that lasted 6 hours or more:,Not reported,"$80,000 to $99,999",S,,suppressed,
2017,Number of breakdowns that lasted 6 hours or more:,Not reported,"Less than $10,000",S,,suppressed,
2017,Number of breakdowns that lasted 6 hours or more:,Other,"$10,000 to $19,999",121,121.0,ok,4.804021044733257
2017,Number of breakdowns that lasted 6 hours or more:,Other,"$100,000 to $119,999",51,51.0,ok,3.9512437185814275
2017,Number of breakdowns that lasted 6 hours or more:,Other,"$120,000 or more",144,144.0,ok,4.976733742420574
2017,Number of breakdowns that lasted 6 hours or more:,Other,"$20,000 to $29,999",102,102.0,ok,4.634728988229636
2017,Number of breakdowns that lasted 6 hours or more:,Other,"$30,000 to $39,999",92,92.0,ok,4.532599493153256
2017,Number of breakdowns that lasted 6 hours or more:,Other,"$40,000 to $49,999",81,81.0,ok,4.406719247264253
2017,Number of breakdowns that lasted 6 hours or more:,Other,"$50,000 to $59,999",67,67.0,ok,4.219507705176107
2017,Number of breakdowns that lasted 6 hours or more:,Other,"$60,000 to $79,999",115,115.0,ok,4.7535901911063645
2017,Number of breakdowns that lasted 6 hours or more:,Other,"$80,000 to $99,999",78,78.0,ok,4.3694478524670215
2017,Number of breakdowns that lasted 6 hours or more:,Other,"Less than $10,000",108,108.0,ok,4.6913478822291435
2017,Number of breakdowns that lasted 6 hours or more:,Other causes,"$10,000 to $19,999",592,592.0,ok,6.385194398997726
2017,Number of breakdowns that lasted 6 hours or more:,Other causes,"$100,000 to $119,999",201,201.0,ok,5.308267697401205
2017,Number of breakdowns that lasted 6 hours or more:,Other causes,"$120,000 or more",583,583.0,ok,6.369900982828227
2017,Number of breakdowns that lasted 6 hours or more:,Other causes,"$20,000 to $29,999",517,517.0,ok,6.249975242259483
2017,Number of breakdowns that lasted 6 hours or more:,Other causes,"$30,000 to $39,999",438,438.0,ok,6.0844994130751715
2017,Number of breakdowns that lasted 6 hours or more:,Other causes,"$40,000 to $49,999",381,381.0,ok,5.945420608606575
2017,Number of breakdowns that lasted 6 hours or more:,Other causes,"$50,000 to $59,999",267,267.0,ok,5.5909869805108565
2017,Number of breakdowns that lasted 6 hours or more:,Other causes,"$60,000 to $79,999",557,557.0,ok,6.324358962381311
2017,Number of breakdowns that lasted 6 hours or more:,Other causes,"$80,000 to $99,999",325,325.0,ok,5.786897381366708
2017,Number of breakdowns that lasted 6 hours or more:,Other causes,"Less than $10,000",610,610.0,ok,6.415096959171596
2017,Number of breakdowns that lasted 6 hours or more:,Utility interruption,"$10,000 to $19,999",104,104.0,ok,4.653960350157523
2017,Number of breakdowns that lasted 6 hours or more:,Utility interruption,"$100,000 to $119,999",88,88.0,ok,4.48863636973214
2017,Number of breakdowns that lasted 6 hours or more:,Utility interruption,"$120,000 or more",198,198.0,ok,5.293304824724492
2017,Number of breakdowns that lasted 6 hours or more:,Utility interruption,"$20,000 to $29,999",139,139.0,ok,4.941642422609304
2017,Number of breakdowns that lasted 6 hours or more:,Utility interruption,"$30,000 to $39,999",135,135.0,ok,4.912654885736052
2017,Number of breakdowns that lasted 6 hours or more:,Utility interruption,"$40,000 to $49,999",101,101.0,ok,4.624972813284271
2017,Number of breakdowns that lasted 6 hours or more:,Utility interruption,"$50,000 to $59,999",75,75.0,ok,4.330733340286331
2017,Number of breakdowns that lasted 6 hours or more:,Utility interruption,"$60,000 to $79,999",174,174.0,ok,5.1647859739235145
2017,Number of breakdowns that lasted 6 hours or more:,Utility interruption,"$80,000 to $99,999",114,114.0,ok,4.74493212836325
2017,Number of breakdowns that lasted 6 hours or more:,Utility interruption,"Less than $10,000",140,140.0,ok,4.948759890378168
2017,Number of breakdowns that lasted 6 hours or more:,With breakdown(s) in last 3 months,"$10,000 to $19,999",48,48.0,ok,3.8918202981106265
2017,Number of breakdowns that lasted 6 hours or more:,With breakdown(s) in last 3 months,"$100,000 to $119,999",S,,suppressed,
2017,Number of breakdowns that lasted 6 hours or more:,With breakdown(s) in last 3 months,"$120,000 or more",34,34.0,ok,3.5553480614894135
2017,Number of breakdowns that lasted 6 hours or more:,With breakdown(s) in last 3 months,"$20,000 to $29,999",S,,suppressed,
2017,Number of breakdowns that lasted 6 hours or more:,With breakdown(s) in last 3 months,"$30,000 to $39,999",S,,suppressed,
2017,Number of breakdowns that lasted 6 hours or more:,With breakdown(s) in last 3 months,"$40,000 to $49,999",S,,suppressed,
2017,Number of breakdowns that lasted 6 hours or more:,With breakdown(s) in last 3 months,"$50,000 to $59,999",29,29.0,ok,3.4011973816621555
2017,Number of breakdowns that lasted 6 hours or more:,With breakdown(s) in last 3 months,"$60,000 to $79,999",50,50.0,ok,3.9318256327243257
2017,Number of breakdowns that lasted 6 hours or more:,With breakdown(s) in last 3 months,"$80,000 to $99,999",S,,suppressed,
2017,Number of breakdowns that lasted 6 hours or more:,With breakdown(s) in last 3 months,"Less than $10,000",S,,suppressed,
2017,Number of breakdowns that lasted 6 hours or more:,With septic tank or cesspool,"$10,000 to $19,999","1,785",1785.0,ok,7.487733761436444
2017,Number of breakdowns that lasted 6 hours or more:,With septic tank or cesspool,"$100,000 to $119,999","1,692",1692.0,ok,7.4342573821331355
2017,Number of breakdowns that lasted 6 hours or more:,With septic tank or cesspool,"$120,000 or more","3,865",3865.0,ok,8.259975659768276
2017,Number of breakdowns that lasted 6 hours or more:,With septic tank or cesspool,"$20,000 to $29,999","2,035",2035.0,ok,7.618742377670413
2017,Number of breakdowns that lasted 6 hours or more:,With septic tank or cesspool,"$30,000 to $39,999","2,132",2132.0,ok,7.665284718471351
2017,Number of breakdowns that lasted 6 hours or more:,With septic tank or cesspool,"$40,000 to $49,999","1,899",1899.0,ok,7.549609165154532
2017,Number of breakdowns that lasted 6 hours or more:,With septic tank or cesspool,"$50,000 to $59,999","1,671",1671.0,ok,7.421775793644647
2017,Number of breakdowns that lasted 6 hours or more:,With septic tank or cesspool,"$60,000 to $79,999","2,924",2924.0,ok,7.981049759665957
2017,Number of breakdowns that lasted 6 hours or more:,With septic tank or cesspool,"$80,000 to $99,999","2,272",2272.0,ok,7.728855823852543
2017,Number of breakdowns that lasted 6 hours or more:,With septic tank or cesspool,"Less than $10,000","1,443",1443.0,ok,7.275172319452771
2017,Number of stoppages that lasted 6 hours or more:,1,"$10,000 to $19,999",212,212.0,ok,5.3612921657094255
2017,Number of stoppages that lasted 6 hours or more:,1,"$100,000 to $119,999",90,90.0,ok,4.51085950651685
2017,Number of stoppages that lasted 6 hours or more:,1,"$120,000 or more",290,290.0,ok,5.673323267171493
2017,Number of stoppages that lasted 6 hours or more:,1,"$20,000 to $29,999",186,186.0,ok,5.231108616854587
2017,Number of stoppages that lasted 6 hours or more:,1,"$30,000 to $39,999",187,187.0,ok,5.236441962829949
2017,Number of stoppages that lasted 6 hours or more:,1,"$40,000 to $49,999",153,153.0,ok,5.0369526024136295
2017,Number of stoppages that lasted 6 hours or more:,1,"$50,000 to $59,999",149,149.0,ok,5.0106352940962555
2017,Number of stoppages that lasted 6 hours or more:,1,"$60,000 to $79,999",253,253.0,ok,5.537334267018537
2017,Number of stoppages that lasted 6 hours or more:,1,"$80,000 to $99,999",150,150.0,ok,5.017279836814924
2017,Number of stoppages that lasted 6 hours or more:,1,"Less than $10,000",179,179.0,ok,5.19295685089021
2017,Number of stoppages that lasted 6 hours or more:,2,"$10,000 to $19,999",59,59.0,ok,4.0943445622221
2017,Number of stoppages that lasted 6 hours or more:,2,"$100,000 to $119,999",S,,suppressed,
2017,Number of stoppages that lasted 6 hours or more:,2,"$120,000 or more",45,45.0,ok,3.828641396489095
2017,Number of stoppages that lasted 6 hours or more:,2,"$20,000 to $29,999",41,41.0,ok,3.7376696182833684
2017,Number of stoppages that lasted 6 hours or more:,2,"$30,000 to $39,999",52,52.0,ok,3.970291913552122
2017,Number of stoppages that lasted 6 hours or more:,2,"$40,000 to $49,999",65,65.0,ok,4.189654742026425
2017,Number of stoppages that lasted 6 hours or more:,2,"$50,000 to $59,999",41,41.0,ok,3.7376696182833684
2017,Number of stoppages that lasted 6 hours or more:,2,"$60,000 to $79,999",67,67.0,ok,4.219507705176107
2017,Number of stoppages that lasted 6 hours or more:,2,"$80,000 to $99,999",47,47.0,ok,3.8712010109078907
2017,Number of stoppages that lasted 6 hours or more:,2,"Less than $10,000",52,52.0,ok,3.970291913552122
2017,Number of stoppages that lasted 6 hours or more:,3,"$10,000 to $19,999",S,,suppressed,
2017,Number of stoppages that lasted 6 hours or more:,3,"$100,000 to $119,999",S,,suppressed,
2017,Number of stoppages that lasted 6 hours or more:,3,"$120,000 or more",S,,suppressed,
2017,Number of stoppages that lasted 6 hours or more:,3,"$20,000 to $29,999",23,23.0,ok,3.1780538303479458
2017,Number of stoppages that lasted 6 hours or more:,3,"$30,000 to $39,999",S,,suppressed,
2017,Number of stoppages that lasted 6 hours or more:,3,"$40,000 to $49,999",S,,suppressed,
2017,Number of stoppages that lasted 6 hours or more:,3,"$50,000 to $59,999",S,,suppressed,
2017,Number of stoppages that lasted 6 hours or more:,3,"$60,000 to $79,999",S,,suppressed,
2017,Number of stoppages that lasted 6 hours or more:,3,"$80,000 to $99,999",S,,suppressed,
2017,Number of stoppages that lasted 6 hours or more:,3,"Less than $10,000",33,33.0,ok,3.5263605246161616
2017,Number of stoppages that lasted 6 hours or more:,4 or more,"$10,000 to $19,999",32,32.0,ok,3.4965075614664802
2017,Number of stoppages that lasted 6 hours or more:,4 or more,"$100,000 to $119,999",S,,suppressed,
2017,Number of stoppages that lasted 6 hours or more:,4 or more,"$120,000 or more",S,,suppressed,
2017,Number of stoppages that lasted 6 hours or more:,4 or more,"$20,000 to $29,999",25,25.0,ok,3.258096538021482
2017,Number of stoppages that lasted 6 hours or more:,4 or more,"$30,000 to $39,999",S,,suppressed,
2017,Number of stoppages that lasted 6 hours or more:,4 or more,"$40,000 to $49,999",38,38.0,ok,3.6635616461296463
2017,Number of stoppages that lasted 6 hours or more:,4 or more,"$50,000 to $59,999",S,,suppressed,
2017,Number of stoppages that lasted 6 hours or more:,4 or more,"$60,000 to $79,999",S,,suppressed,
2017,Number of stoppages that lasted 6 hours or more:,4 or more,"$80,000 to $99,999",S,,suppressed,
2017,Number of stoppages that lasted 6 hours or more:,4 or more,"Less than $10,000",43,43.0,ok,3.784189633918261
2017,Number of stoppages that lasted 6 hours or more:,Number of stoppages not reported,"$10,000 to $19,999",S,,suppressed,
2017,Number of stoppages that lasted 6 hours or more:,Number of stoppages not reported,"$100,000 to $119,999",.,,blank_or_na,
2017,Number of stoppages that lasted 6 hours or more:,Number of stoppages not reported,"$120,000 or more",S,,suppressed,
2017,Number of stoppages that lasted 6 hours or more:,Number of stoppages not reported,"$20,000 to $29,999",S,,suppressed,
2017,Number of stoppages that lasted 6 hours or more:,Number of stoppages not reported,"$30,000 to $39,999",S,,suppressed,
2017,Number of stoppages that lasted 6 hours or more:,Number of stoppages not reported,"$40,000 to $49,999",S,,suppressed,
2017,Number of stoppages that lasted 6 hours or more:,Number of stoppages not reported,"$50,000 to $59,999",.,,blank_or_na,
2017,Number of stoppages that lasted 6 hours or more:,Number of stoppages not reported,"$60,000 to $79,999",S,,suppressed,
2017,Number of stoppages that lasted 6 hours or more:,Number of stoppages not reported,"$80,000 to $99,999",.,,blank_or_na,
2017,Number of stoppages that lasted 6 hours or more:,Number of stoppages not reported,"Less than $10,000",S,,suppressed,
2017,Number of stoppages that lasted 6 hours or more:,Stoppage not reported,"$10,000 to $19,999",76,76.0,ok,4.343805421853684
2017,Number of stoppages that lasted 6 hours or more:,Stoppage not reported,"$100,000 to $119,999",36,36.0,ok,3.6109179126442243
2017,Number of stoppages that lasted 6 hours or more:,Stoppage not reported,"$120,000 or more",137,137.0,ok,4.927253685157205
2017,Number of stoppages that lasted 6 hours or more:,Stoppage not reported,"$20,000 to $29,999",100,100.0,ok,4.61512051684126
2017,Number of stoppages that lasted 6 hours or more:,Stoppage not reported,"$30,000 to $39,999",56,56.0,ok,4.04305126783455
2017,Number of stoppages that lasted 6 hours or more:,Stoppage not reported,"$40,000 to $49,999",66,66.0,ok,4.204692619390966
2017,Number of stoppages that lasted 6 hours or more:,Stoppage not reported,"$50,000 to $59,999",57,57.0,ok,4.060443010546419
2017,Number of stoppages that lasted 6 hours or more:,Stoppage not reported,"$60,000 to $79,999",82,82.0,ok,4.418840607796598
2017,Number of stoppages that lasted 6 hours or more:,Stoppage not reported,"$80,000 to $99,999",75,75.0,ok,4.330733340286331
2017,Number of stoppages that lasted 6 hours or more:,Stoppage not reported,"Less than $10,000",109,109.0,ok,4.700480365792417
2017,Selected Deficiencies,Broken plaster or peeling paint (interior),"$10,000 to $19,999",343,343.0,ok,5.840641657373398
2017,Selected Deficiencies,Broken plaster or peeling paint (interior),"$100,000 to $119,999",140,140.0,ok,4.948759890378168
2017,Selected Deficiencies,Broken plaster or peeling paint (interior),"$120,000 or more",293,293.0,ok,5.683579767338681
2017,Selected Deficiencies,Broken plaster or peeling paint (interior),"$20,000 to $29,999",303,303.0,ok,5.717027701406222
2017,Selected Deficiencies,Broken plaster or peeling paint (interior),"$30,000 to $39,999",257,257.0,ok,5.552959584921617
2017,Selected Deficiencies,Broken plaster or peeling paint (interior),"$40,000 to $49,999",244,244.0,ok,5.501258210544727
2017,Selected Deficiencies,Broken plaster or peeling paint (interior),"$50,000 to $59,999",170,170.0,ok,5.14166355650266
2017,Selected Deficiencies,Broken plaster or peeling paint (interior),"$60,000 to $79,999",254,254.0,ok,5.541263545158426
2017,Selected Deficiencies,Broken plaster or peeling paint (interior),"$80,000 to $99,999",182,182.0,ok,5.209486152841421
2017,Selected Deficiencies,Broken plaster or peeling paint (interior),"Less than $10,000",339,339.0,ok,5.8289456176102075
2017,Selected Deficiencies,Exposed wiring,"$10,000 to $19,999",393,393.0,ok,5.976350909297934
2017,Selected Deficiencies,Exposed wiring,"$100,000 to $119,999",183,183.0,ok,5.214935757608986
2017,Selected Deficiencies,Exposed wiring,"$120,000 or more",498,498.0,ok,6.212606095751519
2017,Selected Deficiencies,Exposed wiring,"$20,000 to $29,999",360,360.0,ok,5.8888779583328805
2017,Selected Deficiencies,Exposed wiring,"$30,000 to $39,999",322,322.0,ok,5.777652323222656
2017,Selected Deficiencies,Exposed wiring,"$40,000 to $49,999",267,267.0,ok,5.5909869805108565
2017,Selected Deficiencies,Exposed wiring,"$50,000 to $59,999",260,260.0,ok,5.564520407322694
2017,Selected Deficiencies,Exposed wiring,"$60,000 to $79,999",385,385.0,ok,5.955837369464831
2017,Selected Deficiencies,Exposed wiring,"$80,000 to $99,999",208,208.0,ok,5.342334251964811
2017,Selected Deficiencies,Exposed wiring,"Less than $10,000",391,391.0,ok,5.971261839790462
2017,Selected Deficiencies,Holes in floors,"$10,000 to $19,999",240,240.0,ok,5.484796933490655
2017,Selected Deficiencies,Holes in floors,"$100,000 to $119,999",55,55.0,ok,4.02535169073515
2017,Selected Deficiencies,Holes in floors,"$120,000 or more",124,124.0,ok,4.8283137373023015
2017,Selected Deficiencies,Holes in floors,"$20,000 to $29,999",222,222.0,ok,5.407171771460119
2017,Selected Deficiencies,Holes in floors,"$30,000 to $39,999",141,141.0,ok,4.955827057601261
2017,Selected Deficiencies,Holes in floors,"$40,000 to $49,999",120,120.0,ok,4.795790545596741
2017,Selected Deficiencies,Holes in floors,"$50,000 to $59,999",90,90.0,ok,4.51085950651685
2017,Selected Deficiencies,Holes in floors,"$60,000 to $79,999",152,152.0,ok,5.030437921392435
2017,Selected Deficiencies,Holes in floors,"$80,000 to $99,999",78,78.0,ok,4.3694478524670215
2017,Selected Deficiencies,Holes in floors,"Less than $10,000",227,227.0,ok,5.429345628954441
2017,Selected Deficiencies,No electrical wiring,"$10,000 to $19,999",S,,suppressed,
2017,Selected Deficiencies,No electrical wiring,"$100,000 to $119,999",S,,suppressed,
2017,Selected Deficiencies,No electrical wiring,"$120,000 or more",S,,suppressed,
2017,Selected Deficiencies,No electrical wiring,"$20,000 to $29,999",S,,suppressed,
2017,Selected Deficiencies,No electrical wiring,"$30,000 to $39,999",S,,suppressed,
2017,Selected Deficiencies,No electrical wiring,"$40,000 to $49,999",S,,suppressed,
2017,Selected Deficiencies,No electrical wiring,"$50,000 to $59,999",S,,suppressed,
2017,Selected Deficiencies,No electrical wiring,"$60,000 to $79,999",S,,suppressed,
2017,Selected Deficiencies,No electrical wiring,"$80,000 to $99,999",S,,suppressed,
2017,Selected Deficiencies,No electrical wiring,"Less than $10,000",40,40.0,ok,3.713572066704308
2017,Selected Deficiencies,Open cracks or holes (interior),"$10,000 to $19,999",803,803.0,ok,6.6895992691789665
2017,Selected Deficiencies,Open cracks or holes (interior),"$100,000 to $119,999",348,348.0,ok,5.855071922202427
2017,Selected Deficiencies,Open cracks or holes (interior),"$120,000 or more",838,838.0,ok,6.732210706467206
2017,Selected Deficiencies,Open cracks or holes (interior),"$20,000 to $29,999",793,793.0,ok,6.677083461247136
2017,Selected Deficiencies,Open cracks or holes (interior),"$30,000 to $39,999",614,614.0,ok,6.421622267806518
2017,Selected Deficiencies,Open cracks or holes (interior),"$40,000 to $49,999",587,587.0,ok,6.376726947898627
2017,Selected Deficiencies,Open cracks or holes (interior),"$50,000 to $59,999",493,493.0,ok,6.202535517187923
2017,Selected Deficiencies,Open cracks or holes (interior),"$60,000 to $79,999",746,746.0,ok,6.616065185132817
2017,Selected Deficiencies,Open cracks or holes (interior),"$80,000 to $99,999",514,514.0,ok,6.244166900663736
2017,Selected Deficiencies,Open cracks or holes (interior),"Less than $10,000",864,864.0,ok,6.762729506931879
2017,Selected Deficiencies,Rooms without electric outlets,"$10,000 to $19,999",271,271.0,ok,5.605802066295998
2017,Selected Deficiencies,Rooms without electric outlets,"$100,000 to $119,999",94,94.0,ok,4.553876891600541
2017,Selected Deficiencies,Rooms without electric outlets,"$120,000 or more",316,316.0,ok,5.75890177387728
2017,Selected Deficiencies,Rooms without electric outlets,"$20,000 to $29,999",231,231.0,ok,5.44673737166631
2017,Selected Deficiencies,Rooms without electric outlets,"$30,000 to $39,999",202,202.0,ok,5.313205979041787
2017,Selected Deficiencies,Rooms without electric outlets,"$40,000 to $49,999",146,146.0,ok,4.990432586778736
2017,Selected Deficiencies,Rooms without electric outlets,"$50,000 to $59,999",149,149.0,ok,5.0106352940962555
2017,Selected Deficiencies,Rooms without electric outlets,"$60,000 to $79,999",214,214.0,ok,5.3706380281276624
2017,Selected Deficiencies,Rooms without electric outlets,"$80,000 to $99,999",131,131.0,ok,4.882801922586371
2017,Selected Deficiencies,Rooms without electric outlets,"Less than $10,000",340,340.0,ok,5.831882477283517
2017,Selected Deficiencies,Signs of cockroaches in last 12 months,"$10,000 to $19,999","1,844",1844.0,ok,7.520234556474628
2017,Selected Deficiencies,Signs of cockroaches in last 12 months,"$100,000 to $119,999",816,816.0,ok,6.705639094860003
2017,Selected Deficiencies,Signs of cockroaches in last 12 months,"$120,000 or more","1,990",1990.0,ok,7.596392304064196
2017,Selected Deficiencies,Signs of cockroaches in last 12 months,"$20,000 to $29,999","1,802",1802.0,ok,7.497207223203318
2017,Selected Deficiencies,Signs of cockroaches in last 12 months,"$30,000 to $39,999","1,586",1586.0,ok,7.369600720526409
2017,Selected Deficiencies,Signs of cockroaches in last 12 months,"$40,000 to $49,999","1,381",1381.0,ok,7.231287004327616
2017,Selected Deficiencies,Signs of cockroaches in last 12 months,"$50,000 to $59,999","1,160",1160.0,ok,7.057036981697891
2017,Selected Deficiencies,Signs of cockroaches in last 12 months,"$60,000 to $79,999","1,744",1744.0,ok,7.4645098346365275
2017,Selected Deficiencies,Signs of cockroaches in last 12 months,"$80,000 to $99,999","1,131",1131.0,ok,7.0317412587631285
2017,Selected Deficiencies,Signs of cockroaches in last 12 months,"Less than $10,000","1,847",1847.0,ok,7.521859252201629
2017,Selected Deficiencies,Signs of mice or rats inside home in last 12 months,"$10,000 to $19,999","1,571",1571.0,ok,7.360103972989152
2017,Selected Deficiencies,Signs of mice or rats inside home in last 12 months,"$100,000 to $119,999",994,994.0,ok,6.902742737158593
2017,Selected Deficiencies,Signs of mice or rats inside home in last 12 months,"$120,000 or more","2,564",2564.0,ok,7.84971375760487
2017,Selected Deficiencies,Signs of mice or rats inside home in last 12 months,"$20,000 to $29,999","1,548",1548.0,ok,7.3453648404168685
2017,Selected Deficiencies,Signs of mice or rats inside home in last 12 months,"$30,000 to $39,999","1,564",1564.0,ok,7.355641102974253
2017,Selected Deficiencies,Signs of mice or rats inside home in last 12 months,"$40,000 to $49,999","1,385",1385.0,ok,7.234177179749849
2017,Selected Deficiencies,Signs of mice or rats inside home in last 12 months,"$50,000 to $59,999","1,103",1103.0,ok,7.00669522683704
2017,Selected Deficiencies,Signs of mice or rats inside home in last 12 months,"$60,000 to $79,999","1,976",1976.0,ok,7.589335823170617
2017,Selected Deficiencies,Signs of mice or rats inside home in last 12 months,"$80,000 to $99,999","1,406",1406.0,ok,7.249215057114389
2017,Selected Deficiencies,Signs of mice or rats inside home in last 12 months,"Less than $10,000","1,503",1503.0,ok,7.315883504509785
2017,Sewage Disposal Breakdowns,No breakdowns in last 3 months,"$10,000 to $19,999","9,190",9190.0,ok,9.12598002335811
2017,Sewage Disposal Breakdowns,No breakdowns in last 3 months,"$100,000 to $119,999","6,965",6965.0,ok,8.848796450925947
2017,Sewage Disposal Breakdowns,No breakdowns in last 3 months,"$120,000 or more","18,315",18315.0,ok,9.815530273776986
2017,Sewage Disposal Breakdowns,No breakdowns in last 3 months,"$20,000 to $29,999","9,585",9585.0,ok,9.168058979719577
2017,Sewage Disposal Breakdowns,No breakdowns in last 3 months,"$30,000 to $39,999","8,904",8904.0,ok,9.094368195723762
2017,Sewage Disposal Breakdowns,No breakdowns in last 3 months,"$40,000 to $49,999","8,233",8233.0,ok,9.01602720232985
2017,Sewage Disposal Breakdowns,No breakdowns in last 3 months,"$50,000 to $59,999","7,225",7225.0,ok,8.885440911707585
2017,Sewage Disposal Breakdowns,No breakdowns in last 3 months,"$60,000 to $79,999","12,158",12158.0,ok,9.405824915296419
2017,Sewage Disposal Breakdowns,No breakdowns in last 3 months,"$80,000 to $99,999","8,943",8943.0,ok,9.09873819539488
2017,Sewage Disposal Breakdowns,No breakdowns in last 3 months,"Less than $10,000","8,871",8871.0,ok,9.090655529030203
2017,Sewage Disposal Breakdowns,No breakdowns lasting 6 hours or more,"$10,000 to $19,999",S,,suppressed,
2017,Sewage Disposal Breakdowns,No breakdowns lasting 6 hours or more,"$100,000 to $119,999",S,,suppressed,
2017,Sewage Disposal Breakdowns,No breakdowns lasting 6 hours or more,"$120,000 or more",S,,suppressed,
2017,Sewage Disposal Breakdowns,No breakdowns lasting 6 hours or more,"$20,000 to $29,999",S,,suppressed,
2017,Sewage Disposal Breakdowns,No breakdowns lasting 6 hours or more,"$30,000 to $39,999",S,,suppressed,
2017,Sewage Disposal Breakdowns,No breakdowns lasting 6 hours or more,"$40,000 to $49,999",S,,suppressed,
2017,Sewage Disposal Breakdowns,No breakdowns lasting 6 hours or more,"$50,000 to $59,999",S,,suppressed,
2017,Sewage Disposal Breakdowns,No breakdowns lasting 6 hours or more,"$60,000 to $79,999",S,,suppressed,
2017,Sewage Disposal Breakdowns,No breakdowns lasting 6 hours or more,"$80,000 to $99,999",S,,suppressed,
2017,Sewage Disposal Breakdowns,No breakdowns lasting 6 hours or more,"Less than $10,000",28,28.0,ok,3.367295829986474
2017,Sewage Disposal Breakdowns,With breakdown(s) in last 3 months,"$10,000 to $19,999",162,162.0,ok,5.093750200806762
2017,Sewage Disposal Breakdowns,With breakdown(s) in last 3 months,"$100,000 to $119,999",82,82.0,ok,4.418840607796598
2017,Sewage Disposal Breakdowns,With breakdown(s) in last 3 months,"$120,000 or more",165,165.0,ok,5.111987788356544
2017,Sewage Disposal Breakdowns,With breakdown(s) in last 3 months,"$20,000 to $29,999",162,162.0,ok,5.093750200806762
2017,Sewage Disposal Breakdowns,With breakdown(s) in last 3 months,"$30,000 to $39,999",132,132.0,ok,4.890349128221754
2017,Sewage Disposal Breakdowns,With breakdown(s) in last 3 months,"$40,000 to $49,999",138,138.0,ok,4.9344739331306915
2017,Sewage Disposal Breakdowns,With breakdown(s) in last 3 months,"$50,000 to $59,999",108,108.0,ok,4.6913478822291435
2017,Sewage Disposal Breakdowns,With breakdown(s) in last 3 months,"$60,000 to $79,999",157,157.0,ok,5.062595033026967
2017,Sewage Disposal Breakdowns,With breakdown(s) in last 3 months,"$80,000 to $99,999",107,107.0,ok,4.68213122712422
2017,Sewage Disposal Breakdowns,With breakdown(s) in last 3 months,"Less than $10,000",179,179.0,ok,5.19295685089021
2017,Sewage Disposal Breakdowns,With public sewer,"$10,000 to $19,999","9,352",9352.0,ok,9.143452426434552
2017,Sewage Disposal Breakdowns,With public sewer,"$100,000 to $119,999","7,047",7047.0,ok,8.860499167616016
2017,Sewage Disposal Breakdowns,With public sewer,"$120,000 or more","18,480",18480.0,ok,9.824498456285756
2017,Sewage Disposal Breakdowns,With public sewer,"$20,000 to $29,999","9,746",9746.0,ok,9.18471482433721
2017,Sewage Disposal Breakdowns,With public sewer,"$30,000 to $39,999","9,035",9035.0,ok,9.108971877587894
2017,Sewage Disposal Breakdowns,With public sewer,"$40,000 to $49,999","8,371",8371.0,ok,9.03264808356589
2017,Sewage Disposal Breakdowns,With public sewer,"$50,000 to $59,999","7,332",7332.0,ok,8.9001399880938
2017,Sewage Disposal Breakdowns,With public sewer,"$60,000 to $79,999","12,315",12315.0,ok,9.41865450904439
2017,Sewage Disposal Breakdowns,With public sewer,"$80,000 to $99,999","9,050",9050.0,ok,9.11063052782717
2017,Sewage Disposal Breakdowns,With public sewer,"Less than $10,000","9,051",9051.0,ok,9.110741006753427
2017,Water Leakage During Last 12 Months,Basement,"$10,000 to $19,999",196,196.0,ok,5.2832037287379885
2017,Water Leakage During Last 12 Months,Basement,"$100,000 to $119,999",294,294.0,ok,5.68697535633982
2017,Water Leakage During Last 12 Months,Basement,"$120,000 or more",562,562.0,ok,6.333279628139691
2017,Water Leakage During Last 12 Months,Basement,"$20,000 to $29,999",249,249.0,ok,5.521460917862246
2017,Water Leakage During Last 12 Months,Basement,"$30,000 to $39,999",235,235.0,ok,5.4638318050256105
2017,Water Leakage During Last 12 Months,Basement,"$40,000 to $49,999",236,236.0,ok,5.4680601411351315
2017,Water Leakage During Last 12 Months,Basement,"$50,000 to $59,999",284,284.0,ok,5.652489180268651
2017,Water Leakage During Last 12 Months,Basement,"$60,000 to $79,999",510,510.0,ok,6.236369590203704
2017,Water Leakage During Last 12 Months,Basement,"$80,000 to $99,999",431,431.0,ok,6.068425588244111
2017,Water Leakage During Last 12 Months,Basement,"Less than $10,000",169,169.0,ok,5.135798437050262
2017,Water Leakage During Last 12 Months,Broken water heater,"$10,000 to $19,999",81,81.0,ok,4.406719247264253
2017,Water Leakage During Last 12 Months,Broken water heater,"$100,000 to $119,999",63,63.0,ok,4.1588830833596715
2017,Water Leakage During Last 12 Months,Broken water heater,"$120,000 or more",177,177.0,ok,5.181783550292085
2017,Water Leakage During Last 12 Months,Broken water heater,"$20,000 to $29,999",104,104.0,ok,4.653960350157523
2017,Water Leakage During Last 12 Months,Broken water heater,"$30,000 to $39,999",96,96.0,ok,4.574710978503383
2017,Water Leakage During Last 12 Months,Broken water heater,"$40,000 to $49,999",89,89.0,ok,4.499809670330265
2017,Water Leakage During Last 12 Months,Broken water heater,"$50,000 to $59,999",86,86.0,ok,4.465908118654584
2017,Water Leakage During Last 12 Months,Broken water heater,"$60,000 to $79,999",103,103.0,ok,4.6443908991413725
2017,Water Leakage During Last 12 Months,Broken water heater,"$80,000 to $99,999",94,94.0,ok,4.553876891600541
2017,Water Leakage During Last 12 Months,Broken water heater,"Less than $10,000",84,84.0,ok,4.442651256490317
2017,Water Leakage During Last 12 Months,Fixtures backed up or overflowed,"$10,000 to $19,999",227,227.0,ok,5.429345628954441
2017,Water Leakage During Last 12 Months,Fixtures backed up or overflowed,"$100,000 to $119,999",157,157.0,ok,5.062595033026967
2017,Water Leakage During Last 12 Months,Fixtures backed up or overflowed,"$120,000 or more",399,399.0,ok,5.991464547107982
2017,Water Leakage During Last 12 Months,Fixtures backed up or overflowed,"$20,000 to $29,999",214,214.0,ok,5.3706380281276624
2017,Water Leakage During Last 12 Months,Fixtures backed up or overflowed,"$30,000 to $39,999",168,168.0,ok,5.1298987149230735
2017,Water Leakage During Last 12 Months,Fixtures backed up or overflowed,"$40,000 to $49,999",182,182.0,ok,5.209486152841421
2017,Water Leakage During Last 12 Months,Fixtures backed up or overflowed,"$50,000 to $59,999",182,182.0,ok,5.209486152841421
2017,Water Leakage During Last 12 Months,Fixtures backed up or overflowed,"$60,000 to $79,999",273,273.0,ok,5.6131281063880705
2017,Water Leakage During Last 12 Months,Fixtures backed up or overflowed,"$80,000 to $99,999",246,246.0,ok,5.5093883366279774
2017,Water Leakage During Last 12 Months,Fixtures backed up or overflowed,"Less than $10,000",258,258.0,ok,5.556828061699537
2017,Water Leakage During Last 12 Months,No leakage from inside structure,"$10,000 to $19,999","10,223",10223.0,ok,9.232493176617316
2017,Water Leakage During Last 12 Months,No leakage from inside structure,"$100,000 to $119,999","8,016",8016.0,ok,8.989319566042951
2017,Water Leakage During Last 12 Months,No leakage from inside structure,"$120,000 or more","20,571",20571.0,ok,9.931686206894806
2017,Water Leakage During Last 12 Months,No leakage from inside structure,"$20,000 to $29,999","10,773",10773.0,ok,9.28489110324048
2017,Water Leakage During Last 12 Months,No leakage from inside structure,"$30,000 to $39,999","10,237",10237.0,ok,9.233861567017529
2017,Water Leakage During Last 12 Months,No leakage from inside structure,"$40,000 to $49,999","9,396",9396.0,ok,9.148145768383065
2017,Water Leakage During Last 12 Months,No leakage from inside structure,"$50,000 to $59,999","8,318",8318.0,ok,9.026297334283887
2017,Water Leakage During Last 12 Months,No leakage from inside structure,"$60,000 to $79,999","14,056",14056.0,ok,9.550875771331766
2017,Water Leakage During Last 12 Months,No leakage from inside structure,"$80,000 to $99,999","10,447",10447.0,ok,9.254165851516213
2017,Water Leakage During Last 12 Months,No leakage from inside structure,"Less than $10,000","9,573",9573.0,ok,9.166806369952454
2017,Water Leakage During Last 12 Months,No leakage from outside structure,"$10,000 to $19,999","10,050",10050.0,ok,9.21542741102474
2017,Water Leakage During Last 12 Months,No leakage from outside structure,"$100,000 to $119,999","7,811",7811.0,ok,8.96341629199657
2017,Water Leakage During Last 12 Months,No leakage from outside structure,"$120,000 or more","20,281",20281.0,ok,9.917489072171941
2017,Water Leakage During Last 12 Months,No leakage from outside structure,"$20,000 to $29,999","10,511",10511.0,ok,9.260272740724393
2017,Water Leakage During Last 12 Months,No leakage from outside structure,"$30,000 to $39,999","10,061",10061.0,ok,9.216521231051264
2017,Water Leakage During Last 12 Months,No leakage from outside structure,"$40,000 to $49,999","9,169",9169.0,ok,9.123692565250511
2017,Water Leakage During Last 12 Months,No leakage from outside structure,"$50,000 to $59,999","8,094",8094.0,ok,8.999001866111735
2017,Water Leakage During Last 12 Months,No leakage from outside structure,"$60,000 to $79,999","13,624",13624.0,ok,9.519661619531444
2017,Water Leakage During Last 12 Months,No leakage from outside structure,"$80,000 to $99,999","10,150",10150.0,ok,9.225327501784431
2017,Water Leakage During Last 12 Months,No leakage from outside structure,"Less than $10,000","9,487",9487.0,ok,9.157783121237507
2017,Water Leakage During Last 12 Months,Other or unknown (includes not reported),"$10,000 to $19,999",302,302.0,ok,5.713732805509369
2017,Water Leakage During Last 12 Months,Other or unknown (includes not reported),"$100,000 to $119,999",220,220.0,ok,5.3981627015177525
2017,Water Leakage During Last 12 Months,Other or unknown (includes not reported),"$120,000 or more",592,592.0,ok,6.385194398997726
2017,Water Leakage During Last 12 Months,Other or unknown (includes not reported),"$20,000 to $29,999",334,334.0,ok,5.814130531825066
2017,Water Leakage During Last 12 Months,Other or unknown (includes not reported),"$30,000 to $39,999",278,278.0,ok,5.631211781821365
2017,Water Leakage During Last 12 Months,Other or unknown (includes not reported),"$40,000 to $49,999",267,267.0,ok,5.5909869805108565
2017,Water Leakage During Last 12 Months,Other or unknown (includes not reported),"$50,000 to $59,999",158,158.0,ok,5.0689042022202315
2017,Water Leakage During Last 12 Months,Other or unknown (includes not reported),"$60,000 to $79,999",377,377.0,ok,5.934894195619588
2017,Water Leakage During Last 12 Months,Other or unknown (includes not reported),"$80,000 to $99,999",274,274.0,ok,5.616771097666572
2017,Water Leakage During Last 12 Months,Other or unknown (includes not reported),"Less than $10,000",285,285.0,ok,5.655991810819852
2017,Water Leakage During Last 12 Months,Pipes leaked,"$10,000 to $19,999",376,376.0,ok,5.932245187448011
2017,Water Leakage During Last 12 Months,Pipes leaked,"$100,000 to $119,999",298,298.0,ok,5.700443573390686
2017,Water Leakage During Last 12 Months,Pipes leaked,"$120,000 or more",720,720.0,ok,6.580639137284949
2017,Water Leakage During Last 12 Months,Pipes leaked,"$20,000 to $29,999",425,425.0,ok,6.054439346269371
2017,Water Leakage During Last 12 Months,Pipes leaked,"$30,000 to $39,999",441,441.0,ok,6.091309882077698
2017,Water Leakage During Last 12 Months,Pipes leaked,"$40,000 to $49,999",381,381.0,ok,5.945420608606575
2017,Water Leakage During Last 12 Months,Pipes leaked,"$50,000 to $59,999",309,309.0,ok,5.736572297479192
2017,Water Leakage During Last 12 Months,Pipes leaked,"$60,000 to $79,999",495,495.0,ok,6.206575926724928
2017,Water Leakage During Last 12 Months,Pipes leaked,"$80,000 to $99,999",309,309.0,ok,5.736572297479192
2017,Water Leakage During Last 12 Months,Pipes leaked,"Less than $10,000",385,385.0,ok,5.955837369464831
2017,Water Leakage During Last 12 Months,Roof,"$10,000 to $19,999",579,579.0,ok,6.363028103540465
2017,Water Leakage During Last 12 Months,Roof,"$100,000 to $119,999",429,429.0,ok,6.063785208687608
2017,Water Leakage During Last 12 Months,Roof,"$120,000 or more","1,043",1043.0,ok,6.950814768442584
2017,Water Leakage During Last 12 Months,Roof,"$20,000 to $29,999",674,674.0,ok,6.51471269087253
2017,Water Leakage During Last 12 Months,Roof,"$30,000 to $39,999",546,546.0,ok,6.304448802421981
2017,Water Leakage During Last 12 Months,Roof,"$40,000 to $49,999",591,591.0,ok,6.3835066348840055
2017,Water Leakage During Last 12 Months,Roof,"$50,000 to $59,999",434,434.0,ok,6.075346031088684
2017,Water Leakage During Last 12 Months,Roof,"$60,000 to $79,999",762,762.0,ok,6.637258031284457
2017,Water Leakage During Last 12 Months,Roof,"$80,000 to $99,999",525,525.0,ok,6.26530121273771
2017,Water Leakage During Last 12 Months,Roof,"Less than $10,000",524,524.0,ok,6.263398262591624
2017,Water Leakage During Last 12 Months,"Walls, closed windows, or doors","$10,000 to $19,999",253,253.0,ok,5.537334267018537
2017,Water Leakage During Last 12 Months,"Walls, closed windows, or doors","$100,000 to $119,999",163,163.0,ok,5.099866427824199
2017,Water Leakage During Last 12 Months,"Walls, closed windows, or doors","$120,000 or more",425,425.0,ok,6.054439346269371
2017,Water Leakage During Last 12 Months,"Walls, closed windows, or doors","$20,000 to $29,999",264,264.0,ok,5.579729825986222
2017,Water Leakage During Last 12 Months,"Walls, closed windows, or doors","$30,000 to $39,999",242,242.0,ok,5.493061443340548
2017,Water Leakage During Last 12 Months,"Walls, closed windows, or doors","$40,000 to $49,999",261,261.0,ok,5.568344503761097
2017,Water Leakage During Last 12 Months,"Walls, closed windows, or doors","$50,000 to $59,999",148,148.0,ok,5.003946305945459
2017,Water Leakage During Last 12 Months,"Walls, closed windows, or doors","$60,000 to $79,999",268,268.0,ok,5.594711379601839
2017,Water Leakage During Last 12 Months,"Walls, closed windows, or doors","$80,000 to $99,999",176,176.0,ok,5.176149732573829
2017,Water Leakage During Last 12 Months,"Walls, closed windows, or doors","Less than $10,000",277,277.0,ok,5.627621113690637
2017,Water Leakage During Last 12 Months,With leakage from inside structure,"$10,000 to $19,999",922,922.0,ok,6.827629234502852
2017,Water Leakage During Last 12 Months,With leakage from inside structure,"$100,000 to $119,999",722,722.0,ok,6.583409222158765
2017,Water Leakage During Last 12 Months,With leakage from inside structure,"$120,000 or more","1,798",1798.0,ok,7.494986233950533
2017,Water Leakage During Last 12 Months,With leakage from inside structure,"$20,000 to $29,999","1,006",1006.0,ok,6.914730892718563
2017,Water Leakage During Last 12 Months,With leakage from inside structure,"$30,000 to $39,999",937,937.0,ok,6.843749949006225
2017,Water Leakage During Last 12 Months,With leakage from inside structure,"$40,000 to $49,999",871,871.0,ok,6.77078942390898
2017,Water Leakage During Last 12 Months,With leakage from inside structure,"$50,000 to $59,999",687,687.0,ok,6.5337888379333435
2017,Water Leakage During Last 12 Months,With leakage from inside structure,"$60,000 to $79,999","1,197",1197.0,ok,7.088408778675395
2017,Water Leakage During Last 12 Months,With leakage from inside structure,"$80,000 to $99,999",881,881.0,ok,6.782192056006791
2017,Water Leakage During Last 12 Months,With leakage from inside structure,"Less than $10,000",931,931.0,ok,6.837332814685591
2017,Water Leakage During Last 12 Months,With leakage from outside structure,"$10,000 to $19,999","1,095",1095.0,ok,6.999422467507961
2017,Water Leakage During Last 12 Months,With leakage from outside structure,"$100,000 to $119,999",926,926.0,ok,6.831953565565855
2017,Water Leakage During Last 12 Months,With leakage from outside structure,"$120,000 or more","2,089",2089.0,ok,7.644919344958857
2017,Water Leakage During Last 12 Months,With leakage from outside structure,"$20,000 to $29,999","1,269",1269.0,ok,7.146772179452637
2017,Water Leakage During Last 12 Months,With leakage from outside structure,"$30,000 to $39,999","1,113",1113.0,ok,7.01571242048723
2017,Water Leakage During Last 12 Months,With leakage from outside structure,"$40,000 to $49,999","1,097",1097.0,ok,7.001245622069476
2017,Water Leakage During Last 12 Months,With leakage from outside structure,"$50,000 to $59,999",911,911.0,ok,6.815639990074331
2017,Water Leakage During Last 12 Months,With leakage from outside structure,"$60,000 to $79,999","1,628",1628.0,ok,7.395721608602045
2017,Water Leakage During Last 12 Months,With leakage from outside structure,"$80,000 to $99,999","1,178",1178.0,ok,7.072421900537371
2017,Water Leakage During Last 12 Months,With leakage from outside structure,"Less than $10,000","1,016",1016.0,ok,6.92461239604856
2017,Water Supply Stoppage,No stoppage in last 3 months,"$10,000 to $19,999","10,589",10589.0,ok,9.267665438595452
2017,Water Supply Stoppage,No stoppage in last 3 months,"$100,000 to $119,999","8,503",8503.0,ok,9.048291920021784
2017,Water Supply Stoppage,No stoppage in last 3 months,"$120,000 or more","21,719",21719.0,ok,9.985988774047872
2017,Water Supply Stoppage,No stoppage in last 3 months,"$20,000 to $29,999","11,276",11276.0,ok,9.330520532232288
2017,Water Supply Stoppage,No stoppage in last 3 months,"$30,000 to $39,999","10,718",10718.0,ok,9.27977314669152
2017,Water Supply Stoppage,No stoppage in last 3 months,"$40,000 to $49,999","9,839",9839.0,ok,9.1942109900463
2017,Water Supply Stoppage,No stoppage in last 3 months,"$50,000 to $59,999","8,636",8636.0,ok,9.063810579280286
2017,Water Supply Stoppage,No stoppage in last 3 months,"$60,000 to $79,999","14,652",14652.0,ok,9.592400371638025
2017,Water Supply Stoppage,No stoppage in last 3 months,"$80,000 to $99,999","10,954",10954.0,ok,9.301551252029567
2017,Water Supply Stoppage,No stoppage in last 3 months,"Less than $10,000","9,949",9949.0,ok,9.205327830152639
2017,Water Supply Stoppage,No stoppage lasting 6 hours or more,"$10,000 to $19,999",76,76.0,ok,4.343805421853684
2017,Water Supply Stoppage,No stoppage lasting 6 hours or more,"$100,000 to $119,999",49,49.0,ok,3.912023005428146
2017,Water Supply Stoppage,No stoppage lasting 6 hours or more,"$120,000 or more",110,110.0,ok,4.709530201312334
2017,Water Supply Stoppage,No stoppage lasting 6 hours or more,"$20,000 to $29,999",78,78.0,ok,4.3694478524670215
2017,Water Supply Stoppage,No stoppage lasting 6 hours or more,"$30,000 to $39,999",71,71.0,ok,4.276666119016055
2017,Water Supply Stoppage,No stoppage lasting 6 hours or more,"$40,000 to $49,999",53,53.0,ok,3.9889840465642745
2017,Water Supply Stoppage,No stoppage lasting 6 hours or more,"$50,000 to $59,999",55,55.0,ok,4.02535169073515
2017,Water Supply Stoppage,No stoppage lasting 6 hours or more,"$60,000 to $79,999",102,102.0,ok,4.634728988229636
2017,Water Supply Stoppage,No stoppage lasting 6 hours or more,"$80,000 to $99,999",64,64.0,ok,4.174387269895637
2017,Water Supply Stoppage,No stoppage lasting 6 hours or more,"Less than $10,000",66,66.0,ok,4.204692619390966
2017,Water Supply Stoppage,With hot and cold piped water,"$10,000 to $19,999","11,066",11066.0,ok,9.311722986264785
2017,Water Supply Stoppage,With hot and cold piped water,"$100,000 to $119,999","8,737",8737.0,ok,9.075436609511382
2017,Water Supply Stoppage,With hot and cold piped water,"$120,000 or more","22,358",22358.0,ok,10.014984203549803
2017,Water Supply Stoppage,With hot and cold piped water,"$20,000 to $29,999","11,730",11730.0,ok,9.369990189505721
2017,Water Supply Stoppage,With hot and cold piped water,"$30,000 to $39,999","11,142",11142.0,ok,9.318566777047053
2017,Water Supply Stoppage,With hot and cold piped water,"$40,000 to $49,999","10,238",10238.0,ok,9.233959237574817
2017,Water Supply Stoppage,With hot and cold piped water,"$50,000 to $59,999","8,985",8985.0,ok,9.103423089630105
2017,Water Supply Stoppage,With hot and cold piped water,"$60,000 to $79,999","15,218",15218.0,ok,9.6302999262348
2017,Water Supply Stoppage,With hot and cold piped water,"$80,000 to $99,999","11,322",11322.0,ok,9.33459133431404
2017,Water Supply Stoppage,With hot and cold piped water,"Less than $10,000","10,434",10434.0,ok,9.252920819511301
2017,Water Supply Stoppage,With stoppage in last 3 months,"$10,000 to $19,999",402,402.0,ok,5.998936561946683
2017,Water Supply Stoppage,With stoppage in last 3 months,"$100,000 to $119,999",199,199.0,ok,5.298317366548036
2017,Water Supply Stoppage,With stoppage in last 3 months,"$120,000 or more",503,503.0,ok,6.222576268071369
2017,Water Supply Stoppage,With stoppage in last 3 months,"$20,000 to $29,999",354,354.0,ok,5.872117789475416
2017,Water Supply Stoppage,With stoppage in last 3 months,"$30,000 to $39,999",368,368.0,ok,5.910796644040527
2017,Water Supply Stoppage,With stoppage in last 3 months,"$40,000 to $49,999",333,333.0,ok,5.8111409929767
2017,Water Supply Stoppage,With stoppage in last 3 months,"$50,000 to $59,999",293,293.0,ok,5.683579767338681
2017,Water Supply Stoppage,With stoppage in last 3 months,"$60,000 to $79,999",483,483.0,ok,6.182084906716632
2017,Water Supply Stoppage,With stoppage in last 3 months,"$80,000 to $99,999",293,293.0,ok,5.683579767338681
2017,Water Supply Stoppage,With stoppage in last 3 months,"Less than $10,000",376,376.0,ok,5.932245187448011
2019,Electric Fuses and Circuit Breakers,1 time,"$10,000 to $19,999",346,346.0,ok,5.849324779946859
2019,Electric Fuses and Circuit Breakers,1 time,"$100,000 to $119,999",381,381.0,ok,5.945420608606575
2019,Electric Fuses and Circuit Breakers,1 time,"$120,000 or more","1,384",1384.0,ok,7.233455418621439
2019,Electric Fuses and Circuit Breakers,1 time,"$20,000 to $29,999",373,373.0,ok,5.924255797414532
2019,Electric Fuses and Circuit Breakers,1 time,"$30,000 to $39,999",368,368.0,ok,5.910796644040527
2019,Electric Fuses and Circuit Breakers,1 time,"$40,000 to $49,999",370,370.0,ok,5.916202062607435
2019,Electric Fuses and Circuit Breakers,1 time,"$50,000 to $59,999",367,367.0,ok,5.908082938168931
2019,Electric Fuses and Circuit Breakers,1 time,"$60,000 to $79,999",725,725.0,ok,6.587550014824796
2019,Electric Fuses and Circuit Breakers,1 time,"$80,000 to $99,999",459,459.0,ok,6.131226489483141
2019,Electric Fuses and Circuit Breakers,1 time,"Less than $10,000",336,336.0,ok,5.820082930352362
2019,Electric Fuses and Circuit Breakers,2 times,"$10,000 to $19,999",102,102.0,ok,4.634728988229636
2019,Electric Fuses and Circuit Breakers,2 times,"$100,000 to $119,999",201,201.0,ok,5.308267697401205
2019,Electric Fuses and Circuit Breakers,2 times,"$120,000 or more",567,567.0,ok,6.342121418721152
2019,Electric Fuses and Circuit Breakers,2 times,"$20,000 to $29,999",156,156.0,ok,5.056245805348308
2019,Electric Fuses and Circuit Breakers,2 times,"$30,000 to $39,999",201,201.0,ok,5.308267697401205
2019,Electric Fuses and Circuit Breakers,2 times,"$40,000 to $49,999",154,154.0,ok,5.043425116919247
2019,Electric Fuses and Circuit Breakers,2 times,"$50,000 to $59,999",139,139.0,ok,4.941642422609304
2019,Electric Fuses and Circuit Breakers,2 times,"$60,000 to $79,999",304,304.0,ok,5.720311776607412
2019,Electric Fuses and Circuit Breakers,2 times,"$80,000 to $99,999",172,172.0,ok,5.153291594497779
2019,Electric Fuses and Circuit Breakers,2 times,"Less than $10,000",139,139.0,ok,4.941642422609304
2019,Electric Fuses and Circuit Breakers,3 times,"$10,000 to $19,999",68,68.0,ok,4.23410650459726
2019,Electric Fuses and Circuit Breakers,3 times,"$100,000 to $119,999",75,75.0,ok,4.330733340286331
2019,Electric Fuses and Circuit Breakers,3 times,"$120,000 or more",206,206.0,ok,5.332718793265369
2019,Electric Fuses and Circuit Breakers,3 times,"$20,000 to $29,999",60,60.0,ok,4.110873864173311
2019,Electric Fuses and Circuit Breakers,3 times,"$30,000 to $39,999",77,77.0,ok,4.356708826689592
2019,Electric Fuses and Circuit Breakers,3 times,"$40,000 to $49,999",85,85.0,ok,4.454347296253507
2019,Electric Fuses and Circuit Breakers,3 times,"$50,000 to $59,999",45,45.0,ok,3.828641396489095
2019,Electric Fuses and Circuit Breakers,3 times,"$60,000 to $79,999",106,106.0,ok,4.672828834461906
2019,Electric Fuses and Circuit Breakers,3 times,"$80,000 to $99,999",78,78.0,ok,4.3694478524670215
2019,Electric Fuses and Circuit Breakers,3 times,"Less than $10,000",52,52.0,ok,3.970291913552122
2019,Electric Fuses and Circuit Breakers,4 times or more,"$10,000 to $19,999",144,144.0,ok,4.976733742420574
2019,Electric Fuses and Circuit Breakers,4 times or more,"$100,000 to $119,999",98,98.0,ok,4.59511985013459
2019,Electric Fuses and Circuit Breakers,4 times or more,"$120,000 or more",322,322.0,ok,5.777652323222656
2019,Electric Fuses and Circuit Breakers,4 times or more,"$20,000 to $29,999",123,123.0,ok,4.820281565605037
2019,Electric Fuses and Circuit Breakers,4 times or more,"$30,000 to $39,999",109,109.0,ok,4.700480365792417
2019,Electric Fuses and Circuit Breakers,4 times or more,"$40,000 to $49,999",72,72.0,ok,4.290459441148391
2019,Electric Fuses and Circuit Breakers,4 times or more,"$50,000 to $59,999",78,78.0,ok,4.3694478524670215
2019,Electric Fuses and Circuit Breakers,4 times or more,"$60,000 to $79,999",138,138.0,ok,4.9344739331306915
2019,Electric Fuses and Circuit Breakers,4 times or more,"$80,000 to $99,999",93,93.0,ok,4.543294782270004
2019,Electric Fuses and Circuit Breakers,4 times or more,"Less than $10,000",88,88.0,ok,4.48863636973214
2019,Electric Fuses and Circuit Breakers,No fuses or breakers blown in last 3 months,"$10,000 to $19,999","9,642",9642.0,ok,9.173987542510384
2019,Electric Fuses and Circuit Breakers,No fuses or breakers blown in last 3 months,"$100,000 to $119,999","8,432",8432.0,ok,9.039907859574642
2019,Electric Fuses and Circuit Breakers,No fuses or breakers blown in last 3 months,"$120,000 or more","24,013",24013.0,ok,10.086392272590663
2019,Electric Fuses and Circuit Breakers,No fuses or breakers blown in last 3 months,"$20,000 to $29,999","9,766",9766.0,ok,9.186764635447478
2019,Electric Fuses and Circuit Breakers,No fuses or breakers blown in last 3 months,"$30,000 to $39,999","10,248",10248.0,ok,9.234935418831563
2019,Electric Fuses and Circuit Breakers,No fuses or breakers blown in last 3 months,"$40,000 to $49,999","8,975",8975.0,ok,9.102309627762478
2019,Electric Fuses and Circuit Breakers,No fuses or breakers blown in last 3 months,"$50,000 to $59,999","8,651",8651.0,ok,9.06554578707295
2019,Electric Fuses and Circuit Breakers,No fuses or breakers blown in last 3 months,"$60,000 to $79,999","14,528",14528.0,ok,9.583901931071338
2019,Electric Fuses and Circuit Breakers,No fuses or breakers blown in last 3 months,"$80,000 to $99,999","10,782",10782.0,ok,9.285726098882073
2019,Electric Fuses and Circuit Breakers,No fuses or breakers blown in last 3 months,"Less than $10,000","9,680",9680.0,ok,9.177920480720072
2019,Electric Fuses and Circuit Breakers,With electrical wiring,"$10,000 to $19,999","10,303",10303.0,ok,9.240287448344136
2019,Electric Fuses and Circuit Breakers,With electrical wiring,"$100,000 to $119,999","9,188",9188.0,ok,9.125762395500885
2019,Electric Fuses and Circuit Breakers,With electrical wiring,"$120,000 or more","26,492",26492.0,ok,10.184635826136912
2019,Electric Fuses and Circuit Breakers,With electrical wiring,"$20,000 to $29,999","10,477",10477.0,ok,9.257033099968165
2019,Electric Fuses and Circuit Breakers,With electrical wiring,"$30,000 to $39,999","11,004",11004.0,ok,9.306104993960561
2019,Electric Fuses and Circuit Breakers,With electrical wiring,"$40,000 to $49,999","9,656",9656.0,ok,9.175438319966918
2019,Electric Fuses and Circuit Breakers,With electrical wiring,"$50,000 to $59,999","9,280",9280.0,ok,9.135724578595394
2019,Electric Fuses and Circuit Breakers,With electrical wiring,"$60,000 to $79,999","15,802",15802.0,ok,9.667955074409104
2019,Electric Fuses and Circuit Breakers,With electrical wiring,"$80,000 to $99,999","11,585",11585.0,ok,9.35755275165657
2019,Electric Fuses and Circuit Breakers,With electrical wiring,"Less than $10,000","10,295",10295.0,ok,9.239510749275963
2019,Electric Fuses and Circuit Breakers,With fuses or breakers blown in last 3 months,"$10,000 to $19,999",661,661.0,ok,6.495265555937008
2019,Electric Fuses and Circuit Breakers,With fuses or breakers blown in last 3 months,"$100,000 to $119,999",755,755.0,ok,6.628041376179533
2019,Electric Fuses and Circuit Breakers,With fuses or breakers blown in last 3 months,"$120,000 or more","2,479",2479.0,ok,7.8160138391590275
2019,Electric Fuses and Circuit Breakers,With fuses or breakers blown in last 3 months,"$20,000 to $29,999",712,712.0,ok,6.569481420414296
2019,Electric Fuses and Circuit Breakers,With fuses or breakers blown in last 3 months,"$30,000 to $39,999",756,756.0,ok,6.6293632534374485
2019,Electric Fuses and Circuit Breakers,With fuses or breakers blown in last 3 months,"$40,000 to $49,999",681,681.0,ok,6.525029657843462
2019,Electric Fuses and Circuit Breakers,With fuses or breakers blown in last 3 months,"$50,000 to $59,999",629,629.0,ok,6.4457198193855785
2019,Electric Fuses and Circuit Breakers,With fuses or breakers blown in last 3 months,"$60,000 to $79,999","1,274",1274.0,ok,7.150701457592526
2019,Electric Fuses and Circuit Breakers,With fuses or breakers blown in last 3 months,"$80,000 to $99,999",803,803.0,ok,6.6895992691789665
2019,Electric Fuses and Circuit Breakers,With fuses or breakers blown in last 3 months,"Less than $10,000",616,616.0,ok,6.424869023905388
2019,External Building Conditions,Bars on windows,"$10,000 to $19,999",211,211.0,ok,5.356586274672012
2019,External Building Conditions,Bars on windows,"$100,000 to $119,999",116,116.0,ok,4.762173934797756
2019,External Building Conditions,Bars on windows,"$120,000 or more",315,315.0,ok,5.755742213586912
2019,External Building Conditions,Bars on windows,"$20,000 to $29,999",223,223.0,ok,5.4116460518550396
2019,External Building Conditions,Bars on windows,"$30,000 to $39,999",189,189.0,ok,5.247024072160486
2019,External Building Conditions,Bars on windows,"$40,000 to $49,999",240,240.0,ok,5.484796933490655
2019,External Building Conditions,Bars on windows,"$50,000 to $59,999",199,199.0,ok,5.298317366548036
2019,External Building Conditions,Bars on windows,"$60,000 to $79,999",245,245.0,ok,5.5053315359323625
2019,External Building Conditions,Bars on windows,"$80,000 to $99,999",168,168.0,ok,5.1298987149230735
2019,External Building Conditions,Bars on windows,"Less than $10,000",262,262.0,ok,5.572154032177765
2019,External Building Conditions,Boarded up windows,"$10,000 to $19,999",144,144.0,ok,4.976733742420574
2019,External Building Conditions,Boarded up windows,"$100,000 to $119,999",S,,suppressed,
2019,External Building Conditions,Boarded up windows,"$120,000 or more",115,115.0,ok,4.7535901911063645
2019,External Building Conditions,Boarded up windows,"$20,000 to $29,999",131,131.0,ok,4.882801922586371
2019,External Building Conditions,Boarded up windows,"$30,000 to $39,999",107,107.0,ok,4.68213122712422
2019,External Building Conditions,Boarded up windows,"$40,000 to $49,999",84,84.0,ok,4.442651256490317
2019,External Building Conditions,Boarded up windows,"$50,000 to $59,999",73,73.0,ok,4.304065093204169
2019,External Building Conditions,Boarded up windows,"$60,000 to $79,999",121,121.0,ok,4.804021044733257
2019,External Building Conditions,Boarded up windows,"$80,000 to $99,999",46,46.0,ok,3.8501476017100584
2019,External Building Conditions,Boarded up windows,"Less than $10,000",135,135.0,ok,4.912654885736052
2019,External Building Conditions,Broken windows,"$10,000 to $19,999",392,392.0,ok,5.973809611869261
2019,External Building Conditions,Broken windows,"$100,000 to $119,999",180,180.0,ok,5.198497031265826
2019,External Building Conditions,Broken windows,"$120,000 or more",527,527.0,ok,6.269096283706261
2019,External Building Conditions,Broken windows,"$20,000 to $29,999",361,361.0,ok,5.891644211825771
2019,External Building Conditions,Broken windows,"$30,000 to $39,999",417,417.0,ok,6.035481432524756
2019,External Building Conditions,Broken windows,"$40,000 to $49,999",305,305.0,ok,5.723585101952381
2019,External Building Conditions,Broken windows,"$50,000 to $59,999",293,293.0,ok,5.683579767338681
2019,External Building Conditions,Broken windows,"$60,000 to $79,999",453,453.0,ok,6.118097198041348
2019,External Building Conditions,Broken windows,"$80,000 to $99,999",272,272.0,ok,5.60947179518496
2019,External Building Conditions,Broken windows,"Less than $10,000",382,382.0,ok,5.948034989180646
2019,External Building Conditions,Foundation crumbling or has open crack or hole,"$10,000 to $19,999",463,463.0,ok,6.139884552226255
2019,External Building Conditions,Foundation crumbling or has open crack or hole,"$100,000 to $119,999",354,354.0,ok,5.872117789475416
2019,External Building Conditions,Foundation crumbling or has open crack or hole,"$120,000 or more",877,877.0,ok,6.777646593635117
2019,External Building Conditions,Foundation crumbling or has open crack or hole,"$20,000 to $29,999",407,407.0,ok,6.0112671744041615
2019,External Building Conditions,Foundation crumbling or has open crack or hole,"$30,000 to $39,999",399,399.0,ok,5.991464547107982
2019,External Building Conditions,Foundation crumbling or has open crack or hole,"$40,000 to $49,999",362,362.0,ok,5.8944028342648505
2019,External Building Conditions,Foundation crumbling or has open crack or hole,"$50,000 to $59,999",391,391.0,ok,5.971261839790462
2019,External Building Conditions,Foundation crumbling or has open crack or hole,"$60,000 to $79,999",672,672.0,ok,6.511745329644728
2019,External Building Conditions,Foundation crumbling or has open crack or hole,"$80,000 to $99,999",385,385.0,ok,5.955837369464831
2019,External Building Conditions,Foundation crumbling or has open crack or hole,"Less than $10,000",464,464.0,ok,6.142037405587356
2019,External Building Conditions,Hole in roof,"$10,000 to $19,999",185,185.0,ok,5.225746673713202
2019,External Building Conditions,Hole in roof,"$100,000 to $119,999",68,68.0,ok,4.23410650459726
2019,External Building Conditions,Hole in roof,"$120,000 or more",124,124.0,ok,4.8283137373023015
2019,External Building Conditions,Hole in roof,"$20,000 to $29,999",153,153.0,ok,5.0369526024136295
2019,External Building Conditions,Hole in roof,"$30,000 to $39,999",163,163.0,ok,5.099866427824199
2019,External Building Conditions,Hole in roof,"$40,000 to $49,999",91,91.0,ok,4.5217885770490405
2019,External Building Conditions,Hole in roof,"$50,000 to $59,999",61,61.0,ok,4.127134385045092
2019,External Building Conditions,Hole in roof,"$60,000 to $79,999",157,157.0,ok,5.062595033026967
2019,External Building Conditions,Hole in roof,"$80,000 to $99,999",75,75.0,ok,4.330733340286331
2019,External Building Conditions,Hole in roof,"Less than $10,000",236,236.0,ok,5.4680601411351315
2019,External Building Conditions,"Missing bricks, siding, or other outside wall material","$10,000 to $19,999",298,298.0,ok,5.700443573390686
2019,External Building Conditions,"Missing bricks, siding, or other outside wall material","$100,000 to $119,999",182,182.0,ok,5.209486152841421
2019,External Building Conditions,"Missing bricks, siding, or other outside wall material","$120,000 or more",359,359.0,ok,5.886104031450156
2019,External Building Conditions,"Missing bricks, siding, or other outside wall material","$20,000 to $29,999",216,216.0,ok,5.37989735354046
2019,External Building Conditions,"Missing bricks, siding, or other outside wall material","$30,000 to $39,999",290,290.0,ok,5.673323267171493
2019,External Building Conditions,"Missing bricks, siding, or other outside wall material","$40,000 to $49,999",218,218.0,ok,5.389071729816501
2019,External Building Conditions,"Missing bricks, siding, or other outside wall material","$50,000 to $59,999",203,203.0,ok,5.318119993844216
2019,External Building Conditions,"Missing bricks, siding, or other outside wall material","$60,000 to $79,999",325,325.0,ok,5.786897381366708
2019,External Building Conditions,"Missing bricks, siding, or other outside wall material","$80,000 to $99,999",231,231.0,ok,5.44673737166631
2019,External Building Conditions,"Missing bricks, siding, or other outside wall material","Less than $10,000",256,256.0,ok,5.54907608489522
2019,External Building Conditions,Missing roofing material,"$10,000 to $19,999",356,356.0,ok,5.877735781779639
2019,External Building Conditions,Missing roofing material,"$100,000 to $119,999",184,184.0,ok,5.220355825078325
2019,External Building Conditions,Missing roofing material,"$120,000 or more",490,490.0,ok,6.19644412779452
2019,External Building Conditions,Missing roofing material,"$20,000 to $29,999",361,361.0,ok,5.891644211825771
2019,External Building Conditions,Missing roofing material,"$30,000 to $39,999",349,349.0,ok,5.857933154483459
2019,External Building Conditions,Missing roofing material,"$40,000 to $49,999",254,254.0,ok,5.541263545158426
2019,External Building Conditions,Missing roofing material,"$50,000 to $59,999",233,233.0,ok,5.455321115357702
2019,External Building Conditions,Missing roofing material,"$60,000 to $79,999",468,468.0,ok,6.150602768446279
2019,External Building Conditions,Missing roofing material,"$80,000 to $99,999",270,270.0,ok,5.602118820879701
2019,External Building Conditions,Missing roofing material,"Less than $10,000",352,352.0,ok,5.8664680569332965
2019,External Building Conditions,Sagging roof,"$10,000 to $19,999",209,209.0,ok,5.3471075307174685
2019,External Building Conditions,Sagging roof,"$100,000 to $119,999",114,114.0,ok,4.74493212836325
2019,External Building Conditions,Sagging roof,"$120,000 or more",148,148.0,ok,5.003946305945459
2019,External Building Conditions,Sagging roof,"$20,000 to $29,999",177,177.0,ok,5.181783550292085
2019,External Building Conditions,Sagging roof,"$30,000 to $39,999",229,229.0,ok,5.438079308923196
2019,External Building Conditions,Sagging roof,"$40,000 to $49,999",145,145.0,ok,4.983606621708336
2019,External Building Conditions,Sagging roof,"$50,000 to $59,999",134,134.0,ok,4.90527477843843
2019,External Building Conditions,Sagging roof,"$60,000 to $79,999",168,168.0,ok,5.1298987149230735
2019,External Building Conditions,Sagging roof,"$80,000 to $99,999",112,112.0,ok,4.727387818712341
2019,External Building Conditions,Sagging roof,"Less than $10,000",237,237.0,ok,5.472270673671475
2019,External Building Conditions,Sloping outside walls,"$10,000 to $19,999",143,143.0,ok,4.969813299576001
2019,External Building Conditions,Sloping outside walls,"$100,000 to $119,999",62,62.0,ok,4.143134726391533
2019,External Building Conditions,Sloping outside walls,"$120,000 or more",61,61.0,ok,4.127134385045092
2019,External Building Conditions,Sloping outside walls,"$20,000 to $29,999",106,106.0,ok,4.672828834461906
2019,External Building Conditions,Sloping outside walls,"$30,000 to $39,999",97,97.0,ok,4.584967478670572
2019,External Building Conditions,Sloping outside walls,"$40,000 to $49,999",109,109.0,ok,4.700480365792417
2019,External Building Conditions,Sloping outside walls,"$50,000 to $59,999",87,87.0,ok,4.477336814478207
2019,External Building Conditions,Sloping outside walls,"$60,000 to $79,999",140,140.0,ok,4.948759890378168
2019,External Building Conditions,Sloping outside walls,"$80,000 to $99,999",46,46.0,ok,3.8501476017100584
2019,External Building Conditions,Sloping outside walls,"Less than $10,000",195,195.0,ok,5.278114659230518
2019,Flush Toilet Breakdowns,No breakdowns lasting 6 hours or more,"$10,000 to $19,999",88,88.0,ok,4.48863636973214
2019,Flush Toilet Breakdowns,No breakdowns lasting 6 hours or more,"$100,000 to $119,999",S,,suppressed,
2019,Flush Toilet Breakdowns,No breakdowns lasting 6 hours or more,"$120,000 or more",54,54.0,ok,4.007333185232471
2019,Flush Toilet Breakdowns,No breakdowns lasting 6 hours or more,"$20,000 to $29,999",73,73.0,ok,4.304065093204169
2019,Flush Toilet Breakdowns,No breakdowns lasting 6 hours or more,"$30,000 to $39,999",95,95.0,ok,4.564348191467836
2019,Flush Toilet Breakdowns,No breakdowns lasting 6 hours or more,"$40,000 to $49,999",S,,suppressed,
2019,Flush Toilet Breakdowns,No breakdowns lasting 6 hours or more,"$50,000 to $59,999",S,,suppressed,
2019,Flush Toilet Breakdowns,No breakdowns lasting 6 hours or more,"$60,000 to $79,999",58,58.0,ok,4.07753744390572
2019,Flush Toilet Breakdowns,No breakdowns lasting 6 hours or more,"$80,000 to $99,999",S,,suppressed,
2019,Flush Toilet Breakdowns,No breakdowns lasting 6 hours or more,"Less than $10,000",50,50.0,ok,3.9318256327243257
2019,Flush Toilet Breakdowns,None working some time in last 3 months,"$10,000 to $19,999",264,264.0,ok,5.579729825986222
2019,Flush Toilet Breakdowns,None working some time in last 3 months,"$100,000 to $119,999",105,105.0,ok,4.663439094112067
2019,Flush Toilet Breakdowns,None working some time in last 3 months,"$120,000 or more",259,259.0,ok,5.560681631015528
2019,Flush Toilet Breakdowns,None working some time in last 3 months,"$20,000 to $29,999",254,254.0,ok,5.541263545158426
2019,Flush Toilet Breakdowns,None working some time in last 3 months,"$30,000 to $39,999",270,270.0,ok,5.602118820879701
2019,Flush Toilet Breakdowns,None working some time in last 3 months,"$40,000 to $49,999",209,209.0,ok,5.3471075307174685
2019,Flush Toilet Breakdowns,None working some time in last 3 months,"$50,000 to $59,999",141,141.0,ok,4.955827057601261
2019,Flush Toilet Breakdowns,None working some time in last 3 months,"$60,000 to $79,999",249,249.0,ok,5.521460917862246
2019,Flush Toilet Breakdowns,None working some time in last 3 months,"$80,000 to $99,999",103,103.0,ok,4.6443908991413725
2019,Flush Toilet Breakdowns,None working some time in last 3 months,"Less than $10,000",276,276.0,ok,5.6240175061873385
2019,Flush Toilet Breakdowns,With at least one toilet working at all times in last 3 months,"$10,000 to $19,999","10,034",10034.0,ok,9.213834261230438
2019,Flush Toilet Breakdowns,With at least one toilet working at all times in last 3 months,"$100,000 to $119,999","9,087",9087.0,ok,9.114710140960932
2019,Flush Toilet Breakdowns,With at least one toilet working at all times in last 3 months,"$120,000 or more","26,227",26227.0,ok,10.17458282138351
2019,Flush Toilet Breakdowns,With at least one toilet working at all times in last 3 months,"$20,000 to $29,999","10,218",10218.0,ok,9.23200401161221
2019,Flush Toilet Breakdowns,With at least one toilet working at all times in last 3 months,"$30,000 to $39,999","10,739",10739.0,ok,9.281730368062856
2019,Flush Toilet Breakdowns,With at least one toilet working at all times in last 3 months,"$40,000 to $49,999","9,438",9438.0,ok,9.152605321324945
2019,Flush Toilet Breakdowns,With at least one toilet working at all times in last 3 months,"$50,000 to $59,999","9,134",9134.0,ok,9.119868468812108
2019,Flush Toilet Breakdowns,With at least one toilet working at all times in last 3 months,"$60,000 to $79,999","15,553",15553.0,ok,9.652073119254888
2019,Flush Toilet Breakdowns,With at least one toilet working at all times in last 3 months,"$80,000 to $99,999","11,479",11479.0,ok,9.348361669873558
2019,Flush Toilet Breakdowns,With at least one toilet working at all times in last 3 months,"Less than $10,000","10,008",10008.0,ok,9.211239967219019
2019,Flush Toilet Breakdowns,With one or more flush toilets,"$10,000 to $19,999","10,298",10298.0,ok,9.239802082125802
2019,Flush Toilet Breakdowns,With one or more flush toilets,"$100,000 to $119,999","9,192",9192.0,ok,9.126197603863755
2019,Flush Toilet Breakdowns,With one or more flush toilets,"$120,000 or more","26,485",26485.0,ok,10.18437157048691
2019,Flush Toilet Breakdowns,With one or more flush toilets,"$20,000 to $29,999","10,472",10472.0,ok,9.256555795773146
2019,Flush Toilet Breakdowns,With one or more flush toilets,"$30,000 to $39,999","11,009",11009.0,ok,9.306559229716726
2019,Flush Toilet Breakdowns,With one or more flush toilets,"$40,000 to $49,999","9,647",9647.0,ok,9.174505918966966
2019,Flush Toilet Breakdowns,With one or more flush toilets,"$50,000 to $59,999","9,276",9276.0,ok,9.135293497653272
2019,Flush Toilet Breakdowns,With one or more flush toilets,"$60,000 to $79,999","15,802",15802.0,ok,9.667955074409104
2019,Flush Toilet Breakdowns,With one or more flush toilets,"$80,000 to $99,999","11,582",11582.0,ok,9.357293784932345
2019,Flush Toilet Breakdowns,With one or more flush toilets,"Less than $10,000","10,283",10283.0,ok,9.23834456838578
2019,Heating Problems,Equipment breakdowns,"$10,000 to $19,999",333,333.0,ok,5.8111409929767
2019,Heating Problems,Equipment breakdowns,"$100,000 to $119,999",165,165.0,ok,5.111987788356544
2019,Heating Problems,Equipment breakdowns,"$120,000 or more",460,460.0,ok,6.133398042996649
2019,Heating Problems,Equipment breakdowns,"$20,000 to $29,999",301,301.0,ok,5.71042701737487
2019,Heating Problems,Equipment breakdowns,"$30,000 to $39,999",270,270.0,ok,5.602118820879701
2019,Heating Problems,Equipment breakdowns,"$40,000 to $49,999",240,240.0,ok,5.484796933490655
2019,Heating Problems,Equipment breakdowns,"$50,000 to $59,999",170,170.0,ok,5.14166355650266
2019,Heating Problems,Equipment breakdowns,"$60,000 to $79,999",374,374.0,ok,5.926926025970411
2019,Heating Problems,Equipment breakdowns,"$80,000 to $99,999",222,222.0,ok,5.407171771460119
2019,Heating Problems,Equipment breakdowns,"Less than $10,000",358,358.0,ok,5.883322388488279
2019,Heating Problems,No breakdowns lasting 6 hours or more,"$10,000 to $19,999",S,,suppressed,
2019,Heating Problems,No breakdowns lasting 6 hours or more,"$100,000 to $119,999",S,,suppressed,
2019,Heating Problems,No breakdowns lasting 6 hours or more,"$120,000 or more",S,,suppressed,
2019,Heating Problems,No breakdowns lasting 6 hours or more,"$20,000 to $29,999",S,,suppressed,
2019,Heating Problems,No breakdowns lasting 6 hours or more,"$30,000 to $39,999",S,,suppressed,
2019,Heating Problems,No breakdowns lasting 6 hours or more,"$40,000 to $49,999",S,,suppressed,
2019,Heating Problems,No breakdowns lasting 6 hours or more,"$50,000 to $59,999",S,,suppressed,
2019,Heating Problems,No breakdowns lasting 6 hours or more,"$60,000 to $79,999",S,,suppressed,
2019,Heating Problems,No breakdowns lasting 6 hours or more,"$80,000 to $99,999",.,,blank_or_na,
2019,Heating Problems,No breakdowns lasting 6 hours or more,"Less than $10,000",.,,blank_or_na,
2019,Heating Problems,Not uncomfortably cold for 24 hours or more,"$10,000 to $19,999","8,524",8524.0,ok,9.050758302151717
2019,Heating Problems,Not uncomfortably cold for 24 hours or more,"$100,000 to $119,999","8,059",8059.0,ok,8.994668835500674
2019,Heating Problems,Not uncomfortably cold for 24 hours or more,"$120,000 or more","23,776",23776.0,ok,10.076474005852402
2019,Heating Problems,Not uncomfortably cold for 24 hours or more,"$20,000 to $29,999","8,750",8750.0,ok,9.076923258535832
2019,Heating Problems,Not uncomfortably cold for 24 hours or more,"$30,000 to $39,999","9,318",9318.0,ok,9.139810605785655
2019,Heating Problems,Not uncomfortably cold for 24 hours or more,"$40,000 to $49,999","8,387",8387.0,ok,9.03455739202181
2019,Heating Problems,Not uncomfortably cold for 24 hours or more,"$50,000 to $59,999","7,969",7969.0,ok,8.98343977178426
2019,Heating Problems,Not uncomfortably cold for 24 hours or more,"$60,000 to $79,999","13,725",13725.0,ok,9.52704712346858
2019,Heating Problems,Not uncomfortably cold for 24 hours or more,"$80,000 to $99,999","10,159",10159.0,ok,9.226213721132472
2019,Heating Problems,Not uncomfortably cold for 24 hours or more,"Less than $10,000","8,373",8373.0,ok,9.032886946579088
2019,Heating Problems,Uncomfortably cold for 24 hours or more,"$10,000 to $19,999",905,905.0,ok,6.80903930604298
2019,Heating Problems,Uncomfortably cold for 24 hours or more,"$100,000 to $119,999",483,483.0,ok,6.182084906716632
2019,Heating Problems,Uncomfortably cold for 24 hours or more,"$120,000 or more","1,124",1124.0,ok,7.025538314638521
2019,Heating Problems,Uncomfortably cold for 24 hours or more,"$20,000 to $29,999",862,862.0,ok,6.760414691083428
2019,Heating Problems,Uncomfortably cold for 24 hours or more,"$30,000 to $39,999",799,799.0,ok,6.684611727667927
2019,Heating Problems,Uncomfortably cold for 24 hours or more,"$40,000 to $49,999",521,521.0,ok,6.257667587882639
2019,Heating Problems,Uncomfortably cold for 24 hours or more,"$50,000 to $59,999",555,555.0,ok,6.320768294250582
2019,Heating Problems,Uncomfortably cold for 24 hours or more,"$60,000 to $79,999",818,818.0,ok,6.70808408385307
2019,Heating Problems,Uncomfortably cold for 24 hours or more,"$80,000 to $99,999",582,582.0,ok,6.368187186350492
2019,Heating Problems,Uncomfortably cold for 24 hours or more,"Less than $10,000",865,865.0,ok,6.763884908562435
2019,Heating Problems,With heating equipment and occupied last winter,"$10,000 to $19,999","9,429",9429.0,ok,9.151651375627504
2019,Heating Problems,With heating equipment and occupied last winter,"$100,000 to $119,999","8,541",8541.0,ok,9.052750451401412
2019,Heating Problems,With heating equipment and occupied last winter,"$120,000 or more","24,899",24899.0,ok,10.1226230824528
2019,Heating Problems,With heating equipment and occupied last winter,"$20,000 to $29,999","9,612",9612.0,ok,9.170871628065816
2019,Heating Problems,With heating equipment and occupied last winter,"$30,000 to $39,999","10,117",10117.0,ok,9.222071294851881
2019,Heating Problems,With heating equipment and occupied last winter,"$40,000 to $49,999","8,908",8908.0,ok,9.094817280720644
2019,Heating Problems,With heating equipment and occupied last winter,"$50,000 to $59,999","8,524",8524.0,ok,9.050758302151717
2019,Heating Problems,With heating equipment and occupied last winter,"$60,000 to $79,999","14,543",14543.0,ok,9.58493381641726
2019,Heating Problems,With heating equipment and occupied last winter,"$80,000 to $99,999","10,741",10741.0,ok,9.281916570465405
2019,Heating Problems,With heating equipment and occupied last winter,"Less than $10,000","9,239",9239.0,ok,9.131297164635729
2019,Housing Adequacy,Adequate,"$10,000 to $19,999","9,405",9405.0,ok,9.149103062504993
2019,Housing Adequacy,Adequate,"$100,000 to $119,999","8,914",8914.0,ok,9.09549053029724
2019,Housing Adequacy,Adequate,"$120,000 or more","25,900",25900.0,ok,10.16203685698089
2019,Housing Adequacy,Adequate,"$20,000 to $29,999","9,740",9740.0,ok,9.184099060770956
2019,Housing Adequacy,Adequate,"$30,000 to $39,999","10,345",10345.0,ok,9.24435525056346
2019,Housing Adequacy,Adequate,"$40,000 to $49,999","9,132",9132.0,ok,9.11964950669168
2019,Housing Adequacy,Adequate,"$50,000 to $59,999","8,888",8888.0,ok,9.092569836241674
2019,Housing Adequacy,Adequate,"$60,000 to $79,999","15,204",15204.0,ok,9.629379600111465
2019,Housing Adequacy,Adequate,"$80,000 to $99,999","11,290",11290.0,ok,9.331761227180522
2019,Housing Adequacy,Adequate,"Less than $10,000","9,359",9359.0,ok,9.144200569471638
2019,Housing Adequacy,Electric,"$10,000 to $19,999",S,,suppressed,
2019,Housing Adequacy,Electric,"$100,000 to $119,999",S,,suppressed,
2019,Housing Adequacy,Electric,"$120,000 or more",S,,suppressed,
2019,Housing Adequacy,Electric,"$20,000 to $29,999",S,,suppressed,
2019,Housing Adequacy,Electric,"$30,000 to $39,999",S,,suppressed,
2019,Housing Adequacy,Electric,"$40,000 to $49,999",S,,suppressed,
2019,Housing Adequacy,Electric,"$50,000 to $59,999",S,,suppressed,
2019,Housing Adequacy,Electric,"$60,000 to $79,999",S,,suppressed,
2019,Housing Adequacy,Electric,"$80,000 to $99,999",S,,suppressed,
2019,Housing Adequacy,Electric,"Less than $10,000",S,,suppressed,
2019,Housing Adequacy,Heating,"$10,000 to $19,999",116,116.0,ok,4.762173934797756
2019,Housing Adequacy,Heating,"$100,000 to $119,999",37,37.0,ok,3.6375861597263857
2019,Housing Adequacy,Heating,"$120,000 or more",82,82.0,ok,4.418840607796598
2019,Housing Adequacy,Heating,"$20,000 to $29,999",83,83.0,ok,4.430816798843313
2019,Housing Adequacy,Heating,"$30,000 to $39,999",79,79.0,ok,4.382026634673881
2019,Housing Adequacy,Heating,"$40,000 to $49,999",80,80.0,ok,4.394449154672439
2019,Housing Adequacy,Heating,"$50,000 to $59,999",S,,suppressed,
2019,Housing Adequacy,Heating,"$60,000 to $79,999",85,85.0,ok,4.454347296253507
2019,Housing Adequacy,Heating,"$80,000 to $99,999",43,43.0,ok,3.784189633918261
2019,Housing Adequacy,Heating,"Less than $10,000",132,132.0,ok,4.890349128221754
2019,Housing Adequacy,Moderately inadequate,"$10,000 to $19,999",680,680.0,ok,6.523562306149512
2019,Housing Adequacy,Moderately inadequate,"$100,000 to $119,999",231,231.0,ok,5.44673737166631
2019,Housing Adequacy,Moderately inadequate,"$120,000 or more",459,459.0,ok,6.131226489483141
2019,Housing Adequacy,Moderately inadequate,"$20,000 to $29,999",582,582.0,ok,6.368187186350492
2019,Housing Adequacy,Moderately inadequate,"$30,000 to $39,999",518,518.0,ok,6.251903883165888
2019,Housing Adequacy,Moderately inadequate,"$40,000 to $49,999",396,396.0,ok,5.983936280687191
2019,Housing Adequacy,Moderately inadequate,"$50,000 to $59,999",290,290.0,ok,5.673323267171493
2019,Housing Adequacy,Moderately inadequate,"$60,000 to $79,999",477,477.0,ok,6.169610732491456
2019,Housing Adequacy,Moderately inadequate,"$80,000 to $99,999",218,218.0,ok,5.389071729816501
2019,Housing Adequacy,Moderately inadequate,"Less than $10,000",649,649.0,ok,6.476972362889683
2019,Housing Adequacy,Other,"$10,000 to $19,999",401,401.0,ok,5.996452088619021
2019,Housing Adequacy,Other,"$100,000 to $119,999",74,74.0,ok,4.31748811353631
2019,Housing Adequacy,Other,"$120,000 or more",195,195.0,ok,5.278114659230518
2019,Housing Adequacy,Other,"$20,000 to $29,999",301,301.0,ok,5.71042701737487
2019,Housing Adequacy,Other,"$30,000 to $39,999",221,221.0,ok,5.402677381872279
2019,Housing Adequacy,Other,"$40,000 to $49,999",169,169.0,ok,5.135798437050262
2019,Housing Adequacy,Other,"$50,000 to $59,999",159,159.0,ok,5.075173815233827
2019,Housing Adequacy,Other,"$60,000 to $79,999",209,209.0,ok,5.3471075307174685
2019,Housing Adequacy,Other,"$80,000 to $99,999",96,96.0,ok,4.574710978503383
2019,Housing Adequacy,Other,"Less than $10,000",385,385.0,ok,5.955837369464831
2019,Housing Adequacy,Plumbing,"$10,000 to $19,999",78,78.0,ok,4.3694478524670215
2019,Housing Adequacy,Plumbing,"$100,000 to $119,999",S,,suppressed,
2019,Housing Adequacy,Plumbing,"$120,000 or more",S,,suppressed,
2019,Housing Adequacy,Plumbing,"$20,000 to $29,999",48,48.0,ok,3.8918202981106265
2019,Housing Adequacy,Plumbing,"$30,000 to $39,999",S,,suppressed,
2019,Housing Adequacy,Plumbing,"$40,000 to $49,999",S,,suppressed,
2019,Housing Adequacy,Plumbing,"$50,000 to $59,999",S,,suppressed,
2019,Housing Adequacy,Plumbing,"$60,000 to $79,999",S,,suppressed,
2019,Housing Adequacy,Plumbing,"$80,000 to $99,999",S,,suppressed,
2019,Housing Adequacy,Plumbing,"Less than $10,000",130,130.0,ok,4.875197323201151
2019,Housing Adequacy,Severely inadequate,"$10,000 to $19,999",227,227.0,ok,5.429345628954441
2019,Housing Adequacy,Severely inadequate,"$100,000 to $119,999",48,48.0,ok,3.8918202981106265
2019,Housing Adequacy,Severely inadequate,"$120,000 or more",135,135.0,ok,4.912654885736052
2019,Housing Adequacy,Severely inadequate,"$20,000 to $29,999",159,159.0,ok,5.075173815233827
2019,Housing Adequacy,Severely inadequate,"$30,000 to $39,999",145,145.0,ok,4.983606621708336
2019,Housing Adequacy,Severely inadequate,"$40,000 to $49,999",128,128.0,ok,4.859812404361672
2019,Housing Adequacy,Severely inadequate,"$50,000 to $59,999",102,102.0,ok,4.634728988229636
2019,Housing Adequacy,Severely inadequate,"$60,000 to $79,999",122,122.0,ok,4.812184355372417
2019,Housing Adequacy,Severely inadequate,"$80,000 to $99,999",82,82.0,ok,4.418840607796598
2019,Housing Adequacy,Severely inadequate,"Less than $10,000",308,308.0,ok,5.733341276897746
2019,Housing Adequacy,Upkeep,"$10,000 to $19,999",45,45.0,ok,3.828641396489095
2019,Housing Adequacy,Upkeep,"$100,000 to $119,999",S,,suppressed,
2019,Housing Adequacy,Upkeep,"$120,000 or more",S,,suppressed,
2019,Housing Adequacy,Upkeep,"$20,000 to $29,999",35,35.0,ok,3.58351893845611
2019,Housing Adequacy,Upkeep,"$30,000 to $39,999",S,,suppressed,
2019,Housing Adequacy,Upkeep,"$40,000 to $49,999",S,,suppressed,
2019,Housing Adequacy,Upkeep,"$50,000 to $59,999",S,,suppressed,
2019,Housing Adequacy,Upkeep,"$60,000 to $79,999",S,,suppressed,
2019,Housing Adequacy,Upkeep,"$80,000 to $99,999",S,,suppressed,
2019,Housing Adequacy,Upkeep,"Less than $10,000",51,51.0,ok,3.9512437185814275
2019,Housing Adequacy,Wiring,"$10,000 to $19,999",S,,suppressed,
2019,Housing Adequacy,Wiring,"$100,000 to $119,999",.,,blank_or_na,
2019,Housing Adequacy,Wiring,"$120,000 or more",S,,suppressed,
2019,Housing Adequacy,Wiring,"$20,000 to $29,999",S,,suppressed,
2019,Housing Adequacy,Wiring,"$30,000 to $39,999",S,,suppressed,
2019,Housing Adequacy,Wiring,"$40,000 to $49,999",.,,blank_or_na,
2019,Housing Adequacy,Wiring,"$50,000 to $59,999",.,,blank_or_na,
2019,Housing Adequacy,Wiring,"$60,000 to $79,999",S,,suppressed,
2019,Housing Adequacy,Wiring,"$80,000 to $99,999",.,,blank_or_na,
2019,Housing Adequacy,Wiring,"Less than $10,000",S,,suppressed,
2019,Mold,Basement,"$10,000 to $19,999",S,,suppressed,
2019,Mold,Basement,"$100,000 to $119,999",47,47.0,ok,3.8712010109078907
2019,Mold,Basement,"$120,000 or more",171,171.0,ok,5.147494476813453
2019,Mold,Basement,"$20,000 to $29,999",76,76.0,ok,4.343805421853684
2019,Mold,Basement,"$30,000 to $39,999",44,44.0,ok,3.8066624897703196
2019,Mold,Basement,"$40,000 to $49,999",52,52.0,ok,3.970291913552122
2019,Mold,Basement,"$50,000 to $59,999",54,54.0,ok,4.007333185232471
2019,Mold,Basement,"$60,000 to $79,999",54,54.0,ok,4.007333185232471
2019,Mold,Basement,"$80,000 to $99,999",63,63.0,ok,4.1588830833596715
2019,Mold,Basement,"Less than $10,000",62,62.0,ok,4.143134726391533
2019,Mold,Bathroom(s),"$10,000 to $19,999",255,255.0,ok,5.545177444479562
2019,Mold,Bathroom(s),"$100,000 to $119,999",49,49.0,ok,3.912023005428146
2019,Mold,Bathroom(s),"$120,000 or more",182,182.0,ok,5.209486152841421
2019,Mold,Bathroom(s),"$20,000 to $29,999",192,192.0,ok,5.262690188904886
2019,Mold,Bathroom(s),"$30,000 to $39,999",194,194.0,ok,5.272999558563747
2019,Mold,Bathroom(s),"$40,000 to $49,999",150,150.0,ok,5.017279836814924
2019,Mold,Bathroom(s),"$50,000 to $59,999",125,125.0,ok,4.836281906951478
2019,Mold,Bathroom(s),"$60,000 to $79,999",193,193.0,ok,5.267858159063328
2019,Mold,Bathroom(s),"$80,000 to $99,999",99,99.0,ok,4.605170185988092
2019,Mold,Bathroom(s),"Less than $10,000",207,207.0,ok,5.337538079701318
2019,Mold,Bedroom(s),"$10,000 to $19,999",151,151.0,ok,5.0238805208462765
2019,Mold,Bedroom(s),"$100,000 to $119,999",S,,suppressed,
2019,Mold,Bedroom(s),"$120,000 or more",96,96.0,ok,4.574710978503383
2019,Mold,Bedroom(s),"$20,000 to $29,999",139,139.0,ok,4.941642422609304
2019,Mold,Bedroom(s),"$30,000 to $39,999",110,110.0,ok,4.709530201312334
2019,Mold,Bedroom(s),"$40,000 to $49,999",51,51.0,ok,3.9512437185814275
2019,Mold,Bedroom(s),"$50,000 to $59,999",58,58.0,ok,4.07753744390572
2019,Mold,Bedroom(s),"$60,000 to $79,999",69,69.0,ok,4.248495242049359
2019,Mold,Bedroom(s),"$80,000 to $99,999",46,46.0,ok,3.8501476017100584
2019,Mold,Bedroom(s),"Less than $10,000",140,140.0,ok,4.948759890378168
2019,Mold,Housing units with mold in last 12 months,"$10,000 to $19,999",469,469.0,ok,6.152732694704104
2019,Mold,Housing units with mold in last 12 months,"$100,000 to $119,999",151,151.0,ok,5.0238805208462765
2019,Mold,Housing units with mold in last 12 months,"$120,000 or more",554,554.0,ok,6.318968113746434
2019,Mold,Housing units with mold in last 12 months,"$20,000 to $29,999",443,443.0,ok,6.095824562432225
2019,Mold,Housing units with mold in last 12 months,"$30,000 to $39,999",393,393.0,ok,5.976350909297934
2019,Mold,Housing units with mold in last 12 months,"$40,000 to $49,999",299,299.0,ok,5.703782474656201
2019,Mold,Housing units with mold in last 12 months,"$50,000 to $59,999",275,275.0,ok,5.62040086571715
2019,Mold,Housing units with mold in last 12 months,"$60,000 to $79,999",398,398.0,ok,5.988961416889864
2019,Mold,Housing units with mold in last 12 months,"$80,000 to $99,999",245,245.0,ok,5.5053315359323625
2019,Mold,Housing units with mold in last 12 months,"Less than $10,000",435,435.0,ok,6.077642243349034
2019,Mold,Kitchen,"$10,000 to $19,999",131,131.0,ok,4.882801922586371
2019,Mold,Kitchen,"$100,000 to $119,999",S,,suppressed,
2019,Mold,Kitchen,"$120,000 or more",81,81.0,ok,4.406719247264253
2019,Mold,Kitchen,"$20,000 to $29,999",64,64.0,ok,4.174387269895637
2019,Mold,Kitchen,"$30,000 to $39,999",80,80.0,ok,4.394449154672439
2019,Mold,Kitchen,"$40,000 to $49,999",51,51.0,ok,3.9512437185814275
2019,Mold,Kitchen,"$50,000 to $59,999",42,42.0,ok,3.7612001156935624
2019,Mold,Kitchen,"$60,000 to $79,999",62,62.0,ok,4.143134726391533
2019,Mold,Kitchen,"$80,000 to $99,999",S,,suppressed,
2019,Mold,Kitchen,"Less than $10,000",96,96.0,ok,4.574710978503383
2019,Mold,Living room,"$10,000 to $19,999",83,83.0,ok,4.430816798843313
2019,Mold,Living room,"$100,000 to $119,999",S,,suppressed,
2019,Mold,Living room,"$120,000 or more",43,43.0,ok,3.784189633918261
2019,Mold,Living room,"$20,000 to $29,999",51,51.0,ok,3.9512437185814275
2019,Mold,Living room,"$30,000 to $39,999",59,59.0,ok,4.0943445622221
2019,Mold,Living room,"$40,000 to $49,999",S,,suppressed,
2019,Mold,Living room,"$50,000 to $59,999",34,34.0,ok,3.5553480614894135
2019,Mold,Living room,"$60,000 to $79,999",66,66.0,ok,4.204692619390966
2019,Mold,Living room,"$80,000 to $99,999",S,,suppressed,
2019,Mold,Living room,"Less than $10,000",77,77.0,ok,4.356708826689592
2019,Mold,Not reported,"$10,000 to $19,999",146,146.0,ok,4.990432586778736
2019,Mold,Not reported,"$100,000 to $119,999",93,93.0,ok,4.543294782270004
2019,Mold,Not reported,"$120,000 or more",232,232.0,ok,5.4510384535657
2019,Mold,Not reported,"$20,000 to $29,999",148,148.0,ok,5.003946305945459
2019,Mold,Not reported,"$30,000 to $39,999",108,108.0,ok,4.6913478822291435
2019,Mold,Not reported,"$40,000 to $49,999",135,135.0,ok,4.912654885736052
2019,Mold,Not reported,"$50,000 to $59,999",98,98.0,ok,4.59511985013459
2019,Mold,Not reported,"$60,000 to $79,999",129,129.0,ok,4.867534450455582
2019,Mold,Not reported,"$80,000 to $99,999",124,124.0,ok,4.8283137373023015
2019,Mold,Not reported,"Less than $10,000",161,161.0,ok,5.087596335232384
2019,Mold,Other room,"$10,000 to $19,999",47,47.0,ok,3.8712010109078907
2019,Mold,Other room,"$100,000 to $119,999",S,,suppressed,
2019,Mold,Other room,"$120,000 or more",122,122.0,ok,4.812184355372417
2019,Mold,Other room,"$20,000 to $29,999",40,40.0,ok,3.713572066704308
2019,Mold,Other room,"$30,000 to $39,999",43,43.0,ok,3.784189633918261
2019,Mold,Other room,"$40,000 to $49,999",S,,suppressed,
2019,Mold,Other room,"$50,000 to $59,999",S,,suppressed,
2019,Mold,Other room,"$60,000 to $79,999",92,92.0,ok,4.532599493153256
2019,Mold,Other room,"$80,000 to $99,999",42,42.0,ok,3.7612001156935624
2019,Mold,Other room,"Less than $10,000",55,55.0,ok,4.02535169073515
2019,Number of breakdowns that lasted 6 hours or more:,1,"$10,000 to $19,999",111,111.0,ok,4.718498871295094
2019,Number of breakdowns that lasted 6 hours or more:,1,"$100,000 to $119,999",54,54.0,ok,4.007333185232471
2019,Number of breakdowns that lasted 6 hours or more:,1,"$120,000 or more",163,163.0,ok,5.099866427824199
2019,Number of breakdowns that lasted 6 hours or more:,1,"$20,000 to $29,999",109,109.0,ok,4.700480365792417
2019,Number of breakdowns that lasted 6 hours or more:,1,"$30,000 to $39,999",129,129.0,ok,4.867534450455582
2019,Number of breakdowns that lasted 6 hours or more:,1,"$40,000 to $49,999",90,90.0,ok,4.51085950651685
2019,Number of breakdowns that lasted 6 hours or more:,1,"$50,000 to $59,999",67,67.0,ok,4.219507705176107
2019,Number of breakdowns that lasted 6 hours or more:,1,"$60,000 to $79,999",127,127.0,ok,4.852030263919617
2019,Number of breakdowns that lasted 6 hours or more:,1,"$80,000 to $99,999",46,46.0,ok,3.8501476017100584
2019,Number of breakdowns that lasted 6 hours or more:,1,"Less than $10,000",138,138.0,ok,4.9344739331306915
2019,Number of breakdowns that lasted 6 hours or more:,2,"$10,000 to $19,999",S,,suppressed,
2019,Number of breakdowns that lasted 6 hours or more:,2,"$100,000 to $119,999",S,,suppressed,
2019,Number of breakdowns that lasted 6 hours or more:,2,"$120,000 or more",S,,suppressed,
2019,Number of breakdowns that lasted 6 hours or more:,2,"$20,000 to $29,999",S,,suppressed,
2019,Number of breakdowns that lasted 6 hours or more:,2,"$30,000 to $39,999",S,,suppressed,
2019,Number of breakdowns that lasted 6 hours or more:,2,"$40,000 to $49,999",55,55.0,ok,4.02535169073515
2019,Number of breakdowns that lasted 6 hours or more:,2,"$50,000 to $59,999",S,,suppressed,
2019,Number of breakdowns that lasted 6 hours or more:,2,"$60,000 to $79,999",S,,suppressed,
2019,Number of breakdowns that lasted 6 hours or more:,2,"$80,000 to $99,999",S,,suppressed,
2019,Number of breakdowns that lasted 6 hours or more:,2,"Less than $10,000",37,37.0,ok,3.6375861597263857
2019,Number of breakdowns that lasted 6 hours or more:,3,"$10,000 to $19,999",S,,suppressed,
2019,Number of breakdowns that lasted 6 hours or more:,3,"$100,000 to $119,999",S,,suppressed,
2019,Number of breakdowns that lasted 6 hours or more:,3,"$120,000 or more",S,,suppressed,
2019,Number of breakdowns that lasted 6 hours or more:,3,"$20,000 to $29,999",S,,suppressed,
2019,Number of breakdowns that lasted 6 hours or more:,3,"$30,000 to $39,999",S,,suppressed,
2019,Number of breakdowns that lasted 6 hours or more:,3,"$40,000 to $49,999",S,,suppressed,
2019,Number of breakdowns that lasted 6 hours or more:,3,"$50,000 to $59,999",S,,suppressed,
2019,Number of breakdowns that lasted 6 hours or more:,3,"$60,000 to $79,999",S,,suppressed,
2019,Number of breakdowns that lasted 6 hours or more:,3,"$80,000 to $99,999",S,,suppressed,
2019,Number of breakdowns that lasted 6 hours or more:,3,"Less than $10,000",S,,suppressed,
2019,Number of breakdowns that lasted 6 hours or more:,4 or more,"$10,000 to $19,999",S,,suppressed,
2019,Number of breakdowns that lasted 6 hours or more:,4 or more,"$100,000 to $119,999",S,,suppressed,
2019,Number of breakdowns that lasted 6 hours or more:,4 or more,"$120,000 or more",S,,suppressed,
2019,Number of breakdowns that lasted 6 hours or more:,4 or more,"$20,000 to $29,999",35,35.0,ok,3.58351893845611
2019,Number of breakdowns that lasted 6 hours or more:,4 or more,"$30,000 to $39,999",S,,suppressed,
2019,Number of breakdowns that lasted 6 hours or more:,4 or more,"$40,000 to $49,999",S,,suppressed,
2019,Number of breakdowns that lasted 6 hours or more:,4 or more,"$50,000 to $59,999",S,,suppressed,
2019,Number of breakdowns that lasted 6 hours or more:,4 or more,"$60,000 to $79,999",S,,suppressed,
2019,Number of breakdowns that lasted 6 hours or more:,4 or more,"$80,000 to $99,999",S,,suppressed,
2019,Number of breakdowns that lasted 6 hours or more:,4 or more,"Less than $10,000",S,,suppressed,
2019,Number of breakdowns that lasted 6 hours or more:,Cost of heating,"$10,000 to $19,999",83,83.0,ok,4.430816798843313
2019,Number of breakdowns that lasted 6 hours or more:,Cost of heating,"$100,000 to $119,999",S,,suppressed,
2019,Number of breakdowns that lasted 6 hours or more:,Cost of heating,"$120,000 or more",49,49.0,ok,3.912023005428146
2019,Number of breakdowns that lasted 6 hours or more:,Cost of heating,"$20,000 to $29,999",63,63.0,ok,4.1588830833596715
2019,Number of breakdowns that lasted 6 hours or more:,Cost of heating,"$30,000 to $39,999",70,70.0,ok,4.2626798770413155
2019,Number of breakdowns that lasted 6 hours or more:,Cost of heating,"$40,000 to $49,999",24,24.0,ok,3.2188758248682006
2019,Number of breakdowns that lasted 6 hours or more:,Cost of heating,"$50,000 to $59,999",S,,suppressed,
2019,Number of breakdowns that lasted 6 hours or more:,Cost of heating,"$60,000 to $79,999",68,68.0,ok,4.23410650459726
2019,Number of breakdowns that lasted 6 hours or more:,Cost of heating,"$80,000 to $99,999",S,,suppressed,
2019,Number of breakdowns that lasted 6 hours or more:,Cost of heating,"Less than $10,000",89,89.0,ok,4.499809670330265
2019,Number of breakdowns that lasted 6 hours or more:,Inadequate heating capacity,"$10,000 to $19,999",150,150.0,ok,5.017279836814924
2019,Number of breakdowns that lasted 6 hours or more:,Inadequate heating capacity,"$100,000 to $119,999",43,43.0,ok,3.784189633918261
2019,Number of breakdowns that lasted 6 hours or more:,Inadequate heating capacity,"$120,000 or more",87,87.0,ok,4.477336814478207
2019,Number of breakdowns that lasted 6 hours or more:,Inadequate heating capacity,"$20,000 to $29,999",123,123.0,ok,4.820281565605037
2019,Number of breakdowns that lasted 6 hours or more:,Inadequate heating capacity,"$30,000 to $39,999",120,120.0,ok,4.795790545596741
2019,Number of breakdowns that lasted 6 hours or more:,Inadequate heating capacity,"$40,000 to $49,999",71,71.0,ok,4.276666119016055
2019,Number of breakdowns that lasted 6 hours or more:,Inadequate heating capacity,"$50,000 to $59,999",52,52.0,ok,3.970291913552122
2019,Number of breakdowns that lasted 6 hours or more:,Inadequate heating capacity,"$60,000 to $79,999",72,72.0,ok,4.290459441148391
2019,Number of breakdowns that lasted 6 hours or more:,Inadequate heating capacity,"$80,000 to $99,999",31,31.0,ok,3.4657359027997265
2019,Number of breakdowns that lasted 6 hours or more:,Inadequate heating capacity,"Less than $10,000",111,111.0,ok,4.718498871295094
2019,Number of breakdowns that lasted 6 hours or more:,Inadequate insulation,"$10,000 to $19,999",167,167.0,ok,5.123963979403259
2019,Number of breakdowns that lasted 6 hours or more:,Inadequate insulation,"$100,000 to $119,999",51,51.0,ok,3.9512437185814275
2019,Number of breakdowns that lasted 6 hours or more:,Inadequate insulation,"$120,000 or more",97,97.0,ok,4.584967478670572
2019,Number of breakdowns that lasted 6 hours or more:,Inadequate insulation,"$20,000 to $29,999",108,108.0,ok,4.6913478822291435
2019,Number of breakdowns that lasted 6 hours or more:,Inadequate insulation,"$30,000 to $39,999",125,125.0,ok,4.836281906951478
2019,Number of breakdowns that lasted 6 hours or more:,Inadequate insulation,"$40,000 to $49,999",64,64.0,ok,4.174387269895637
2019,Number of breakdowns that lasted 6 hours or more:,Inadequate insulation,"$50,000 to $59,999",91,91.0,ok,4.5217885770490405
2019,Number of breakdowns that lasted 6 hours or more:,Inadequate insulation,"$60,000 to $79,999",56,56.0,ok,4.04305126783455
2019,Number of breakdowns that lasted 6 hours or more:,Inadequate insulation,"$80,000 to $99,999",50,50.0,ok,3.9318256327243257
2019,Number of breakdowns that lasted 6 hours or more:,Inadequate insulation,"Less than $10,000",120,120.0,ok,4.795790545596741
2019,Number of breakdowns that lasted 6 hours or more:,No breakdowns in last 3 months,"$10,000 to $19,999","1,646",1646.0,ok,7.4067107301776405
2019,Number of breakdowns that lasted 6 hours or more:,No breakdowns in last 3 months,"$100,000 to $119,999","1,537",1537.0,ok,7.338238150065589
2019,Number of breakdowns that lasted 6 hours or more:,No breakdowns in last 3 months,"$120,000 or more","4,215",4215.0,ok,8.346642090221199
2019,Number of breakdowns that lasted 6 hours or more:,No breakdowns in last 3 months,"$20,000 to $29,999","1,753",1753.0,ok,7.469654172932128
2019,Number of breakdowns that lasted 6 hours or more:,No breakdowns in last 3 months,"$30,000 to $39,999","1,875",1875.0,ok,7.53689712956617
2019,Number of breakdowns that lasted 6 hours or more:,No breakdowns in last 3 months,"$40,000 to $49,999","1,547",1547.0,ok,7.344719054149673
2019,Number of breakdowns that lasted 6 hours or more:,No breakdowns in last 3 months,"$50,000 to $59,999","1,485",1485.0,ok,7.303843225277705
2019,Number of breakdowns that lasted 6 hours or more:,No breakdowns in last 3 months,"$60,000 to $79,999","2,623",2623.0,ok,7.8724551500639794
2019,Number of breakdowns that lasted 6 hours or more:,No breakdowns in last 3 months,"$80,000 to $99,999","2,192",2192.0,ok,7.693025748417888
2019,Number of breakdowns that lasted 6 hours or more:,No breakdowns in last 3 months,"Less than $10,000","1,171",1171.0,ok,7.066466970136958
2019,Number of breakdowns that lasted 6 hours or more:,No breakdowns lasting 6 hours or more,"$10,000 to $19,999",5,5.0,ok,1.791759469228055
2019,Number of breakdowns that lasted 6 hours or more:,No breakdowns lasting 6 hours or more,"$100,000 to $119,999",.,,blank_or_na,
2019,Number of breakdowns that lasted 6 hours or more:,No breakdowns lasting 6 hours or more,"$120,000 or more",S,,suppressed,
2019,Number of breakdowns that lasted 6 hours or more:,No breakdowns lasting 6 hours or more,"$20,000 to $29,999",S,,suppressed,
2019,Number of breakdowns that lasted 6 hours or more:,No breakdowns lasting 6 hours or more,"$30,000 to $39,999",S,,suppressed,
2019,Number of breakdowns that lasted 6 hours or more:,No breakdowns lasting 6 hours or more,"$40,000 to $49,999",.,,blank_or_na,
2019,Number of breakdowns that lasted 6 hours or more:,No breakdowns lasting 6 hours or more,"$50,000 to $59,999",S,,suppressed,
2019,Number of breakdowns that lasted 6 hours or more:,No breakdowns lasting 6 hours or more,"$60,000 to $79,999",S,,suppressed,
2019,Number of breakdowns that lasted 6 hours or more:,No breakdowns lasting 6 hours or more,"$80,000 to $99,999",S,,suppressed,
2019,Number of breakdowns that lasted 6 hours or more:,No breakdowns lasting 6 hours or more,"Less than $10,000",.,,blank_or_na,
2019,Number of breakdowns that lasted 6 hours or more:,Not reported,"$10,000 to $19,999",S,,suppressed,
2019,Number of breakdowns that lasted 6 hours or more:,Not reported,"$100,000 to $119,999",S,,suppressed,
2019,Number of breakdowns that lasted 6 hours or more:,Not reported,"$120,000 or more",S,,suppressed,
2019,Number of breakdowns that lasted 6 hours or more:,Not reported,"$20,000 to $29,999",S,,suppressed,
2019,Number of breakdowns that lasted 6 hours or more:,Not reported,"$30,000 to $39,999",S,,suppressed,
2019,Number of breakdowns that lasted 6 hours or more:,Not reported,"$40,000 to $49,999",S,,suppressed,
2019,Number of breakdowns that lasted 6 hours or more:,Not reported,"$50,000 to $59,999",S,,suppressed,
2019,Number of breakdowns that lasted 6 hours or more:,Not reported,"$60,000 to $79,999",S,,suppressed,
2019,Number of breakdowns that lasted 6 hours or more:,Not reported,"$80,000 to $99,999",S,,suppressed,
2019,Number of breakdowns that lasted 6 hours or more:,Not reported,"Less than $10,000",S,,suppressed,
2019,Number of breakdowns that lasted 6 hours or more:,Other,"$10,000 to $19,999",119,119.0,ok,4.787491742782046
2019,Number of breakdowns that lasted 6 hours or more:,Other,"$100,000 to $119,999",70,70.0,ok,4.2626798770413155
2019,Number of breakdowns that lasted 6 hours or more:,Other,"$120,000 or more",137,137.0,ok,4.927253685157205
2019,Number of breakdowns that lasted 6 hours or more:,Other,"$20,000 to $29,999",132,132.0,ok,4.890349128221754
2019,Number of breakdowns that lasted 6 hours or more:,Other,"$30,000 to $39,999",110,110.0,ok,4.709530201312334
2019,Number of breakdowns that lasted 6 hours or more:,Other,"$40,000 to $49,999",55,55.0,ok,4.02535169073515
2019,Number of breakdowns that lasted 6 hours or more:,Other,"$50,000 to $59,999",68,68.0,ok,4.23410650459726
2019,Number of breakdowns that lasted 6 hours or more:,Other,"$60,000 to $79,999",107,107.0,ok,4.68213122712422
2019,Number of breakdowns that lasted 6 hours or more:,Other,"$80,000 to $99,999",89,89.0,ok,4.499809670330265
2019,Number of breakdowns that lasted 6 hours or more:,Other,"Less than $10,000",73,73.0,ok,4.304065093204169
2019,Number of breakdowns that lasted 6 hours or more:,Other causes,"$10,000 to $19,999",572,572.0,ok,6.35088571671474
2019,Number of breakdowns that lasted 6 hours or more:,Other causes,"$100,000 to $119,999",318,318.0,ok,5.765191102784844
2019,Number of breakdowns that lasted 6 hours or more:,Other causes,"$120,000 or more",664,664.0,ok,6.499787040655854
2019,Number of breakdowns that lasted 6 hours or more:,Other causes,"$20,000 to $29,999",561,561.0,ok,6.331501849893691
2019,Number of breakdowns that lasted 6 hours or more:,Other causes,"$30,000 to $39,999",529,529.0,ok,6.272877006546167
2019,Number of breakdowns that lasted 6 hours or more:,Other causes,"$40,000 to $49,999",281,281.0,ok,5.641907070938114
2019,Number of breakdowns that lasted 6 hours or more:,Other causes,"$50,000 to $59,999",385,385.0,ok,5.955837369464831
2019,Number of breakdowns that lasted 6 hours or more:,Other causes,"$60,000 to $79,999",444,444.0,ok,6.09807428216624
2019,Number of breakdowns that lasted 6 hours or more:,Other causes,"$80,000 to $99,999",360,360.0,ok,5.8888779583328805
2019,Number of breakdowns that lasted 6 hours or more:,Other causes,"Less than $10,000",507,507.0,ok,6.230481447578482
2019,Number of breakdowns that lasted 6 hours or more:,Utility interruption,"$10,000 to $19,999",129,129.0,ok,4.867534450455582
2019,Number of breakdowns that lasted 6 hours or more:,Utility interruption,"$100,000 to $119,999",141,141.0,ok,4.955827057601261
2019,Number of breakdowns that lasted 6 hours or more:,Utility interruption,"$120,000 or more",308,308.0,ok,5.733341276897746
2019,Number of breakdowns that lasted 6 hours or more:,Utility interruption,"$20,000 to $29,999",159,159.0,ok,5.075173815233827
2019,Number of breakdowns that lasted 6 hours or more:,Utility interruption,"$30,000 to $39,999",125,125.0,ok,4.836281906951478
2019,Number of breakdowns that lasted 6 hours or more:,Utility interruption,"$40,000 to $49,999",87,87.0,ok,4.477336814478207
2019,Number of breakdowns that lasted 6 hours or more:,Utility interruption,"$50,000 to $59,999",148,148.0,ok,5.003946305945459
2019,Number of breakdowns that lasted 6 hours or more:,Utility interruption,"$60,000 to $79,999",149,149.0,ok,5.0106352940962555
2019,Number of breakdowns that lasted 6 hours or more:,Utility interruption,"$80,000 to $99,999",164,164.0,ok,5.10594547390058
2019,Number of breakdowns that lasted 6 hours or more:,Utility interruption,"Less than $10,000",124,124.0,ok,4.8283137373023015
2019,Number of breakdowns that lasted 6 hours or more:,With breakdown(s) in last 3 months,"$10,000 to $19,999",S,,suppressed,
2019,Number of breakdowns that lasted 6 hours or more:,With breakdown(s) in last 3 months,"$100,000 to $119,999",S,,suppressed,
2019,Number of breakdowns that lasted 6 hours or more:,With breakdown(s) in last 3 months,"$120,000 or more",S,,suppressed,
2019,Number of breakdowns that lasted 6 hours or more:,With breakdown(s) in last 3 months,"$20,000 to $29,999",S,,suppressed,
2019,Number of breakdowns that lasted 6 hours or more:,With breakdown(s) in last 3 months,"$30,000 to $39,999",S,,suppressed,
2019,Number of breakdowns that lasted 6 hours or more:,With breakdown(s) in last 3 months,"$40,000 to $49,999",S,,suppressed,
2019,Number of breakdowns that lasted 6 hours or more:,With breakdown(s) in last 3 months,"$50,000 to $59,999",S,,suppressed,
2019,Number of breakdowns that lasted 6 hours or more:,With breakdown(s) in last 3 months,"$60,000 to $79,999",43,43.0,ok,3.784189633918261
2019,Number of breakdowns that lasted 6 hours or more:,With breakdown(s) in last 3 months,"$80,000 to $99,999",S,,suppressed,
2019,Number of breakdowns that lasted 6 hours or more:,With breakdown(s) in last 3 months,"Less than $10,000",S,,suppressed,
2019,Number of breakdowns that lasted 6 hours or more:,With septic tank or cesspool,"$10,000 to $19,999","1,675",1675.0,ok,7.424165281042028
2019,Number of breakdowns that lasted 6 hours or more:,With septic tank or cesspool,"$100,000 to $119,999","1,547",1547.0,ok,7.344719054149673
2019,Number of breakdowns that lasted 6 hours or more:,With septic tank or cesspool,"$120,000 or more","4,239",4239.0,ok,8.352318548226004
2019,Number of breakdowns that lasted 6 hours or more:,With septic tank or cesspool,"$20,000 to $29,999","1,779",1779.0,ok,7.484368643286131
2019,Number of breakdowns that lasted 6 hours or more:,With septic tank or cesspool,"$30,000 to $39,999","1,900",1900.0,ok,7.550135342488429
2019,Number of breakdowns that lasted 6 hours or more:,With septic tank or cesspool,"$40,000 to $49,999","1,561",1561.0,ok,7.3537223303996315
2019,Number of breakdowns that lasted 6 hours or more:,With septic tank or cesspool,"$50,000 to $59,999","1,526",1526.0,ok,7.3310603052186325
2019,Number of breakdowns that lasted 6 hours or more:,With septic tank or cesspool,"$60,000 to $79,999","2,666",2666.0,ok,7.888709524182015
2019,Number of breakdowns that lasted 6 hours or more:,With septic tank or cesspool,"$80,000 to $99,999","2,220",2220.0,ok,7.7057128238944275
2019,Number of breakdowns that lasted 6 hours or more:,With septic tank or cesspool,"Less than $10,000","1,181",1181.0,ok,7.074963197966044
2019,Number of stoppages that lasted 6 hours or more:,1,"$10,000 to $19,999",161,161.0,ok,5.087596335232384
2019,Number of stoppages that lasted 6 hours or more:,1,"$100,000 to $119,999",89,89.0,ok,4.499809670330265
2019,Number of stoppages that lasted 6 hours or more:,1,"$120,000 or more",263,263.0,ok,5.575949103146316
2019,Number of stoppages that lasted 6 hours or more:,1,"$20,000 to $29,999",167,167.0,ok,5.123963979403259
2019,Number of stoppages that lasted 6 hours or more:,1,"$30,000 to $39,999",190,190.0,ok,5.25227342804663
2019,Number of stoppages that lasted 6 hours or more:,1,"$40,000 to $49,999",111,111.0,ok,4.718498871295094
2019,Number of stoppages that lasted 6 hours or more:,1,"$50,000 to $59,999",127,127.0,ok,4.852030263919617
2019,Number of stoppages that lasted 6 hours or more:,1,"$60,000 to $79,999",237,237.0,ok,5.472270673671475
2019,Number of stoppages that lasted 6 hours or more:,1,"$80,000 to $99,999",148,148.0,ok,5.003946305945459
2019,Number of stoppages that lasted 6 hours or more:,1,"Less than $10,000",151,151.0,ok,5.0238805208462765
2019,Number of stoppages that lasted 6 hours or more:,2,"$10,000 to $19,999",48,48.0,ok,3.8918202981106265
2019,Number of stoppages that lasted 6 hours or more:,2,"$100,000 to $119,999",S,,suppressed,
2019,Number of stoppages that lasted 6 hours or more:,2,"$120,000 or more",106,106.0,ok,4.672828834461906
2019,Number of stoppages that lasted 6 hours or more:,2,"$20,000 to $29,999",71,71.0,ok,4.276666119016055
2019,Number of stoppages that lasted 6 hours or more:,2,"$30,000 to $39,999",44,44.0,ok,3.8066624897703196
2019,Number of stoppages that lasted 6 hours or more:,2,"$40,000 to $49,999",56,56.0,ok,4.04305126783455
2019,Number of stoppages that lasted 6 hours or more:,2,"$50,000 to $59,999",55,55.0,ok,4.02535169073515
2019,Number of stoppages that lasted 6 hours or more:,2,"$60,000 to $79,999",51,51.0,ok,3.9512437185814275
2019,Number of stoppages that lasted 6 hours or more:,2,"$80,000 to $99,999",33,33.0,ok,3.5263605246161616
2019,Number of stoppages that lasted 6 hours or more:,2,"Less than $10,000",39,39.0,ok,3.6888794541139363
2019,Number of stoppages that lasted 6 hours or more:,3,"$10,000 to $19,999",S,,suppressed,
2019,Number of stoppages that lasted 6 hours or more:,3,"$100,000 to $119,999",S,,suppressed,
2019,Number of stoppages that lasted 6 hours or more:,3,"$120,000 or more",S,,suppressed,
2019,Number of stoppages that lasted 6 hours or more:,3,"$20,000 to $29,999",S,,suppressed,
2019,Number of stoppages that lasted 6 hours or more:,3,"$30,000 to $39,999",S,,suppressed,
2019,Number of stoppages that lasted 6 hours or more:,3,"$40,000 to $49,999",S,,suppressed,
2019,Number of stoppages that lasted 6 hours or more:,3,"$50,000 to $59,999",S,,suppressed,
2019,Number of stoppages that lasted 6 hours or more:,3,"$60,000 to $79,999",S,,suppressed,
2019,Number of stoppages that lasted 6 hours or more:,3,"$80,000 to $99,999",S,,suppressed,
2019,Number of stoppages that lasted 6 hours or more:,3,"Less than $10,000",S,,suppressed,
2019,Number of stoppages that lasted 6 hours or more:,4 or more,"$10,000 to $19,999",41,41.0,ok,3.7376696182833684
2019,Number of stoppages that lasted 6 hours or more:,4 or more,"$100,000 to $119,999",S,,suppressed,
2019,Number of stoppages that lasted 6 hours or more:,4 or more,"$120,000 or more",35,35.0,ok,3.58351893845611
2019,Number of stoppages that lasted 6 hours or more:,4 or more,"$20,000 to $29,999",44,44.0,ok,3.8066624897703196
2019,Number of stoppages that lasted 6 hours or more:,4 or more,"$30,000 to $39,999",S,,suppressed,
2019,Number of stoppages that lasted 6 hours or more:,4 or more,"$40,000 to $49,999",S,,suppressed,
2019,Number of stoppages that lasted 6 hours or more:,4 or more,"$50,000 to $59,999",S,,suppressed,
2019,Number of stoppages that lasted 6 hours or more:,4 or more,"$60,000 to $79,999",62,62.0,ok,4.143134726391533
2019,Number of stoppages that lasted 6 hours or more:,4 or more,"$80,000 to $99,999",S,,suppressed,
2019,Number of stoppages that lasted 6 hours or more:,4 or more,"Less than $10,000",43,43.0,ok,3.784189633918261
2019,Number of stoppages that lasted 6 hours or more:,Number of stoppages not reported,"$10,000 to $19,999",S,,suppressed,
2019,Number of stoppages that lasted 6 hours or more:,Number of stoppages not reported,"$100,000 to $119,999",.,,blank_or_na,
2019,Number of stoppages that lasted 6 hours or more:,Number of stoppages not reported,"$120,000 or more",.,,blank_or_na,
2019,Number of stoppages that lasted 6 hours or more:,Number of stoppages not reported,"$20,000 to $29,999",S,,suppressed,
2019,Number of stoppages that lasted 6 hours or more:,Number of stoppages not reported,"$30,000 to $39,999",S,,suppressed,
2019,Number of stoppages that lasted 6 hours or more:,Number of stoppages not reported,"$40,000 to $49,999",S,,suppressed,
2019,Number of stoppages that lasted 6 hours or more:,Number of stoppages not reported,"$50,000 to $59,999",S,,suppressed,
2019,Number of stoppages that lasted 6 hours or more:,Number of stoppages not reported,"$60,000 to $79,999",S,,suppressed,
2019,Number of stoppages that lasted 6 hours or more:,Number of stoppages not reported,"$80,000 to $99,999",.,,blank_or_na,
2019,Number of stoppages that lasted 6 hours or more:,Number of stoppages not reported,"Less than $10,000",S,,suppressed,
2019,Number of stoppages that lasted 6 hours or more:,Stoppage not reported,"$10,000 to $19,999",115,115.0,ok,4.7535901911063645
2019,Number of stoppages that lasted 6 hours or more:,Stoppage not reported,"$100,000 to $119,999",90,90.0,ok,4.51085950651685
2019,Number of stoppages that lasted 6 hours or more:,Stoppage not reported,"$120,000 or more",222,222.0,ok,5.407171771460119
2019,Number of stoppages that lasted 6 hours or more:,Stoppage not reported,"$20,000 to $29,999",131,131.0,ok,4.882801922586371
2019,Number of stoppages that lasted 6 hours or more:,Stoppage not reported,"$30,000 to $39,999",96,96.0,ok,4.574710978503383
2019,Number of stoppages that lasted 6 hours or more:,Stoppage not reported,"$40,000 to $49,999",128,128.0,ok,4.859812404361672
2019,Number of stoppages that lasted 6 hours or more:,Stoppage not reported,"$50,000 to $59,999",85,85.0,ok,4.454347296253507
2019,Number of stoppages that lasted 6 hours or more:,Stoppage not reported,"$60,000 to $79,999",130,130.0,ok,4.875197323201151
2019,Number of stoppages that lasted 6 hours or more:,Stoppage not reported,"$80,000 to $99,999",113,113.0,ok,4.736198448394496
2019,Number of stoppages that lasted 6 hours or more:,Stoppage not reported,"Less than $10,000",156,156.0,ok,5.056245805348308
2019,Selected Deficiencies,Broken plaster or peeling paint (interior),"$10,000 to $19,999",369,369.0,ok,5.91350300563827
2019,Selected Deficiencies,Broken plaster or peeling paint (interior),"$100,000 to $119,999",109,109.0,ok,4.700480365792417
2019,Selected Deficiencies,Broken plaster or peeling paint (interior),"$120,000 or more",323,323.0,ok,5.780743515792329
2019,Selected Deficiencies,Broken plaster or peeling paint (interior),"$20,000 to $29,999",355,355.0,ok,5.87493073085203
2019,Selected Deficiencies,Broken plaster or peeling paint (interior),"$30,000 to $39,999",326,326.0,ok,5.7899601708972535
2019,Selected Deficiencies,Broken plaster or peeling paint (interior),"$40,000 to $49,999",213,213.0,ok,5.365976015021851
2019,Selected Deficiencies,Broken plaster or peeling paint (interior),"$50,000 to $59,999",177,177.0,ok,5.181783550292085
2019,Selected Deficiencies,Broken plaster or peeling paint (interior),"$60,000 to $79,999",305,305.0,ok,5.723585101952381
2019,Selected Deficiencies,Broken plaster or peeling paint (interior),"$80,000 to $99,999",131,131.0,ok,4.882801922586371
2019,Selected Deficiencies,Broken plaster or peeling paint (interior),"Less than $10,000",319,319.0,ok,5.768320995793772
2019,Selected Deficiencies,Exposed wiring,"$10,000 to $19,999",363,363.0,ok,5.8971538676367405
2019,Selected Deficiencies,Exposed wiring,"$100,000 to $119,999",218,218.0,ok,5.389071729816501
2019,Selected Deficiencies,Exposed wiring,"$120,000 or more",592,592.0,ok,6.385194398997726
2019,Selected Deficiencies,Exposed wiring,"$20,000 to $29,999",291,291.0,ok,5.676753802268282
2019,Selected Deficiencies,Exposed wiring,"$30,000 to $39,999",343,343.0,ok,5.840641657373398
2019,Selected Deficiencies,Exposed wiring,"$40,000 to $49,999",246,246.0,ok,5.5093883366279774
2019,Selected Deficiencies,Exposed wiring,"$50,000 to $59,999",239,239.0,ok,5.480638923341991
2019,Selected Deficiencies,Exposed wiring,"$60,000 to $79,999",422,422.0,ok,6.0473721790462776
2019,Selected Deficiencies,Exposed wiring,"$80,000 to $99,999",256,256.0,ok,5.54907608489522
2019,Selected Deficiencies,Exposed wiring,"Less than $10,000",409,409.0,ok,6.016157159698354
2019,Selected Deficiencies,Holes in floors,"$10,000 to $19,999",218,218.0,ok,5.389071729816501
2019,Selected Deficiencies,Holes in floors,"$100,000 to $119,999",54,54.0,ok,4.007333185232471
2019,Selected Deficiencies,Holes in floors,"$120,000 or more",138,138.0,ok,4.9344739331306915
2019,Selected Deficiencies,Holes in floors,"$20,000 to $29,999",183,183.0,ok,5.214935757608986
2019,Selected Deficiencies,Holes in floors,"$30,000 to $39,999",181,181.0,ok,5.204006687076795
2019,Selected Deficiencies,Holes in floors,"$40,000 to $49,999",178,178.0,ok,5.187385805840755
2019,Selected Deficiencies,Holes in floors,"$50,000 to $59,999",102,102.0,ok,4.634728988229636
2019,Selected Deficiencies,Holes in floors,"$60,000 to $79,999",144,144.0,ok,4.976733742420574
2019,Selected Deficiencies,Holes in floors,"$80,000 to $99,999",85,85.0,ok,4.454347296253507
2019,Selected Deficiencies,Holes in floors,"Less than $10,000",233,233.0,ok,5.455321115357702
2019,Selected Deficiencies,No electrical wiring,"$10,000 to $19,999",S,,suppressed,
2019,Selected Deficiencies,No electrical wiring,"$100,000 to $119,999",S,,suppressed,
2019,Selected Deficiencies,No electrical wiring,"$120,000 or more",S,,suppressed,
2019,Selected Deficiencies,No electrical wiring,"$20,000 to $29,999",S,,suppressed,
2019,Selected Deficiencies,No electrical wiring,"$30,000 to $39,999",S,,suppressed,
2019,Selected Deficiencies,No electrical wiring,"$40,000 to $49,999",.,,blank_or_na,
2019,Selected Deficiencies,No electrical wiring,"$50,000 to $59,999",.,,blank_or_na,
2019,Selected Deficiencies,No electrical wiring,"$60,000 to $79,999",S,,suppressed,
2019,Selected Deficiencies,No electrical wiring,"$80,000 to $99,999",S,,suppressed,
2019,Selected Deficiencies,No electrical wiring,"Less than $10,000",S,,suppressed,
2019,Selected Deficiencies,Open cracks or holes (interior),"$10,000 to $19,999",794,794.0,ok,6.678342114654332
2019,Selected Deficiencies,Open cracks or holes (interior),"$100,000 to $119,999",387,387.0,ok,5.961005339623274
2019,Selected Deficiencies,Open cracks or holes (interior),"$120,000 or more",949,949.0,ok,6.856461984594587
2019,Selected Deficiencies,Open cracks or holes (interior),"$20,000 to $29,999",740,740.0,ok,6.608000625296087
2019,Selected Deficiencies,Open cracks or holes (interior),"$30,000 to $39,999",721,721.0,ok,6.582025138892826
2019,Selected Deficiencies,Open cracks or holes (interior),"$40,000 to $49,999",590,590.0,ok,6.3818160174060985
2019,Selected Deficiencies,Open cracks or holes (interior),"$50,000 to $59,999",529,529.0,ok,6.272877006546167
2019,Selected Deficiencies,Open cracks or holes (interior),"$60,000 to $79,999",812,812.0,ok,6.70073110954781
2019,Selected Deficiencies,Open cracks or holes (interior),"$80,000 to $99,999",468,468.0,ok,6.150602768446279
2019,Selected Deficiencies,Open cracks or holes (interior),"Less than $10,000",770,770.0,ok,6.647688373563329
2019,Selected Deficiencies,Rooms without electric outlets,"$10,000 to $19,999",282,282.0,ok,5.645446897643238
2019,Selected Deficiencies,Rooms without electric outlets,"$100,000 to $119,999",134,134.0,ok,4.90527477843843
2019,Selected Deficiencies,Rooms without electric outlets,"$120,000 or more",311,311.0,ok,5.7430031878094825
2019,Selected Deficiencies,Rooms without electric outlets,"$20,000 to $29,999",267,267.0,ok,5.5909869805108565
2019,Selected Deficiencies,Rooms without electric outlets,"$30,000 to $39,999",252,252.0,ok,5.53338948872752
2019,Selected Deficiencies,Rooms without electric outlets,"$40,000 to $49,999",170,170.0,ok,5.14166355650266
2019,Selected Deficiencies,Rooms without electric outlets,"$50,000 to $59,999",186,186.0,ok,5.231108616854587
2019,Selected Deficiencies,Rooms without electric outlets,"$60,000 to $79,999",284,284.0,ok,5.652489180268651
2019,Selected Deficiencies,Rooms without electric outlets,"$80,000 to $99,999",161,161.0,ok,5.087596335232384
2019,Selected Deficiencies,Rooms without electric outlets,"Less than $10,000",326,326.0,ok,5.7899601708972535
2019,Selected Deficiencies,Signs of cockroaches in last 12 months,"$10,000 to $19,999","1,587",1587.0,ok,7.370230641807081
2019,Selected Deficiencies,Signs of cockroaches in last 12 months,"$100,000 to $119,999",848,848.0,ok,6.744059186311348
2019,Selected Deficiencies,Signs of cockroaches in last 12 months,"$120,000 or more","2,157",2157.0,ok,7.67693714581808
2019,Selected Deficiencies,Signs of cockroaches in last 12 months,"$20,000 to $29,999","1,421",1421.0,ok,7.259819610363186
2019,Selected Deficiencies,Signs of cockroaches in last 12 months,"$30,000 to $39,999","1,504",1504.0,ok,7.316548177182976
2019,Selected Deficiencies,Signs of cockroaches in last 12 months,"$40,000 to $49,999","1,155",1155.0,ok,7.052721049232323
2019,Selected Deficiencies,Signs of cockroaches in last 12 months,"$50,000 to $59,999","1,018",1018.0,ok,6.926577033222725
2019,Selected Deficiencies,Signs of cockroaches in last 12 months,"$60,000 to $79,999","1,670",1670.0,ok,7.421177528595393
2019,Selected Deficiencies,Signs of cockroaches in last 12 months,"$80,000 to $99,999","1,028",1028.0,ok,6.9363427358340495
2019,Selected Deficiencies,Signs of cockroaches in last 12 months,"Less than $10,000","1,606",1606.0,ok,7.382124365737512
2019,Selected Deficiencies,Signs of mice or rats inside home in last 12 months,"$10,000 to $19,999","1,347",1347.0,ok,7.206377291472252
2019,Selected Deficiencies,Signs of mice or rats inside home in last 12 months,"$100,000 to $119,999","1,028",1028.0,ok,6.9363427358340495
2019,Selected Deficiencies,Signs of mice or rats inside home in last 12 months,"$120,000 or more","2,761",2761.0,ok,7.923710333969238
2019,Selected Deficiencies,Signs of mice or rats inside home in last 12 months,"$20,000 to $29,999","1,471",1471.0,ok,7.294377299288821
2019,Selected Deficiencies,Signs of mice or rats inside home in last 12 months,"$30,000 to $39,999","1,518",1518.0,ok,7.325807502595773
2019,Selected Deficiencies,Signs of mice or rats inside home in last 12 months,"$40,000 to $49,999","1,108",1108.0,ok,7.011213987350367
2019,Selected Deficiencies,Signs of mice or rats inside home in last 12 months,"$50,000 to $59,999","1,132",1132.0,ok,7.0326242610280065
2019,Selected Deficiencies,Signs of mice or rats inside home in last 12 months,"$60,000 to $79,999","1,734",1734.0,ok,7.45876269238096
2019,Selected Deficiencies,Signs of mice or rats inside home in last 12 months,"$80,000 to $99,999","1,388",1388.0,ok,7.236339342754344
2019,Selected Deficiencies,Signs of mice or rats inside home in last 12 months,"Less than $10,000","1,300",1300.0,ok,7.170888478512505
2019,Sewage Disposal Breakdowns,No breakdowns in last 3 months,"$10,000 to $19,999","8,526",8526.0,ok,9.050992878742049
2019,Sewage Disposal Breakdowns,No breakdowns in last 3 months,"$100,000 to $119,999","7,581",7581.0,ok,8.93353229607628
2019,Sewage Disposal Breakdowns,No breakdowns in last 3 months,"$120,000 or more","22,037",22037.0,ok,10.000523515047723
2019,Sewage Disposal Breakdowns,No breakdowns in last 3 months,"$20,000 to $29,999","8,575",8575.0,ok,9.056722883310583
2019,Sewage Disposal Breakdowns,No breakdowns in last 3 months,"$30,000 to $39,999","8,935",8935.0,ok,9.097843340749037
2019,Sewage Disposal Breakdowns,No breakdowns in last 3 months,"$40,000 to $49,999","7,989",7989.0,ok,8.98594603876032
2019,Sewage Disposal Breakdowns,No breakdowns in last 3 months,"$50,000 to $59,999","7,661",7661.0,ok,8.944028325260595
2019,Sewage Disposal Breakdowns,No breakdowns in last 3 months,"$60,000 to $79,999","13,000",13000.0,ok,9.472781556562168
2019,Sewage Disposal Breakdowns,No breakdowns in last 3 months,"$80,000 to $99,999","9,255",9255.0,ok,9.133027268873512
2019,Sewage Disposal Breakdowns,No breakdowns in last 3 months,"Less than $10,000","8,962",8962.0,ok,9.100860271357362
2019,Sewage Disposal Breakdowns,No breakdowns lasting 6 hours or more,"$10,000 to $19,999",S,,suppressed,
2019,Sewage Disposal Breakdowns,No breakdowns lasting 6 hours or more,"$100,000 to $119,999",S,,suppressed,
2019,Sewage Disposal Breakdowns,No breakdowns lasting 6 hours or more,"$120,000 or more",27,27.0,ok,3.332204510175204
2019,Sewage Disposal Breakdowns,No breakdowns lasting 6 hours or more,"$20,000 to $29,999",S,,suppressed,
2019,Sewage Disposal Breakdowns,No breakdowns lasting 6 hours or more,"$30,000 to $39,999",S,,suppressed,
2019,Sewage Disposal Breakdowns,No breakdowns lasting 6 hours or more,"$40,000 to $49,999",S,,suppressed,
2019,Sewage Disposal Breakdowns,No breakdowns lasting 6 hours or more,"$50,000 to $59,999",S,,suppressed,
2019,Sewage Disposal Breakdowns,No breakdowns lasting 6 hours or more,"$60,000 to $79,999",S,,suppressed,
2019,Sewage Disposal Breakdowns,No breakdowns lasting 6 hours or more,"$80,000 to $99,999",S,,suppressed,
2019,Sewage Disposal Breakdowns,No breakdowns lasting 6 hours or more,"Less than $10,000",S,,suppressed,
2019,Sewage Disposal Breakdowns,With breakdown(s) in last 3 months,"$10,000 to $19,999",123,123.0,ok,4.820281565605037
2019,Sewage Disposal Breakdowns,With breakdown(s) in last 3 months,"$100,000 to $119,999",66,66.0,ok,4.204692619390966
2019,Sewage Disposal Breakdowns,With breakdown(s) in last 3 months,"$120,000 or more",185,185.0,ok,5.225746673713202
2019,Sewage Disposal Breakdowns,With breakdown(s) in last 3 months,"$20,000 to $29,999",130,130.0,ok,4.875197323201151
2019,Sewage Disposal Breakdowns,With breakdown(s) in last 3 months,"$30,000 to $39,999",156,156.0,ok,5.056245805348308
2019,Sewage Disposal Breakdowns,With breakdown(s) in last 3 months,"$40,000 to $49,999",98,98.0,ok,4.59511985013459
2019,Sewage Disposal Breakdowns,With breakdown(s) in last 3 months,"$50,000 to $59,999",87,87.0,ok,4.477336814478207
2019,Sewage Disposal Breakdowns,With breakdown(s) in last 3 months,"$60,000 to $79,999",116,116.0,ok,4.762173934797756
2019,Sewage Disposal Breakdowns,With breakdown(s) in last 3 months,"$80,000 to $99,999",105,105.0,ok,4.663439094112067
2019,Sewage Disposal Breakdowns,With breakdown(s) in last 3 months,"Less than $10,000",151,151.0,ok,5.0238805208462765
2019,Sewage Disposal Breakdowns,With public sewer,"$10,000 to $19,999","8,649",8649.0,ok,9.065314599925925
2019,Sewage Disposal Breakdowns,With public sewer,"$100,000 to $119,999","7,647",7647.0,ok,8.942199454731238
2019,Sewage Disposal Breakdowns,With public sewer,"$120,000 or more","22,222",22222.0,ok,10.008883067581468
2019,Sewage Disposal Breakdowns,With public sewer,"$20,000 to $29,999","8,705",8705.0,ok,9.071767722112243
2019,Sewage Disposal Breakdowns,With public sewer,"$30,000 to $39,999","9,091",9091.0,ok,9.115150184972434
2019,Sewage Disposal Breakdowns,With public sewer,"$40,000 to $49,999","8,087",8087.0,ok,8.998136760700307
2019,Sewage Disposal Breakdowns,With public sewer,"$50,000 to $59,999","7,747",7747.0,ok,8.955190024526887
2019,Sewage Disposal Breakdowns,With public sewer,"$60,000 to $79,999","13,116",13116.0,ok,9.481664377815147
2019,Sewage Disposal Breakdowns,With public sewer,"$80,000 to $99,999","9,360",9360.0,ok,9.144307401371744
2019,Sewage Disposal Breakdowns,With public sewer,"Less than $10,000","9,113",9113.0,ok,9.117566971823829
2019,Water Leakage During Last 12 Months,Basement,"$10,000 to $19,999",167,167.0,ok,5.123963979403259
2019,Water Leakage During Last 12 Months,Basement,"$100,000 to $119,999",309,309.0,ok,5.736572297479192
2019,Water Leakage During Last 12 Months,Basement,"$120,000 or more",902,902.0,ok,6.805722553416985
2019,Water Leakage During Last 12 Months,Basement,"$20,000 to $29,999",266,266.0,ok,5.58724865840025
2019,Water Leakage During Last 12 Months,Basement,"$30,000 to $39,999",246,246.0,ok,5.5093883366279774
2019,Water Leakage During Last 12 Months,Basement,"$40,000 to $49,999",319,319.0,ok,5.768320995793772
2019,Water Leakage During Last 12 Months,Basement,"$50,000 to $59,999",270,270.0,ok,5.602118820879701
2019,Water Leakage During Last 12 Months,Basement,"$60,000 to $79,999",518,518.0,ok,6.251903883165888
2019,Water Leakage During Last 12 Months,Basement,"$80,000 to $99,999",368,368.0,ok,5.910796644040527
2019,Water Leakage During Last 12 Months,Basement,"Less than $10,000",90,90.0,ok,4.51085950651685
2019,Water Leakage During Last 12 Months,Broken water heater,"$10,000 to $19,999",90,90.0,ok,4.51085950651685
2019,Water Leakage During Last 12 Months,Broken water heater,"$100,000 to $119,999",41,41.0,ok,3.7376696182833684
2019,Water Leakage During Last 12 Months,Broken water heater,"$120,000 or more",146,146.0,ok,4.990432586778736
2019,Water Leakage During Last 12 Months,Broken water heater,"$20,000 to $29,999",95,95.0,ok,4.564348191467836
2019,Water Leakage During Last 12 Months,Broken water heater,"$30,000 to $39,999",70,70.0,ok,4.2626798770413155
2019,Water Leakage During Last 12 Months,Broken water heater,"$40,000 to $49,999",95,95.0,ok,4.564348191467836
2019,Water Leakage During Last 12 Months,Broken water heater,"$50,000 to $59,999",84,84.0,ok,4.442651256490317
2019,Water Leakage During Last 12 Months,Broken water heater,"$60,000 to $79,999",124,124.0,ok,4.8283137373023015
2019,Water Leakage During Last 12 Months,Broken water heater,"$80,000 to $99,999",77,77.0,ok,4.356708826689592
2019,Water Leakage During Last 12 Months,Broken water heater,"Less than $10,000",53,53.0,ok,3.9889840465642745
2019,Water Leakage During Last 12 Months,Fixtures backed up or overflowed,"$10,000 to $19,999",228,228.0,ok,5.43372200355424
2019,Water Leakage During Last 12 Months,Fixtures backed up or overflowed,"$100,000 to $119,999",168,168.0,ok,5.1298987149230735
2019,Water Leakage During Last 12 Months,Fixtures backed up or overflowed,"$120,000 or more",429,429.0,ok,6.063785208687608
2019,Water Leakage During Last 12 Months,Fixtures backed up or overflowed,"$20,000 to $29,999",217,217.0,ok,5.384495062789089
2019,Water Leakage During Last 12 Months,Fixtures backed up or overflowed,"$30,000 to $39,999",204,204.0,ok,5.3230099791384085
2019,Water Leakage During Last 12 Months,Fixtures backed up or overflowed,"$40,000 to $49,999",165,165.0,ok,5.111987788356544
2019,Water Leakage During Last 12 Months,Fixtures backed up or overflowed,"$50,000 to $59,999",158,158.0,ok,5.0689042022202315
2019,Water Leakage During Last 12 Months,Fixtures backed up or overflowed,"$60,000 to $79,999",291,291.0,ok,5.676753802268282
2019,Water Leakage During Last 12 Months,Fixtures backed up or overflowed,"$80,000 to $99,999",163,163.0,ok,5.099866427824199
2019,Water Leakage During Last 12 Months,Fixtures backed up or overflowed,"Less than $10,000",156,156.0,ok,5.056245805348308
2019,Water Leakage During Last 12 Months,No leakage from inside structure,"$10,000 to $19,999","9,383",9383.0,ok,9.146761390333312
2019,Water Leakage During Last 12 Months,No leakage from inside structure,"$100,000 to $119,999","8,516",8516.0,ok,9.04981944514108
2019,Water Leakage During Last 12 Months,No leakage from inside structure,"$120,000 or more","24,695",24695.0,ok,10.114396566181995
2019,Water Leakage During Last 12 Months,No leakage from inside structure,"$20,000 to $29,999","9,554",9554.0,ok,9.164819856674374
2019,Water Leakage During Last 12 Months,No leakage from inside structure,"$30,000 to $39,999","10,179",10179.0,ok,9.228180290104513
2019,Water Leakage During Last 12 Months,No leakage from inside structure,"$40,000 to $49,999","8,879",8879.0,ok,9.091556835986216
2019,Water Leakage During Last 12 Months,No leakage from inside structure,"$50,000 to $59,999","8,514",8514.0,ok,9.049584593096789
2019,Water Leakage During Last 12 Months,No leakage from inside structure,"$60,000 to $79,999","14,551",14551.0,ok,9.585483720197958
2019,Water Leakage During Last 12 Months,No leakage from inside structure,"$80,000 to $99,999","10,838",10838.0,ok,9.29090601981575
2019,Water Leakage During Last 12 Months,No leakage from inside structure,"Less than $10,000","9,583",9583.0,ok,9.16785032035523
2019,Water Leakage During Last 12 Months,No leakage from outside structure,"$10,000 to $19,999","9,329",9329.0,ok,9.140990293841389
2019,Water Leakage During Last 12 Months,No leakage from outside structure,"$100,000 to $119,999","8,374",8374.0,ok,9.033006356693267
2019,Water Leakage During Last 12 Months,No leakage from outside structure,"$120,000 or more","24,018",24018.0,ok,10.086600462793985
2019,Water Leakage During Last 12 Months,No leakage from outside structure,"$20,000 to $29,999","9,506",9506.0,ok,9.15978364835903
2019,Water Leakage During Last 12 Months,No leakage from outside structure,"$30,000 to $39,999","9,978",9978.0,ok,9.208238163884312
2019,Water Leakage During Last 12 Months,No leakage from outside structure,"$40,000 to $49,999","8,685",8685.0,ok,9.069467813094768
2019,Water Leakage During Last 12 Months,No leakage from outside structure,"$50,000 to $59,999","8,336",8336.0,ok,9.028458718410613
2019,Water Leakage During Last 12 Months,No leakage from outside structure,"$60,000 to $79,999","14,226",14226.0,ok,9.562896846651167
2019,Water Leakage During Last 12 Months,No leakage from outside structure,"$80,000 to $99,999","10,487",10487.0,ok,9.257987025443535
2019,Water Leakage During Last 12 Months,No leakage from outside structure,"Less than $10,000","9,460",9460.0,ok,9.154933364704444
2019,Water Leakage During Last 12 Months,Other or unknown (includes not reported),"$10,000 to $19,999",288,288.0,ok,5.666426688112432
2019,Water Leakage During Last 12 Months,Other or unknown (includes not reported),"$100,000 to $119,999",218,218.0,ok,5.389071729816501
2019,Water Leakage During Last 12 Months,Other or unknown (includes not reported),"$120,000 or more",553,553.0,ok,6.317164686747284
2019,Water Leakage During Last 12 Months,Other or unknown (includes not reported),"$20,000 to $29,999",259,259.0,ok,5.560681631015528
2019,Water Leakage During Last 12 Months,Other or unknown (includes not reported),"$30,000 to $39,999",265,265.0,ok,5.583496308781699
2019,Water Leakage During Last 12 Months,Other or unknown (includes not reported),"$40,000 to $49,999",257,257.0,ok,5.552959584921617
2019,Water Leakage During Last 12 Months,Other or unknown (includes not reported),"$50,000 to $59,999",256,256.0,ok,5.54907608489522
2019,Water Leakage During Last 12 Months,Other or unknown (includes not reported),"$60,000 to $79,999",373,373.0,ok,5.924255797414532
2019,Water Leakage During Last 12 Months,Other or unknown (includes not reported),"$80,000 to $99,999",177,177.0,ok,5.181783550292085
2019,Water Leakage During Last 12 Months,Other or unknown (includes not reported),"Less than $10,000",236,236.0,ok,5.4680601411351315
2019,Water Leakage During Last 12 Months,Pipes leaked,"$10,000 to $19,999",407,407.0,ok,6.0112671744041615
2019,Water Leakage During Last 12 Months,Pipes leaked,"$100,000 to $119,999",270,270.0,ok,5.602118820879701
2019,Water Leakage During Last 12 Months,Pipes leaked,"$120,000 or more",735,735.0,ok,6.601230118728877
2019,Water Leakage During Last 12 Months,Pipes leaked,"$20,000 to $29,999",415,415.0,ok,6.030685260261263
2019,Water Leakage During Last 12 Months,Pipes leaked,"$30,000 to $39,999",333,333.0,ok,5.8111409929767
2019,Water Leakage During Last 12 Months,Pipes leaked,"$40,000 to $49,999",314,314.0,ok,5.752572638825633
2019,Water Leakage During Last 12 Months,Pipes leaked,"$50,000 to $59,999",294,294.0,ok,5.68697535633982
2019,Water Leakage During Last 12 Months,Pipes leaked,"$60,000 to $79,999",520,520.0,ok,6.255750041753367
2019,Water Leakage During Last 12 Months,Pipes leaked,"$80,000 to $99,999",366,366.0,ok,5.905361848054571
2019,Water Leakage During Last 12 Months,Pipes leaked,"Less than $10,000",334,334.0,ok,5.814130531825066
2019,Water Leakage During Last 12 Months,Roof,"$10,000 to $19,999",536,536.0,ok,6.285998094508865
2019,Water Leakage During Last 12 Months,Roof,"$100,000 to $119,999",368,368.0,ok,5.910796644040527
2019,Water Leakage During Last 12 Months,Roof,"$120,000 or more","1,068",1068.0,ok,6.974478911025045
2019,Water Leakage During Last 12 Months,Roof,"$20,000 to $29,999",506,506.0,ok,6.2285110035911835
2019,Water Leakage During Last 12 Months,Roof,"$30,000 to $39,999",508,508.0,ok,6.2324480165505225
2019,Water Leakage During Last 12 Months,Roof,"$40,000 to $49,999",473,473.0,ok,6.161207321695077
2019,Water Leakage During Last 12 Months,Roof,"$50,000 to $59,999",463,463.0,ok,6.139884552226255
2019,Water Leakage During Last 12 Months,Roof,"$60,000 to $79,999",708,708.0,ok,6.5638555265321274
2019,Water Leakage During Last 12 Months,Roof,"$80,000 to $99,999",432,432.0,ok,6.07073772800249
2019,Water Leakage During Last 12 Months,Roof,"Less than $10,000",450,450.0,ok,6.111467339502679
2019,Water Leakage During Last 12 Months,"Walls, closed windows, or doors","$10,000 to $19,999",223,223.0,ok,5.4116460518550396
2019,Water Leakage During Last 12 Months,"Walls, closed windows, or doors","$100,000 to $119,999",133,133.0,ok,4.897839799950911
2019,Water Leakage During Last 12 Months,"Walls, closed windows, or doors","$120,000 or more",402,402.0,ok,5.998936561946683
2019,Water Leakage During Last 12 Months,"Walls, closed windows, or doors","$20,000 to $29,999",152,152.0,ok,5.030437921392435
2019,Water Leakage During Last 12 Months,"Walls, closed windows, or doors","$30,000 to $39,999",191,191.0,ok,5.2574953720277815
2019,Water Leakage During Last 12 Months,"Walls, closed windows, or doors","$40,000 to $49,999",130,130.0,ok,4.875197323201151
2019,Water Leakage During Last 12 Months,"Walls, closed windows, or doors","$50,000 to $59,999",135,135.0,ok,4.912654885736052
2019,Water Leakage During Last 12 Months,"Walls, closed windows, or doors","$60,000 to $79,999",292,292.0,ok,5.680172609017068
2019,Water Leakage During Last 12 Months,"Walls, closed windows, or doors","$80,000 to $99,999",180,180.0,ok,5.198497031265826
2019,Water Leakage During Last 12 Months,"Walls, closed windows, or doors","Less than $10,000",213,213.0,ok,5.365976015021851
2019,Water Leakage During Last 12 Months,With leakage from inside structure,"$10,000 to $19,999",929,929.0,ok,6.835184586147301
2019,Water Leakage During Last 12 Months,With leakage from inside structure,"$100,000 to $119,999",677,677.0,ok,6.519147287940395
2019,Water Leakage During Last 12 Months,With leakage from inside structure,"$120,000 or more","1,799",1799.0,ok,7.495541943884256
2019,Water Leakage During Last 12 Months,With leakage from inside structure,"$20,000 to $29,999",927,927.0,ok,6.833031732786201
2019,Water Leakage During Last 12 Months,With leakage from inside structure,"$30,000 to $39,999",830,830.0,ok,6.7226297948554485
2019,Water Leakage During Last 12 Months,With leakage from inside structure,"$40,000 to $49,999",777,777.0,ok,6.656726524178391
2019,Water Leakage During Last 12 Months,With leakage from inside structure,"$50,000 to $59,999",766,766.0,ok,6.642486801367256
2019,Water Leakage During Last 12 Months,With leakage from inside structure,"$60,000 to $79,999","1,252",1252.0,ok,7.133295954896068
2019,Water Leakage During Last 12 Months,With leakage from inside structure,"$80,000 to $99,999",751,751.0,ok,6.62273632394984
2019,Water Leakage During Last 12 Months,With leakage from inside structure,"Less than $10,000",733,733.0,ok,6.598509028614515
2019,Water Leakage During Last 12 Months,With leakage from outside structure,"$10,000 to $19,999",983,983.0,ok,6.891625897052253
2019,Water Leakage During Last 12 Months,With leakage from outside structure,"$100,000 to $119,999",819,819.0,ok,6.709304340258299
2019,Water Leakage During Last 12 Months,With leakage from outside structure,"$120,000 or more","2,476",2476.0,ok,7.814803429489359
2019,Water Leakage During Last 12 Months,With leakage from outside structure,"$20,000 to $29,999",975,975.0,ok,6.883462586413092
2019,Water Leakage During Last 12 Months,With leakage from outside structure,"$30,000 to $39,999","1,030",1030.0,ok,6.93828448401696
2019,Water Leakage During Last 12 Months,With leakage from outside structure,"$40,000 to $49,999",971,971.0,ok,6.879355804460439
2019,Water Leakage During Last 12 Months,With leakage from outside structure,"$50,000 to $59,999",944,944.0,ok,6.851184927493743
2019,Water Leakage During Last 12 Months,With leakage from outside structure,"$60,000 to $79,999","1,577",1577.0,ok,7.363913501405819
2019,Water Leakage During Last 12 Months,With leakage from outside structure,"$80,000 to $99,999","1,103",1103.0,ok,7.00669522683704
2019,Water Leakage During Last 12 Months,With leakage from outside structure,"Less than $10,000",857,857.0,ok,6.754604099487962
2019,Water Supply Stoppage,No stoppage in last 3 months,"$10,000 to $19,999","9,786",9786.0,ok,9.18881025342582
2019,Water Supply Stoppage,No stoppage in last 3 months,"$100,000 to $119,999","8,879",8879.0,ok,9.091556835986216
2019,Water Supply Stoppage,No stoppage in last 3 months,"$120,000 or more","25,732",25732.0,ok,10.155529493892987
2019,Water Supply Stoppage,No stoppage in last 3 months,"$20,000 to $29,999","9,922",9922.0,ok,9.202610573914242
2019,Water Supply Stoppage,No stoppage in last 3 months,"$30,000 to $39,999","10,551",10551.0,ok,9.26407069439715
2019,Water Supply Stoppage,No stoppage in last 3 months,"$40,000 to $49,999","9,248",9248.0,ok,9.13227071655426
2019,Water Supply Stoppage,No stoppage in last 3 months,"$50,000 to $59,999","8,912",8912.0,ok,9.095266164130717
2019,Water Supply Stoppage,No stoppage in last 3 months,"$60,000 to $79,999","15,230",15230.0,ok,9.631088103615504
2019,Water Supply Stoppage,No stoppage in last 3 months,"$80,000 to $99,999","11,195",11195.0,ok,9.323311850635344
2019,Water Supply Stoppage,No stoppage in last 3 months,"Less than $10,000","9,724",9724.0,ok,9.182455168486648
2019,Water Supply Stoppage,No stoppage lasting 6 hours or more,"$10,000 to $19,999",88,88.0,ok,4.48863636973214
2019,Water Supply Stoppage,No stoppage lasting 6 hours or more,"$100,000 to $119,999",70,70.0,ok,4.2626798770413155
2019,Water Supply Stoppage,No stoppage lasting 6 hours or more,"$120,000 or more",89,89.0,ok,4.499809670330265
2019,Water Supply Stoppage,No stoppage lasting 6 hours or more,"$20,000 to $29,999",84,84.0,ok,4.442651256490317
2019,Water Supply Stoppage,No stoppage lasting 6 hours or more,"$30,000 to $39,999",60,60.0,ok,4.110873864173311
2019,Water Supply Stoppage,No stoppage lasting 6 hours or more,"$40,000 to $49,999",45,45.0,ok,3.828641396489095
2019,Water Supply Stoppage,No stoppage lasting 6 hours or more,"$50,000 to $59,999",S,,suppressed,
2019,Water Supply Stoppage,No stoppage lasting 6 hours or more,"$60,000 to $79,999",64,64.0,ok,4.174387269895637
2019,Water Supply Stoppage,No stoppage lasting 6 hours or more,"$80,000 to $99,999",59,59.0,ok,4.0943445622221
2019,Water Supply Stoppage,No stoppage lasting 6 hours or more,"Less than $10,000",67,67.0,ok,4.219507705176107
2019,Water Supply Stoppage,With hot and cold piped water,"$10,000 to $19,999","10,255",10255.0,ok,9.23561817916045
2019,Water Supply Stoppage,With hot and cold piped water,"$100,000 to $119,999","9,189",9189.0,ok,9.125871215349733
2019,Water Supply Stoppage,With hot and cold piped water,"$120,000 or more","26,479",26479.0,ok,10.184145010050944
2019,Water Supply Stoppage,With hot and cold piped water,"$20,000 to $29,999","10,438",10438.0,ok,9.253304071408298
2019,Water Supply Stoppage,With hot and cold piped water,"$30,000 to $39,999","10,983",10983.0,ok,9.304194947447806
2019,Water Supply Stoppage,With hot and cold piped water,"$40,000 to $49,999","9,635",9635.0,ok,9.173261363734762
2019,Water Supply Stoppage,With hot and cold piped water,"$50,000 to $59,999","9,251",9251.0,ok,9.13259502335133
2019,Water Supply Stoppage,With hot and cold piped water,"$60,000 to $79,999","15,793",15793.0,ok,9.667385400057526
2019,Water Supply Stoppage,With hot and cold piped water,"$80,000 to $99,999","11,581",11581.0,ok,9.357207447785735
2019,Water Supply Stoppage,With hot and cold piped water,"Less than $10,000","10,209",10209.0,ok,9.231122911158712
2019,Water Supply Stoppage,With stoppage in last 3 months,"$10,000 to $19,999",353,353.0,ok,5.869296913133774
2019,Water Supply Stoppage,With stoppage in last 3 months,"$100,000 to $119,999",221,221.0,ok,5.402677381872279
2019,Water Supply Stoppage,With stoppage in last 3 months,"$120,000 or more",524,524.0,ok,6.263398262591624
2019,Water Supply Stoppage,With stoppage in last 3 months,"$20,000 to $29,999",386,386.0,ok,5.958424693029782
2019,Water Supply Stoppage,With stoppage in last 3 months,"$30,000 to $39,999",337,337.0,ok,5.823045895483019
2019,Water Supply Stoppage,With stoppage in last 3 months,"$40,000 to $49,999",259,259.0,ok,5.560681631015528
2019,Water Supply Stoppage,With stoppage in last 3 months,"$50,000 to $59,999",254,254.0,ok,5.541263545158426
2019,Water Supply Stoppage,With stoppage in last 3 months,"$60,000 to $79,999",432,432.0,ok,6.07073772800249
2019,Water Supply Stoppage,With stoppage in last 3 months,"$80,000 to $99,999",273,273.0,ok,5.6131281063880705
2019,Water Supply Stoppage,With stoppage in last 3 months,"Less than $10,000",328,328.0,ok,5.796057750765372
2021,Electric Fuses and Circuit Breakers,1 time,"$10,000 to $19,999",322,322.0,ok,5.777652323222656
2021,Electric Fuses and Circuit Breakers,1 time,"$100,000 to $119,999",486,486.0,ok,6.18826412308259
2021,Electric Fuses and Circuit Breakers,1 time,"$120,000 to $139,999",344,344.0,ok,5.84354441703136
2021,Electric Fuses and Circuit Breakers,1 time,"$140,000 to $159,999",340,340.0,ok,5.831882477283517
2021,Electric Fuses and Circuit Breakers,1 time,"$160,000 to $179,999",165,165.0,ok,5.111987788356544
2021,Electric Fuses and Circuit Breakers,1 time,"$180,000 to $199,999",176,176.0,ok,5.176149732573829
2021,Electric Fuses and Circuit Breakers,1 time,"$20,000 to $29,999",343,343.0,ok,5.840641657373398
2021,Electric Fuses and Circuit Breakers,1 time,"$200,000 or more",636,636.0,ok,6.456769655572163
2021,Electric Fuses and Circuit Breakers,1 time,"$30,000 to $39,999",443,443.0,ok,6.095824562432225
2021,Electric Fuses and Circuit Breakers,1 time,"$40,000 to $49,999",321,321.0,ok,5.7745515455444085
2021,Electric Fuses and Circuit Breakers,1 time,"$50,000 to $59,999",332,332.0,ok,5.808142489980444
2021,Electric Fuses and Circuit Breakers,1 time,"$60,000 to $79,999",676,676.0,ok,6.517671272912275
2021,Electric Fuses and Circuit Breakers,1 time,"$80,000 to $99,999",517,517.0,ok,6.249975242259483
2021,Electric Fuses and Circuit Breakers,1 time,"Less than $10,000",346,346.0,ok,5.849324779946859
2021,Electric Fuses and Circuit Breakers,2 times,"$10,000 to $19,999",182,182.0,ok,5.209486152841421
2021,Electric Fuses and Circuit Breakers,2 times,"$100,000 to $119,999",178,178.0,ok,5.187385805840755
2021,Electric Fuses and Circuit Breakers,2 times,"$120,000 to $139,999",132,132.0,ok,4.890349128221754
2021,Electric Fuses and Circuit Breakers,2 times,"$140,000 to $159,999",120,120.0,ok,4.795790545596741
2021,Electric Fuses and Circuit Breakers,2 times,"$160,000 to $179,999",101,101.0,ok,4.624972813284271
2021,Electric Fuses and Circuit Breakers,2 times,"$180,000 to $199,999",62,62.0,ok,4.143134726391533
2021,Electric Fuses and Circuit Breakers,2 times,"$20,000 to $29,999",221,221.0,ok,5.402677381872279
2021,Electric Fuses and Circuit Breakers,2 times,"$200,000 or more",278,278.0,ok,5.631211781821365
2021,Electric Fuses and Circuit Breakers,2 times,"$30,000 to $39,999",135,135.0,ok,4.912654885736052
2021,Electric Fuses and Circuit Breakers,2 times,"$40,000 to $49,999",92,92.0,ok,4.532599493153256
2021,Electric Fuses and Circuit Breakers,2 times,"$50,000 to $59,999",158,158.0,ok,5.0689042022202315
2021,Electric Fuses and Circuit Breakers,2 times,"$60,000 to $79,999",289,289.0,ok,5.66988092298052
2021,Electric Fuses and Circuit Breakers,2 times,"$80,000 to $99,999",177,177.0,ok,5.181783550292085
2021,Electric Fuses and Circuit Breakers,2 times,"Less than $10,000",162,162.0,ok,5.093750200806762
2021,Electric Fuses and Circuit Breakers,3 times,"$10,000 to $19,999",89,89.0,ok,4.499809670330265
2021,Electric Fuses and Circuit Breakers,3 times,"$100,000 to $119,999",60,60.0,ok,4.110873864173311
2021,Electric Fuses and Circuit Breakers,3 times,"$120,000 to $139,999",38,38.0,ok,3.6635616461296463
2021,Electric Fuses and Circuit Breakers,3 times,"$140,000 to $159,999",41,41.0,ok,3.7376696182833684
2021,Electric Fuses and Circuit Breakers,3 times,"$160,000 to $179,999",S,,suppressed,
2021,Electric Fuses and Circuit Breakers,3 times,"$180,000 to $199,999",S,,suppressed,
2021,Electric Fuses and Circuit Breakers,3 times,"$20,000 to $29,999",64,64.0,ok,4.174387269895637
2021,Electric Fuses and Circuit Breakers,3 times,"$200,000 or more",158,158.0,ok,5.0689042022202315
2021,Electric Fuses and Circuit Breakers,3 times,"$30,000 to $39,999",82,82.0,ok,4.418840607796598
2021,Electric Fuses and Circuit Breakers,3 times,"$40,000 to $49,999",53,53.0,ok,3.9889840465642745
2021,Electric Fuses and Circuit Breakers,3 times,"$50,000 to $59,999",60,60.0,ok,4.110873864173311
2021,Electric Fuses and Circuit Breakers,3 times,"$60,000 to $79,999",104,104.0,ok,4.653960350157523
2021,Electric Fuses and Circuit Breakers,3 times,"$80,000 to $99,999",128,128.0,ok,4.859812404361672
2021,Electric Fuses and Circuit Breakers,3 times,"Less than $10,000",60,60.0,ok,4.110873864173311
2021,Electric Fuses and Circuit Breakers,4 times or more,"$10,000 to $19,999",141,141.0,ok,4.955827057601261
2021,Electric Fuses and Circuit Breakers,4 times or more,"$100,000 to $119,999",66,66.0,ok,4.204692619390966
2021,Electric Fuses and Circuit Breakers,4 times or more,"$120,000 to $139,999",94,94.0,ok,4.553876891600541
2021,Electric Fuses and Circuit Breakers,4 times or more,"$140,000 to $159,999",64,64.0,ok,4.174387269895637
2021,Electric Fuses and Circuit Breakers,4 times or more,"$160,000 to $179,999",S,,suppressed,
2021,Electric Fuses and Circuit Breakers,4 times or more,"$180,000 to $199,999",32,32.0,ok,3.4965075614664802
2021,Electric Fuses and Circuit Breakers,4 times or more,"$20,000 to $29,999",120,120.0,ok,4.795790545596741
2021,Electric Fuses and Circuit Breakers,4 times or more,"$200,000 or more",141,141.0,ok,4.955827057601261
2021,Electric Fuses and Circuit Breakers,4 times or more,"$30,000 to $39,999",101,101.0,ok,4.624972813284271
2021,Electric Fuses and Circuit Breakers,4 times or more,"$40,000 to $49,999",107,107.0,ok,4.68213122712422
2021,Electric Fuses and Circuit Breakers,4 times or more,"$50,000 to $59,999",102,102.0,ok,4.634728988229636
2021,Electric Fuses and Circuit Breakers,4 times or more,"$60,000 to $79,999",217,217.0,ok,5.384495062789089
2021,Electric Fuses and Circuit Breakers,4 times or more,"$80,000 to $99,999",128,128.0,ok,4.859812404361672
2021,Electric Fuses and Circuit Breakers,4 times or more,"Less than $10,000",132,132.0,ok,4.890349128221754
2021,Electric Fuses and Circuit Breakers,No fuses or breakers blown in last 3 months,"$10,000 to $19,999","9,576",9576.0,ok,9.16711966952162
2021,Electric Fuses and Circuit Breakers,No fuses or breakers blown in last 3 months,"$100,000 to $119,999","8,884",8884.0,ok,9.092119740588751
2021,Electric Fuses and Circuit Breakers,No fuses or breakers blown in last 3 months,"$120,000 to $139,999","6,589",6589.0,ok,8.793308627496552
2021,Electric Fuses and Circuit Breakers,No fuses or breakers blown in last 3 months,"$140,000 to $159,999","4,983",4983.0,ok,8.51398806046729
2021,Electric Fuses and Circuit Breakers,No fuses or breakers blown in last 3 months,"$160,000 to $179,999","3,288",3288.0,ok,8.098338846189057
2021,Electric Fuses and Circuit Breakers,No fuses or breakers blown in last 3 months,"$180,000 to $199,999","2,314",2314.0,ok,7.747164966520335
2021,Electric Fuses and Circuit Breakers,No fuses or breakers blown in last 3 months,"$20,000 to $29,999","10,199",10199.0,ok,9.230142999272362
2021,Electric Fuses and Circuit Breakers,No fuses or breakers blown in last 3 months,"$200,000 or more","9,199",9199.0,ok,9.126958763037132
2021,Electric Fuses and Circuit Breakers,No fuses or breakers blown in last 3 months,"$30,000 to $39,999","9,749",9749.0,ok,9.185022563991893
2021,Electric Fuses and Circuit Breakers,No fuses or breakers blown in last 3 months,"$40,000 to $49,999","9,667",9667.0,ok,9.176576741823373
2021,Electric Fuses and Circuit Breakers,No fuses or breakers blown in last 3 months,"$50,000 to $59,999","8,219",8219.0,ok,9.014325488050225
2021,Electric Fuses and Circuit Breakers,No fuses or breakers blown in last 3 months,"$60,000 to $79,999","14,852",14852.0,ok,9.605957144029533
2021,Electric Fuses and Circuit Breakers,No fuses or breakers blown in last 3 months,"$80,000 to $99,999","11,049",11049.0,ok,9.310185706945898
2021,Electric Fuses and Circuit Breakers,No fuses or breakers blown in last 3 months,"Less than $10,000","9,634",9634.0,ok,9.173157580848466
2021,Electric Fuses and Circuit Breakers,With electrical wiring,"$10,000 to $19,999","10,310",10310.0,ok,9.240966565517944
2021,Electric Fuses and Circuit Breakers,With electrical wiring,"$100,000 to $119,999","9,674",9674.0,ok,9.177300517897983
2021,Electric Fuses and Circuit Breakers,With electrical wiring,"$120,000 to $139,999","7,198",7198.0,ok,8.881697406469304
2021,Electric Fuses and Circuit Breakers,With electrical wiring,"$140,000 to $159,999","5,548",5548.0,ok,8.621373010325902
2021,Electric Fuses and Circuit Breakers,With electrical wiring,"$160,000 to $179,999","3,607",3607.0,ok,8.190908881182514
2021,Electric Fuses and Circuit Breakers,With electrical wiring,"$180,000 to $199,999","2,624",2624.0,ok,7.872836175025724
2021,Electric Fuses and Circuit Breakers,With electrical wiring,"$20,000 to $29,999","10,946",10946.0,ok,9.300820725104558
2021,Electric Fuses and Circuit Breakers,With electrical wiring,"$200,000 or more","10,412",10412.0,ok,9.250810304529896
2021,Electric Fuses and Circuit Breakers,With electrical wiring,"$30,000 to $39,999","10,510",10510.0,ok,9.260177606823355
2021,Electric Fuses and Circuit Breakers,With electrical wiring,"$40,000 to $49,999","10,241",10241.0,ok,9.234252192022495
2021,Electric Fuses and Circuit Breakers,With electrical wiring,"$50,000 to $59,999","8,870",8870.0,ok,9.090542808520587
2021,Electric Fuses and Circuit Breakers,With electrical wiring,"$60,000 to $79,999","16,138",16138.0,ok,9.688993982035823
2021,Electric Fuses and Circuit Breakers,With electrical wiring,"$80,000 to $99,999","11,999",11999.0,ok,9.392661928770137
2021,Electric Fuses and Circuit Breakers,With electrical wiring,"Less than $10,000","10,335",10335.0,ok,9.243388226022383
2021,Electric Fuses and Circuit Breakers,With fuses or breakers blown in last 3 months,"$10,000 to $19,999",735,735.0,ok,6.601230118728877
2021,Electric Fuses and Circuit Breakers,With fuses or breakers blown in last 3 months,"$100,000 to $119,999",789,789.0,ok,6.672032945461067
2021,Electric Fuses and Circuit Breakers,With fuses or breakers blown in last 3 months,"$120,000 to $139,999",608,608.0,ok,6.411818267709897
2021,Electric Fuses and Circuit Breakers,With fuses or breakers blown in last 3 months,"$140,000 to $159,999",565,565.0,ok,6.338594078203183
2021,Electric Fuses and Circuit Breakers,With fuses or breakers blown in last 3 months,"$160,000 to $179,999",319,319.0,ok,5.768320995793772
2021,Electric Fuses and Circuit Breakers,With fuses or breakers blown in last 3 months,"$180,000 to $199,999",310,310.0,ok,5.739792912179234
2021,Electric Fuses and Circuit Breakers,With fuses or breakers blown in last 3 months,"$20,000 to $29,999",748,748.0,ok,6.618738983517219
2021,Electric Fuses and Circuit Breakers,With fuses or breakers blown in last 3 months,"$200,000 or more","1,213",1213.0,ok,7.101675971619444
2021,Electric Fuses and Circuit Breakers,With fuses or breakers blown in last 3 months,"$30,000 to $39,999",761,761.0,ok,6.635946555686647
2021,Electric Fuses and Circuit Breakers,With fuses or breakers blown in last 3 months,"$40,000 to $49,999",573,573.0,ok,6.352629396319567
2021,Electric Fuses and Circuit Breakers,With fuses or breakers blown in last 3 months,"$50,000 to $59,999",651,651.0,ok,6.480044561926653
2021,Electric Fuses and Circuit Breakers,With fuses or breakers blown in last 3 months,"$60,000 to $79,999","1,286",1286.0,ok,7.160069207596127
2021,Electric Fuses and Circuit Breakers,With fuses or breakers blown in last 3 months,"$80,000 to $99,999",950,950.0,ok,6.85751406254539
2021,Electric Fuses and Circuit Breakers,With fuses or breakers blown in last 3 months,"Less than $10,000",700,700.0,ok,6.55250788703459
2021,External Building Conditions,Bars on windows,"$10,000 to $19,999",229,229.0,ok,5.438079308923196
2021,External Building Conditions,Bars on windows,"$100,000 to $119,999",135,135.0,ok,4.912654885736052
2021,External Building Conditions,Bars on windows,"$120,000 to $139,999",86,86.0,ok,4.465908118654584
2021,External Building Conditions,Bars on windows,"$140,000 to $159,999",51,51.0,ok,3.9512437185814275
2021,External Building Conditions,Bars on windows,"$160,000 to $179,999",54,54.0,ok,4.007333185232471
2021,External Building Conditions,Bars on windows,"$180,000 to $199,999",50,50.0,ok,3.9318256327243257
2021,External Building Conditions,Bars on windows,"$20,000 to $29,999",295,295.0,ok,5.69035945432406
2021,External Building Conditions,Bars on windows,"$200,000 or more",153,153.0,ok,5.0369526024136295
2021,External Building Conditions,Bars on windows,"$30,000 to $39,999",210,210.0,ok,5.351858133476067
2021,External Building Conditions,Bars on windows,"$40,000 to $49,999",237,237.0,ok,5.472270673671475
2021,External Building Conditions,Bars on windows,"$50,000 to $59,999",190,190.0,ok,5.25227342804663
2021,External Building Conditions,Bars on windows,"$60,000 to $79,999",356,356.0,ok,5.877735781779639
2021,External Building Conditions,Bars on windows,"$80,000 to $99,999",212,212.0,ok,5.3612921657094255
2021,External Building Conditions,Bars on windows,"Less than $10,000",254,254.0,ok,5.541263545158426
2021,External Building Conditions,Boarded up windows,"$10,000 to $19,999",196,196.0,ok,5.2832037287379885
2021,External Building Conditions,Boarded up windows,"$100,000 to $119,999",58,58.0,ok,4.07753744390572
2021,External Building Conditions,Boarded up windows,"$120,000 to $139,999",43,43.0,ok,3.784189633918261
2021,External Building Conditions,Boarded up windows,"$140,000 to $159,999",S,,suppressed,
2021,External Building Conditions,Boarded up windows,"$160,000 to $179,999",S,,suppressed,
2021,External Building Conditions,Boarded up windows,"$180,000 to $199,999",S,,suppressed,
2021,External Building Conditions,Boarded up windows,"$20,000 to $29,999",155,155.0,ok,5.049856007249537
2021,External Building Conditions,Boarded up windows,"$200,000 or more",S,,suppressed,
2021,External Building Conditions,Boarded up windows,"$30,000 to $39,999",133,133.0,ok,4.897839799950911
2021,External Building Conditions,Boarded up windows,"$40,000 to $49,999",102,102.0,ok,4.634728988229636
2021,External Building Conditions,Boarded up windows,"$50,000 to $59,999",86,86.0,ok,4.465908118654584
2021,External Building Conditions,Boarded up windows,"$60,000 to $79,999",150,150.0,ok,5.017279836814924
2021,External Building Conditions,Boarded up windows,"$80,000 to $99,999",72,72.0,ok,4.290459441148391
2021,External Building Conditions,Boarded up windows,"Less than $10,000",207,207.0,ok,5.337538079701318
2021,External Building Conditions,Broken windows,"$10,000 to $19,999",428,428.0,ok,6.061456918928017
2021,External Building Conditions,Broken windows,"$100,000 to $119,999",336,336.0,ok,5.820082930352362
2021,External Building Conditions,Broken windows,"$120,000 to $139,999",156,156.0,ok,5.056245805348308
2021,External Building Conditions,Broken windows,"$140,000 to $159,999",125,125.0,ok,4.836281906951478
2021,External Building Conditions,Broken windows,"$160,000 to $179,999",75,75.0,ok,4.330733340286331
2021,External Building Conditions,Broken windows,"$180,000 to $199,999",66,66.0,ok,4.204692619390966
2021,External Building Conditions,Broken windows,"$20,000 to $29,999",427,427.0,ok,6.059123195581797
2021,External Building Conditions,Broken windows,"$200,000 or more",218,218.0,ok,5.389071729816501
2021,External Building Conditions,Broken windows,"$30,000 to $39,999",419,419.0,ok,6.040254711277414
2021,External Building Conditions,Broken windows,"$40,000 to $49,999",451,451.0,ok,6.113682179832232
2021,External Building Conditions,Broken windows,"$50,000 to $59,999",295,295.0,ok,5.69035945432406
2021,External Building Conditions,Broken windows,"$60,000 to $79,999",571,571.0,ok,6.349138991379798
2021,External Building Conditions,Broken windows,"$80,000 to $99,999",363,363.0,ok,5.8971538676367405
2021,External Building Conditions,Broken windows,"Less than $10,000",432,432.0,ok,6.07073772800249
2021,External Building Conditions,Foundation crumbling or has open crack or hole,"$10,000 to $19,999",403,403.0,ok,6.0014148779611505
2021,External Building Conditions,Foundation crumbling or has open crack or hole,"$100,000 to $119,999",335,335.0,ok,5.817111159963204
2021,External Building Conditions,Foundation crumbling or has open crack or hole,"$120,000 to $139,999",237,237.0,ok,5.472270673671475
2021,External Building Conditions,Foundation crumbling or has open crack or hole,"$140,000 to $159,999",152,152.0,ok,5.030437921392435
2021,External Building Conditions,Foundation crumbling or has open crack or hole,"$160,000 to $179,999",136,136.0,ok,4.919980925828125
2021,External Building Conditions,Foundation crumbling or has open crack or hole,"$180,000 to $199,999",93,93.0,ok,4.543294782270004
2021,External Building Conditions,Foundation crumbling or has open crack or hole,"$20,000 to $29,999",477,477.0,ok,6.169610732491456
2021,External Building Conditions,Foundation crumbling or has open crack or hole,"$200,000 or more",348,348.0,ok,5.855071922202427
2021,External Building Conditions,Foundation crumbling or has open crack or hole,"$30,000 to $39,999",436,436.0,ok,6.07993319509559
2021,External Building Conditions,Foundation crumbling or has open crack or hole,"$40,000 to $49,999",478,478.0,ok,6.171700597410915
2021,External Building Conditions,Foundation crumbling or has open crack or hole,"$50,000 to $59,999",381,381.0,ok,5.945420608606575
2021,External Building Conditions,Foundation crumbling or has open crack or hole,"$60,000 to $79,999",614,614.0,ok,6.421622267806518
2021,External Building Conditions,Foundation crumbling or has open crack or hole,"$80,000 to $99,999",500,500.0,ok,6.2166061010848646
2021,External Building Conditions,Foundation crumbling or has open crack or hole,"Less than $10,000",461,461.0,ok,6.135564891081739
2021,External Building Conditions,Hole in roof,"$10,000 to $19,999",220,220.0,ok,5.3981627015177525
2021,External Building Conditions,Hole in roof,"$100,000 to $119,999",69,69.0,ok,4.248495242049359
2021,External Building Conditions,Hole in roof,"$120,000 to $139,999",S,,suppressed,
2021,External Building Conditions,Hole in roof,"$140,000 to $159,999",28,28.0,ok,3.367295829986474
2021,External Building Conditions,Hole in roof,"$160,000 to $179,999",S,,suppressed,
2021,External Building Conditions,Hole in roof,"$180,000 to $199,999",S,,suppressed,
2021,External Building Conditions,Hole in roof,"$20,000 to $29,999",180,180.0,ok,5.198497031265826
2021,External Building Conditions,Hole in roof,"$200,000 or more",52,52.0,ok,3.970291913552122
2021,External Building Conditions,Hole in roof,"$30,000 to $39,999",142,142.0,ok,4.962844630259907
2021,External Building Conditions,Hole in roof,"$40,000 to $49,999",160,160.0,ok,5.081404364984463
2021,External Building Conditions,Hole in roof,"$50,000 to $59,999",64,64.0,ok,4.174387269895637
2021,External Building Conditions,Hole in roof,"$60,000 to $79,999",170,170.0,ok,5.14166355650266
2021,External Building Conditions,Hole in roof,"$80,000 to $99,999",80,80.0,ok,4.394449154672439
2021,External Building Conditions,Hole in roof,"Less than $10,000",249,249.0,ok,5.521460917862246
2021,External Building Conditions,"Missing bricks, siding, or other outside wall material","$10,000 to $19,999",290,290.0,ok,5.673323267171493
2021,External Building Conditions,"Missing bricks, siding, or other outside wall material","$100,000 to $119,999",146,146.0,ok,4.990432586778736
2021,External Building Conditions,"Missing bricks, siding, or other outside wall material","$120,000 to $139,999",124,124.0,ok,4.8283137373023015
2021,External Building Conditions,"Missing bricks, siding, or other outside wall material","$140,000 to $159,999",77,77.0,ok,4.356708826689592
2021,External Building Conditions,"Missing bricks, siding, or other outside wall material","$160,000 to $179,999",56,56.0,ok,4.04305126783455
2021,External Building Conditions,"Missing bricks, siding, or other outside wall material","$180,000 to $199,999",57,57.0,ok,4.060443010546419
2021,External Building Conditions,"Missing bricks, siding, or other outside wall material","$20,000 to $29,999",240,240.0,ok,5.484796933490655
2021,External Building Conditions,"Missing bricks, siding, or other outside wall material","$200,000 or more",108,108.0,ok,4.6913478822291435
2021,External Building Conditions,"Missing bricks, siding, or other outside wall material","$30,000 to $39,999",288,288.0,ok,5.666426688112432
2021,External Building Conditions,"Missing bricks, siding, or other outside wall material","$40,000 to $49,999",307,307.0,ok,5.730099782973575
2021,External Building Conditions,"Missing bricks, siding, or other outside wall material","$50,000 to $59,999",171,171.0,ok,5.147494476813453
2021,External Building Conditions,"Missing bricks, siding, or other outside wall material","$60,000 to $79,999",369,369.0,ok,5.91350300563827
2021,External Building Conditions,"Missing bricks, siding, or other outside wall material","$80,000 to $99,999",253,253.0,ok,5.537334267018537
2021,External Building Conditions,"Missing bricks, siding, or other outside wall material","Less than $10,000",271,271.0,ok,5.605802066295998
2021,External Building Conditions,Missing roofing material,"$10,000 to $19,999",318,318.0,ok,5.765191102784844
2021,External Building Conditions,Missing roofing material,"$100,000 to $119,999",238,238.0,ok,5.476463551931511
2021,External Building Conditions,Missing roofing material,"$120,000 to $139,999",173,173.0,ok,5.159055299214529
2021,External Building Conditions,Missing roofing material,"$140,000 to $159,999",116,116.0,ok,4.762173934797756
2021,External Building Conditions,Missing roofing material,"$160,000 to $179,999",74,74.0,ok,4.31748811353631
2021,External Building Conditions,Missing roofing material,"$180,000 to $199,999",69,69.0,ok,4.248495242049359
2021,External Building Conditions,Missing roofing material,"$20,000 to $29,999",307,307.0,ok,5.730099782973575
2021,External Building Conditions,Missing roofing material,"$200,000 or more",185,185.0,ok,5.225746673713202
2021,External Building Conditions,Missing roofing material,"$30,000 to $39,999",290,290.0,ok,5.673323267171493
2021,External Building Conditions,Missing roofing material,"$40,000 to $49,999",304,304.0,ok,5.720311776607412
2021,External Building Conditions,Missing roofing material,"$50,000 to $59,999",219,219.0,ok,5.393627546352361
2021,External Building Conditions,Missing roofing material,"$60,000 to $79,999",401,401.0,ok,5.996452088619021
2021,External Building Conditions,Missing roofing material,"$80,000 to $99,999",286,286.0,ok,5.659482215759621
2021,External Building Conditions,Missing roofing material,"Less than $10,000",350,350.0,ok,5.860786223465865
2021,External Building Conditions,Sagging roof,"$10,000 to $19,999",243,243.0,ok,5.497168225293202
2021,External Building Conditions,Sagging roof,"$100,000 to $119,999",119,119.0,ok,4.787491742782046
2021,External Building Conditions,Sagging roof,"$120,000 to $139,999",93,93.0,ok,4.543294782270004
2021,External Building Conditions,Sagging roof,"$140,000 to $159,999",68,68.0,ok,4.23410650459726
2021,External Building Conditions,Sagging roof,"$160,000 to $179,999",S,,suppressed,
2021,External Building Conditions,Sagging roof,"$180,000 to $199,999",44,44.0,ok,3.8066624897703196
2021,External Building Conditions,Sagging roof,"$20,000 to $29,999",176,176.0,ok,5.176149732573829
2021,External Building Conditions,Sagging roof,"$200,000 or more",86,86.0,ok,4.465908118654584
2021,External Building Conditions,Sagging roof,"$30,000 to $39,999",187,187.0,ok,5.236441962829949
2021,External Building Conditions,Sagging roof,"$40,000 to $49,999",176,176.0,ok,5.176149732573829
2021,External Building Conditions,Sagging roof,"$50,000 to $59,999",98,98.0,ok,4.59511985013459
2021,External Building Conditions,Sagging roof,"$60,000 to $79,999",236,236.0,ok,5.4680601411351315
2021,External Building Conditions,Sagging roof,"$80,000 to $99,999",157,157.0,ok,5.062595033026967
2021,External Building Conditions,Sagging roof,"Less than $10,000",236,236.0,ok,5.4680601411351315
2021,External Building Conditions,Sloping outside walls,"$10,000 to $19,999",175,175.0,ok,5.170483995038151
2021,External Building Conditions,Sloping outside walls,"$100,000 to $119,999",42,42.0,ok,3.7612001156935624
2021,External Building Conditions,Sloping outside walls,"$120,000 to $139,999",59,59.0,ok,4.0943445622221
2021,External Building Conditions,Sloping outside walls,"$140,000 to $159,999",S,,suppressed,
2021,External Building Conditions,Sloping outside walls,"$160,000 to $179,999",S,,suppressed,
2021,External Building Conditions,Sloping outside walls,"$180,000 to $199,999",S,,suppressed,
2021,External Building Conditions,Sloping outside walls,"$20,000 to $29,999",138,138.0,ok,4.9344739331306915
2021,External Building Conditions,Sloping outside walls,"$200,000 or more",71,71.0,ok,4.276666119016055
2021,External Building Conditions,Sloping outside walls,"$30,000 to $39,999",127,127.0,ok,4.852030263919617
2021,External Building Conditions,Sloping outside walls,"$40,000 to $49,999",146,146.0,ok,4.990432586778736
2021,External Building Conditions,Sloping outside walls,"$50,000 to $59,999",98,98.0,ok,4.59511985013459
2021,External Building Conditions,Sloping outside walls,"$60,000 to $79,999",128,128.0,ok,4.859812404361672
2021,External Building Conditions,Sloping outside walls,"$80,000 to $99,999",101,101.0,ok,4.624972813284271
2021,External Building Conditions,Sloping outside walls,"Less than $10,000",142,142.0,ok,4.962844630259907
2021,Flush Toilet Breakdowns,No breakdowns lasting 6 hours or more,"$10,000 to $19,999",52,52.0,ok,3.970291913552122
2021,Flush Toilet Breakdowns,No breakdowns lasting 6 hours or more,"$100,000 to $119,999",S,,suppressed,
2021,Flush Toilet Breakdowns,No breakdowns lasting 6 hours or more,"$120,000 to $139,999",S,,suppressed,
2021,Flush Toilet Breakdowns,No breakdowns lasting 6 hours or more,"$140,000 to $159,999",S,,suppressed,
2021,Flush Toilet Breakdowns,No breakdowns lasting 6 hours or more,"$160,000 to $179,999",S,,suppressed,
2021,Flush Toilet Breakdowns,No breakdowns lasting 6 hours or more,"$180,000 to $199,999",S,,suppressed,
2021,Flush Toilet Breakdowns,No breakdowns lasting 6 hours or more,"$20,000 to $29,999",67,67.0,ok,4.219507705176107
2021,Flush Toilet Breakdowns,No breakdowns lasting 6 hours or more,"$200,000 or more",24,24.0,ok,3.2188758248682006
2021,Flush Toilet Breakdowns,No breakdowns lasting 6 hours or more,"$30,000 to $39,999",S,,suppressed,
2021,Flush Toilet Breakdowns,No breakdowns lasting 6 hours or more,"$40,000 to $49,999",64,64.0,ok,4.174387269895637
2021,Flush Toilet Breakdowns,No breakdowns lasting 6 hours or more,"$50,000 to $59,999",S,,suppressed,
2021,Flush Toilet Breakdowns,No breakdowns lasting 6 hours or more,"$60,000 to $79,999",90,90.0,ok,4.51085950651685
2021,Flush Toilet Breakdowns,No breakdowns lasting 6 hours or more,"$80,000 to $99,999",S,,suppressed,
2021,Flush Toilet Breakdowns,No breakdowns lasting 6 hours or more,"Less than $10,000",57,57.0,ok,4.060443010546419
2021,Flush Toilet Breakdowns,None working some time in last 3 months,"$10,000 to $19,999",345,345.0,ok,5.846438775057724
2021,Flush Toilet Breakdowns,None working some time in last 3 months,"$100,000 to $119,999",82,82.0,ok,4.418840607796598
2021,Flush Toilet Breakdowns,None working some time in last 3 months,"$120,000 to $139,999",67,67.0,ok,4.219507705176107
2021,Flush Toilet Breakdowns,None working some time in last 3 months,"$140,000 to $159,999",70,70.0,ok,4.2626798770413155
2021,Flush Toilet Breakdowns,None working some time in last 3 months,"$160,000 to $179,999",44,44.0,ok,3.8066624897703196
2021,Flush Toilet Breakdowns,None working some time in last 3 months,"$180,000 to $199,999",S,,suppressed,
2021,Flush Toilet Breakdowns,None working some time in last 3 months,"$20,000 to $29,999",304,304.0,ok,5.720311776607412
2021,Flush Toilet Breakdowns,None working some time in last 3 months,"$200,000 or more",101,101.0,ok,4.624972813284271
2021,Flush Toilet Breakdowns,None working some time in last 3 months,"$30,000 to $39,999",225,225.0,ok,5.420534999272286
2021,Flush Toilet Breakdowns,None working some time in last 3 months,"$40,000 to $49,999",226,226.0,ok,5.424950017481403
2021,Flush Toilet Breakdowns,None working some time in last 3 months,"$50,000 to $59,999",185,185.0,ok,5.225746673713202
2021,Flush Toilet Breakdowns,None working some time in last 3 months,"$60,000 to $79,999",308,308.0,ok,5.733341276897746
2021,Flush Toilet Breakdowns,None working some time in last 3 months,"$80,000 to $99,999",138,138.0,ok,4.9344739331306915
2021,Flush Toilet Breakdowns,None working some time in last 3 months,"Less than $10,000",422,422.0,ok,6.0473721790462776
2021,Flush Toilet Breakdowns,With at least one toilet working at all times in last 3 months,"$10,000 to $19,999","9,942",9942.0,ok,9.204624064980074
2021,Flush Toilet Breakdowns,With at least one toilet working at all times in last 3 months,"$100,000 to $119,999","9,592",9592.0,ok,9.168788944817948
2021,Flush Toilet Breakdowns,With at least one toilet working at all times in last 3 months,"$120,000 to $139,999","7,134",7134.0,ok,8.872767529910936
2021,Flush Toilet Breakdowns,With at least one toilet working at all times in last 3 months,"$140,000 to $159,999","5,479",5479.0,ok,8.608860379942062
2021,Flush Toilet Breakdowns,With at least one toilet working at all times in last 3 months,"$160,000 to $179,999","3,564",3564.0,ok,8.178919332848396
2021,Flush Toilet Breakdowns,With at least one toilet working at all times in last 3 months,"$180,000 to $199,999","2,596",2596.0,ok,7.862112211662748
2021,Flush Toilet Breakdowns,With at least one toilet working at all times in last 3 months,"$20,000 to $29,999","10,632",10632.0,ok,9.271717651651086
2021,Flush Toilet Breakdowns,With at least one toilet working at all times in last 3 months,"$200,000 or more","10,312",10312.0,ok,9.24116051431607
2021,Flush Toilet Breakdowns,With at least one toilet working at all times in last 3 months,"$30,000 to $39,999","10,272",10272.0,ok,9.237274373216264
2021,Flush Toilet Breakdowns,With at least one toilet working at all times in last 3 months,"$40,000 to $49,999","10,022",10022.0,ok,9.212637731024866
2021,Flush Toilet Breakdowns,With at least one toilet working at all times in last 3 months,"$50,000 to $59,999","8,684",8684.0,ok,9.069352678675205
2021,Flush Toilet Breakdowns,With at least one toilet working at all times in last 3 months,"$60,000 to $79,999","15,836",15836.0,ok,9.670104253491726
2021,Flush Toilet Breakdowns,With at least one toilet working at all times in last 3 months,"$80,000 to $99,999","11,860",11860.0,ok,9.381010986029276
2021,Flush Toilet Breakdowns,With at least one toilet working at all times in last 3 months,"Less than $10,000","9,914",9914.0,ok,9.201804040953895
2021,Flush Toilet Breakdowns,With one or more flush toilets,"$10,000 to $19,999","10,287",10287.0,ok,9.2387334464774
2021,Flush Toilet Breakdowns,With one or more flush toilets,"$100,000 to $119,999","9,674",9674.0,ok,9.177300517897983
2021,Flush Toilet Breakdowns,With one or more flush toilets,"$120,000 to $139,999","7,201",7201.0,ok,8.882114044208821
2021,Flush Toilet Breakdowns,With one or more flush toilets,"$140,000 to $159,999","5,548",5548.0,ok,8.621373010325902
2021,Flush Toilet Breakdowns,With one or more flush toilets,"$160,000 to $179,999","3,607",3607.0,ok,8.190908881182514
2021,Flush Toilet Breakdowns,With one or more flush toilets,"$180,000 to $199,999","2,624",2624.0,ok,7.872836175025724
2021,Flush Toilet Breakdowns,With one or more flush toilets,"$20,000 to $29,999","10,936",10936.0,ok,9.299906815335225
2021,Flush Toilet Breakdowns,With one or more flush toilets,"$200,000 or more","10,413",10413.0,ok,9.250906333722844
2021,Flush Toilet Breakdowns,With one or more flush toilets,"$30,000 to $39,999","10,497",10497.0,ok,9.258940041812245
2021,Flush Toilet Breakdowns,With one or more flush toilets,"$40,000 to $49,999","10,249",10249.0,ok,9.235032984566555
2021,Flush Toilet Breakdowns,With one or more flush toilets,"$50,000 to $59,999","8,869",8869.0,ok,9.090430075303626
2021,Flush Toilet Breakdowns,With one or more flush toilets,"$60,000 to $79,999","16,144",16144.0,ok,9.689365683192376
2021,Flush Toilet Breakdowns,With one or more flush toilets,"$80,000 to $99,999","11,998",11998.0,ok,9.392578591964389
2021,Flush Toilet Breakdowns,With one or more flush toilets,"Less than $10,000","10,336",10336.0,ok,9.243484970568485
2021,Heating Problems,Equipment breakdowns,"$10,000 to $19,999",349,349.0,ok,5.857933154483459
2021,Heating Problems,Equipment breakdowns,"$100,000 to $119,999",184,184.0,ok,5.220355825078325
2021,Heating Problems,Equipment breakdowns,"$120,000 to $139,999",120,120.0,ok,4.795790545596741
2021,Heating Problems,Equipment breakdowns,"$140,000 to $159,999",60,60.0,ok,4.110873864173311
2021,Heating Problems,Equipment breakdowns,"$160,000 to $179,999",S,,suppressed,
2021,Heating Problems,Equipment breakdowns,"$180,000 to $199,999",50,50.0,ok,3.9318256327243257
2021,Heating Problems,Equipment breakdowns,"$20,000 to $29,999",371,371.0,ok,5.918893854273146
2021,Heating Problems,Equipment breakdowns,"$200,000 or more",154,154.0,ok,5.043425116919247
2021,Heating Problems,Equipment breakdowns,"$30,000 to $39,999",318,318.0,ok,5.765191102784844
2021,Heating Problems,Equipment breakdowns,"$40,000 to $49,999",271,271.0,ok,5.605802066295998
2021,Heating Problems,Equipment breakdowns,"$50,000 to $59,999",264,264.0,ok,5.579729825986222
2021,Heating Problems,Equipment breakdowns,"$60,000 to $79,999",419,419.0,ok,6.040254711277414
2021,Heating Problems,Equipment breakdowns,"$80,000 to $99,999",207,207.0,ok,5.337538079701318
2021,Heating Problems,Equipment breakdowns,"Less than $10,000",375,375.0,ok,5.929589143389895
2021,Heating Problems,No breakdowns lasting 6 hours or more,"$10,000 to $19,999",S,,suppressed,
2021,Heating Problems,No breakdowns lasting 6 hours or more,"$100,000 to $119,999",.,,blank_or_na,
2021,Heating Problems,No breakdowns lasting 6 hours or more,"$120,000 to $139,999",.,,blank_or_na,
2021,Heating Problems,No breakdowns lasting 6 hours or more,"$140,000 to $159,999",S,,suppressed,
2021,Heating Problems,No breakdowns lasting 6 hours or more,"$160,000 to $179,999",.,,blank_or_na,
2021,Heating Problems,No breakdowns lasting 6 hours or more,"$180,000 to $199,999",.,,blank_or_na,
2021,Heating Problems,No breakdowns lasting 6 hours or more,"$20,000 to $29,999",S,,suppressed,
2021,Heating Problems,No breakdowns lasting 6 hours or more,"$200,000 or more",S,,suppressed,
2021,Heating Problems,No breakdowns lasting 6 hours or more,"$30,000 to $39,999",S,,suppressed,
2021,Heating Problems,No breakdowns lasting 6 hours or more,"$40,000 to $49,999",S,,suppressed,
2021,Heating Problems,No breakdowns lasting 6 hours or more,"$50,000 to $59,999",S,,suppressed,
2021,Heating Problems,No breakdowns lasting 6 hours or more,"$60,000 to $79,999",S,,suppressed,
2021,Heating Problems,No breakdowns lasting 6 hours or more,"$80,000 to $99,999",S,,suppressed,
2021,Heating Problems,No breakdowns lasting 6 hours or more,"Less than $10,000",S,,suppressed,
2021,Heating Problems,Not uncomfortably cold for 24 hours or more,"$10,000 to $19,999","8,584",8584.0,ok,9.057771773331575
2021,Heating Problems,Not uncomfortably cold for 24 hours or more,"$100,000 to $119,999","8,529",8529.0,ok,9.051344640485725
2021,Heating Problems,Not uncomfortably cold for 24 hours or more,"$120,000 to $139,999","6,415",6415.0,ok,8.766550149546351
2021,Heating Problems,Not uncomfortably cold for 24 hours or more,"$140,000 to $159,999","4,884",4884.0,ok,8.493924564476883
2021,Heating Problems,Not uncomfortably cold for 24 hours or more,"$160,000 to $179,999","3,172",3172.0,ok,8.062432791583195
2021,Heating Problems,Not uncomfortably cold for 24 hours or more,"$180,000 to $199,999","2,291",2291.0,ok,7.73718007783463
2021,Heating Problems,Not uncomfortably cold for 24 hours or more,"$20,000 to $29,999","9,043",9043.0,ok,9.10985683339786
2021,Heating Problems,Not uncomfortably cold for 24 hours or more,"$200,000 or more","9,231",9231.0,ok,9.13043098874788
2021,Heating Problems,Not uncomfortably cold for 24 hours or more,"$30,000 to $39,999","8,853",8853.0,ok,9.088624613292087
2021,Heating Problems,Not uncomfortably cold for 24 hours or more,"$40,000 to $49,999","8,595",8595.0,ok,9.059052257762401
2021,Heating Problems,Not uncomfortably cold for 24 hours or more,"$50,000 to $59,999","7,519",7519.0,ok,8.925321416943886
2021,Heating Problems,Not uncomfortably cold for 24 hours or more,"$60,000 to $79,999","13,807",13807.0,ok,9.53300341332321
2021,Heating Problems,Not uncomfortably cold for 24 hours or more,"$80,000 to $99,999","10,485",10485.0,ok,9.257796313132477
2021,Heating Problems,Not uncomfortably cold for 24 hours or more,"Less than $10,000","8,508",8508.0,ok,9.048879705849558
2021,Heating Problems,Uncomfortably cold for 24 hours or more,"$10,000 to $19,999","1,118",1118.0,ok,7.020190708311925
2021,Heating Problems,Uncomfortably cold for 24 hours or more,"$100,000 to $119,999",721,721.0,ok,6.582025138892826
2021,Heating Problems,Uncomfortably cold for 24 hours or more,"$120,000 to $139,999",470,470.0,ok,6.154858094016418
2021,Heating Problems,Uncomfortably cold for 24 hours or more,"$140,000 to $159,999",420,420.0,ok,6.042632833682381
2021,Heating Problems,Uncomfortably cold for 24 hours or more,"$160,000 to $179,999",231,231.0,ok,5.44673737166631
2021,Heating Problems,Uncomfortably cold for 24 hours or more,"$180,000 to $199,999",183,183.0,ok,5.214935757608986
2021,Heating Problems,Uncomfortably cold for 24 hours or more,"$20,000 to $29,999","1,227",1227.0,ok,7.113142108707088
2021,Heating Problems,Uncomfortably cold for 24 hours or more,"$200,000 or more",700,700.0,ok,6.55250788703459
2021,Heating Problems,Uncomfortably cold for 24 hours or more,"$30,000 to $39,999",978,978.0,ok,6.88653164253051
2021,Heating Problems,Uncomfortably cold for 24 hours or more,"$40,000 to $49,999","1,023",1023.0,ok,6.931471805599453
2021,Heating Problems,Uncomfortably cold for 24 hours or more,"$50,000 to $59,999",796,796.0,ok,6.680854678790215
2021,Heating Problems,Uncomfortably cold for 24 hours or more,"$60,000 to $79,999","1,370",1370.0,ok,7.223295679562314
2021,Heating Problems,Uncomfortably cold for 24 hours or more,"$80,000 to $99,999",910,910.0,ok,6.814542897259958
2021,Heating Problems,Uncomfortably cold for 24 hours or more,"Less than $10,000","1,207",1207.0,ok,7.0967213784947605
2021,Heating Problems,With heating equipment and occupied last winter,"$10,000 to $19,999","9,701",9701.0,ok,9.180087328805161
2021,Heating Problems,With heating equipment and occupied last winter,"$100,000 to $119,999","9,250",9250.0,ok,9.132486932771318
2021,Heating Problems,With heating equipment and occupied last winter,"$120,000 to $139,999","6,885",6885.0,ok,8.83724564389847
2021,Heating Problems,With heating equipment and occupied last winter,"$140,000 to $159,999","5,303",5303.0,ok,8.576216531865699
2021,Heating Problems,With heating equipment and occupied last winter,"$160,000 to $179,999","3,403",3403.0,ok,8.132706489693264
2021,Heating Problems,With heating equipment and occupied last winter,"$180,000 to $199,999","2,474",2474.0,ok,7.813995675002791
2021,Heating Problems,With heating equipment and occupied last winter,"$20,000 to $29,999","10,270",10270.0,ok,9.237079669165805
2021,Heating Problems,With heating equipment and occupied last winter,"$200,000 or more","9,931",9931.0,ok,9.203517146628057
2021,Heating Problems,With heating equipment and occupied last winter,"$30,000 to $39,999","9,830",9830.0,ok,9.193295937366925
2021,Heating Problems,With heating equipment and occupied last winter,"$40,000 to $49,999","9,618",9618.0,ok,9.171495588152615
2021,Heating Problems,With heating equipment and occupied last winter,"$50,000 to $59,999","8,315",8315.0,ok,9.025936648977904
2021,Heating Problems,With heating equipment and occupied last winter,"$60,000 to $79,999","15,177",15177.0,ok,9.627602289963859
2021,Heating Problems,With heating equipment and occupied last winter,"$80,000 to $99,999","11,395",11395.0,ok,9.341017695617799
2021,Heating Problems,With heating equipment and occupied last winter,"Less than $10,000","9,715",9715.0,ok,9.181529290122063
2021,Housing Adequacy,Adequate,"$10,000 to $19,999","9,424",9424.0,ok,9.151121012316212
2021,Housing Adequacy,Adequate,"$100,000 to $119,999","9,363",9363.0,ok,9.144627828610801
2021,Housing Adequacy,Adequate,"$120,000 to $139,999","7,031",7031.0,ok,8.858226439365012
2021,Housing Adequacy,Adequate,"$140,000 to $159,999","5,371",5371.0,ok,8.588955557643128
2021,Housing Adequacy,Adequate,"$160,000 to $179,999","3,523",3523.0,ok,8.16735198705607
2021,Housing Adequacy,Adequate,"$180,000 to $199,999","2,543",2543.0,ok,7.841492924460013
2021,Housing Adequacy,Adequate,"$20,000 to $29,999","10,214",10214.0,ok,9.231612507251722
2021,Housing Adequacy,Adequate,"$200,000 or more","10,180",10180.0,ok,9.228278517107196
2021,Housing Adequacy,Adequate,"$30,000 to $39,999","9,876",9876.0,ok,9.197964100908127
2021,Housing Adequacy,Adequate,"$40,000 to $49,999","9,636",9636.0,ok,9.173365135851288
2021,Housing Adequacy,Adequate,"$50,000 to $59,999","8,375",8375.0,ok,9.033125752550372
2021,Housing Adequacy,Adequate,"$60,000 to $79,999","15,434",15434.0,ok,9.64439293693626
2021,Housing Adequacy,Adequate,"$80,000 to $99,999","11,553",11553.0,ok,9.354786976341211
2021,Housing Adequacy,Adequate,"Less than $10,000","9,294",9294.0,ok,9.137231900155545
2021,Housing Adequacy,Electric or wiring,"$10,000 to $19,999",S,,suppressed,
2021,Housing Adequacy,Electric or wiring,"$100,000 to $119,999",S,,suppressed,
2021,Housing Adequacy,Electric or wiring,"$120,000 to $139,999",S,,suppressed,
2021,Housing Adequacy,Electric or wiring,"$140,000 to $159,999",.,,blank_or_na,
2021,Housing Adequacy,Electric or wiring,"$160,000 to $179,999",.,,blank_or_na,
2021,Housing Adequacy,Electric or wiring,"$180,000 to $199,999",S,,suppressed,
2021,Housing Adequacy,Electric or wiring,"$20,000 to $29,999",S,,suppressed,
2021,Housing Adequacy,Electric or wiring,"$200,000 or more",S,,suppressed,
2021,Housing Adequacy,Electric or wiring,"$30,000 to $39,999",S,,suppressed,
2021,Housing Adequacy,Electric or wiring,"$40,000 to $49,999",S,,suppressed,
2021,Housing Adequacy,Electric or wiring,"$50,000 to $59,999",S,,suppressed,
2021,Housing Adequacy,Electric or wiring,"$60,000 to $79,999",S,,suppressed,
2021,Housing Adequacy,Electric or wiring,"$80,000 to $99,999",S,,suppressed,
2021,Housing Adequacy,Electric or wiring,"Less than $10,000",51,51.0,ok,3.9512437185814275
2021,Housing Adequacy,Heating,"$10,000 to $19,999",134,134.0,ok,4.90527477843843
2021,Housing Adequacy,Heating,"$100,000 to $119,999",48,48.0,ok,3.8918202981106265
2021,Housing Adequacy,Heating,"$120,000 to $139,999",31,31.0,ok,3.4657359027997265
2021,Housing Adequacy,Heating,"$140,000 to $159,999",S,,suppressed,
2021,Housing Adequacy,Heating,"$160,000 to $179,999",S,,suppressed,
2021,Housing Adequacy,Heating,"$180,000 to $199,999",S,,suppressed,
2021,Housing Adequacy,Heating,"$20,000 to $29,999",128,128.0,ok,4.859812404361672
2021,Housing Adequacy,Heating,"$200,000 or more",S,,suppressed,
2021,Housing Adequacy,Heating,"$30,000 to $39,999",96,96.0,ok,4.574710978503383
2021,Housing Adequacy,Heating,"$40,000 to $49,999",75,75.0,ok,4.330733340286331
2021,Housing Adequacy,Heating,"$50,000 to $59,999",136,136.0,ok,4.919980925828125
2021,Housing Adequacy,Heating,"$60,000 to $79,999",117,117.0,ok,4.770684624465665
2021,Housing Adequacy,Heating,"$80,000 to $99,999",55,55.0,ok,4.02535169073515
2021,Housing Adequacy,Heating,"Less than $10,000",186,186.0,ok,5.231108616854587
2021,Housing Adequacy,Moderately inadequate,"$10,000 to $19,999",636,636.0,ok,6.456769655572163
2021,Housing Adequacy,Moderately inadequate,"$100,000 to $119,999",226,226.0,ok,5.424950017481403
2021,Housing Adequacy,Moderately inadequate,"$120,000 to $139,999",125,125.0,ok,4.836281906951478
2021,Housing Adequacy,Moderately inadequate,"$140,000 to $159,999",154,154.0,ok,5.043425116919247
2021,Housing Adequacy,Moderately inadequate,"$160,000 to $179,999",68,68.0,ok,4.23410650459726
2021,Housing Adequacy,Moderately inadequate,"$180,000 to $199,999",62,62.0,ok,4.143134726391533
2021,Housing Adequacy,Moderately inadequate,"$20,000 to $29,999",511,511.0,ok,6.238324625039508
2021,Housing Adequacy,Moderately inadequate,"$200,000 or more",183,183.0,ok,5.214935757608986
2021,Housing Adequacy,Moderately inadequate,"$30,000 to $39,999",481,481.0,ok,6.1779441140506
2021,Housing Adequacy,Moderately inadequate,"$40,000 to $49,999",466,466.0,ok,6.1463292576688975
2021,Housing Adequacy,Moderately inadequate,"$50,000 to $59,999",332,332.0,ok,5.808142489980444
2021,Housing Adequacy,Moderately inadequate,"$60,000 to $79,999",550,550.0,ok,6.311734809152915
2021,Housing Adequacy,Moderately inadequate,"$80,000 to $99,999",366,366.0,ok,5.905361848054571
2021,Housing Adequacy,Moderately inadequate,"Less than $10,000",694,694.0,ok,6.543911845564792
2021,Housing Adequacy,Other,"$10,000 to $19,999",388,388.0,ok,5.963579343618446
2021,Housing Adequacy,Other,"$100,000 to $119,999",114,114.0,ok,4.74493212836325
2021,Housing Adequacy,Other,"$120,000 to $139,999",50,50.0,ok,3.9318256327243257
2021,Housing Adequacy,Other,"$140,000 to $159,999",51,51.0,ok,3.9512437185814275
2021,Housing Adequacy,Other,"$160,000 to $179,999",S,,suppressed,
2021,Housing Adequacy,Other,"$180,000 to $199,999",S,,suppressed,
2021,Housing Adequacy,Other,"$20,000 to $29,999",277,277.0,ok,5.627621113690637
2021,Housing Adequacy,Other,"$200,000 or more",52,52.0,ok,3.970291913552122
2021,Housing Adequacy,Other,"$30,000 to $39,999",267,267.0,ok,5.5909869805108565
2021,Housing Adequacy,Other,"$40,000 to $49,999",241,241.0,ok,5.488937726156687
2021,Housing Adequacy,Other,"$50,000 to $59,999",165,165.0,ok,5.111987788356544
2021,Housing Adequacy,Other,"$60,000 to $79,999",277,277.0,ok,5.627621113690637
2021,Housing Adequacy,Other,"$80,000 to $99,999",185,185.0,ok,5.225746673713202
2021,Housing Adequacy,Other,"Less than $10,000",408,408.0,ok,6.013715156042802
2021,Housing Adequacy,Plumbing,"$10,000 to $19,999",60,60.0,ok,4.110873864173311
2021,Housing Adequacy,Plumbing,"$100,000 to $119,999",S,,suppressed,
2021,Housing Adequacy,Plumbing,"$120,000 to $139,999",S,,suppressed,
2021,Housing Adequacy,Plumbing,"$140,000 to $159,999",S,,suppressed,
2021,Housing Adequacy,Plumbing,"$160,000 to $179,999",.,,blank_or_na,
2021,Housing Adequacy,Plumbing,"$180,000 to $199,999",S,,suppressed,
2021,Housing Adequacy,Plumbing,"$20,000 to $29,999",S,,suppressed,
2021,Housing Adequacy,Plumbing,"$200,000 or more",S,,suppressed,
2021,Housing Adequacy,Plumbing,"$30,000 to $39,999",S,,suppressed,
2021,Housing Adequacy,Plumbing,"$40,000 to $49,999",S,,suppressed,
2021,Housing Adequacy,Plumbing,"$50,000 to $59,999",S,,suppressed,
2021,Housing Adequacy,Plumbing,"$60,000 to $79,999",S,,suppressed,
2021,Housing Adequacy,Plumbing,"$80,000 to $99,999",S,,suppressed,
2021,Housing Adequacy,Plumbing,"Less than $10,000",113,113.0,ok,4.736198448394496
2021,Housing Adequacy,Severely inadequate,"$10,000 to $19,999",258,258.0,ok,5.556828061699537
2021,Housing Adequacy,Severely inadequate,"$100,000 to $119,999",89,89.0,ok,4.499809670330265
2021,Housing Adequacy,Severely inadequate,"$120,000 to $139,999",44,44.0,ok,3.8066624897703196
2021,Housing Adequacy,Severely inadequate,"$140,000 to $159,999",S,,suppressed,
2021,Housing Adequacy,Severely inadequate,"$160,000 to $179,999",S,,suppressed,
2021,Housing Adequacy,Severely inadequate,"$180,000 to $199,999",S,,suppressed,
2021,Housing Adequacy,Severely inadequate,"$20,000 to $29,999",223,223.0,ok,5.4116460518550396
2021,Housing Adequacy,Severely inadequate,"$200,000 or more",50,50.0,ok,3.9318256327243257
2021,Housing Adequacy,Severely inadequate,"$30,000 to $39,999",159,159.0,ok,5.075173815233827
2021,Housing Adequacy,Severely inadequate,"$40,000 to $49,999",147,147.0,ok,4.997212273764115
2021,Housing Adequacy,Severely inadequate,"$50,000 to $59,999",169,169.0,ok,5.135798437050262
2021,Housing Adequacy,Severely inadequate,"$60,000 to $79,999",162,162.0,ok,5.093750200806762
2021,Housing Adequacy,Severely inadequate,"$80,000 to $99,999",84,84.0,ok,4.442651256490317
2021,Housing Adequacy,Severely inadequate,"Less than $10,000",388,388.0,ok,5.963579343618446
2021,Housing Adequacy,Upkeep,"$10,000 to $19,999",45,45.0,ok,3.828641396489095
2021,Housing Adequacy,Upkeep,"$100,000 to $119,999",.,,blank_or_na,
2021,Housing Adequacy,Upkeep,"$120,000 to $139,999",S,,suppressed,
2021,Housing Adequacy,Upkeep,"$140,000 to $159,999",S,,suppressed,
2021,Housing Adequacy,Upkeep,"$160,000 to $179,999",.,,blank_or_na,
2021,Housing Adequacy,Upkeep,"$180,000 to $199,999",.,,blank_or_na,
2021,Housing Adequacy,Upkeep,"$20,000 to $29,999",51,51.0,ok,3.9512437185814275
2021,Housing Adequacy,Upkeep,"$200,000 or more",S,,suppressed,
2021,Housing Adequacy,Upkeep,"$30,000 to $39,999",S,,suppressed,
2021,Housing Adequacy,Upkeep,"$40,000 to $49,999",S,,suppressed,
2021,Housing Adequacy,Upkeep,"$50,000 to $59,999",S,,suppressed,
2021,Housing Adequacy,Upkeep,"$60,000 to $79,999",S,,suppressed,
2021,Housing Adequacy,Upkeep,"$80,000 to $99,999",S,,suppressed,
2021,Housing Adequacy,Upkeep,"Less than $10,000",91,91.0,ok,4.5217885770490405
2021,Mold,Basement,"$10,000 to $19,999",40,40.0,ok,3.713572066704308
2021,Mold,Basement,"$100,000 to $119,999",S,,suppressed,
2021,Mold,Basement,"$120,000 to $139,999",S,,suppressed,
2021,Mold,Basement,"$140,000 to $159,999",S,,suppressed,
2021,Mold,Basement,"$160,000 to $179,999",S,,suppressed,
2021,Mold,Basement,"$180,000 to $199,999",S,,suppressed,
2021,Mold,Basement,"$20,000 to $29,999",41,41.0,ok,3.7376696182833684
2021,Mold,Basement,"$200,000 or more",S,,suppressed,
2021,Mold,Basement,"$30,000 to $39,999",S,,suppressed,
2021,Mold,Basement,"$40,000 to $49,999",51,51.0,ok,3.9512437185814275
2021,Mold,Basement,"$50,000 to $59,999",S,,suppressed,
2021,Mold,Basement,"$60,000 to $79,999",61,61.0,ok,4.127134385045092
2021,Mold,Basement,"$80,000 to $99,999",S,,suppressed,
2021,Mold,Basement,"Less than $10,000",S,,suppressed,
2021,Mold,Bathroom(s),"$10,000 to $19,999",235,235.0,ok,5.4638318050256105
2021,Mold,Bathroom(s),"$100,000 to $119,999",93,93.0,ok,4.543294782270004
2021,Mold,Bathroom(s),"$120,000 to $139,999",51,51.0,ok,3.9512437185814275
2021,Mold,Bathroom(s),"$140,000 to $159,999",40,40.0,ok,3.713572066704308
2021,Mold,Bathroom(s),"$160,000 to $179,999",S,,suppressed,
2021,Mold,Bathroom(s),"$180,000 to $199,999",S,,suppressed,
2021,Mold,Bathroom(s),"$20,000 to $29,999",233,233.0,ok,5.455321115357702
2021,Mold,Bathroom(s),"$200,000 or more",54,54.0,ok,4.007333185232471
2021,Mold,Bathroom(s),"$30,000 to $39,999",174,174.0,ok,5.1647859739235145
2021,Mold,Bathroom(s),"$40,000 to $49,999",221,221.0,ok,5.402677381872279
2021,Mold,Bathroom(s),"$50,000 to $59,999",169,169.0,ok,5.135798437050262
2021,Mold,Bathroom(s),"$60,000 to $79,999",175,175.0,ok,5.170483995038151
2021,Mold,Bathroom(s),"$80,000 to $99,999",120,120.0,ok,4.795790545596741
2021,Mold,Bathroom(s),"Less than $10,000",282,282.0,ok,5.645446897643238
2021,Mold,Bedroom(s),"$10,000 to $19,999",129,129.0,ok,4.867534450455582
2021,Mold,Bedroom(s),"$100,000 to $119,999",38,38.0,ok,3.6635616461296463
2021,Mold,Bedroom(s),"$120,000 to $139,999",S,,suppressed,
2021,Mold,Bedroom(s),"$140,000 to $159,999",S,,suppressed,
2021,Mold,Bedroom(s),"$160,000 to $179,999",S,,suppressed,
2021,Mold,Bedroom(s),"$180,000 to $199,999",S,,suppressed,
2021,Mold,Bedroom(s),"$20,000 to $29,999",122,122.0,ok,4.812184355372417
2021,Mold,Bedroom(s),"$200,000 or more",S,,suppressed,
2021,Mold,Bedroom(s),"$30,000 to $39,999",74,74.0,ok,4.31748811353631
2021,Mold,Bedroom(s),"$40,000 to $49,999",94,94.0,ok,4.553876891600541
2021,Mold,Bedroom(s),"$50,000 to $59,999",83,83.0,ok,4.430816798843313
2021,Mold,Bedroom(s),"$60,000 to $79,999",100,100.0,ok,4.61512051684126
2021,Mold,Bedroom(s),"$80,000 to $99,999",68,68.0,ok,4.23410650459726
2021,Mold,Bedroom(s),"Less than $10,000",166,166.0,ok,5.117993812416755
2021,Mold,Housing units with mold in last 12 months,"$10,000 to $19,999",443,443.0,ok,6.095824562432225
2021,Mold,Housing units with mold in last 12 months,"$100,000 to $119,999",208,208.0,ok,5.342334251964811
2021,Mold,Housing units with mold in last 12 months,"$120,000 to $139,999",143,143.0,ok,4.969813299576001
2021,Mold,Housing units with mold in last 12 months,"$140,000 to $159,999",101,101.0,ok,4.624972813284271
2021,Mold,Housing units with mold in last 12 months,"$160,000 to $179,999",55,55.0,ok,4.02535169073515
2021,Mold,Housing units with mold in last 12 months,"$180,000 to $199,999",33,33.0,ok,3.5263605246161616
2021,Mold,Housing units with mold in last 12 months,"$20,000 to $29,999",452,452.0,ok,6.115892125483034
2021,Mold,Housing units with mold in last 12 months,"$200,000 or more",138,138.0,ok,4.9344739331306915
2021,Mold,Housing units with mold in last 12 months,"$30,000 to $39,999",347,347.0,ok,5.8522024797744745
2021,Mold,Housing units with mold in last 12 months,"$40,000 to $49,999",381,381.0,ok,5.945420608606575
2021,Mold,Housing units with mold in last 12 months,"$50,000 to $59,999",352,352.0,ok,5.8664680569332965
2021,Mold,Housing units with mold in last 12 months,"$60,000 to $79,999",403,403.0,ok,6.0014148779611505
2021,Mold,Housing units with mold in last 12 months,"$80,000 to $99,999",248,248.0,ok,5.517452896464707
2021,Mold,Housing units with mold in last 12 months,"Less than $10,000",525,525.0,ok,6.26530121273771
2021,Mold,Kitchen,"$10,000 to $19,999",98,98.0,ok,4.59511985013459
2021,Mold,Kitchen,"$100,000 to $119,999",S,,suppressed,
2021,Mold,Kitchen,"$120,000 to $139,999",S,,suppressed,
2021,Mold,Kitchen,"$140,000 to $159,999",S,,suppressed,
2021,Mold,Kitchen,"$160,000 to $179,999",S,,suppressed,
2021,Mold,Kitchen,"$180,000 to $199,999",S,,suppressed,
2021,Mold,Kitchen,"$20,000 to $29,999",85,85.0,ok,4.454347296253507
2021,Mold,Kitchen,"$200,000 or more",S,,suppressed,
2021,Mold,Kitchen,"$30,000 to $39,999",68,68.0,ok,4.23410650459726
2021,Mold,Kitchen,"$40,000 to $49,999",93,93.0,ok,4.543294782270004
2021,Mold,Kitchen,"$50,000 to $59,999",88,88.0,ok,4.48863636973214
2021,Mold,Kitchen,"$60,000 to $79,999",103,103.0,ok,4.6443908991413725
2021,Mold,Kitchen,"$80,000 to $99,999",S,,suppressed,
2021,Mold,Kitchen,"Less than $10,000",145,145.0,ok,4.983606621708336
2021,Mold,Living room,"$10,000 to $19,999",80,80.0,ok,4.394449154672439
2021,Mold,Living room,"$100,000 to $119,999",S,,suppressed,
2021,Mold,Living room,"$120,000 to $139,999",S,,suppressed,
2021,Mold,Living room,"$140,000 to $159,999",S,,suppressed,
2021,Mold,Living room,"$160,000 to $179,999",S,,suppressed,
2021,Mold,Living room,"$180,000 to $199,999",S,,suppressed,
2021,Mold,Living room,"$20,000 to $29,999",82,82.0,ok,4.418840607796598
2021,Mold,Living room,"$200,000 or more",S,,suppressed,
2021,Mold,Living room,"$30,000 to $39,999",47,47.0,ok,3.8712010109078907
2021,Mold,Living room,"$40,000 to $49,999",64,64.0,ok,4.174387269895637
2021,Mold,Living room,"$50,000 to $59,999",41,41.0,ok,3.7376696182833684
2021,Mold,Living room,"$60,000 to $79,999",39,39.0,ok,3.6888794541139363
2021,Mold,Living room,"$80,000 to $99,999",S,,suppressed,
2021,Mold,Living room,"Less than $10,000",125,125.0,ok,4.836281906951478
2021,Mold,Not reported,"$10,000 to $19,999",110,110.0,ok,4.709530201312334
2021,Mold,Not reported,"$100,000 to $119,999",65,65.0,ok,4.189654742026425
2021,Mold,Not reported,"$120,000 to $139,999",S,,suppressed,
2021,Mold,Not reported,"$140,000 to $159,999",S,,suppressed,
2021,Mold,Not reported,"$160,000 to $179,999",S,,suppressed,
2021,Mold,Not reported,"$180,000 to $199,999",S,,suppressed,
2021,Mold,Not reported,"$20,000 to $29,999",65,65.0,ok,4.189654742026425
2021,Mold,Not reported,"$200,000 or more",63,63.0,ok,4.1588830833596715
2021,Mold,Not reported,"$30,000 to $39,999",53,53.0,ok,3.9889840465642745
2021,Mold,Not reported,"$40,000 to $49,999",78,78.0,ok,4.3694478524670215
2021,Mold,Not reported,"$50,000 to $59,999",66,66.0,ok,4.204692619390966
2021,Mold,Not reported,"$60,000 to $79,999",122,122.0,ok,4.812184355372417
2021,Mold,Not reported,"$80,000 to $99,999",88,88.0,ok,4.48863636973214
2021,Mold,Not reported,"Less than $10,000",113,113.0,ok,4.736198448394496
2021,Mold,Other room,"$10,000 to $19,999",43,43.0,ok,3.784189633918261
2021,Mold,Other room,"$100,000 to $119,999",48,48.0,ok,3.8918202981106265
2021,Mold,Other room,"$120,000 to $139,999",41,41.0,ok,3.7376696182833684
2021,Mold,Other room,"$140,000 to $159,999",S,,suppressed,
2021,Mold,Other room,"$160,000 to $179,999",S,,suppressed,
2021,Mold,Other room,"$180,000 to $199,999",S,,suppressed,
2021,Mold,Other room,"$20,000 to $29,999",59,59.0,ok,4.0943445622221
2021,Mold,Other room,"$200,000 or more",S,,suppressed,
2021,Mold,Other room,"$30,000 to $39,999",57,57.0,ok,4.060443010546419
2021,Mold,Other room,"$40,000 to $49,999",36,36.0,ok,3.6109179126442243
2021,Mold,Other room,"$50,000 to $59,999",62,62.0,ok,4.143134726391533
2021,Mold,Other room,"$60,000 to $79,999",58,58.0,ok,4.07753744390572
2021,Mold,Other room,"$80,000 to $99,999",51,51.0,ok,3.9512437185814275
2021,Mold,Other room,"Less than $10,000",93,93.0,ok,4.543294782270004
2021,Number of breakdowns that lasted 6 hours or more:,1,"$10,000 to $19,999",181,181.0,ok,5.204006687076795
2021,Number of breakdowns that lasted 6 hours or more:,1,"$100,000 to $119,999",S,,suppressed,
2021,Number of breakdowns that lasted 6 hours or more:,1,"$120,000 to $139,999",S,,suppressed,
2021,Number of breakdowns that lasted 6 hours or more:,1,"$140,000 to $159,999",49,49.0,ok,3.912023005428146
2021,Number of breakdowns that lasted 6 hours or more:,1,"$160,000 to $179,999",S,,suppressed,
2021,Number of breakdowns that lasted 6 hours or more:,1,"$180,000 to $199,999",S,,suppressed,
2021,Number of breakdowns that lasted 6 hours or more:,1,"$20,000 to $29,999",148,148.0,ok,5.003946305945459
2021,Number of breakdowns that lasted 6 hours or more:,1,"$200,000 or more",65,65.0,ok,4.189654742026425
2021,Number of breakdowns that lasted 6 hours or more:,1,"$30,000 to $39,999",89,89.0,ok,4.499809670330265
2021,Number of breakdowns that lasted 6 hours or more:,1,"$40,000 to $49,999",98,98.0,ok,4.59511985013459
2021,Number of breakdowns that lasted 6 hours or more:,1,"$50,000 to $59,999",106,106.0,ok,4.672828834461906
2021,Number of breakdowns that lasted 6 hours or more:,1,"$60,000 to $79,999",105,105.0,ok,4.663439094112067
2021,Number of breakdowns that lasted 6 hours or more:,1,"$80,000 to $99,999",79,79.0,ok,4.382026634673881
2021,Number of breakdowns that lasted 6 hours or more:,1,"Less than $10,000",198,198.0,ok,5.293304824724492
2021,Number of breakdowns that lasted 6 hours or more:,2,"$10,000 to $19,999",40,40.0,ok,3.713572066704308
2021,Number of breakdowns that lasted 6 hours or more:,2,"$100,000 to $119,999",S,,suppressed,
2021,Number of breakdowns that lasted 6 hours or more:,2,"$120,000 to $139,999",S,,suppressed,
2021,Number of breakdowns that lasted 6 hours or more:,2,"$140,000 to $159,999",S,,suppressed,
2021,Number of breakdowns that lasted 6 hours or more:,2,"$160,000 to $179,999",.,,blank_or_na,
2021,Number of breakdowns that lasted 6 hours or more:,2,"$180,000 to $199,999",S,,suppressed,
2021,Number of breakdowns that lasted 6 hours or more:,2,"$20,000 to $29,999",35,35.0,ok,3.58351893845611
2021,Number of breakdowns that lasted 6 hours or more:,2,"$200,000 or more",S,,suppressed,
2021,Number of breakdowns that lasted 6 hours or more:,2,"$30,000 to $39,999",61,61.0,ok,4.127134385045092
2021,Number of breakdowns that lasted 6 hours or more:,2,"$40,000 to $49,999",S,,suppressed,
2021,Number of breakdowns that lasted 6 hours or more:,2,"$50,000 to $59,999",S,,suppressed,
2021,Number of breakdowns that lasted 6 hours or more:,2,"$60,000 to $79,999",54,54.0,ok,4.007333185232471
2021,Number of breakdowns that lasted 6 hours or more:,2,"$80,000 to $99,999",S,,suppressed,
2021,Number of breakdowns that lasted 6 hours or more:,2,"Less than $10,000",55,55.0,ok,4.02535169073515
2021,Number of breakdowns that lasted 6 hours or more:,2 or more,"$10,000 to $19,999",54,54.0,ok,4.007333185232471
2021,Number of breakdowns that lasted 6 hours or more:,2 or more,"$100,000 to $119,999",S,,suppressed,
2021,Number of breakdowns that lasted 6 hours or more:,2 or more,"$120,000 to $139,999",S,,suppressed,
2021,Number of breakdowns that lasted 6 hours or more:,2 or more,"$140,000 to $159,999",S,,suppressed,
2021,Number of breakdowns that lasted 6 hours or more:,2 or more,"$160,000 to $179,999",S,,suppressed,
2021,Number of breakdowns that lasted 6 hours or more:,2 or more,"$180,000 to $199,999",S,,suppressed,
2021,Number of breakdowns that lasted 6 hours or more:,2 or more,"$20,000 to $29,999",49,49.0,ok,3.912023005428146
2021,Number of breakdowns that lasted 6 hours or more:,2 or more,"$200,000 or more",S,,suppressed,
2021,Number of breakdowns that lasted 6 hours or more:,2 or more,"$30,000 to $39,999",56,56.0,ok,4.04305126783455
2021,Number of breakdowns that lasted 6 hours or more:,2 or more,"$40,000 to $49,999",74,74.0,ok,4.31748811353631
2021,Number of breakdowns that lasted 6 hours or more:,2 or more,"$50,000 to $59,999",44,44.0,ok,3.8066624897703196
2021,Number of breakdowns that lasted 6 hours or more:,2 or more,"$60,000 to $79,999",53,53.0,ok,3.9889840465642745
2021,Number of breakdowns that lasted 6 hours or more:,2 or more,"$80,000 to $99,999",48,48.0,ok,3.8918202981106265
2021,Number of breakdowns that lasted 6 hours or more:,2 or more,"Less than $10,000",93,93.0,ok,4.543294782270004
2021,Number of breakdowns that lasted 6 hours or more:,3,"$10,000 to $19,999",S,,suppressed,
2021,Number of breakdowns that lasted 6 hours or more:,3,"$100,000 to $119,999",S,,suppressed,
2021,Number of breakdowns that lasted 6 hours or more:,3,"$120,000 to $139,999",S,,suppressed,
2021,Number of breakdowns that lasted 6 hours or more:,3,"$140,000 to $159,999",.,,blank_or_na,
2021,Number of breakdowns that lasted 6 hours or more:,3,"$160,000 to $179,999",S,,suppressed,
2021,Number of breakdowns that lasted 6 hours or more:,3,"$180,000 to $199,999",.,,blank_or_na,
2021,Number of breakdowns that lasted 6 hours or more:,3,"$20,000 to $29,999",S,,suppressed,
2021,Number of breakdowns that lasted 6 hours or more:,3,"$200,000 or more",S,,suppressed,
2021,Number of breakdowns that lasted 6 hours or more:,3,"$30,000 to $39,999",S,,suppressed,
2021,Number of breakdowns that lasted 6 hours or more:,3,"$40,000 to $49,999",S,,suppressed,
2021,Number of breakdowns that lasted 6 hours or more:,3,"$50,000 to $59,999",S,,suppressed,
2021,Number of breakdowns that lasted 6 hours or more:,3,"$60,000 to $79,999",S,,suppressed,
2021,Number of breakdowns that lasted 6 hours or more:,3,"$80,000 to $99,999",S,,suppressed,
2021,Number of breakdowns that lasted 6 hours or more:,3,"Less than $10,000",S,,suppressed,
2021,Number of breakdowns that lasted 6 hours or more:,4 or more,"$10,000 to $19,999",58,58.0,ok,4.07753744390572
2021,Number of breakdowns that lasted 6 hours or more:,4 or more,"$100,000 to $119,999",S,,suppressed,
2021,Number of breakdowns that lasted 6 hours or more:,4 or more,"$120,000 to $139,999",S,,suppressed,
2021,Number of breakdowns that lasted 6 hours or more:,4 or more,"$140,000 to $159,999",.,,blank_or_na,
2021,Number of breakdowns that lasted 6 hours or more:,4 or more,"$160,000 to $179,999",S,,suppressed,
2021,Number of breakdowns that lasted 6 hours or more:,4 or more,"$180,000 to $199,999",S,,suppressed,
2021,Number of breakdowns that lasted 6 hours or more:,4 or more,"$20,000 to $29,999",43,43.0,ok,3.784189633918261
2021,Number of breakdowns that lasted 6 hours or more:,4 or more,"$200,000 or more",S,,suppressed,
2021,Number of breakdowns that lasted 6 hours or more:,4 or more,"$30,000 to $39,999",36,36.0,ok,3.6109179126442243
2021,Number of breakdowns that lasted 6 hours or more:,4 or more,"$40,000 to $49,999",S,,suppressed,
2021,Number of breakdowns that lasted 6 hours or more:,4 or more,"$50,000 to $59,999",S,,suppressed,
2021,Number of breakdowns that lasted 6 hours or more:,4 or more,"$60,000 to $79,999",43,43.0,ok,3.784189633918261
2021,Number of breakdowns that lasted 6 hours or more:,4 or more,"$80,000 to $99,999",S,,suppressed,
2021,Number of breakdowns that lasted 6 hours or more:,4 or more,"Less than $10,000",94,94.0,ok,4.553876891600541
2021,Number of breakdowns that lasted 6 hours or more:,Cost of heating,"$10,000 to $19,999",48,48.0,ok,3.8918202981106265
2021,Number of breakdowns that lasted 6 hours or more:,Cost of heating,"$100,000 to $119,999",S,,suppressed,
2021,Number of breakdowns that lasted 6 hours or more:,Cost of heating,"$120,000 to $139,999",S,,suppressed,
2021,Number of breakdowns that lasted 6 hours or more:,Cost of heating,"$140,000 to $159,999",S,,suppressed,
2021,Number of breakdowns that lasted 6 hours or more:,Cost of heating,"$160,000 to $179,999",S,,suppressed,
2021,Number of breakdowns that lasted 6 hours or more:,Cost of heating,"$180,000 to $199,999",S,,suppressed,
2021,Number of breakdowns that lasted 6 hours or more:,Cost of heating,"$20,000 to $29,999",42,42.0,ok,3.7612001156935624
2021,Number of breakdowns that lasted 6 hours or more:,Cost of heating,"$200,000 or more",S,,suppressed,
2021,Number of breakdowns that lasted 6 hours or more:,Cost of heating,"$30,000 to $39,999",35,35.0,ok,3.58351893845611
2021,Number of breakdowns that lasted 6 hours or more:,Cost of heating,"$40,000 to $49,999",S,,suppressed,
2021,Number of breakdowns that lasted 6 hours or more:,Cost of heating,"$50,000 to $59,999",34,34.0,ok,3.5553480614894135
2021,Number of breakdowns that lasted 6 hours or more:,Cost of heating,"$60,000 to $79,999",63,63.0,ok,4.1588830833596715
2021,Number of breakdowns that lasted 6 hours or more:,Cost of heating,"$80,000 to $99,999",37,37.0,ok,3.6375861597263857
2021,Number of breakdowns that lasted 6 hours or more:,Cost of heating,"Less than $10,000",85,85.0,ok,4.454347296253507
2021,Number of breakdowns that lasted 6 hours or more:,Inadequate heating capacity,"$10,000 to $19,999",122,122.0,ok,4.812184355372417
2021,Number of breakdowns that lasted 6 hours or more:,Inadequate heating capacity,"$100,000 to $119,999",S,,suppressed,
2021,Number of breakdowns that lasted 6 hours or more:,Inadequate heating capacity,"$120,000 to $139,999",S,,suppressed,
2021,Number of breakdowns that lasted 6 hours or more:,Inadequate heating capacity,"$140,000 to $159,999",S,,suppressed,
2021,Number of breakdowns that lasted 6 hours or more:,Inadequate heating capacity,"$160,000 to $179,999",S,,suppressed,
2021,Number of breakdowns that lasted 6 hours or more:,Inadequate heating capacity,"$180,000 to $199,999",S,,suppressed,
2021,Number of breakdowns that lasted 6 hours or more:,Inadequate heating capacity,"$20,000 to $29,999",155,155.0,ok,5.049856007249537
2021,Number of breakdowns that lasted 6 hours or more:,Inadequate heating capacity,"$200,000 or more",S,,suppressed,
2021,Number of breakdowns that lasted 6 hours or more:,Inadequate heating capacity,"$30,000 to $39,999",103,103.0,ok,4.6443908991413725
2021,Number of breakdowns that lasted 6 hours or more:,Inadequate heating capacity,"$40,000 to $49,999",78,78.0,ok,4.3694478524670215
2021,Number of breakdowns that lasted 6 hours or more:,Inadequate heating capacity,"$50,000 to $59,999",S,,suppressed,
2021,Number of breakdowns that lasted 6 hours or more:,Inadequate heating capacity,"$60,000 to $79,999",139,139.0,ok,4.941642422609304
2021,Number of breakdowns that lasted 6 hours or more:,Inadequate heating capacity,"$80,000 to $99,999",S,,suppressed,
2021,Number of breakdowns that lasted 6 hours or more:,Inadequate heating capacity,"Less than $10,000",195,195.0,ok,5.278114659230518
2021,Number of breakdowns that lasted 6 hours or more:,Inadequate insulation,"$10,000 to $19,999",126,126.0,ok,4.844187086458591
2021,Number of breakdowns that lasted 6 hours or more:,Inadequate insulation,"$100,000 to $119,999",S,,suppressed,
2021,Number of breakdowns that lasted 6 hours or more:,Inadequate insulation,"$120,000 to $139,999",S,,suppressed,
2021,Number of breakdowns that lasted 6 hours or more:,Inadequate insulation,"$140,000 to $159,999",S,,suppressed,
2021,Number of breakdowns that lasted 6 hours or more:,Inadequate insulation,"$160,000 to $179,999",S,,suppressed,
2021,Number of breakdowns that lasted 6 hours or more:,Inadequate insulation,"$180,000 to $199,999",S,,suppressed,
2021,Number of breakdowns that lasted 6 hours or more:,Inadequate insulation,"$20,000 to $29,999",148,148.0,ok,5.003946305945459
2021,Number of breakdowns that lasted 6 hours or more:,Inadequate insulation,"$200,000 or more",18,18.0,ok,2.9444389791664403
2021,Number of breakdowns that lasted 6 hours or more:,Inadequate insulation,"$30,000 to $39,999",91,91.0,ok,4.5217885770490405
2021,Number of breakdowns that lasted 6 hours or more:,Inadequate insulation,"$40,000 to $49,999",122,122.0,ok,4.812184355372417
2021,Number of breakdowns that lasted 6 hours or more:,Inadequate insulation,"$50,000 to $59,999",67,67.0,ok,4.219507705176107
2021,Number of breakdowns that lasted 6 hours or more:,Inadequate insulation,"$60,000 to $79,999",100,100.0,ok,4.61512051684126
2021,Number of breakdowns that lasted 6 hours or more:,Inadequate insulation,"$80,000 to $99,999",79,79.0,ok,4.382026634673881
2021,Number of breakdowns that lasted 6 hours or more:,Inadequate insulation,"Less than $10,000",125,125.0,ok,4.836281906951478
2021,Number of breakdowns that lasted 6 hours or more:,No breakdowns in last 3 months,"$10,000 to $19,999","1,373",1373.0,ok,7.2254814727822945
2021,Number of breakdowns that lasted 6 hours or more:,No breakdowns in last 3 months,"$100,000 to $119,999","1,563",1563.0,ok,7.355001921105257
2021,Number of breakdowns that lasted 6 hours or more:,No breakdowns in last 3 months,"$120,000 to $139,999","1,275",1275.0,ok,7.151485463904735
2021,Number of breakdowns that lasted 6 hours or more:,No breakdowns in last 3 months,"$140,000 to $159,999",827,827.0,ok,6.71901315438526
2021,Number of breakdowns that lasted 6 hours or more:,No breakdowns in last 3 months,"$160,000 to $179,999",519,519.0,ok,6.253828811575473
2021,Number of breakdowns that lasted 6 hours or more:,No breakdowns in last 3 months,"$180,000 to $199,999",405,405.0,ok,6.0063531596017325
2021,Number of breakdowns that lasted 6 hours or more:,No breakdowns in last 3 months,"$20,000 to $29,999","1,580",1580.0,ok,7.3658128372094716
2021,Number of breakdowns that lasted 6 hours or more:,No breakdowns in last 3 months,"$200,000 or more","1,567",1567.0,ok,7.357556200910353
2021,Number of breakdowns that lasted 6 hours or more:,No breakdowns in last 3 months,"$30,000 to $39,999","1,743",1743.0,ok,7.463936604468925
2021,Number of breakdowns that lasted 6 hours or more:,No breakdowns in last 3 months,"$40,000 to $49,999","1,420",1420.0,ok,7.259116128097101
2021,Number of breakdowns that lasted 6 hours or more:,No breakdowns in last 3 months,"$50,000 to $59,999","1,436",1436.0,ok,7.270312886079025
2021,Number of breakdowns that lasted 6 hours or more:,No breakdowns in last 3 months,"$60,000 to $79,999","2,417",2417.0,ok,7.790696031174738
2021,Number of breakdowns that lasted 6 hours or more:,No breakdowns in last 3 months,"$80,000 to $99,999","2,013",2013.0,ok,7.607878073278507
2021,Number of breakdowns that lasted 6 hours or more:,No breakdowns in last 3 months,"Less than $10,000","1,031",1031.0,ok,6.939253946041508
2021,Number of breakdowns that lasted 6 hours or more:,No breakdowns lasting 6 hours or more,"$10,000 to $19,999",S,,suppressed,
2021,Number of breakdowns that lasted 6 hours or more:,No breakdowns lasting 6 hours or more,"$100,000 to $119,999",.,,blank_or_na,
2021,Number of breakdowns that lasted 6 hours or more:,No breakdowns lasting 6 hours or more,"$120,000 to $139,999",S,,suppressed,
2021,Number of breakdowns that lasted 6 hours or more:,No breakdowns lasting 6 hours or more,"$140,000 to $159,999",.,,blank_or_na,
2021,Number of breakdowns that lasted 6 hours or more:,No breakdowns lasting 6 hours or more,"$160,000 to $179,999",.,,blank_or_na,
2021,Number of breakdowns that lasted 6 hours or more:,No breakdowns lasting 6 hours or more,"$180,000 to $199,999",.,,blank_or_na,
2021,Number of breakdowns that lasted 6 hours or more:,No breakdowns lasting 6 hours or more,"$20,000 to $29,999",S,,suppressed,
2021,Number of breakdowns that lasted 6 hours or more:,No breakdowns lasting 6 hours or more,"$200,000 or more",.,,blank_or_na,
2021,Number of breakdowns that lasted 6 hours or more:,No breakdowns lasting 6 hours or more,"$30,000 to $39,999",.,,blank_or_na,
2021,Number of breakdowns that lasted 6 hours or more:,No breakdowns lasting 6 hours or more,"$40,000 to $49,999",S,,suppressed,
2021,Number of breakdowns that lasted 6 hours or more:,No breakdowns lasting 6 hours or more,"$50,000 to $59,999",S,,suppressed,
2021,Number of breakdowns that lasted 6 hours or more:,No breakdowns lasting 6 hours or more,"$60,000 to $79,999",S,,suppressed,
2021,Number of breakdowns that lasted 6 hours or more:,No breakdowns lasting 6 hours or more,"$80,000 to $99,999",S,,suppressed,
2021,Number of breakdowns that lasted 6 hours or more:,No breakdowns lasting 6 hours or more,"Less than $10,000",S,,suppressed,
2021,Number of breakdowns that lasted 6 hours or more:,Not reported,"$10,000 to $19,999",S,,suppressed,
2021,Number of breakdowns that lasted 6 hours or more:,Not reported,"$100,000 to $119,999",S,,suppressed,
2021,Number of breakdowns that lasted 6 hours or more:,Not reported,"$120,000 to $139,999",S,,suppressed,
2021,Number of breakdowns that lasted 6 hours or more:,Not reported,"$140,000 to $159,999",S,,suppressed,
2021,Number of breakdowns that lasted 6 hours or more:,Not reported,"$160,000 to $179,999",S,,suppressed,
2021,Number of breakdowns that lasted 6 hours or more:,Not reported,"$180,000 to $199,999",.,,blank_or_na,
2021,Number of breakdowns that lasted 6 hours or more:,Not reported,"$20,000 to $29,999",S,,suppressed,
2021,Number of breakdowns that lasted 6 hours or more:,Not reported,"$200,000 or more",S,,suppressed,
2021,Number of breakdowns that lasted 6 hours or more:,Not reported,"$30,000 to $39,999",S,,suppressed,
2021,Number of breakdowns that lasted 6 hours or more:,Not reported,"$40,000 to $49,999",S,,suppressed,
2021,Number of breakdowns that lasted 6 hours or more:,Not reported,"$50,000 to $59,999",S,,suppressed,
2021,Number of breakdowns that lasted 6 hours or more:,Not reported,"$60,000 to $79,999",S,,suppressed,
2021,Number of breakdowns that lasted 6 hours or more:,Not reported,"$80,000 to $99,999",S,,suppressed,
2021,Number of breakdowns that lasted 6 hours or more:,Not reported,"Less than $10,000",S,,suppressed,
2021,Number of breakdowns that lasted 6 hours or more:,Other,"$10,000 to $19,999",161,161.0,ok,5.087596335232384
2021,Number of breakdowns that lasted 6 hours or more:,Other,"$100,000 to $119,999",90,90.0,ok,4.51085950651685
2021,Number of breakdowns that lasted 6 hours or more:,Other,"$120,000 to $139,999",56,56.0,ok,4.04305126783455
2021,Number of breakdowns that lasted 6 hours or more:,Other,"$140,000 to $159,999",70,70.0,ok,4.2626798770413155
2021,Number of breakdowns that lasted 6 hours or more:,Other,"$160,000 to $179,999",S,,suppressed,
2021,Number of breakdowns that lasted 6 hours or more:,Other,"$180,000 to $199,999",S,,suppressed,
2021,Number of breakdowns that lasted 6 hours or more:,Other,"$20,000 to $29,999",136,136.0,ok,4.919980925828125
2021,Number of breakdowns that lasted 6 hours or more:,Other,"$200,000 or more",81,81.0,ok,4.406719247264253
2021,Number of breakdowns that lasted 6 hours or more:,Other,"$30,000 to $39,999",141,141.0,ok,4.955827057601261
2021,Number of breakdowns that lasted 6 hours or more:,Other,"$40,000 to $49,999",129,129.0,ok,4.867534450455582
2021,Number of breakdowns that lasted 6 hours or more:,Other,"$50,000 to $59,999",102,102.0,ok,4.634728988229636
2021,Number of breakdowns that lasted 6 hours or more:,Other,"$60,000 to $79,999",136,136.0,ok,4.919980925828125
2021,Number of breakdowns that lasted 6 hours or more:,Other,"$80,000 to $99,999",94,94.0,ok,4.553876891600541
2021,Number of breakdowns that lasted 6 hours or more:,Other,"Less than $10,000",144,144.0,ok,4.976733742420574
2021,Number of breakdowns that lasted 6 hours or more:,Other causes,"$10,000 to $19,999",769,769.0,ok,6.646390514847729
2021,Number of breakdowns that lasted 6 hours or more:,Other causes,"$100,000 to $119,999",537,537.0,ok,6.2878585601617845
2021,Number of breakdowns that lasted 6 hours or more:,Other causes,"$120,000 to $139,999",350,350.0,ok,5.860786223465865
2021,Number of breakdowns that lasted 6 hours or more:,Other causes,"$140,000 to $159,999",360,360.0,ok,5.8888779583328805
2021,Number of breakdowns that lasted 6 hours or more:,Other causes,"$160,000 to $179,999",192,192.0,ok,5.262690188904886
2021,Number of breakdowns that lasted 6 hours or more:,Other causes,"$180,000 to $199,999",133,133.0,ok,4.897839799950911
2021,Number of breakdowns that lasted 6 hours or more:,Other causes,"$20,000 to $29,999",856,856.0,ok,6.75343791859778
2021,Number of breakdowns that lasted 6 hours or more:,Other causes,"$200,000 or more",546,546.0,ok,6.304448802421981
2021,Number of breakdowns that lasted 6 hours or more:,Other causes,"$30,000 to $39,999",660,660.0,ok,6.493753839851687
2021,Number of breakdowns that lasted 6 hours or more:,Other causes,"$40,000 to $49,999",752,752.0,ok,6.6240652277998935
2021,Number of breakdowns that lasted 6 hours or more:,Other causes,"$50,000 to $59,999",532,532.0,ok,6.278521424165844
2021,Number of breakdowns that lasted 6 hours or more:,Other causes,"$60,000 to $79,999",951,951.0,ok,6.858565034791365
2021,Number of breakdowns that lasted 6 hours or more:,Other causes,"$80,000 to $99,999",703,703.0,ok,6.556778356158042
2021,Number of breakdowns that lasted 6 hours or more:,Other causes,"Less than $10,000",831,831.0,ok,6.723832440821209
2021,Number of breakdowns that lasted 6 hours or more:,Utility interruption,"$10,000 to $19,999",346,346.0,ok,5.849324779946859
2021,Number of breakdowns that lasted 6 hours or more:,Utility interruption,"$100,000 to $119,999",366,366.0,ok,5.905361848054571
2021,Number of breakdowns that lasted 6 hours or more:,Utility interruption,"$120,000 to $139,999",219,219.0,ok,5.393627546352361
2021,Number of breakdowns that lasted 6 hours or more:,Utility interruption,"$140,000 to $159,999",225,225.0,ok,5.420534999272286
2021,Number of breakdowns that lasted 6 hours or more:,Utility interruption,"$160,000 to $179,999",131,131.0,ok,4.882801922586371
2021,Number of breakdowns that lasted 6 hours or more:,Utility interruption,"$180,000 to $199,999",103,103.0,ok,4.6443908991413725
2021,Number of breakdowns that lasted 6 hours or more:,Utility interruption,"$20,000 to $29,999",418,418.0,ok,6.037870919922137
2021,Number of breakdowns that lasted 6 hours or more:,Utility interruption,"$200,000 or more",407,407.0,ok,6.0112671744041615
2021,Number of breakdowns that lasted 6 hours or more:,Utility interruption,"$30,000 to $39,999",329,329.0,ok,5.799092654460526
2021,Number of breakdowns that lasted 6 hours or more:,Utility interruption,"$40,000 to $49,999",423,423.0,ok,6.049733455231958
2021,Number of breakdowns that lasted 6 hours or more:,Utility interruption,"$50,000 to $59,999",304,304.0,ok,5.720311776607412
2021,Number of breakdowns that lasted 6 hours or more:,Utility interruption,"$60,000 to $79,999",558,558.0,ok,6.326149473155099
2021,Number of breakdowns that lasted 6 hours or more:,Utility interruption,"$80,000 to $99,999",477,477.0,ok,6.169610732491456
2021,Number of breakdowns that lasted 6 hours or more:,Utility interruption,"Less than $10,000",326,326.0,ok,5.7899601708972535
2021,Number of breakdowns that lasted 6 hours or more:,With breakdown(s) in last 3 months,"$10,000 to $19,999",S,,suppressed,
2021,Number of breakdowns that lasted 6 hours or more:,With breakdown(s) in last 3 months,"$100,000 to $119,999",S,,suppressed,
2021,Number of breakdowns that lasted 6 hours or more:,With breakdown(s) in last 3 months,"$120,000 to $139,999",S,,suppressed,
2021,Number of breakdowns that lasted 6 hours or more:,With breakdown(s) in last 3 months,"$140,000 to $159,999",S,,suppressed,
2021,Number of breakdowns that lasted 6 hours or more:,With breakdown(s) in last 3 months,"$160,000 to $179,999",S,,suppressed,
2021,Number of breakdowns that lasted 6 hours or more:,With breakdown(s) in last 3 months,"$180,000 to $199,999",S,,suppressed,
2021,Number of breakdowns that lasted 6 hours or more:,With breakdown(s) in last 3 months,"$20,000 to $29,999",41,41.0,ok,3.7376696182833684
2021,Number of breakdowns that lasted 6 hours or more:,With breakdown(s) in last 3 months,"$200,000 or more",S,,suppressed,
2021,Number of breakdowns that lasted 6 hours or more:,With breakdown(s) in last 3 months,"$30,000 to $39,999",S,,suppressed,
2021,Number of breakdowns that lasted 6 hours or more:,With breakdown(s) in last 3 months,"$40,000 to $49,999",S,,suppressed,
2021,Number of breakdowns that lasted 6 hours or more:,With breakdown(s) in last 3 months,"$50,000 to $59,999",S,,suppressed,
2021,Number of breakdowns that lasted 6 hours or more:,With breakdown(s) in last 3 months,"$60,000 to $79,999",S,,suppressed,
2021,Number of breakdowns that lasted 6 hours or more:,With breakdown(s) in last 3 months,"$80,000 to $99,999",S,,suppressed,
2021,Number of breakdowns that lasted 6 hours or more:,With breakdown(s) in last 3 months,"Less than $10,000",S,,suppressed,
2021,Number of breakdowns that lasted 6 hours or more:,With septic tank or cesspool,"$10,000 to $19,999","1,405",1405.0,ok,7.2485040723706105
2021,Number of breakdowns that lasted 6 hours or more:,With septic tank or cesspool,"$100,000 to $119,999","1,579",1579.0,ok,7.365180126021013
2021,Number of breakdowns that lasted 6 hours or more:,With septic tank or cesspool,"$120,000 to $139,999","1,291",1291.0,ok,7.163946684342547
2021,Number of breakdowns that lasted 6 hours or more:,With septic tank or cesspool,"$140,000 to $159,999",831,831.0,ok,6.723832440821209
2021,Number of breakdowns that lasted 6 hours or more:,With septic tank or cesspool,"$160,000 to $179,999",535,535.0,ok,6.284134161070802
2021,Number of breakdowns that lasted 6 hours or more:,With septic tank or cesspool,"$180,000 to $199,999",409,409.0,ok,6.016157159698354
2021,Number of breakdowns that lasted 6 hours or more:,With septic tank or cesspool,"$20,000 to $29,999","1,621",1621.0,ok,7.3914152346753585
2021,Number of breakdowns that lasted 6 hours or more:,With septic tank or cesspool,"$200,000 or more","1,592",1592.0,ok,7.373374309910049
2021,Number of breakdowns that lasted 6 hours or more:,With septic tank or cesspool,"$30,000 to $39,999","1,760",1760.0,ok,7.473637108496206
2021,Number of breakdowns that lasted 6 hours or more:,With septic tank or cesspool,"$40,000 to $49,999","1,462",1462.0,ok,7.288244401020124
2021,Number of breakdowns that lasted 6 hours or more:,With septic tank or cesspool,"$50,000 to $59,999","1,467",1467.0,ok,7.291656209174461
2021,Number of breakdowns that lasted 6 hours or more:,With septic tank or cesspool,"$60,000 to $79,999","2,431",2431.0,ok,7.796469243086058
2021,Number of breakdowns that lasted 6 hours or more:,With septic tank or cesspool,"$80,000 to $99,999","2,054",2054.0,ok,7.628031126930335
2021,Number of breakdowns that lasted 6 hours or more:,With septic tank or cesspool,"Less than $10,000","1,052",1052.0,ok,6.959398512133975
2021,Number of stoppages that lasted 6 hours or more:,1,"$10,000 to $19,999",158,158.0,ok,5.0689042022202315
2021,Number of stoppages that lasted 6 hours or more:,1,"$100,000 to $119,999",96,96.0,ok,4.574710978503383
2021,Number of stoppages that lasted 6 hours or more:,1,"$120,000 to $139,999",112,112.0,ok,4.727387818712341
2021,Number of stoppages that lasted 6 hours or more:,1,"$140,000 to $159,999",71,71.0,ok,4.276666119016055
2021,Number of stoppages that lasted 6 hours or more:,1,"$160,000 to $179,999",53,53.0,ok,3.9889840465642745
2021,Number of stoppages that lasted 6 hours or more:,1,"$180,000 to $199,999",44,44.0,ok,3.8066624897703196
2021,Number of stoppages that lasted 6 hours or more:,1,"$20,000 to $29,999",177,177.0,ok,5.181783550292085
2021,Number of stoppages that lasted 6 hours or more:,1,"$200,000 or more",144,144.0,ok,4.976733742420574
2021,Number of stoppages that lasted 6 hours or more:,1,"$30,000 to $39,999",164,164.0,ok,5.10594547390058
2021,Number of stoppages that lasted 6 hours or more:,1,"$40,000 to $49,999",223,223.0,ok,5.4116460518550396
2021,Number of stoppages that lasted 6 hours or more:,1,"$50,000 to $59,999",102,102.0,ok,4.634728988229636
2021,Number of stoppages that lasted 6 hours or more:,1,"$60,000 to $79,999",310,310.0,ok,5.739792912179234
2021,Number of stoppages that lasted 6 hours or more:,1,"$80,000 to $99,999",181,181.0,ok,5.204006687076795
2021,Number of stoppages that lasted 6 hours or more:,1,"Less than $10,000",233,233.0,ok,5.455321115357702
2021,Number of stoppages that lasted 6 hours or more:,2,"$10,000 to $19,999",92,92.0,ok,4.532599493153256
2021,Number of stoppages that lasted 6 hours or more:,2,"$100,000 to $119,999",34,34.0,ok,3.5553480614894135
2021,Number of stoppages that lasted 6 hours or more:,2,"$120,000 to $139,999",S,,suppressed,
2021,Number of stoppages that lasted 6 hours or more:,2,"$140,000 to $159,999",S,,suppressed,
2021,Number of stoppages that lasted 6 hours or more:,2,"$160,000 to $179,999",S,,suppressed,
2021,Number of stoppages that lasted 6 hours or more:,2,"$180,000 to $199,999",S,,suppressed,
2021,Number of stoppages that lasted 6 hours or more:,2,"$20,000 to $29,999",40,40.0,ok,3.713572066704308
2021,Number of stoppages that lasted 6 hours or more:,2,"$200,000 or more",41,41.0,ok,3.7376696182833684
2021,Number of stoppages that lasted 6 hours or more:,2,"$30,000 to $39,999",50,50.0,ok,3.9318256327243257
2021,Number of stoppages that lasted 6 hours or more:,2,"$40,000 to $49,999",95,95.0,ok,4.564348191467836
2021,Number of stoppages that lasted 6 hours or more:,2,"$50,000 to $59,999",55,55.0,ok,4.02535169073515
2021,Number of stoppages that lasted 6 hours or more:,2,"$60,000 to $79,999",85,85.0,ok,4.454347296253507
2021,Number of stoppages that lasted 6 hours or more:,2,"$80,000 to $99,999",45,45.0,ok,3.828641396489095
2021,Number of stoppages that lasted 6 hours or more:,2,"Less than $10,000",48,48.0,ok,3.8918202981106265
2021,Number of stoppages that lasted 6 hours or more:,3,"$10,000 to $19,999",S,,suppressed,
2021,Number of stoppages that lasted 6 hours or more:,3,"$100,000 to $119,999",S,,suppressed,
2021,Number of stoppages that lasted 6 hours or more:,3,"$120,000 to $139,999",S,,suppressed,
2021,Number of stoppages that lasted 6 hours or more:,3,"$140,000 to $159,999",S,,suppressed,
2021,Number of stoppages that lasted 6 hours or more:,3,"$160,000 to $179,999",S,,suppressed,
2021,Number of stoppages that lasted 6 hours or more:,3,"$180,000 to $199,999",S,,suppressed,
2021,Number of stoppages that lasted 6 hours or more:,3,"$20,000 to $29,999",64,64.0,ok,4.174387269895637
2021,Number of stoppages that lasted 6 hours or more:,3,"$200,000 or more",S,,suppressed,
2021,Number of stoppages that lasted 6 hours or more:,3,"$30,000 to $39,999",S,,suppressed,
2021,Number of stoppages that lasted 6 hours or more:,3,"$40,000 to $49,999",S,,suppressed,
2021,Number of stoppages that lasted 6 hours or more:,3,"$50,000 to $59,999",S,,suppressed,
2021,Number of stoppages that lasted 6 hours or more:,3,"$60,000 to $79,999",49,49.0,ok,3.912023005428146
2021,Number of stoppages that lasted 6 hours or more:,3,"$80,000 to $99,999",S,,suppressed,
2021,Number of stoppages that lasted 6 hours or more:,3,"Less than $10,000",S,,suppressed,
2021,Number of stoppages that lasted 6 hours or more:,4 or more,"$10,000 to $19,999",74,74.0,ok,4.31748811353631
2021,Number of stoppages that lasted 6 hours or more:,4 or more,"$100,000 to $119,999",S,,suppressed,
2021,Number of stoppages that lasted 6 hours or more:,4 or more,"$120,000 to $139,999",S,,suppressed,
2021,Number of stoppages that lasted 6 hours or more:,4 or more,"$140,000 to $159,999",S,,suppressed,
2021,Number of stoppages that lasted 6 hours or more:,4 or more,"$160,000 to $179,999",S,,suppressed,
2021,Number of stoppages that lasted 6 hours or more:,4 or more,"$180,000 to $199,999",S,,suppressed,
2021,Number of stoppages that lasted 6 hours or more:,4 or more,"$20,000 to $29,999",52,52.0,ok,3.970291913552122
2021,Number of stoppages that lasted 6 hours or more:,4 or more,"$200,000 or more",S,,suppressed,
2021,Number of stoppages that lasted 6 hours or more:,4 or more,"$30,000 to $39,999",57,57.0,ok,4.060443010546419
2021,Number of stoppages that lasted 6 hours or more:,4 or more,"$40,000 to $49,999",50,50.0,ok,3.9318256327243257
2021,Number of stoppages that lasted 6 hours or more:,4 or more,"$50,000 to $59,999",35,35.0,ok,3.58351893845611
2021,Number of stoppages that lasted 6 hours or more:,4 or more,"$60,000 to $79,999",92,92.0,ok,4.532599493153256
2021,Number of stoppages that lasted 6 hours or more:,4 or more,"$80,000 to $99,999",58,58.0,ok,4.07753744390572
2021,Number of stoppages that lasted 6 hours or more:,4 or more,"Less than $10,000",105,105.0,ok,4.663439094112067
2021,Number of stoppages that lasted 6 hours or more:,Number of stoppages not reported,"$10,000 to $19,999",S,,suppressed,
2021,Number of stoppages that lasted 6 hours or more:,Number of stoppages not reported,"$100,000 to $119,999",S,,suppressed,
2021,Number of stoppages that lasted 6 hours or more:,Number of stoppages not reported,"$120,000 to $139,999",.,,blank_or_na,
2021,Number of stoppages that lasted 6 hours or more:,Number of stoppages not reported,"$140,000 to $159,999",.,,blank_or_na,
2021,Number of stoppages that lasted 6 hours or more:,Number of stoppages not reported,"$160,000 to $179,999",S,,suppressed,
2021,Number of stoppages that lasted 6 hours or more:,Number of stoppages not reported,"$180,000 to $199,999",S,,suppressed,
2021,Number of stoppages that lasted 6 hours or more:,Number of stoppages not reported,"$20,000 to $29,999",.,,blank_or_na,
2021,Number of stoppages that lasted 6 hours or more:,Number of stoppages not reported,"$200,000 or more",.,,blank_or_na,
2021,Number of stoppages that lasted 6 hours or more:,Number of stoppages not reported,"$30,000 to $39,999",S,,suppressed,
2021,Number of stoppages that lasted 6 hours or more:,Number of stoppages not reported,"$40,000 to $49,999",S,,suppressed,
2021,Number of stoppages that lasted 6 hours or more:,Number of stoppages not reported,"$50,000 to $59,999",S,,suppressed,
2021,Number of stoppages that lasted 6 hours or more:,Number of stoppages not reported,"$60,000 to $79,999",S,,suppressed,
2021,Number of stoppages that lasted 6 hours or more:,Number of stoppages not reported,"$80,000 to $99,999",.,,blank_or_na,
2021,Number of stoppages that lasted 6 hours or more:,Number of stoppages not reported,"Less than $10,000",S,,suppressed,
2021,Number of stoppages that lasted 6 hours or more:,Stoppage not reported,"$10,000 to $19,999",90,90.0,ok,4.51085950651685
2021,Number of stoppages that lasted 6 hours or more:,Stoppage not reported,"$100,000 to $119,999",64,64.0,ok,4.174387269895637
2021,Number of stoppages that lasted 6 hours or more:,Stoppage not reported,"$120,000 to $139,999",S,,suppressed,
2021,Number of stoppages that lasted 6 hours or more:,Stoppage not reported,"$140,000 to $159,999",S,,suppressed,
2021,Number of stoppages that lasted 6 hours or more:,Stoppage not reported,"$160,000 to $179,999",S,,suppressed,
2021,Number of stoppages that lasted 6 hours or more:,Stoppage not reported,"$180,000 to $199,999",S,,suppressed,
2021,Number of stoppages that lasted 6 hours or more:,Stoppage not reported,"$20,000 to $29,999",54,54.0,ok,4.007333185232471
2021,Number of stoppages that lasted 6 hours or more:,Stoppage not reported,"$200,000 or more",59,59.0,ok,4.0943445622221
2021,Number of stoppages that lasted 6 hours or more:,Stoppage not reported,"$30,000 to $39,999",S,,suppressed,
2021,Number of stoppages that lasted 6 hours or more:,Stoppage not reported,"$40,000 to $49,999",66,66.0,ok,4.204692619390966
2021,Number of stoppages that lasted 6 hours or more:,Stoppage not reported,"$50,000 to $59,999",58,58.0,ok,4.07753744390572
2021,Number of stoppages that lasted 6 hours or more:,Stoppage not reported,"$60,000 to $79,999",99,99.0,ok,4.605170185988092
2021,Number of stoppages that lasted 6 hours or more:,Stoppage not reported,"$80,000 to $99,999",80,80.0,ok,4.394449154672439
2021,Number of stoppages that lasted 6 hours or more:,Stoppage not reported,"Less than $10,000",84,84.0,ok,4.442651256490317
2021,Second-hand Smoke Entering Home,A few times,"$10,000 to $19,999",750,750.0,ok,6.621405651764134
2021,Second-hand Smoke Entering Home,A few times,"$100,000 to $119,999",465,465.0,ok,6.144185634125646
2021,Second-hand Smoke Entering Home,A few times,"$120,000 to $139,999",471,471.0,ok,6.156978985585555
2021,Second-hand Smoke Entering Home,A few times,"$140,000 to $159,999",344,344.0,ok,5.84354441703136
2021,Second-hand Smoke Entering Home,A few times,"$160,000 to $179,999",241,241.0,ok,5.488937726156687
2021,Second-hand Smoke Entering Home,A few times,"$180,000 to $199,999",122,122.0,ok,4.812184355372417
2021,Second-hand Smoke Entering Home,A few times,"$20,000 to $29,999",860,860.0,ok,6.7580945044277305
2021,Second-hand Smoke Entering Home,A few times,"$200,000 or more",554,554.0,ok,6.318968113746434
2021,Second-hand Smoke Entering Home,A few times,"$30,000 to $39,999",965,965.0,ok,6.873163834212518
2021,Second-hand Smoke Entering Home,A few times,"$40,000 to $49,999",915,915.0,ok,6.82001636467413
2021,Second-hand Smoke Entering Home,A few times,"$50,000 to $59,999",722,722.0,ok,6.583409222158765
2021,Second-hand Smoke Entering Home,A few times,"$60,000 to $79,999","1,010",1010.0,ok,6.918695219020472
2021,Second-hand Smoke Entering Home,A few times,"$80,000 to $99,999",768,768.0,ok,6.645090969505644
2021,Second-hand Smoke Entering Home,A few times,"Less than $10,000",714,714.0,ok,6.5722825426940075
2021,Second-hand Smoke Entering Home,Daily,"$10,000 to $19,999",219,219.0,ok,5.393627546352361
2021,Second-hand Smoke Entering Home,Daily,"$100,000 to $119,999",109,109.0,ok,4.700480365792417
2021,Second-hand Smoke Entering Home,Daily,"$120,000 to $139,999",S,,suppressed,
2021,Second-hand Smoke Entering Home,Daily,"$140,000 to $159,999",104,104.0,ok,4.653960350157523
2021,Second-hand Smoke Entering Home,Daily,"$160,000 to $179,999",S,,suppressed,
2021,Second-hand Smoke Entering Home,Daily,"$180,000 to $199,999",S,,suppressed,
2021,Second-hand Smoke Entering Home,Daily,"$20,000 to $29,999",308,308.0,ok,5.733341276897746
2021,Second-hand Smoke Entering Home,Daily,"$200,000 or more",125,125.0,ok,4.836281906951478
2021,Second-hand Smoke Entering Home,Daily,"$30,000 to $39,999",259,259.0,ok,5.560681631015528
2021,Second-hand Smoke Entering Home,Daily,"$40,000 to $49,999",261,261.0,ok,5.568344503761097
2021,Second-hand Smoke Entering Home,Daily,"$50,000 to $59,999",174,174.0,ok,5.1647859739235145
2021,Second-hand Smoke Entering Home,Daily,"$60,000 to $79,999",251,251.0,ok,5.529429087511423
2021,Second-hand Smoke Entering Home,Daily,"$80,000 to $99,999",283,283.0,ok,5.648974238161206
2021,Second-hand Smoke Entering Home,Daily,"Less than $10,000",276,276.0,ok,5.6240175061873385
2021,Second-hand Smoke Entering Home,Monthly,"$10,000 to $19,999",86,86.0,ok,4.465908118654584
2021,Second-hand Smoke Entering Home,Monthly,"$100,000 to $119,999",S,,suppressed,
2021,Second-hand Smoke Entering Home,Monthly,"$120,000 to $139,999",S,,suppressed,
2021,Second-hand Smoke Entering Home,Monthly,"$140,000 to $159,999",S,,suppressed,
2021,Second-hand Smoke Entering Home,Monthly,"$160,000 to $179,999",S,,suppressed,
2021,Second-hand Smoke Entering Home,Monthly,"$180,000 to $199,999",S,,suppressed,
2021,Second-hand Smoke Entering Home,Monthly,"$20,000 to $29,999",S,,suppressed,
2021,Second-hand Smoke Entering Home,Monthly,"$200,000 or more",S,,suppressed,
2021,Second-hand Smoke Entering Home,Monthly,"$30,000 to $39,999",S,,suppressed,
2021,Second-hand Smoke Entering Home,Monthly,"$40,000 to $49,999",S,,suppressed,
2021,Second-hand Smoke Entering Home,Monthly,"$50,000 to $59,999",S,,suppressed,
2021,Second-hand Smoke Entering Home,Monthly,"$60,000 to $79,999",153,153.0,ok,5.0369526024136295
2021,Second-hand Smoke Entering Home,Monthly,"$80,000 to $99,999",S,,suppressed,
2021,Second-hand Smoke Entering Home,Monthly,"Less than $10,000",59,59.0,ok,4.0943445622221
2021,Second-hand Smoke Entering Home,Never,"$10,000 to $19,999","7,482",7482.0,ok,8.920389060080359
2021,Second-hand Smoke Entering Home,Never,"$100,000 to $119,999","8,236",8236.0,ok,9.016391478941248
2021,Second-hand Smoke Entering Home,Never,"$120,000 to $139,999","6,074",6074.0,ok,8.711937268208748
2021,Second-hand Smoke Entering Home,Never,"$140,000 to $159,999","4,725",4725.0,ok,8.460834457746854
2021,Second-hand Smoke Entering Home,Never,"$160,000 to $179,999","3,035",3035.0,ok,8.01829613851552
2021,Second-hand Smoke Entering Home,Never,"$180,000 to $199,999","2,279",2279.0,ok,7.731930721948486
2021,Second-hand Smoke Entering Home,Never,"$20,000 to $29,999","8,451",8451.0,ok,9.042158378735948
2021,Second-hand Smoke Entering Home,Never,"$200,000 or more","9,440",9440.0,ok,9.152817185732516
2021,Second-hand Smoke Entering Home,Never,"$30,000 to $39,999","7,917",7917.0,ok,8.976893927666076
2021,Second-hand Smoke Entering Home,Never,"$40,000 to $49,999","7,813",7813.0,ok,8.963672275615016
2021,Second-hand Smoke Entering Home,Never,"$50,000 to $59,999","6,949",6949.0,ok,8.846496938558838
2021,Second-hand Smoke Entering Home,Never,"$60,000 to $79,999","13,165",13165.0,ok,9.485393028027822
2021,Second-hand Smoke Entering Home,Never,"$80,000 to $99,999","10,128",10128.0,ok,9.223157875686796
2021,Second-hand Smoke Entering Home,Never,"Less than $10,000","7,456",7456.0,ok,8.916908467543795
2021,Second-hand Smoke Entering Home,Not reported,"$10,000 to $19,999",127,127.0,ok,4.852030263919617
2021,Second-hand Smoke Entering Home,Not reported,"$100,000 to $119,999",90,90.0,ok,4.51085950651685
2021,Second-hand Smoke Entering Home,Not reported,"$120,000 to $139,999",S,,suppressed,
2021,Second-hand Smoke Entering Home,Not reported,"$140,000 to $159,999",S,,suppressed,
2021,Second-hand Smoke Entering Home,Not reported,"$160,000 to $179,999",S,,suppressed,
2021,Second-hand Smoke Entering Home,Not reported,"$180,000 to $199,999",S,,suppressed,
2021,Second-hand Smoke Entering Home,Not reported,"$20,000 to $29,999",S,,suppressed,
2021,Second-hand Smoke Entering Home,Not reported,"$200,000 or more",71,71.0,ok,4.276666119016055
2021,Second-hand Smoke Entering Home,Not reported,"$30,000 to $39,999",139,139.0,ok,4.941642422609304
2021,Second-hand Smoke Entering Home,Not reported,"$40,000 to $49,999",S,,suppressed,
2021,Second-hand Smoke Entering Home,Not reported,"$50,000 to $59,999",S,,suppressed,
2021,Second-hand Smoke Entering Home,Not reported,"$60,000 to $79,999",126,126.0,ok,4.844187086458591
2021,Second-hand Smoke Entering Home,Not reported,"$80,000 to $99,999",99,99.0,ok,4.605170185988092
2021,Second-hand Smoke Entering Home,Not reported,"Less than $10,000",147,147.0,ok,4.997212273764115
2021,Second-hand Smoke Entering Home,Weekly,"$10,000 to $19,999",140,140.0,ok,4.948759890378168
2021,Second-hand Smoke Entering Home,Weekly,"$100,000 to $119,999",97,97.0,ok,4.584967478670572
2021,Second-hand Smoke Entering Home,Weekly,"$120,000 to $139,999",52,52.0,ok,3.970291913552122
2021,Second-hand Smoke Entering Home,Weekly,"$140,000 to $159,999",S,,suppressed,
2021,Second-hand Smoke Entering Home,Weekly,"$160,000 to $179,999",S,,suppressed,
2021,Second-hand Smoke Entering Home,Weekly,"$180,000 to $199,999",S,,suppressed,
2021,Second-hand Smoke Entering Home,Weekly,"$20,000 to $29,999",112,112.0,ok,4.727387818712341
2021,Second-hand Smoke Entering Home,Weekly,"$200,000 or more",111,111.0,ok,4.718498871295094
2021,Second-hand Smoke Entering Home,Weekly,"$30,000 to $39,999",165,165.0,ok,5.111987788356544
2021,Second-hand Smoke Entering Home,Weekly,"$40,000 to $49,999",139,139.0,ok,4.941642422609304
2021,Second-hand Smoke Entering Home,Weekly,"$50,000 to $59,999",78,78.0,ok,4.3694478524670215
2021,Second-hand Smoke Entering Home,Weekly,"$60,000 to $79,999",244,244.0,ok,5.501258210544727
2021,Second-hand Smoke Entering Home,Weekly,"$80,000 to $99,999",128,128.0,ok,4.859812404361672
2021,Second-hand Smoke Entering Home,Weekly,"Less than $10,000",149,149.0,ok,5.0106352940962555
2021,Selected Deficiencies,Broken plaster or peeling paint (interior),"$10,000 to $19,999",341,341.0,ok,5.834810737062605
2021,Selected Deficiencies,Broken plaster or peeling paint (interior),"$100,000 to $119,999",135,135.0,ok,4.912654885736052
2021,Selected Deficiencies,Broken plaster or peeling paint (interior),"$120,000 to $139,999",90,90.0,ok,4.51085950651685
2021,Selected Deficiencies,Broken plaster or peeling paint (interior),"$140,000 to $159,999",73,73.0,ok,4.304065093204169
2021,Selected Deficiencies,Broken plaster or peeling paint (interior),"$160,000 to $179,999",54,54.0,ok,4.007333185232471
2021,Selected Deficiencies,Broken plaster or peeling paint (interior),"$180,000 to $199,999",S,,suppressed,
2021,Selected Deficiencies,Broken plaster or peeling paint (interior),"$20,000 to $29,999",318,318.0,ok,5.765191102784844
2021,Selected Deficiencies,Broken plaster or peeling paint (interior),"$200,000 or more",136,136.0,ok,4.919980925828125
2021,Selected Deficiencies,Broken plaster or peeling paint (interior),"$30,000 to $39,999",290,290.0,ok,5.673323267171493
2021,Selected Deficiencies,Broken plaster or peeling paint (interior),"$40,000 to $49,999",257,257.0,ok,5.552959584921617
2021,Selected Deficiencies,Broken plaster or peeling paint (interior),"$50,000 to $59,999",191,191.0,ok,5.2574953720277815
2021,Selected Deficiencies,Broken plaster or peeling paint (interior),"$60,000 to $79,999",277,277.0,ok,5.627621113690637
2021,Selected Deficiencies,Broken plaster or peeling paint (interior),"$80,000 to $99,999",202,202.0,ok,5.313205979041787
2021,Selected Deficiencies,Broken plaster or peeling paint (interior),"Less than $10,000",399,399.0,ok,5.991464547107982
2021,Selected Deficiencies,Exposed wiring,"$10,000 to $19,999",317,317.0,ok,5.762051382780177
2021,Selected Deficiencies,Exposed wiring,"$100,000 to $119,999",172,172.0,ok,5.153291594497779
2021,Selected Deficiencies,Exposed wiring,"$120,000 to $139,999",131,131.0,ok,4.882801922586371
2021,Selected Deficiencies,Exposed wiring,"$140,000 to $159,999",99,99.0,ok,4.605170185988092
2021,Selected Deficiencies,Exposed wiring,"$160,000 to $179,999",76,76.0,ok,4.343805421853684
2021,Selected Deficiencies,Exposed wiring,"$180,000 to $199,999",38,38.0,ok,3.6635616461296463
2021,Selected Deficiencies,Exposed wiring,"$20,000 to $29,999",324,324.0,ok,5.783825182329737
2021,Selected Deficiencies,Exposed wiring,"$200,000 or more",199,199.0,ok,5.298317366548036
2021,Selected Deficiencies,Exposed wiring,"$30,000 to $39,999",233,233.0,ok,5.455321115357702
2021,Selected Deficiencies,Exposed wiring,"$40,000 to $49,999",234,234.0,ok,5.459585514144159
2021,Selected Deficiencies,Exposed wiring,"$50,000 to $59,999",229,229.0,ok,5.438079308923196
2021,Selected Deficiencies,Exposed wiring,"$60,000 to $79,999",320,320.0,ok,5.771441123130016
2021,Selected Deficiencies,Exposed wiring,"$80,000 to $99,999",252,252.0,ok,5.53338948872752
2021,Selected Deficiencies,Exposed wiring,"Less than $10,000",390,390.0,ok,5.968707559985366
2021,Selected Deficiencies,Holes in floors,"$10,000 to $19,999",218,218.0,ok,5.389071729816501
2021,Selected Deficiencies,Holes in floors,"$100,000 to $119,999",S,,suppressed,
2021,Selected Deficiencies,Holes in floors,"$120,000 to $139,999",S,,suppressed,
2021,Selected Deficiencies,Holes in floors,"$140,000 to $159,999",47,47.0,ok,3.8712010109078907
2021,Selected Deficiencies,Holes in floors,"$160,000 to $179,999",S,,suppressed,
2021,Selected Deficiencies,Holes in floors,"$180,000 to $199,999",S,,suppressed,
2021,Selected Deficiencies,Holes in floors,"$20,000 to $29,999",200,200.0,ok,5.303304908059076
2021,Selected Deficiencies,Holes in floors,"$200,000 or more",44,44.0,ok,3.8066624897703196
2021,Selected Deficiencies,Holes in floors,"$30,000 to $39,999",171,171.0,ok,5.147494476813453
2021,Selected Deficiencies,Holes in floors,"$40,000 to $49,999",177,177.0,ok,5.181783550292085
2021,Selected Deficiencies,Holes in floors,"$50,000 to $59,999",182,182.0,ok,5.209486152841421
2021,Selected Deficiencies,Holes in floors,"$60,000 to $79,999",177,177.0,ok,5.181783550292085
2021,Selected Deficiencies,Holes in floors,"$80,000 to $99,999",112,112.0,ok,4.727387818712341
2021,Selected Deficiencies,Holes in floors,"Less than $10,000",346,346.0,ok,5.849324779946859
2021,Selected Deficiencies,No electrical wiring,"$10,000 to $19,999",S,,suppressed,
2021,Selected Deficiencies,No electrical wiring,"$100,000 to $119,999",S,,suppressed,
2021,Selected Deficiencies,No electrical wiring,"$120,000 to $139,999",S,,suppressed,
2021,Selected Deficiencies,No electrical wiring,"$140,000 to $159,999",.,,blank_or_na,
2021,Selected Deficiencies,No electrical wiring,"$160,000 to $179,999",.,,blank_or_na,
2021,Selected Deficiencies,No electrical wiring,"$180,000 to $199,999",.,,blank_or_na,
2021,Selected Deficiencies,No electrical wiring,"$20,000 to $29,999",S,,suppressed,
2021,Selected Deficiencies,No electrical wiring,"$200,000 or more",S,,suppressed,
2021,Selected Deficiencies,No electrical wiring,"$30,000 to $39,999",S,,suppressed,
2021,Selected Deficiencies,No electrical wiring,"$40,000 to $49,999",S,,suppressed,
2021,Selected Deficiencies,No electrical wiring,"$50,000 to $59,999",S,,suppressed,
2021,Selected Deficiencies,No electrical wiring,"$60,000 to $79,999",S,,suppressed,
2021,Selected Deficiencies,No electrical wiring,"$80,000 to $99,999",S,,suppressed,
2021,Selected Deficiencies,No electrical wiring,"Less than $10,000",S,,suppressed,
2021,Selected Deficiencies,Open cracks or holes (interior),"$10,000 to $19,999",706,706.0,ok,6.561030665896573
2021,Selected Deficiencies,Open cracks or holes (interior),"$100,000 to $119,999",378,378.0,ok,5.937536205082426
2021,Selected Deficiencies,Open cracks or holes (interior),"$120,000 to $139,999",313,313.0,ok,5.749392985908253
2021,Selected Deficiencies,Open cracks or holes (interior),"$140,000 to $159,999",257,257.0,ok,5.552959584921617
2021,Selected Deficiencies,Open cracks or holes (interior),"$160,000 to $179,999",150,150.0,ok,5.017279836814924
2021,Selected Deficiencies,Open cracks or holes (interior),"$180,000 to $199,999",98,98.0,ok,4.59511985013459
2021,Selected Deficiencies,Open cracks or holes (interior),"$20,000 to $29,999",782,782.0,ok,6.663132695990803
2021,Selected Deficiencies,Open cracks or holes (interior),"$200,000 or more",352,352.0,ok,5.8664680569332965
2021,Selected Deficiencies,Open cracks or holes (interior),"$30,000 to $39,999",662,662.0,ok,6.4967749901858625
2021,Selected Deficiencies,Open cracks or holes (interior),"$40,000 to $49,999",659,659.0,ok,6.492239835020471
2021,Selected Deficiencies,Open cracks or holes (interior),"$50,000 to $59,999",543,543.0,ok,6.298949246855942
2021,Selected Deficiencies,Open cracks or holes (interior),"$60,000 to $79,999",897,897.0,ok,6.8001700683022
2021,Selected Deficiencies,Open cracks or holes (interior),"$80,000 to $99,999",519,519.0,ok,6.253828811575473
2021,Selected Deficiencies,Open cracks or holes (interior),"Less than $10,000",839,839.0,ok,6.733401891837359
2021,Selected Deficiencies,Rooms without electric outlets,"$10,000 to $19,999",244,244.0,ok,5.501258210544727
2021,Selected Deficiencies,Rooms without electric outlets,"$100,000 to $119,999",166,166.0,ok,5.117993812416755
2021,Selected Deficiencies,Rooms without electric outlets,"$120,000 to $139,999",121,121.0,ok,4.804021044733257
2021,Selected Deficiencies,Rooms without electric outlets,"$140,000 to $159,999",64,64.0,ok,4.174387269895637
2021,Selected Deficiencies,Rooms without electric outlets,"$160,000 to $179,999",40,40.0,ok,3.713572066704308
2021,Selected Deficiencies,Rooms without electric outlets,"$180,000 to $199,999",S,,suppressed,
2021,Selected Deficiencies,Rooms without electric outlets,"$20,000 to $29,999",245,245.0,ok,5.5053315359323625
2021,Selected Deficiencies,Rooms without electric outlets,"$200,000 or more",95,95.0,ok,4.564348191467836
2021,Selected Deficiencies,Rooms without electric outlets,"$30,000 to $39,999",206,206.0,ok,5.332718793265369
2021,Selected Deficiencies,Rooms without electric outlets,"$40,000 to $49,999",227,227.0,ok,5.429345628954441
2021,Selected Deficiencies,Rooms without electric outlets,"$50,000 to $59,999",203,203.0,ok,5.318119993844216
2021,Selected Deficiencies,Rooms without electric outlets,"$60,000 to $79,999",288,288.0,ok,5.666426688112432
2021,Selected Deficiencies,Rooms without electric outlets,"$80,000 to $99,999",185,185.0,ok,5.225746673713202
2021,Selected Deficiencies,Rooms without electric outlets,"Less than $10,000",329,329.0,ok,5.799092654460526
2021,Selected Deficiencies,Signs of cockroaches in last 12 months,"$10,000 to $19,999","1,365",1365.0,ok,7.2196420401307355
2021,Selected Deficiencies,Signs of cockroaches in last 12 months,"$100,000 to $119,999",814,814.0,ok,6.703188113240863
2021,Selected Deficiencies,Signs of cockroaches in last 12 months,"$120,000 to $139,999",654,654.0,ok,6.484635235635252
2021,Selected Deficiencies,Signs of cockroaches in last 12 months,"$140,000 to $159,999",444,444.0,ok,6.09807428216624
2021,Selected Deficiencies,Signs of cockroaches in last 12 months,"$160,000 to $179,999",313,313.0,ok,5.749392985908253
2021,Selected Deficiencies,Signs of cockroaches in last 12 months,"$180,000 to $199,999",201,201.0,ok,5.308267697401205
2021,Selected Deficiencies,Signs of cockroaches in last 12 months,"$20,000 to $29,999","1,600",1600.0,ok,7.3783837129967145
2021,Selected Deficiencies,Signs of cockroaches in last 12 months,"$200,000 or more",890,890.0,ok,6.792344427470809
2021,Selected Deficiencies,Signs of cockroaches in last 12 months,"$30,000 to $39,999","1,468",1468.0,ok,7.292337176173877
2021,Selected Deficiencies,Signs of cockroaches in last 12 months,"$40,000 to $49,999","1,141",1141.0,ok,7.040536390215956
2021,Selected Deficiencies,Signs of cockroaches in last 12 months,"$50,000 to $59,999",997,997.0,ok,6.905753276311464
2021,Selected Deficiencies,Signs of cockroaches in last 12 months,"$60,000 to $79,999","1,784",1784.0,ok,7.487173694213739
2021,Selected Deficiencies,Signs of cockroaches in last 12 months,"$80,000 to $99,999","1,181",1181.0,ok,7.074963197966044
2021,Selected Deficiencies,Signs of cockroaches in last 12 months,"Less than $10,000","1,630",1630.0,ok,7.396948602621014
2021,Selected Deficiencies,Signs of mice or rats inside home in last 12 months,"$10,000 to $19,999","1,396",1396.0,ok,7.242082359256962
2021,Selected Deficiencies,Signs of mice or rats inside home in last 12 months,"$100,000 to $119,999","1,006",1006.0,ok,6.914730892718563
2021,Selected Deficiencies,Signs of mice or rats inside home in last 12 months,"$120,000 to $139,999",728,728.0,ok,6.591673732008658
2021,Selected Deficiencies,Signs of mice or rats inside home in last 12 months,"$140,000 to $159,999",529,529.0,ok,6.272877006546167
2021,Selected Deficiencies,Signs of mice or rats inside home in last 12 months,"$160,000 to $179,999",382,382.0,ok,5.948034989180646
2021,Selected Deficiencies,Signs of mice or rats inside home in last 12 months,"$180,000 to $199,999",301,301.0,ok,5.71042701737487
2021,Selected Deficiencies,Signs of mice or rats inside home in last 12 months,"$20,000 to $29,999","1,417",1417.0,ok,7.257002707092073
2021,Selected Deficiencies,Signs of mice or rats inside home in last 12 months,"$200,000 or more","1,157",1157.0,ok,7.05444965813294
2021,Selected Deficiencies,Signs of mice or rats inside home in last 12 months,"$30,000 to $39,999","1,309",1309.0,ok,7.177782416195197
2021,Selected Deficiencies,Signs of mice or rats inside home in last 12 months,"$40,000 to $49,999","1,259",1259.0,ok,7.138866999945524
2021,Selected Deficiencies,Signs of mice or rats inside home in last 12 months,"$50,000 to $59,999","1,188",1188.0,ok,7.080867896690782
2021,Selected Deficiencies,Signs of mice or rats inside home in last 12 months,"$60,000 to $79,999","1,888",1888.0,ok,7.543802867501509
2021,Selected Deficiencies,Signs of mice or rats inside home in last 12 months,"$80,000 to $99,999","1,360",1360.0,ok,7.215975002651466
2021,Selected Deficiencies,Signs of mice or rats inside home in last 12 months,"Less than $10,000","1,368",1368.0,ok,7.221835825288449
2021,Sewage Disposal Breakdowns,No breakdowns in last 3 months,"$10,000 to $19,999","8,761",8761.0,ok,9.078179468373843
2021,Sewage Disposal Breakdowns,No breakdowns in last 3 months,"$100,000 to $119,999","8,006",8006.0,ok,8.988071438072634
2021,Sewage Disposal Breakdowns,No breakdowns in last 3 months,"$120,000 to $139,999","5,839",5839.0,ok,8.672486075822272
2021,Sewage Disposal Breakdowns,No breakdowns in last 3 months,"$140,000 to $159,999","4,644",4644.0,ok,8.443546651247939
2021,Sewage Disposal Breakdowns,No breakdowns in last 3 months,"$160,000 to $179,999","3,057",3057.0,ok,8.025516386489008
2021,Sewage Disposal Breakdowns,No breakdowns in last 3 months,"$180,000 to $199,999","2,204",2204.0,ok,7.6984827878809465
2021,Sewage Disposal Breakdowns,No breakdowns in last 3 months,"$20,000 to $29,999","9,152",9152.0,ok,9.121836973384779
2021,Sewage Disposal Breakdowns,No breakdowns in last 3 months,"$200,000 or more","8,726",8726.0,ok,9.074176947163311
2021,Sewage Disposal Breakdowns,No breakdowns in last 3 months,"$30,000 to $39,999","8,557",8557.0,ok,9.054621796976763
2021,Sewage Disposal Breakdowns,No breakdowns in last 3 months,"$40,000 to $49,999","8,578",8578.0,ok,9.057072635572965
2021,Sewage Disposal Breakdowns,No breakdowns in last 3 months,"$50,000 to $59,999","7,257",7257.0,ok,8.889859587773016
2021,Sewage Disposal Breakdowns,No breakdowns in last 3 months,"$60,000 to $79,999","13,474",13474.0,ok,9.508591395777199
2021,Sewage Disposal Breakdowns,No breakdowns in last 3 months,"$80,000 to $99,999","9,800",9800.0,ok,9.19023970026918
2021,Sewage Disposal Breakdowns,No breakdowns in last 3 months,"Less than $10,000","9,089",9089.0,ok,9.114930187171524
2021,Sewage Disposal Breakdowns,No breakdowns lasting 6 hours or more,"$10,000 to $19,999",S,,suppressed,
2021,Sewage Disposal Breakdowns,No breakdowns lasting 6 hours or more,"$100,000 to $119,999",S,,suppressed,
2021,Sewage Disposal Breakdowns,No breakdowns lasting 6 hours or more,"$120,000 to $139,999",S,,suppressed,
2021,Sewage Disposal Breakdowns,No breakdowns lasting 6 hours or more,"$140,000 to $159,999",S,,suppressed,
2021,Sewage Disposal Breakdowns,No breakdowns lasting 6 hours or more,"$160,000 to $179,999",S,,suppressed,
2021,Sewage Disposal Breakdowns,No breakdowns lasting 6 hours or more,"$180,000 to $199,999",.,,blank_or_na,
2021,Sewage Disposal Breakdowns,No breakdowns lasting 6 hours or more,"$20,000 to $29,999",S,,suppressed,
2021,Sewage Disposal Breakdowns,No breakdowns lasting 6 hours or more,"$200,000 or more",S,,suppressed,
2021,Sewage Disposal Breakdowns,No breakdowns lasting 6 hours or more,"$30,000 to $39,999",S,,suppressed,
2021,Sewage Disposal Breakdowns,No breakdowns lasting 6 hours or more,"$40,000 to $49,999",S,,suppressed,
2021,Sewage Disposal Breakdowns,No breakdowns lasting 6 hours or more,"$50,000 to $59,999",S,,suppressed,
2021,Sewage Disposal Breakdowns,No breakdowns lasting 6 hours or more,"$60,000 to $79,999",S,,suppressed,
2021,Sewage Disposal Breakdowns,No breakdowns lasting 6 hours or more,"$80,000 to $99,999",S,,suppressed,
2021,Sewage Disposal Breakdowns,No breakdowns lasting 6 hours or more,"Less than $10,000",S,,suppressed,
2021,Sewage Disposal Breakdowns,With breakdown(s) in last 3 months,"$10,000 to $19,999",130,130.0,ok,4.875197323201151
2021,Sewage Disposal Breakdowns,With breakdown(s) in last 3 months,"$100,000 to $119,999",85,85.0,ok,4.454347296253507
2021,Sewage Disposal Breakdowns,With breakdown(s) in last 3 months,"$120,000 to $139,999",60,60.0,ok,4.110873864173311
2021,Sewage Disposal Breakdowns,With breakdown(s) in last 3 months,"$140,000 to $159,999",55,55.0,ok,4.02535169073515
2021,Sewage Disposal Breakdowns,With breakdown(s) in last 3 months,"$160,000 to $179,999",S,,suppressed,
2021,Sewage Disposal Breakdowns,With breakdown(s) in last 3 months,"$180,000 to $199,999",S,,suppressed,
2021,Sewage Disposal Breakdowns,With breakdown(s) in last 3 months,"$20,000 to $29,999",165,165.0,ok,5.111987788356544
2021,Sewage Disposal Breakdowns,With breakdown(s) in last 3 months,"$200,000 or more",83,83.0,ok,4.430816798843313
2021,Sewage Disposal Breakdowns,With breakdown(s) in last 3 months,"$30,000 to $39,999",195,195.0,ok,5.278114659230518
2021,Sewage Disposal Breakdowns,With breakdown(s) in last 3 months,"$40,000 to $49,999",199,199.0,ok,5.298317366548036
2021,Sewage Disposal Breakdowns,With breakdown(s) in last 3 months,"$50,000 to $59,999",99,99.0,ok,4.605170185988092
2021,Sewage Disposal Breakdowns,With breakdown(s) in last 3 months,"$60,000 to $79,999",197,197.0,ok,5.288267030694535
2021,Sewage Disposal Breakdowns,With breakdown(s) in last 3 months,"$80,000 to $99,999",125,125.0,ok,4.836281906951478
2021,Sewage Disposal Breakdowns,With breakdown(s) in last 3 months,"Less than $10,000",158,158.0,ok,5.0689042022202315
2021,Sewage Disposal Breakdowns,With public sewer,"$10,000 to $19,999","8,891",8891.0,ok,9.092907275084087
2021,Sewage Disposal Breakdowns,With public sewer,"$100,000 to $119,999","8,090",8090.0,ok,8.99850761180784
2021,Sewage Disposal Breakdowns,With public sewer,"$120,000 to $139,999","5,900",5900.0,ok,8.682877107057168
2021,Sewage Disposal Breakdowns,With public sewer,"$140,000 to $159,999","4,699",4699.0,ok,8.45531778769815
2021,Sewage Disposal Breakdowns,With public sewer,"$160,000 to $179,999","3,075",3075.0,ok,8.031385330625534
2021,Sewage Disposal Breakdowns,With public sewer,"$180,000 to $199,999","2,215",2215.0,ok,7.703459047867175
2021,Sewage Disposal Breakdowns,With public sewer,"$20,000 to $29,999","9,317",9317.0,ok,9.139703292376742
2021,Sewage Disposal Breakdowns,With public sewer,"$200,000 or more","8,810",8810.0,ok,9.08375621986673
2021,Sewage Disposal Breakdowns,With public sewer,"$30,000 to $39,999","8,752",8752.0,ok,9.077151777732437
2021,Sewage Disposal Breakdowns,With public sewer,"$40,000 to $49,999","8,777",8777.0,ok,9.080003870248179
2021,Sewage Disposal Breakdowns,With public sewer,"$50,000 to $59,999","7,356",7356.0,ok,8.903407519932264
2021,Sewage Disposal Breakdowns,With public sewer,"$60,000 to $79,999","13,671",13671.0,ok,9.523105224795426
2021,Sewage Disposal Breakdowns,With public sewer,"$80,000 to $99,999","9,925",9925.0,ok,9.202912856147385
2021,Sewage Disposal Breakdowns,With public sewer,"Less than $10,000","9,247",9247.0,ok,9.13216259091216
2021,Tobacco Smoke Inside the Home,A few times,"$10,000 to $19,999",466,466.0,ok,6.1463292576688975
2021,Tobacco Smoke Inside the Home,A few times,"$100,000 to $119,999",109,109.0,ok,4.700480365792417
2021,Tobacco Smoke Inside the Home,A few times,"$120,000 to $139,999",172,172.0,ok,5.153291594497779
2021,Tobacco Smoke Inside the Home,A few times,"$140,000 to $159,999",101,101.0,ok,4.624972813284271
2021,Tobacco Smoke Inside the Home,A few times,"$160,000 to $179,999",S,,suppressed,
2021,Tobacco Smoke Inside the Home,A few times,"$180,000 to $199,999",S,,suppressed,
2021,Tobacco Smoke Inside the Home,A few times,"$20,000 to $29,999",446,446.0,ok,6.102558594613569
2021,Tobacco Smoke Inside the Home,A few times,"$200,000 or more",141,141.0,ok,4.955827057601261
2021,Tobacco Smoke Inside the Home,A few times,"$30,000 to $39,999",372,372.0,ok,5.921578419643816
2021,Tobacco Smoke Inside the Home,A few times,"$40,000 to $49,999",500,500.0,ok,6.2166061010848646
2021,Tobacco Smoke Inside the Home,A few times,"$50,000 to $59,999",404,404.0,ok,6.003887067106539
2021,Tobacco Smoke Inside the Home,A few times,"$60,000 to $79,999",393,393.0,ok,5.976350909297934
2021,Tobacco Smoke Inside the Home,A few times,"$80,000 to $99,999",261,261.0,ok,5.568344503761097
2021,Tobacco Smoke Inside the Home,A few times,"Less than $10,000",405,405.0,ok,6.0063531596017325
2021,Tobacco Smoke Inside the Home,Daily,"$10,000 to $19,999","1,026",1026.0,ok,6.934397209928558
2021,Tobacco Smoke Inside the Home,Daily,"$100,000 to $119,999",271,271.0,ok,5.605802066295998
2021,Tobacco Smoke Inside the Home,Daily,"$120,000 to $139,999",243,243.0,ok,5.497168225293202
2021,Tobacco Smoke Inside the Home,Daily,"$140,000 to $159,999",116,116.0,ok,4.762173934797756
2021,Tobacco Smoke Inside the Home,Daily,"$160,000 to $179,999",S,,suppressed,
2021,Tobacco Smoke Inside the Home,Daily,"$180,000 to $199,999",S,,suppressed,
2021,Tobacco Smoke Inside the Home,Daily,"$20,000 to $29,999",907,907.0,ok,6.811244378601294
2021,Tobacco Smoke Inside the Home,Daily,"$200,000 or more",148,148.0,ok,5.003946305945459
2021,Tobacco Smoke Inside the Home,Daily,"$30,000 to $39,999",891,891.0,ok,6.79346613258001
2021,Tobacco Smoke Inside the Home,Daily,"$40,000 to $49,999",671,671.0,ok,6.51025834052315
2021,Tobacco Smoke Inside the Home,Daily,"$50,000 to $59,999",466,466.0,ok,6.1463292576688975
2021,Tobacco Smoke Inside the Home,Daily,"$60,000 to $79,999",780,780.0,ok,6.660575149839686
2021,Tobacco Smoke Inside the Home,Daily,"$80,000 to $99,999",460,460.0,ok,6.133398042996649
2021,Tobacco Smoke Inside the Home,Daily,"Less than $10,000","1,225",1225.0,ok,7.111512116496157
2021,Tobacco Smoke Inside the Home,Monthly,"$10,000 to $19,999",S,,suppressed,
2021,Tobacco Smoke Inside the Home,Monthly,"$100,000 to $119,999",S,,suppressed,
2021,Tobacco Smoke Inside the Home,Monthly,"$120,000 to $139,999",S,,suppressed,
2021,Tobacco Smoke Inside the Home,Monthly,"$140,000 to $159,999",S,,suppressed,
2021,Tobacco Smoke Inside the Home,Monthly,"$160,000 to $179,999",S,,suppressed,
2021,Tobacco Smoke Inside the Home,Monthly,"$180,000 to $199,999",S,,suppressed,
2021,Tobacco Smoke Inside the Home,Monthly,"$20,000 to $29,999",54,54.0,ok,4.007333185232471
2021,Tobacco Smoke Inside the Home,Monthly,"$200,000 or more",S,,suppressed,
2021,Tobacco Smoke Inside the Home,Monthly,"$30,000 to $39,999",S,,suppressed,
2021,Tobacco Smoke Inside the Home,Monthly,"$40,000 to $49,999",S,,suppressed,
2021,Tobacco Smoke Inside the Home,Monthly,"$50,000 to $59,999",S,,suppressed,
2021,Tobacco Smoke Inside the Home,Monthly,"$60,000 to $79,999",S,,suppressed,
2021,Tobacco Smoke Inside the Home,Monthly,"$80,000 to $99,999",S,,suppressed,
2021,Tobacco Smoke Inside the Home,Monthly,"Less than $10,000",58,58.0,ok,4.07753744390572
2021,Tobacco Smoke Inside the Home,Never,"$10,000 to $19,999","8,216",8216.0,ok,9.013960457931187
2021,Tobacco Smoke Inside the Home,Never,"$100,000 to $119,999","8,827",8827.0,ok,9.085683767376628
2021,Tobacco Smoke Inside the Home,Never,"$120,000 to $139,999","6,571",6571.0,ok,8.790573479157159
2021,Tobacco Smoke Inside the Home,Never,"$140,000 to $159,999","5,130",5130.0,ok,8.543055850941965
2021,Tobacco Smoke Inside the Home,Never,"$160,000 to $179,999","3,279",3279.0,ok,8.09559870137819
2021,Tobacco Smoke Inside the Home,Never,"$180,000 to $199,999","2,457",2457.0,ok,7.80710329012598
2021,Tobacco Smoke Inside the Home,Never,"$20,000 to $29,999","9,324",9324.0,ok,9.140454244512016
2021,Tobacco Smoke Inside the Home,Never,"$200,000 or more","10,123",10123.0,ok,9.222664121665014
2021,Tobacco Smoke Inside the Home,Never,"$30,000 to $39,999","8,990",8990.0,ok,9.103979355984773
2021,Tobacco Smoke Inside the Home,Never,"$40,000 to $49,999","8,702",8702.0,ok,9.071423072789514
2021,Tobacco Smoke Inside the Home,Never,"$50,000 to $59,999","7,629",7629.0,ok,8.939843124278502
2021,Tobacco Smoke Inside the Home,Never,"$60,000 to $79,999","14,433",14433.0,ok,9.577341813632218
2021,Tobacco Smoke Inside the Home,Never,"$80,000 to $99,999","11,080",11080.0,ok,9.312987208936326
2021,Tobacco Smoke Inside the Home,Never,"Less than $10,000","8,248",8248.0,ok,9.017847259860732
2021,Tobacco Smoke Inside the Home,Not reported,"$10,000 to $19,999",121,121.0,ok,4.804021044733257
2021,Tobacco Smoke Inside the Home,Not reported,"$100,000 to $119,999",114,114.0,ok,4.74493212836325
2021,Tobacco Smoke Inside the Home,Not reported,"$120,000 to $139,999",S,,suppressed,
2021,Tobacco Smoke Inside the Home,Not reported,"$140,000 to $159,999",S,,suppressed,
2021,Tobacco Smoke Inside the Home,Not reported,"$160,000 to $179,999",S,,suppressed,
2021,Tobacco Smoke Inside the Home,Not reported,"$180,000 to $199,999",S,,suppressed,
2021,Tobacco Smoke Inside the Home,Not reported,"$20,000 to $29,999",S,,suppressed,
2021,Tobacco Smoke Inside the Home,Not reported,"$200,000 or more",71,71.0,ok,4.276666119016055
2021,Tobacco Smoke Inside the Home,Not reported,"$30,000 to $39,999",108,108.0,ok,4.6913478822291435
2021,Tobacco Smoke Inside the Home,Not reported,"$40,000 to $49,999",S,,suppressed,
2021,Tobacco Smoke Inside the Home,Not reported,"$50,000 to $59,999",S,,suppressed,
2021,Tobacco Smoke Inside the Home,Not reported,"$60,000 to $79,999",122,122.0,ok,4.812184355372417
2021,Tobacco Smoke Inside the Home,Not reported,"$80,000 to $99,999",98,98.0,ok,4.59511985013459
2021,Tobacco Smoke Inside the Home,Not reported,"Less than $10,000",147,147.0,ok,4.997212273764115
2021,Tobacco Smoke Inside the Home,Weekly,"$10,000 to $19,999",226,226.0,ok,5.424950017481403
2021,Tobacco Smoke Inside the Home,Weekly,"$100,000 to $119,999",136,136.0,ok,4.919980925828125
2021,Tobacco Smoke Inside the Home,Weekly,"$120,000 to $139,999",116,116.0,ok,4.762173934797756
2021,Tobacco Smoke Inside the Home,Weekly,"$140,000 to $159,999",125,125.0,ok,4.836281906951478
2021,Tobacco Smoke Inside the Home,Weekly,"$160,000 to $179,999",74,74.0,ok,4.31748811353631
2021,Tobacco Smoke Inside the Home,Weekly,"$180,000 to $199,999",S,,suppressed,
2021,Tobacco Smoke Inside the Home,Weekly,"$20,000 to $29,999",265,265.0,ok,5.583496308781699
2021,Tobacco Smoke Inside the Home,Weekly,"$200,000 or more",193,193.0,ok,5.267858159063328
2021,Tobacco Smoke Inside the Home,Weekly,"$30,000 to $39,999",233,233.0,ok,5.455321115357702
2021,Tobacco Smoke Inside the Home,Weekly,"$40,000 to $49,999",250,250.0,ok,5.5254529391317835
2021,Tobacco Smoke Inside the Home,Weekly,"$50,000 to $59,999",163,163.0,ok,5.099866427824199
2021,Tobacco Smoke Inside the Home,Weekly,"$60,000 to $79,999",373,373.0,ok,5.924255797414532
2021,Tobacco Smoke Inside the Home,Weekly,"$80,000 to $99,999",274,274.0,ok,5.616771097666572
2021,Tobacco Smoke Inside the Home,Weekly,"Less than $10,000",272,272.0,ok,5.60947179518496
2021,Water Leakage During Last 12 Months,Basement,"$10,000 to $19,999",182,182.0,ok,5.209486152841421
2021,Water Leakage During Last 12 Months,Basement,"$100,000 to $119,999",255,255.0,ok,5.545177444479562
2021,Water Leakage During Last 12 Months,Basement,"$120,000 to $139,999",211,211.0,ok,5.356586274672012
2021,Water Leakage During Last 12 Months,Basement,"$140,000 to $159,999",163,163.0,ok,5.099866427824199
2021,Water Leakage During Last 12 Months,Basement,"$160,000 to $179,999",79,79.0,ok,4.382026634673881
2021,Water Leakage During Last 12 Months,Basement,"$180,000 to $199,999",72,72.0,ok,4.290459441148391
2021,Water Leakage During Last 12 Months,Basement,"$20,000 to $29,999",198,198.0,ok,5.293304824724492
2021,Water Leakage During Last 12 Months,Basement,"$200,000 or more",245,245.0,ok,5.5053315359323625
2021,Water Leakage During Last 12 Months,Basement,"$30,000 to $39,999",164,164.0,ok,5.10594547390058
2021,Water Leakage During Last 12 Months,Basement,"$40,000 to $49,999",253,253.0,ok,5.537334267018537
2021,Water Leakage During Last 12 Months,Basement,"$50,000 to $59,999",229,229.0,ok,5.438079308923196
2021,Water Leakage During Last 12 Months,Basement,"$60,000 to $79,999",404,404.0,ok,6.003887067106539
2021,Water Leakage During Last 12 Months,Basement,"$80,000 to $99,999",314,314.0,ok,5.752572638825633
2021,Water Leakage During Last 12 Months,Basement,"Less than $10,000",130,130.0,ok,4.875197323201151
2021,Water Leakage During Last 12 Months,Broken water heater,"$10,000 to $19,999",91,91.0,ok,4.5217885770490405
2021,Water Leakage During Last 12 Months,Broken water heater,"$100,000 to $119,999",51,51.0,ok,3.9512437185814275
2021,Water Leakage During Last 12 Months,Broken water heater,"$120,000 to $139,999",48,48.0,ok,3.8918202981106265
2021,Water Leakage During Last 12 Months,Broken water heater,"$140,000 to $159,999",S,,suppressed,
2021,Water Leakage During Last 12 Months,Broken water heater,"$160,000 to $179,999",S,,suppressed,
2021,Water Leakage During Last 12 Months,Broken water heater,"$180,000 to $199,999",S,,suppressed,
2021,Water Leakage During Last 12 Months,Broken water heater,"$20,000 to $29,999",65,65.0,ok,4.189654742026425
2021,Water Leakage During Last 12 Months,Broken water heater,"$200,000 or more",89,89.0,ok,4.499809670330265
2021,Water Leakage During Last 12 Months,Broken water heater,"$30,000 to $39,999",96,96.0,ok,4.574710978503383
2021,Water Leakage During Last 12 Months,Broken water heater,"$40,000 to $49,999",99,99.0,ok,4.605170185988092
2021,Water Leakage During Last 12 Months,Broken water heater,"$50,000 to $59,999",57,57.0,ok,4.060443010546419
2021,Water Leakage During Last 12 Months,Broken water heater,"$60,000 to $79,999",118,118.0,ok,4.77912349311153
2021,Water Leakage During Last 12 Months,Broken water heater,"$80,000 to $99,999",101,101.0,ok,4.624972813284271
2021,Water Leakage During Last 12 Months,Broken water heater,"Less than $10,000",93,93.0,ok,4.543294782270004
2021,Water Leakage During Last 12 Months,Fixtures backed up or overflowed,"$10,000 to $19,999",236,236.0,ok,5.4680601411351315
2021,Water Leakage During Last 12 Months,Fixtures backed up or overflowed,"$100,000 to $119,999",126,126.0,ok,4.844187086458591
2021,Water Leakage During Last 12 Months,Fixtures backed up or overflowed,"$120,000 to $139,999",115,115.0,ok,4.7535901911063645
2021,Water Leakage During Last 12 Months,Fixtures backed up or overflowed,"$140,000 to $159,999",123,123.0,ok,4.820281565605037
2021,Water Leakage During Last 12 Months,Fixtures backed up or overflowed,"$160,000 to $179,999",97,97.0,ok,4.584967478670572
2021,Water Leakage During Last 12 Months,Fixtures backed up or overflowed,"$180,000 to $199,999",45,45.0,ok,3.828641396489095
2021,Water Leakage During Last 12 Months,Fixtures backed up or overflowed,"$20,000 to $29,999",217,217.0,ok,5.384495062789089
2021,Water Leakage During Last 12 Months,Fixtures backed up or overflowed,"$200,000 or more",231,231.0,ok,5.44673737166631
2021,Water Leakage During Last 12 Months,Fixtures backed up or overflowed,"$30,000 to $39,999",215,215.0,ok,5.375278407684165
2021,Water Leakage During Last 12 Months,Fixtures backed up or overflowed,"$40,000 to $49,999",249,249.0,ok,5.521460917862246
2021,Water Leakage During Last 12 Months,Fixtures backed up or overflowed,"$50,000 to $59,999",207,207.0,ok,5.337538079701318
2021,Water Leakage During Last 12 Months,Fixtures backed up or overflowed,"$60,000 to $79,999",257,257.0,ok,5.552959584921617
2021,Water Leakage During Last 12 Months,Fixtures backed up or overflowed,"$80,000 to $99,999",254,254.0,ok,5.541263545158426
2021,Water Leakage During Last 12 Months,Fixtures backed up or overflowed,"Less than $10,000",193,193.0,ok,5.267858159063328
2021,Water Leakage During Last 12 Months,No leakage from inside structure,"$10,000 to $19,999","9,435",9435.0,ok,9.152287440527566
2021,Water Leakage During Last 12 Months,No leakage from inside structure,"$100,000 to $119,999","9,064",9064.0,ok,9.112176123188952
2021,Water Leakage During Last 12 Months,No leakage from inside structure,"$120,000 to $139,999","6,676",6676.0,ok,8.806424063857868
2021,Water Leakage During Last 12 Months,No leakage from inside structure,"$140,000 to $159,999","5,083",5083.0,ok,8.533853632309345
2021,Water Leakage During Last 12 Months,No leakage from inside structure,"$160,000 to $179,999","3,298",3298.0,ok,8.101374671228582
2021,Water Leakage During Last 12 Months,No leakage from inside structure,"$180,000 to $199,999","2,423",2423.0,ok,7.793174347189205
2021,Water Leakage During Last 12 Months,No leakage from inside structure,"$20,000 to $29,999","10,014",10014.0,ok,9.211839248099919
2021,Water Leakage During Last 12 Months,No leakage from inside structure,"$200,000 or more","9,563",9563.0,ok,9.165761328578215
2021,Water Leakage During Last 12 Months,No leakage from inside structure,"$30,000 to $39,999","9,594",9594.0,ok,9.1689974084418
2021,Water Leakage During Last 12 Months,No leakage from inside structure,"$40,000 to $49,999","9,312",9312.0,ok,9.139166552521658
2021,Water Leakage During Last 12 Months,No leakage from inside structure,"$50,000 to $59,999","8,159",8159.0,ok,9.006999447958153
2021,Water Leakage During Last 12 Months,No leakage from inside structure,"$60,000 to $79,999","14,988",14988.0,ok,9.615071877730596
2021,Water Leakage During Last 12 Months,No leakage from inside structure,"$80,000 to $99,999","10,971",10971.0,ok,9.303101852057495
2021,Water Leakage During Last 12 Months,No leakage from inside structure,"Less than $10,000","9,452",9452.0,ok,9.154087430425385
2021,Water Leakage During Last 12 Months,No leakage from outside structure,"$10,000 to $19,999","9,343",9343.0,ok,9.142489705068009
2021,Water Leakage During Last 12 Months,No leakage from outside structure,"$100,000 to $119,999","8,922",8922.0,ok,9.09638749190015
2021,Water Leakage During Last 12 Months,No leakage from outside structure,"$120,000 to $139,999","6,580",6580.0,ok,8.791941988456118
2021,Water Leakage During Last 12 Months,No leakage from outside structure,"$140,000 to $159,999","5,062",5062.0,ok,8.529714471969909
2021,Water Leakage During Last 12 Months,No leakage from outside structure,"$160,000 to $179,999","3,276",3276.0,ok,8.094683648698815
2021,Water Leakage During Last 12 Months,No leakage from outside structure,"$180,000 to $199,999","2,428",2428.0,ok,7.795234929002173
2021,Water Leakage During Last 12 Months,No leakage from outside structure,"$20,000 to $29,999","9,947",9947.0,ok,9.205126804923296
2021,Water Leakage During Last 12 Months,No leakage from outside structure,"$200,000 or more","9,554",9554.0,ok,9.164819856674374
2021,Water Leakage During Last 12 Months,No leakage from outside structure,"$30,000 to $39,999","9,534",9534.0,ok,9.16272451803452
2021,Water Leakage During Last 12 Months,No leakage from outside structure,"$40,000 to $49,999","9,267",9267.0,ok,9.134322885552267
2021,Water Leakage During Last 12 Months,No leakage from outside structure,"$50,000 to $59,999","8,023",8023.0,ok,8.990192329641772
2021,Water Leakage During Last 12 Months,No leakage from outside structure,"$60,000 to $79,999","14,669",14669.0,ok,9.593559871137028
2021,Water Leakage During Last 12 Months,No leakage from outside structure,"$80,000 to $99,999","10,966",10966.0,ok,9.302646042760209
2021,Water Leakage During Last 12 Months,No leakage from outside structure,"Less than $10,000","9,490",9490.0,ok,9.158099260130491
2021,Water Leakage During Last 12 Months,Other or unknown (includes not reported),"$10,000 to $19,999",247,247.0,ok,5.5134287461649825
2021,Water Leakage During Last 12 Months,Other or unknown (includes not reported),"$100,000 to $119,999",200,200.0,ok,5.303304908059076
2021,Water Leakage During Last 12 Months,Other or unknown (includes not reported),"$120,000 to $139,999",147,147.0,ok,4.997212273764115
2021,Water Leakage During Last 12 Months,Other or unknown (includes not reported),"$140,000 to $159,999",118,118.0,ok,4.77912349311153
2021,Water Leakage During Last 12 Months,Other or unknown (includes not reported),"$160,000 to $179,999",109,109.0,ok,4.700480365792417
2021,Water Leakage During Last 12 Months,Other or unknown (includes not reported),"$180,000 to $199,999",41,41.0,ok,3.7376696182833684
2021,Water Leakage During Last 12 Months,Other or unknown (includes not reported),"$20,000 to $29,999",296,296.0,ok,5.6937321388027
2021,Water Leakage During Last 12 Months,Other or unknown (includes not reported),"$200,000 or more",178,178.0,ok,5.187385805840755
2021,Water Leakage During Last 12 Months,Other or unknown (includes not reported),"$30,000 to $39,999",278,278.0,ok,5.631211781821365
2021,Water Leakage During Last 12 Months,Other or unknown (includes not reported),"$40,000 to $49,999",275,275.0,ok,5.62040086571715
2021,Water Leakage During Last 12 Months,Other or unknown (includes not reported),"$50,000 to $59,999",224,224.0,ok,5.41610040220442
2021,Water Leakage During Last 12 Months,Other or unknown (includes not reported),"$60,000 to $79,999",293,293.0,ok,5.683579767338681
2021,Water Leakage During Last 12 Months,Other or unknown (includes not reported),"$80,000 to $99,999",321,321.0,ok,5.7745515455444085
2021,Water Leakage During Last 12 Months,Other or unknown (includes not reported),"Less than $10,000",317,317.0,ok,5.762051382780177
2021,Water Leakage During Last 12 Months,Pipes leaked,"$10,000 to $19,999",387,387.0,ok,5.961005339623274
2021,Water Leakage During Last 12 Months,Pipes leaked,"$100,000 to $119,999",270,270.0,ok,5.602118820879701
2021,Water Leakage During Last 12 Months,Pipes leaked,"$120,000 to $139,999",224,224.0,ok,5.41610040220442
2021,Water Leakage During Last 12 Months,Pipes leaked,"$140,000 to $159,999",202,202.0,ok,5.313205979041787
2021,Water Leakage During Last 12 Months,Pipes leaked,"$160,000 to $179,999",100,100.0,ok,4.61512051684126
2021,Water Leakage During Last 12 Months,Pipes leaked,"$180,000 to $199,999",98,98.0,ok,4.59511985013459
2021,Water Leakage During Last 12 Months,Pipes leaked,"$20,000 to $29,999",412,412.0,ok,6.023447592961033
2021,Water Leakage During Last 12 Months,Pipes leaked,"$200,000 or more",385,385.0,ok,5.955837369464831
2021,Water Leakage During Last 12 Months,Pipes leaked,"$30,000 to $39,999",380,380.0,ok,5.942799375126701
2021,Water Leakage During Last 12 Months,Pipes leaked,"$40,000 to $49,999",381,381.0,ok,5.945420608606575
2021,Water Leakage During Last 12 Months,Pipes leaked,"$50,000 to $59,999",272,272.0,ok,5.60947179518496
2021,Water Leakage During Last 12 Months,Pipes leaked,"$60,000 to $79,999",547,547.0,ok,6.306275286948016
2021,Water Leakage During Last 12 Months,Pipes leaked,"$80,000 to $99,999",396,396.0,ok,5.983936280687191
2021,Water Leakage During Last 12 Months,Pipes leaked,"Less than $10,000",384,384.0,ok,5.953243334287785
2021,Water Leakage During Last 12 Months,Roof,"$10,000 to $19,999",527,527.0,ok,6.269096283706261
2021,Water Leakage During Last 12 Months,Roof,"$100,000 to $119,999",339,339.0,ok,5.8289456176102075
2021,Water Leakage During Last 12 Months,Roof,"$120,000 to $139,999",284,284.0,ok,5.652489180268651
2021,Water Leakage During Last 12 Months,Roof,"$140,000 to $159,999",216,216.0,ok,5.37989735354046
2021,Water Leakage During Last 12 Months,Roof,"$160,000 to $179,999",159,159.0,ok,5.075173815233827
2021,Water Leakage During Last 12 Months,Roof,"$180,000 to $199,999",72,72.0,ok,4.290459441148391
2021,Water Leakage During Last 12 Months,Roof,"$20,000 to $29,999",523,523.0,ok,6.261491684321042
2021,Water Leakage During Last 12 Months,Roof,"$200,000 or more",407,407.0,ok,6.0112671744041615
2021,Water Leakage During Last 12 Months,Roof,"$30,000 to $39,999",521,521.0,ok,6.257667587882639
2021,Water Leakage During Last 12 Months,Roof,"$40,000 to $49,999",509,509.0,ok,6.234410725718371
2021,Water Leakage During Last 12 Months,Roof,"$50,000 to $59,999",425,425.0,ok,6.054439346269371
2021,Water Leakage During Last 12 Months,Roof,"$60,000 to $79,999",711,711.0,ok,6.568077911411976
2021,Water Leakage During Last 12 Months,Roof,"$80,000 to $99,999",519,519.0,ok,6.253828811575473
2021,Water Leakage During Last 12 Months,Roof,"Less than $10,000",511,511.0,ok,6.238324625039508
2021,Water Leakage During Last 12 Months,"Walls, closed windows, or doors","$10,000 to $19,999",251,251.0,ok,5.529429087511423
2021,Water Leakage During Last 12 Months,"Walls, closed windows, or doors","$100,000 to $119,999",134,134.0,ok,4.90527477843843
2021,Water Leakage During Last 12 Months,"Walls, closed windows, or doors","$120,000 to $139,999",99,99.0,ok,4.605170185988092
2021,Water Leakage During Last 12 Months,"Walls, closed windows, or doors","$140,000 to $159,999",80,80.0,ok,4.394449154672439
2021,Water Leakage During Last 12 Months,"Walls, closed windows, or doors","$160,000 to $179,999",55,55.0,ok,4.02535169073515
2021,Water Leakage During Last 12 Months,"Walls, closed windows, or doors","$180,000 to $199,999",S,,suppressed,
2021,Water Leakage During Last 12 Months,"Walls, closed windows, or doors","$20,000 to $29,999",193,193.0,ok,5.267858159063328
2021,Water Leakage During Last 12 Months,"Walls, closed windows, or doors","$200,000 or more",166,166.0,ok,5.117993812416755
2021,Water Leakage During Last 12 Months,"Walls, closed windows, or doors","$30,000 to $39,999",201,201.0,ok,5.308267697401205
2021,Water Leakage During Last 12 Months,"Walls, closed windows, or doors","$40,000 to $49,999",202,202.0,ok,5.313205979041787
2021,Water Leakage During Last 12 Months,"Walls, closed windows, or doors","$50,000 to $59,999",159,159.0,ok,5.075173815233827
2021,Water Leakage During Last 12 Months,"Walls, closed windows, or doors","$60,000 to $79,999",320,320.0,ok,5.771441123130016
2021,Water Leakage During Last 12 Months,"Walls, closed windows, or doors","$80,000 to $99,999",196,196.0,ok,5.2832037287379885
2021,Water Leakage During Last 12 Months,"Walls, closed windows, or doors","Less than $10,000",213,213.0,ok,5.365976015021851
2021,Water Leakage During Last 12 Months,With leakage from inside structure,"$10,000 to $19,999",883,883.0,ok,6.784457062637643
2021,Water Leakage During Last 12 Months,With leakage from inside structure,"$100,000 to $119,999",614,614.0,ok,6.421622267806518
2021,Water Leakage During Last 12 Months,With leakage from inside structure,"$120,000 to $139,999",525,525.0,ok,6.26530121273771
2021,Water Leakage During Last 12 Months,With leakage from inside structure,"$140,000 to $159,999",465,465.0,ok,6.144185634125646
2021,Water Leakage During Last 12 Months,With leakage from inside structure,"$160,000 to $179,999",309,309.0,ok,5.736572297479192
2021,Water Leakage During Last 12 Months,With leakage from inside structure,"$180,000 to $199,999",201,201.0,ok,5.308267697401205
2021,Water Leakage During Last 12 Months,With leakage from inside structure,"$20,000 to $29,999",935,935.0,ok,6.8416154764775925
2021,Water Leakage During Last 12 Months,With leakage from inside structure,"$200,000 or more",849,849.0,ok,6.745236349484362
2021,Water Leakage During Last 12 Months,With leakage from inside structure,"$30,000 to $39,999",922,922.0,ok,6.827629234502852
2021,Water Leakage During Last 12 Months,With leakage from inside structure,"$40,000 to $49,999",937,937.0,ok,6.843749949006225
2021,Water Leakage During Last 12 Months,With leakage from inside structure,"$50,000 to $59,999",717,717.0,ok,6.576469569048224
2021,Water Leakage During Last 12 Months,With leakage from inside structure,"$60,000 to $79,999","1,158",1158.0,ok,7.055312843339752
2021,Water Leakage During Last 12 Months,With leakage from inside structure,"$80,000 to $99,999","1,032",1032.0,ok,6.940222469119639
2021,Water Leakage During Last 12 Months,With leakage from inside structure,"Less than $10,000",924,924.0,ok,6.829793737512425
2021,Water Leakage During Last 12 Months,With leakage from outside structure,"$10,000 to $19,999",975,975.0,ok,6.883462586413092
2021,Water Leakage During Last 12 Months,With leakage from outside structure,"$100,000 to $119,999",756,756.0,ok,6.6293632534374485
2021,Water Leakage During Last 12 Months,With leakage from outside structure,"$120,000 to $139,999",621,621.0,ok,6.432940092739179
2021,Water Leakage During Last 12 Months,With leakage from outside structure,"$140,000 to $159,999",486,486.0,ok,6.18826412308259
2021,Water Leakage During Last 12 Months,With leakage from outside structure,"$160,000 to $179,999",332,332.0,ok,5.808142489980444
2021,Water Leakage During Last 12 Months,With leakage from outside structure,"$180,000 to $199,999",196,196.0,ok,5.2832037287379885
2021,Water Leakage During Last 12 Months,With leakage from outside structure,"$20,000 to $29,999","1,002",1002.0,ok,6.910750787961936
2021,Water Leakage During Last 12 Months,With leakage from outside structure,"$200,000 or more",858,858.0,ok,6.755768921984256
2021,Water Leakage During Last 12 Months,With leakage from outside structure,"$30,000 to $39,999",982,982.0,ok,6.890609120147166
2021,Water Leakage During Last 12 Months,With leakage from outside structure,"$40,000 to $49,999",982,982.0,ok,6.890609120147166
2021,Water Leakage During Last 12 Months,With leakage from outside structure,"$50,000 to $59,999",853,853.0,ok,6.74993119378857
2021,Water Leakage During Last 12 Months,With leakage from outside structure,"$60,000 to $79,999","1,477",1477.0,ok,7.298445101508147
2021,Water Leakage During Last 12 Months,With leakage from outside structure,"$80,000 to $99,999","1,037",1037.0,ok,6.945051063725834
2021,Water Leakage During Last 12 Months,With leakage from outside structure,"Less than $10,000",886,886.0,ok,6.787844982309579
2021,Water Supply Stoppage,No stoppage in last 3 months,"$10,000 to $19,999","9,772",9772.0,ok,9.187378760338836
2021,Water Supply Stoppage,No stoppage in last 3 months,"$100,000 to $119,999","9,359",9359.0,ok,9.144200569471638
2021,Water Supply Stoppage,No stoppage in last 3 months,"$120,000 to $139,999","6,929",6929.0,ok,8.84361509218395
2021,Water Supply Stoppage,No stoppage in last 3 months,"$140,000 to $159,999","5,360",5360.0,ok,8.586905803827538
2021,Water Supply Stoppage,No stoppage in last 3 months,"$160,000 to $179,999","3,490",3490.0,ok,8.157943507105037
2021,Water Supply Stoppage,No stoppage in last 3 months,"$180,000 to $199,999","2,537",2537.0,ok,7.839131648274333
2021,Water Supply Stoppage,No stoppage in last 3 months,"$20,000 to $29,999","10,456",10456.0,ok,9.25502688959859
2021,Water Supply Stoppage,No stoppage in last 3 months,"$200,000 or more","10,066",10066.0,ok,9.217018026729423
2021,Water Supply Stoppage,No stoppage in last 3 months,"$30,000 to $39,999","10,089",10089.0,ok,9.219300113347655
2021,Water Supply Stoppage,No stoppage in last 3 months,"$40,000 to $49,999","9,674",9674.0,ok,9.177300517897983
2021,Water Supply Stoppage,No stoppage in last 3 months,"$50,000 to $59,999","8,535",8535.0,ok,9.05204779298159
2021,Water Supply Stoppage,No stoppage in last 3 months,"$60,000 to $79,999","15,378",15378.0,ok,9.640758221439924
2021,Water Supply Stoppage,No stoppage in last 3 months,"$80,000 to $99,999","11,545",11545.0,ok,9.354094335620879
2021,Water Supply Stoppage,No stoppage in last 3 months,"Less than $10,000","9,709",9709.0,ok,9.18091156128537
2021,Water Supply Stoppage,No stoppage lasting 6 hours or more,"$10,000 to $19,999",50,50.0,ok,3.9318256327243257
2021,Water Supply Stoppage,No stoppage lasting 6 hours or more,"$100,000 to $119,999",42,42.0,ok,3.7612001156935624
2021,Water Supply Stoppage,No stoppage lasting 6 hours or more,"$120,000 to $139,999",S,,suppressed,
2021,Water Supply Stoppage,No stoppage lasting 6 hours or more,"$140,000 to $159,999",S,,suppressed,
2021,Water Supply Stoppage,No stoppage lasting 6 hours or more,"$160,000 to $179,999",S,,suppressed,
2021,Water Supply Stoppage,No stoppage lasting 6 hours or more,"$180,000 to $199,999",S,,suppressed,
2021,Water Supply Stoppage,No stoppage lasting 6 hours or more,"$20,000 to $29,999",79,79.0,ok,4.382026634673881
2021,Water Supply Stoppage,No stoppage lasting 6 hours or more,"$200,000 or more",50,50.0,ok,3.9318256327243257
2021,Water Supply Stoppage,No stoppage lasting 6 hours or more,"$30,000 to $39,999",46,46.0,ok,3.8501476017100584
2021,Water Supply Stoppage,No stoppage lasting 6 hours or more,"$40,000 to $49,999",75,75.0,ok,4.330733340286331
2021,Water Supply Stoppage,No stoppage lasting 6 hours or more,"$50,000 to $59,999",49,49.0,ok,3.912023005428146
2021,Water Supply Stoppage,No stoppage lasting 6 hours or more,"$60,000 to $79,999",89,89.0,ok,4.499809670330265
2021,Water Supply Stoppage,No stoppage lasting 6 hours or more,"$80,000 to $99,999",78,78.0,ok,4.3694478524670215
2021,Water Supply Stoppage,No stoppage lasting 6 hours or more,"Less than $10,000",60,60.0,ok,4.110873864173311
2021,Water Supply Stoppage,With hot and cold piped water,"$10,000 to $19,999","10,277",10277.0,ok,9.237760967552175
2021,Water Supply Stoppage,With hot and cold piped water,"$100,000 to $119,999","9,647",9647.0,ok,9.174505918966966
2021,Water Supply Stoppage,With hot and cold piped water,"$120,000 to $139,999","7,193",7193.0,ok,8.881002624255569
2021,Water Supply Stoppage,With hot and cold piped water,"$140,000 to $159,999","5,547",5547.0,ok,8.621192781434722
2021,Water Supply Stoppage,With hot and cold piped water,"$160,000 to $179,999","3,607",3607.0,ok,8.190908881182514
2021,Water Supply Stoppage,With hot and cold piped water,"$180,000 to $199,999","2,623",2623.0,ok,7.8724551500639794
2021,Water Supply Stoppage,With hot and cold piped water,"$20,000 to $29,999","10,923",10923.0,ok,9.298717482593595
2021,Water Supply Stoppage,With hot and cold piped water,"$200,000 or more","10,408",10408.0,ok,9.250426095515468
2021,Water Supply Stoppage,With hot and cold piped water,"$30,000 to $39,999","10,488",10488.0,ok,9.258082367961604
2021,Water Supply Stoppage,With hot and cold piped water,"$40,000 to $49,999","10,211",10211.0,ok,9.231318778361375
2021,Water Supply Stoppage,With hot and cold piped water,"$50,000 to $59,999","8,852",8852.0,ok,9.08851166361105
2021,Water Supply Stoppage,With hot and cold piped water,"$60,000 to $79,999","16,112",16112.0,ok,9.68738167857357
2021,Water Supply Stoppage,With hot and cold piped water,"$80,000 to $99,999","11,992",11992.0,ok,9.392078425231722
2021,Water Supply Stoppage,With hot and cold piped water,"Less than $10,000","10,278",10278.0,ok,9.237858258012922
2021,Water Supply Stoppage,With stoppage in last 3 months,"$10,000 to $19,999",416,416.0,ok,6.0330862217988015
2021,Water Supply Stoppage,With stoppage in last 3 months,"$100,000 to $119,999",224,224.0,ok,5.41610040220442
2021,Water Supply Stoppage,With stoppage in last 3 months,"$120,000 to $139,999",196,196.0,ok,5.2832037287379885
2021,Water Supply Stoppage,With stoppage in last 3 months,"$140,000 to $159,999",159,159.0,ok,5.075173815233827
2021,Water Supply Stoppage,With stoppage in last 3 months,"$160,000 to $179,999",110,110.0,ok,4.709530201312334
2021,Water Supply Stoppage,With stoppage in last 3 months,"$180,000 to $199,999",75,75.0,ok,4.330733340286331
2021,Water Supply Stoppage,With stoppage in last 3 months,"$20,000 to $29,999",413,413.0,ok,6.025865973825314
2021,Water Supply Stoppage,With stoppage in last 3 months,"$200,000 or more",283,283.0,ok,5.648974238161206
2021,Water Supply Stoppage,With stoppage in last 3 months,"$30,000 to $39,999",354,354.0,ok,5.872117789475416
2021,Water Supply Stoppage,With stoppage in last 3 months,"$40,000 to $49,999",472,472.0,ok,6.159095388491933
2021,Water Supply Stoppage,With stoppage in last 3 months,"$50,000 to $59,999",259,259.0,ok,5.560681631015528
2021,Water Supply Stoppage,With stoppage in last 3 months,"$60,000 to $79,999",635,635.0,ok,6.455198563340122
2021,Water Supply Stoppage,With stoppage in last 3 months,"$80,000 to $99,999",367,367.0,ok,5.908082938168931
2021,Water Supply Stoppage,With stoppage in last 3 months,"Less than $10,000",485,485.0,ok,6.186208623900494
2023,Assessment of shade from trees and other buildings with 1/2 block:,Not at all shady,"$10,000 to $19,999","1,631",1631.0,ok,7.397561535524052
2023,Assessment of shade from trees and other buildings with 1/2 block:,Not at all shady,"$100,000 to $119,999","1,378",1378.0,ok,7.229113877793302
2023,Assessment of shade from trees and other buildings with 1/2 block:,Not at all shady,"$120,000 to $139,999","1,357",1357.0,ok,7.213768308118642
2023,Assessment of shade from trees and other buildings with 1/2 block:,Not at all shady,"$140,000 to $159,999",942,942.0,ok,6.849066282633458
2023,Assessment of shade from trees and other buildings with 1/2 block:,Not at all shady,"$160,000 to $179,999",720,720.0,ok,6.580639137284949
2023,Assessment of shade from trees and other buildings with 1/2 block:,Not at all shady,"$180,000 to $199,999",433,433.0,ok,6.073044534100405
2023,Assessment of shade from trees and other buildings with 1/2 block:,Not at all shady,"$20,000 to $29,999","1,631",1631.0,ok,7.397561535524052
2023,Assessment of shade from trees and other buildings with 1/2 block:,Not at all shady,"$200,000 or more","1,954",1954.0,ok,7.578145472419466
2023,Assessment of shade from trees and other buildings with 1/2 block:,Not at all shady,"$30,000 to $39,999","1,461",1461.0,ok,7.2875606403097235
2023,Assessment of shade from trees and other buildings with 1/2 block:,Not at all shady,"$40,000 to $49,999","1,497",1497.0,ok,7.311886164077165
2023,Assessment of shade from trees and other buildings with 1/2 block:,Not at all shady,"$50,000 to $59,999","1,548",1548.0,ok,7.3453648404168685
2023,Assessment of shade from trees and other buildings with 1/2 block:,Not at all shady,"$60,000 to $79,999","2,346",2346.0,ok,7.760893195851024
2023,Assessment of shade from trees and other buildings with 1/2 block:,Not at all shady,"$80,000 to $99,999","1,814",1814.0,ok,7.503840746698951
2023,Assessment of shade from trees and other buildings with 1/2 block:,Not at all shady,"Less than $10,000","1,931",1931.0,ok,7.566311014772463
2023,Assessment of shade from trees and other buildings with 1/2 block:,Not reported,"$10,000 to $19,999",187,187.0,ok,5.236441962829949
2023,Assessment of shade from trees and other buildings with 1/2 block:,Not reported,"$100,000 to $119,999",199,199.0,ok,5.298317366548036
2023,Assessment of shade from trees and other buildings with 1/2 block:,Not reported,"$120,000 to $139,999",240,240.0,ok,5.484796933490655
2023,Assessment of shade from trees and other buildings with 1/2 block:,Not reported,"$140,000 to $159,999",129,129.0,ok,4.867534450455582
2023,Assessment of shade from trees and other buildings with 1/2 block:,Not reported,"$160,000 to $179,999",185,185.0,ok,5.225746673713202
2023,Assessment of shade from trees and other buildings with 1/2 block:,Not reported,"$180,000 to $199,999",S,,suppressed,
2023,Assessment of shade from trees and other buildings with 1/2 block:,Not reported,"$20,000 to $29,999",261,261.0,ok,5.568344503761097
2023,Assessment of shade from trees and other buildings with 1/2 block:,Not reported,"$200,000 or more",322,322.0,ok,5.777652323222656
2023,Assessment of shade from trees and other buildings with 1/2 block:,Not reported,"$30,000 to $39,999",362,362.0,ok,5.8944028342648505
2023,Assessment of shade from trees and other buildings with 1/2 block:,Not reported,"$40,000 to $49,999",241,241.0,ok,5.488937726156687
2023,Assessment of shade from trees and other buildings with 1/2 block:,Not reported,"$50,000 to $59,999",309,309.0,ok,5.736572297479192
2023,Assessment of shade from trees and other buildings with 1/2 block:,Not reported,"$60,000 to $79,999",399,399.0,ok,5.991464547107982
2023,Assessment of shade from trees and other buildings with 1/2 block:,Not reported,"$80,000 to $99,999",450,450.0,ok,6.111467339502679
2023,Assessment of shade from trees and other buildings with 1/2 block:,Not reported,"Less than $10,000",378,378.0,ok,5.937536205082426
2023,Assessment of shade from trees and other buildings with 1/2 block:,Not very shady,"$10,000 to $19,999","1,586",1586.0,ok,7.369600720526409
2023,Assessment of shade from trees and other buildings with 1/2 block:,Not very shady,"$100,000 to $119,999","1,911",1911.0,ok,7.555905093611346
2023,Assessment of shade from trees and other buildings with 1/2 block:,Not very shady,"$120,000 to $139,999","1,536",1536.0,ok,7.337587743538596
2023,Assessment of shade from trees and other buildings with 1/2 block:,Not very shady,"$140,000 to $159,999","1,079",1079.0,ok,6.984716320118265
2023,Assessment of shade from trees and other buildings with 1/2 block:,Not very shady,"$160,000 to $179,999",789,789.0,ok,6.672032945461067
2023,Assessment of shade from trees and other buildings with 1/2 block:,Not very shady,"$180,000 to $199,999",670,670.0,ok,6.508769136971682
2023,Assessment of shade from trees and other buildings with 1/2 block:,Not very shady,"$20,000 to $29,999","1,507",1507.0,ok,7.318539548567902
2023,Assessment of shade from trees and other buildings with 1/2 block:,Not very shady,"$200,000 or more","2,438",2438.0,ok,7.79934339821592
2023,Assessment of shade from trees and other buildings with 1/2 block:,Not very shady,"$30,000 to $39,999","1,674",1674.0,ok,7.423568444259167
2023,Assessment of shade from trees and other buildings with 1/2 block:,Not very shady,"$40,000 to $49,999","1,828",1828.0,ok,7.511524648390866
2023,Assessment of shade from trees and other buildings with 1/2 block:,Not very shady,"$50,000 to $59,999","1,522",1522.0,ok,7.328437352895162
2023,Assessment of shade from trees and other buildings with 1/2 block:,Not very shady,"$60,000 to $79,999","2,740",2740.0,ok,7.916078096302786
2023,Assessment of shade from trees and other buildings with 1/2 block:,Not very shady,"$80,000 to $99,999","2,638",2638.0,ok,7.878155336503324
2023,Assessment of shade from trees and other buildings with 1/2 block:,Not very shady,"Less than $10,000","1,449",1449.0,ok,7.27931883541462
2023,Assessment of shade from trees and other buildings with 1/2 block:,Somewhat shady,"$10,000 to $19,999","3,975",3975.0,ok,8.288031567776464
2023,Assessment of shade from trees and other buildings with 1/2 block:,Somewhat shady,"$100,000 to $119,999","5,059",5059.0,ok,8.52912176228151
2023,Assessment of shade from trees and other buildings with 1/2 block:,Somewhat shady,"$120,000 to $139,999","3,985",3985.0,ok,8.29054350077274
2023,Assessment of shade from trees and other buildings with 1/2 block:,Somewhat shady,"$140,000 to $159,999","3,290",3290.0,ok,8.098946748943339
2023,Assessment of shade from trees and other buildings with 1/2 block:,Somewhat shady,"$160,000 to $179,999","2,180",2180.0,ok,7.687538766201629
2023,Assessment of shade from trees and other buildings with 1/2 block:,Somewhat shady,"$180,000 to $199,999","1,647",1647.0,ok,7.4073177104694174
2023,Assessment of shade from trees and other buildings with 1/2 block:,Somewhat shady,"$20,000 to $29,999","4,049",4049.0,ok,8.306472160100585
2023,Assessment of shade from trees and other buildings with 1/2 block:,Somewhat shady,"$200,000 or more","7,386",7386.0,ok,8.907476977528738
2023,Assessment of shade from trees and other buildings with 1/2 block:,Somewhat shady,"$30,000 to $39,999","4,706",4706.0,ok,8.456806041401142
2023,Assessment of shade from trees and other buildings with 1/2 block:,Somewhat shady,"$40,000 to $49,999","4,538",4538.0,ok,8.420462002456466
2023,Assessment of shade from trees and other buildings with 1/2 block:,Somewhat shady,"$50,000 to $59,999","4,227",4227.0,ok,8.349484346990128
2023,Assessment of shade from trees and other buildings with 1/2 block:,Somewhat shady,"$60,000 to $79,999","8,335",8335.0,ok,9.028338763993148
2023,Assessment of shade from trees and other buildings with 1/2 block:,Somewhat shady,"$80,000 to $99,999","6,042",6042.0,ok,8.706655856361559
2023,Assessment of shade from trees and other buildings with 1/2 block:,Somewhat shady,"Less than $10,000","3,954",3954.0,ok,8.282735880201754
2023,Assessment of shade from trees and other buildings with 1/2 block:,Very shady,"$10,000 to $19,999","1,621",1621.0,ok,7.3914152346753585
2023,Assessment of shade from trees and other buildings with 1/2 block:,Very shady,"$100,000 to $119,999","1,621",1621.0,ok,7.3914152346753585
2023,Assessment of shade from trees and other buildings with 1/2 block:,Very shady,"$120,000 to $139,999","1,267",1267.0,ok,7.145196134997171
2023,Assessment of shade from trees and other buildings with 1/2 block:,Very shady,"$140,000 to $159,999",987,987.0,ok,6.895682697747868
2023,Assessment of shade from trees and other buildings with 1/2 block:,Very shady,"$160,000 to $179,999",705,705.0,ok,6.559615237493242
2023,Assessment of shade from trees and other buildings with 1/2 block:,Very shady,"$180,000 to $199,999",450,450.0,ok,6.111467339502679
2023,Assessment of shade from trees and other buildings with 1/2 block:,Very shady,"$20,000 to $29,999","1,731",1731.0,ok,7.4570320891223805
2023,Assessment of shade from trees and other buildings with 1/2 block:,Very shady,"$200,000 or more","2,683",2683.0,ok,7.895063498091573
2023,Assessment of shade from trees and other buildings with 1/2 block:,Very shady,"$30,000 to $39,999","1,701",1701.0,ok,7.43955930913332
2023,Assessment of shade from trees and other buildings with 1/2 block:,Very shady,"$40,000 to $49,999","1,462",1462.0,ok,7.288244401020124
2023,Assessment of shade from trees and other buildings with 1/2 block:,Very shady,"$50,000 to $59,999","1,575",1575.0,ok,7.362645270417825
2023,Assessment of shade from trees and other buildings with 1/2 block:,Very shady,"$60,000 to $79,999","2,595",2595.0,ok,7.86172707782398
2023,Assessment of shade from trees and other buildings with 1/2 block:,Very shady,"$80,000 to $99,999","2,105",2105.0,ok,7.652545692693921
2023,Assessment of shade from trees and other buildings with 1/2 block:,Very shady,"Less than $10,000","1,647",1647.0,ok,7.4073177104694174
2023,Cooling Problems in Last 12 Months,No breakdowns lasting 6 hours or more,"$10,000 to $19,999",S,,suppressed,
2023,Cooling Problems in Last 12 Months,No breakdowns lasting 6 hours or more,"$100,000 to $119,999",S,,suppressed,
2023,Cooling Problems in Last 12 Months,No breakdowns lasting 6 hours or more,"$120,000 to $139,999",S,,suppressed,
2023,Cooling Problems in Last 12 Months,No breakdowns lasting 6 hours or more,"$140,000 to $159,999",S,,suppressed,
2023,Cooling Problems in Last 12 Months,No breakdowns lasting 6 hours or more,"$160,000 to $179,999",.,,blank_or_na,
2023,Cooling Problems in Last 12 Months,No breakdowns lasting 6 hours or more,"$180,000 to $199,999",S,,suppressed,
2023,Cooling Problems in Last 12 Months,No breakdowns lasting 6 hours or more,"$20,000 to $29,999",S,,suppressed,
2023,Cooling Problems in Last 12 Months,No breakdowns lasting 6 hours or more,"$200,000 or more",S,,suppressed,
2023,Cooling Problems in Last 12 Months,No breakdowns lasting 6 hours or more,"$30,000 to $39,999",S,,suppressed,
2023,Cooling Problems in Last 12 Months,No breakdowns lasting 6 hours or more,"$40,000 to $49,999",S,,suppressed,
2023,Cooling Problems in Last 12 Months,No breakdowns lasting 6 hours or more,"$50,000 to $59,999",S,,suppressed,
2023,Cooling Problems in Last 12 Months,No breakdowns lasting 6 hours or more,"$60,000 to $79,999",S,,suppressed,
2023,Cooling Problems in Last 12 Months,No breakdowns lasting 6 hours or more,"$80,000 to $99,999",S,,suppressed,
2023,Cooling Problems in Last 12 Months,No breakdowns lasting 6 hours or more,"Less than $10,000",S,,suppressed,
2023,Cooling Problems in Last 12 Months,No cooling equipment (A/C),"$10,000 to $19,999",184,184.0,ok,5.220355825078325
2023,Cooling Problems in Last 12 Months,No cooling equipment (A/C),"$100,000 to $119,999",76,76.0,ok,4.343805421853684
2023,Cooling Problems in Last 12 Months,No cooling equipment (A/C),"$120,000 to $139,999",72,72.0,ok,4.290459441148391
2023,Cooling Problems in Last 12 Months,No cooling equipment (A/C),"$140,000 to $159,999",84,84.0,ok,4.442651256490317
2023,Cooling Problems in Last 12 Months,No cooling equipment (A/C),"$160,000 to $179,999",39,39.0,ok,3.6888794541139363
2023,Cooling Problems in Last 12 Months,No cooling equipment (A/C),"$180,000 to $199,999",S,,suppressed,
2023,Cooling Problems in Last 12 Months,No cooling equipment (A/C),"$20,000 to $29,999",151,151.0,ok,5.0238805208462765
2023,Cooling Problems in Last 12 Months,No cooling equipment (A/C),"$200,000 or more",191,191.0,ok,5.2574953720277815
2023,Cooling Problems in Last 12 Months,No cooling equipment (A/C),"$30,000 to $39,999",97,97.0,ok,4.584967478670572
2023,Cooling Problems in Last 12 Months,No cooling equipment (A/C),"$40,000 to $49,999",112,112.0,ok,4.727387818712341
2023,Cooling Problems in Last 12 Months,No cooling equipment (A/C),"$50,000 to $59,999",92,92.0,ok,4.532599493153256
2023,Cooling Problems in Last 12 Months,No cooling equipment (A/C),"$60,000 to $79,999",141,141.0,ok,4.955827057601261
2023,Cooling Problems in Last 12 Months,No cooling equipment (A/C),"$80,000 to $99,999",125,125.0,ok,4.836281906951478
2023,Cooling Problems in Last 12 Months,No cooling equipment (A/C),"Less than $10,000",163,163.0,ok,5.099866427824199
2023,Cooling Problems in Last 12 Months,Not uncomfortably hot for 24 hours or more,"$10,000 to $19,999","7,851",7851.0,ok,8.968523555396352
2023,Cooling Problems in Last 12 Months,Not uncomfortably hot for 24 hours or more,"$100,000 to $119,999","9,102",9102.0,ok,9.116359308505288
2023,Cooling Problems in Last 12 Months,Not uncomfortably hot for 24 hours or more,"$120,000 to $139,999","7,380",7380.0,ok,8.906664409770052
2023,Cooling Problems in Last 12 Months,Not uncomfortably hot for 24 hours or more,"$140,000 to $159,999","5,959",5959.0,ok,8.692825760059396
2023,Cooling Problems in Last 12 Months,Not uncomfortably hot for 24 hours or more,"$160,000 to $179,999","4,199",4199.0,ok,8.34283980427146
2023,Cooling Problems in Last 12 Months,Not uncomfortably hot for 24 hours or more,"$180,000 to $199,999","3,115",3115.0,ok,8.044305406990638
2023,Cooling Problems in Last 12 Months,Not uncomfortably hot for 24 hours or more,"$20,000 to $29,999","8,441",8441.0,ok,9.040974526342444
2023,Cooling Problems in Last 12 Months,Not uncomfortably hot for 24 hours or more,"$200,000 or more","13,137",13137.0,ok,9.483264073452418
2023,Cooling Problems in Last 12 Months,Not uncomfortably hot for 24 hours or more,"$30,000 to $39,999","8,645",8645.0,ok,9.064852065227576
2023,Cooling Problems in Last 12 Months,Not uncomfortably hot for 24 hours or more,"$40,000 to $49,999","8,448",8448.0,ok,9.041803370152845
2023,Cooling Problems in Last 12 Months,Not uncomfortably hot for 24 hours or more,"$50,000 to $59,999","8,253",8253.0,ok,9.018453210312527
2023,Cooling Problems in Last 12 Months,Not uncomfortably hot for 24 hours or more,"$60,000 to $79,999","14,650",14650.0,ok,9.592263871501313
2023,Cooling Problems in Last 12 Months,Not uncomfortably hot for 24 hours or more,"$80,000 to $99,999","11,615",11615.0,ok,9.360138737064577
2023,Cooling Problems in Last 12 Months,Not uncomfortably hot for 24 hours or more,"Less than $10,000","8,190",8190.0,ok,9.010791269515602
2023,Cooling Problems in Last 12 Months,Uncomfortably hot for 24 hours or more,"$10,000 to $19,999","1,104",1104.0,ok,7.007600613951853
2023,Cooling Problems in Last 12 Months,Uncomfortably hot for 24 hours or more,"$100,000 to $119,999",884,884.0,ok,6.785587645007929
2023,Cooling Problems in Last 12 Months,Uncomfortably hot for 24 hours or more,"$120,000 to $139,999",795,795.0,ok,6.679599185844383
2023,Cooling Problems in Last 12 Months,Uncomfortably hot for 24 hours or more,"$140,000 to $159,999",639,639.0,ok,6.461468176353717
2023,Cooling Problems in Last 12 Months,Uncomfortably hot for 24 hours or more,"$160,000 to $179,999",450,450.0,ok,6.111467339502679
2023,Cooling Problems in Last 12 Months,Uncomfortably hot for 24 hours or more,"$180,000 to $199,999",351,351.0,ok,5.863631175598097
2023,Cooling Problems in Last 12 Months,Uncomfortably hot for 24 hours or more,"$20,000 to $29,999",857,857.0,ok,6.754604099487962
2023,Cooling Problems in Last 12 Months,Uncomfortably hot for 24 hours or more,"$200,000 or more","1,357",1357.0,ok,7.213768308118642
2023,Cooling Problems in Last 12 Months,Uncomfortably hot for 24 hours or more,"$30,000 to $39,999","1,046",1046.0,ok,6.953684210870537
2023,Cooling Problems in Last 12 Months,Uncomfortably hot for 24 hours or more,"$40,000 to $49,999",931,931.0,ok,6.837332814685591
2023,Cooling Problems in Last 12 Months,Uncomfortably hot for 24 hours or more,"$50,000 to $59,999",928,928.0,ok,6.834108738813838
2023,Cooling Problems in Last 12 Months,Uncomfortably hot for 24 hours or more,"$60,000 to $79,999","1,581",1581.0,ok,7.366445148327599
2023,Cooling Problems in Last 12 Months,Uncomfortably hot for 24 hours or more,"$80,000 to $99,999","1,307",1307.0,ok,7.176254532017144
2023,Cooling Problems in Last 12 Months,Uncomfortably hot for 24 hours or more,"Less than $10,000",969,969.0,ok,6.877296071497429
2023,Cooling Problems in Last 12 Months,With cooling equipment (A/C),"$10,000 to $19,999",920,920.0,ok,6.825460036255307
2023,Cooling Problems in Last 12 Months,With cooling equipment (A/C),"$100,000 to $119,999",808,808.0,ok,6.695798917058491
2023,Cooling Problems in Last 12 Months,With cooling equipment (A/C),"$120,000 to $139,999",724,724.0,ok,6.586171654854675
2023,Cooling Problems in Last 12 Months,With cooling equipment (A/C),"$140,000 to $159,999",555,555.0,ok,6.320768294250582
2023,Cooling Problems in Last 12 Months,With cooling equipment (A/C),"$160,000 to $179,999",410,410.0,ok,6.018593214496234
2023,Cooling Problems in Last 12 Months,With cooling equipment (A/C),"$180,000 to $199,999",310,310.0,ok,5.739792912179234
2023,Cooling Problems in Last 12 Months,With cooling equipment (A/C),"$20,000 to $29,999",706,706.0,ok,6.561030665896573
2023,Cooling Problems in Last 12 Months,With cooling equipment (A/C),"$200,000 or more","1,166",1166.0,ok,7.062191632286556
2023,Cooling Problems in Last 12 Months,With cooling equipment (A/C),"$30,000 to $39,999",949,949.0,ok,6.856461984594587
2023,Cooling Problems in Last 12 Months,With cooling equipment (A/C),"$40,000 to $49,999",819,819.0,ok,6.709304340258299
2023,Cooling Problems in Last 12 Months,With cooling equipment (A/C),"$50,000 to $59,999",836,836.0,ok,6.729824070489475
2023,Cooling Problems in Last 12 Months,With cooling equipment (A/C),"$60,000 to $79,999","1,440",1440.0,ok,7.273092595999522
2023,Cooling Problems in Last 12 Months,With cooling equipment (A/C),"$80,000 to $99,999","1,181",1181.0,ok,7.074963197966044
2023,Cooling Problems in Last 12 Months,With cooling equipment (A/C),"Less than $10,000",806,806.0,ok,6.693323668269949
2023,Cooling Problems in Last 12 Months,With cooling equipment (A/C) breakdowns,"$10,000 to $19,999",404,404.0,ok,6.003887067106539
2023,Cooling Problems in Last 12 Months,With cooling equipment (A/C) breakdowns,"$100,000 to $119,999",330,330.0,ok,5.802118375377063
2023,Cooling Problems in Last 12 Months,With cooling equipment (A/C) breakdowns,"$120,000 to $139,999",322,322.0,ok,5.777652323222656
2023,Cooling Problems in Last 12 Months,With cooling equipment (A/C) breakdowns,"$140,000 to $159,999",251,251.0,ok,5.529429087511423
2023,Cooling Problems in Last 12 Months,With cooling equipment (A/C) breakdowns,"$160,000 to $179,999",148,148.0,ok,5.003946305945459
2023,Cooling Problems in Last 12 Months,With cooling equipment (A/C) breakdowns,"$180,000 to $199,999",169,169.0,ok,5.135798437050262
2023,Cooling Problems in Last 12 Months,With cooling equipment (A/C) breakdowns,"$20,000 to $29,999",272,272.0,ok,5.60947179518496
2023,Cooling Problems in Last 12 Months,With cooling equipment (A/C) breakdowns,"$200,000 or more",440,440.0,ok,6.089044875446846
2023,Cooling Problems in Last 12 Months,With cooling equipment (A/C) breakdowns,"$30,000 to $39,999",416,416.0,ok,6.0330862217988015
2023,Cooling Problems in Last 12 Months,With cooling equipment (A/C) breakdowns,"$40,000 to $49,999",342,342.0,ok,5.83773044716594
2023,Cooling Problems in Last 12 Months,With cooling equipment (A/C) breakdowns,"$50,000 to $59,999",370,370.0,ok,5.916202062607435
2023,Cooling Problems in Last 12 Months,With cooling equipment (A/C) breakdowns,"$60,000 to $79,999",595,595.0,ok,6.39024066706535
2023,Cooling Problems in Last 12 Months,With cooling equipment (A/C) breakdowns,"$80,000 to $99,999",539,539.0,ok,6.29156913955832
2023,Cooling Problems in Last 12 Months,With cooling equipment (A/C) breakdowns,"Less than $10,000",293,293.0,ok,5.683579767338681
2023,Electric Fuses and Circuit Breakers,1 time,"$10,000 to $19,999",286,286.0,ok,5.659482215759621
2023,Electric Fuses and Circuit Breakers,1 time,"$100,000 to $119,999",458,458.0,ok,6.129050210060545
2023,Electric Fuses and Circuit Breakers,1 time,"$120,000 to $139,999",365,365.0,ok,5.902633333401366
2023,Electric Fuses and Circuit Breakers,1 time,"$140,000 to $159,999",363,363.0,ok,5.8971538676367405
2023,Electric Fuses and Circuit Breakers,1 time,"$160,000 to $179,999",253,253.0,ok,5.537334267018537
2023,Electric Fuses and Circuit Breakers,1 time,"$180,000 to $199,999",170,170.0,ok,5.14166355650266
2023,Electric Fuses and Circuit Breakers,1 time,"$20,000 to $29,999",286,286.0,ok,5.659482215759621
2023,Electric Fuses and Circuit Breakers,1 time,"$200,000 or more",787,787.0,ok,6.669498089857879
2023,Electric Fuses and Circuit Breakers,1 time,"$30,000 to $39,999",438,438.0,ok,6.0844994130751715
2023,Electric Fuses and Circuit Breakers,1 time,"$40,000 to $49,999",333,333.0,ok,5.8111409929767
2023,Electric Fuses and Circuit Breakers,1 time,"$50,000 to $59,999",352,352.0,ok,5.8664680569332965
2023,Electric Fuses and Circuit Breakers,1 time,"$60,000 to $79,999",637,637.0,ok,6.45833828334479
2023,Electric Fuses and Circuit Breakers,1 time,"$80,000 to $99,999",600,600.0,ok,6.398594934535208
2023,Electric Fuses and Circuit Breakers,1 time,"Less than $10,000",335,335.0,ok,5.817111159963204
2023,Electric Fuses and Circuit Breakers,2 times,"$10,000 to $19,999",120,120.0,ok,4.795790545596741
2023,Electric Fuses and Circuit Breakers,2 times,"$100,000 to $119,999",148,148.0,ok,5.003946305945459
2023,Electric Fuses and Circuit Breakers,2 times,"$120,000 to $139,999",142,142.0,ok,4.962844630259907
2023,Electric Fuses and Circuit Breakers,2 times,"$140,000 to $159,999",184,184.0,ok,5.220355825078325
2023,Electric Fuses and Circuit Breakers,2 times,"$160,000 to $179,999",77,77.0,ok,4.356708826689592
2023,Electric Fuses and Circuit Breakers,2 times,"$180,000 to $199,999",44,44.0,ok,3.8066624897703196
2023,Electric Fuses and Circuit Breakers,2 times,"$20,000 to $29,999",83,83.0,ok,4.430816798843313
2023,Electric Fuses and Circuit Breakers,2 times,"$200,000 or more",376,376.0,ok,5.932245187448011
2023,Electric Fuses and Circuit Breakers,2 times,"$30,000 to $39,999",119,119.0,ok,4.787491742782046
2023,Electric Fuses and Circuit Breakers,2 times,"$40,000 to $49,999",160,160.0,ok,5.081404364984463
2023,Electric Fuses and Circuit Breakers,2 times,"$50,000 to $59,999",182,182.0,ok,5.209486152841421
2023,Electric Fuses and Circuit Breakers,2 times,"$60,000 to $79,999",310,310.0,ok,5.739792912179234
2023,Electric Fuses and Circuit Breakers,2 times,"$80,000 to $99,999",230,230.0,ok,5.442417710521793
2023,Electric Fuses and Circuit Breakers,2 times,"Less than $10,000",143,143.0,ok,4.969813299576001
2023,Electric Fuses and Circuit Breakers,3 times,"$10,000 to $19,999",52,52.0,ok,3.970291913552122
2023,Electric Fuses and Circuit Breakers,3 times,"$100,000 to $119,999",107,107.0,ok,4.68213122712422
2023,Electric Fuses and Circuit Breakers,3 times,"$120,000 to $139,999",S,,suppressed,
2023,Electric Fuses and Circuit Breakers,3 times,"$140,000 to $159,999",S,,suppressed,
2023,Electric Fuses and Circuit Breakers,3 times,"$160,000 to $179,999",S,,suppressed,
2023,Electric Fuses and Circuit Breakers,3 times,"$180,000 to $199,999",S,,suppressed,
2023,Electric Fuses and Circuit Breakers,3 times,"$20,000 to $29,999",68,68.0,ok,4.23410650459726
2023,Electric Fuses and Circuit Breakers,3 times,"$200,000 or more",181,181.0,ok,5.204006687076795
2023,Electric Fuses and Circuit Breakers,3 times,"$30,000 to $39,999",105,105.0,ok,4.663439094112067
2023,Electric Fuses and Circuit Breakers,3 times,"$40,000 to $49,999",84,84.0,ok,4.442651256490317
2023,Electric Fuses and Circuit Breakers,3 times,"$50,000 to $59,999",59,59.0,ok,4.0943445622221
2023,Electric Fuses and Circuit Breakers,3 times,"$60,000 to $79,999",96,96.0,ok,4.574710978503383
2023,Electric Fuses and Circuit Breakers,3 times,"$80,000 to $99,999",95,95.0,ok,4.564348191467836
2023,Electric Fuses and Circuit Breakers,3 times,"Less than $10,000",36,36.0,ok,3.6109179126442243
2023,Electric Fuses and Circuit Breakers,4 times or more,"$10,000 to $19,999",91,91.0,ok,4.5217885770490405
2023,Electric Fuses and Circuit Breakers,4 times or more,"$100,000 to $119,999",98,98.0,ok,4.59511985013459
2023,Electric Fuses and Circuit Breakers,4 times or more,"$120,000 to $139,999",104,104.0,ok,4.653960350157523
2023,Electric Fuses and Circuit Breakers,4 times or more,"$140,000 to $159,999",51,51.0,ok,3.9512437185814275
2023,Electric Fuses and Circuit Breakers,4 times or more,"$160,000 to $179,999",S,,suppressed,
2023,Electric Fuses and Circuit Breakers,4 times or more,"$180,000 to $199,999",S,,suppressed,
2023,Electric Fuses and Circuit Breakers,4 times or more,"$20,000 to $29,999",99,99.0,ok,4.605170185988092
2023,Electric Fuses and Circuit Breakers,4 times or more,"$200,000 or more",145,145.0,ok,4.983606621708336
2023,Electric Fuses and Circuit Breakers,4 times or more,"$30,000 to $39,999",119,119.0,ok,4.787491742782046
2023,Electric Fuses and Circuit Breakers,4 times or more,"$40,000 to $49,999",80,80.0,ok,4.394449154672439
2023,Electric Fuses and Circuit Breakers,4 times or more,"$50,000 to $59,999",120,120.0,ok,4.795790545596741
2023,Electric Fuses and Circuit Breakers,4 times or more,"$60,000 to $79,999",109,109.0,ok,4.700480365792417
2023,Electric Fuses and Circuit Breakers,4 times or more,"$80,000 to $99,999",146,146.0,ok,4.990432586778736
2023,Electric Fuses and Circuit Breakers,4 times or more,"Less than $10,000",97,97.0,ok,4.584967478670572
2023,Electric Fuses and Circuit Breakers,No fuses or breakers blown in last 3 months,"$10,000 to $19,999","8,447",8447.0,ok,9.041685005946043
2023,Electric Fuses and Circuit Breakers,No fuses or breakers blown in last 3 months,"$100,000 to $119,999","9,227",9227.0,ok,9.129997619293643
2023,Electric Fuses and Circuit Breakers,No fuses or breakers blown in last 3 months,"$120,000 to $139,999","7,528",7528.0,ok,8.926517509850122
2023,Electric Fuses and Circuit Breakers,No fuses or breakers blown in last 3 months,"$140,000 to $159,999","6,004",6004.0,ok,8.700347734514084
2023,Electric Fuses and Circuit Breakers,No fuses or breakers blown in last 3 months,"$160,000 to $179,999","4,247",4247.0,ok,8.354203562921775
2023,Electric Fuses and Circuit Breakers,No fuses or breakers blown in last 3 months,"$180,000 to $199,999","3,198",3198.0,ok,8.070593539949519
2023,Electric Fuses and Circuit Breakers,No fuses or breakers blown in last 3 months,"$20,000 to $29,999","8,818",8818.0,ok,9.08466376388818
2023,Electric Fuses and Circuit Breakers,No fuses or breakers blown in last 3 months,"$200,000 or more","13,057",13057.0,ok,9.477156251746578
2023,Electric Fuses and Circuit Breakers,No fuses or breakers blown in last 3 months,"$30,000 to $39,999","8,997",8997.0,ok,9.104757609401117
2023,Electric Fuses and Circuit Breakers,No fuses or breakers blown in last 3 months,"$40,000 to $49,999","8,794",8794.0,ok,9.081938657171658
2023,Electric Fuses and Circuit Breakers,No fuses or breakers blown in last 3 months,"$50,000 to $59,999","8,540",8540.0,ok,9.052633375946147
2023,Electric Fuses and Circuit Breakers,No fuses or breakers blown in last 3 months,"$60,000 to $79,999","15,220",15220.0,ok,9.630431332279667
2023,Electric Fuses and Circuit Breakers,No fuses or breakers blown in last 3 months,"$80,000 to $99,999","11,966",11966.0,ok,9.389908140573516
2023,Electric Fuses and Circuit Breakers,No fuses or breakers blown in last 3 months,"Less than $10,000","8,637",8637.0,ok,9.063926353520646
2023,Electric Fuses and Circuit Breakers,With electrical wiring,"$10,000 to $19,999","8,996",8996.0,ok,9.104646467417119
2023,Electric Fuses and Circuit Breakers,With electrical wiring,"$100,000 to $119,999","10,038",10038.0,ok,9.214232786691527
2023,Electric Fuses and Circuit Breakers,With electrical wiring,"$120,000 to $139,999","8,232",8232.0,ok,9.015905747298426
2023,Electric Fuses and Circuit Breakers,With electrical wiring,"$140,000 to $159,999","6,646",6646.0,ok,8.801920904041582
2023,Electric Fuses and Circuit Breakers,With electrical wiring,"$160,000 to $179,999","4,671",4671.0,ok,8.449342524508063
2023,Electric Fuses and Circuit Breakers,With electrical wiring,"$180,000 to $199,999","3,490",3490.0,ok,8.157943507105037
2023,Electric Fuses and Circuit Breakers,With electrical wiring,"$20,000 to $29,999","9,354",9354.0,ok,9.14366623870819
2023,Electric Fuses and Circuit Breakers,With electrical wiring,"$200,000 or more","14,546",14546.0,ok,9.585140065773462
2023,Electric Fuses and Circuit Breakers,With electrical wiring,"$30,000 to $39,999","9,778",9778.0,ok,9.187992508312275
2023,Electric Fuses and Circuit Breakers,With electrical wiring,"$40,000 to $49,999","9,451",9451.0,ok,9.1539816383068
2023,Electric Fuses and Circuit Breakers,With electrical wiring,"$50,000 to $59,999","9,252",9252.0,ok,9.13270310224903
2023,Electric Fuses and Circuit Breakers,With electrical wiring,"$60,000 to $79,999","16,372",16372.0,ok,9.703388915639492
2023,Electric Fuses and Circuit Breakers,With electrical wiring,"$80,000 to $99,999","13,037",13037.0,ok,9.475623449484484
2023,Electric Fuses and Circuit Breakers,With electrical wiring,"Less than $10,000","9,247",9247.0,ok,9.13216259091216
2023,Electric Fuses and Circuit Breakers,With fuses or breakers blown in last 3 months,"$10,000 to $19,999",549,549.0,ok,6.309918278226516
2023,Electric Fuses and Circuit Breakers,With fuses or breakers blown in last 3 months,"$100,000 to $119,999",812,812.0,ok,6.70073110954781
2023,Electric Fuses and Circuit Breakers,With fuses or breakers blown in last 3 months,"$120,000 to $139,999",703,703.0,ok,6.556778356158042
2023,Electric Fuses and Circuit Breakers,With fuses or breakers blown in last 3 months,"$140,000 to $159,999",642,642.0,ok,6.466144724237619
2023,Electric Fuses and Circuit Breakers,With fuses or breakers blown in last 3 months,"$160,000 to $179,999",424,424.0,ok,6.052089168924417
2023,Electric Fuses and Circuit Breakers,With fuses or breakers blown in last 3 months,"$180,000 to $199,999",292,292.0,ok,5.680172609017068
2023,Electric Fuses and Circuit Breakers,With fuses or breakers blown in last 3 months,"$20,000 to $29,999",536,536.0,ok,6.285998094508865
2023,Electric Fuses and Circuit Breakers,With fuses or breakers blown in last 3 months,"$200,000 or more","1,489",1489.0,ok,7.306531398939505
2023,Electric Fuses and Circuit Breakers,With fuses or breakers blown in last 3 months,"$30,000 to $39,999",781,781.0,ok,6.661854740545311
2023,Electric Fuses and Circuit Breakers,With fuses or breakers blown in last 3 months,"$40,000 to $49,999",657,657.0,ok,6.489204931325317
2023,Electric Fuses and Circuit Breakers,With fuses or breakers blown in last 3 months,"$50,000 to $59,999",712,712.0,ok,6.569481420414296
2023,Electric Fuses and Circuit Breakers,With fuses or breakers blown in last 3 months,"$60,000 to $79,999","1,152",1152.0,ok,7.050122520269059
2023,Electric Fuses and Circuit Breakers,With fuses or breakers blown in last 3 months,"$80,000 to $99,999","1,072",1072.0,ok,6.9782137426306985
2023,Electric Fuses and Circuit Breakers,With fuses or breakers blown in last 3 months,"Less than $10,000",610,610.0,ok,6.415096959171596
2023,Electric Medical Devices Present,No,"$10,000 to $19,999","7,732",7732.0,ok,8.953252164609035
2023,Electric Medical Devices Present,No,"$100,000 to $119,999","8,906",8906.0,ok,9.09459276343187
2023,Electric Medical Devices Present,No,"$120,000 to $139,999","7,112",7112.0,ok,8.869679374733515
2023,Electric Medical Devices Present,No,"$140,000 to $159,999","6,096",6096.0,ok,8.715552125907816
2023,Electric Medical Devices Present,No,"$160,000 to $179,999","4,362",4362.0,ok,8.38091517312361
2023,Electric Medical Devices Present,No,"$180,000 to $199,999","3,216",3216.0,ok,8.076204527239026
2023,Electric Medical Devices Present,No,"$20,000 to $29,999","8,225",8225.0,ok,9.015055148790369
2023,Electric Medical Devices Present,No,"$200,000 or more","13,177",13177.0,ok,9.486304051473764
2023,Electric Medical Devices Present,No,"$30,000 to $39,999","8,374",8374.0,ok,9.033006356693267
2023,Electric Medical Devices Present,No,"$40,000 to $49,999","8,335",8335.0,ok,9.028338763993148
2023,Electric Medical Devices Present,No,"$50,000 to $59,999","8,230",8230.0,ok,9.015662792972645
2023,Electric Medical Devices Present,No,"$60,000 to $79,999","14,559",14559.0,ok,9.586033321750676
2023,Electric Medical Devices Present,No,"$80,000 to $99,999","11,340",11340.0,ok,9.33617975681533
2023,Electric Medical Devices Present,No,"Less than $10,000","7,974",7974.0,ok,8.984066927653044
2023,Electric Medical Devices Present,Not reported,"$10,000 to $19,999",S,,suppressed,
2023,Electric Medical Devices Present,Not reported,"$100,000 to $119,999",S,,suppressed,
2023,Electric Medical Devices Present,Not reported,"$120,000 to $139,999",S,,suppressed,
2023,Electric Medical Devices Present,Not reported,"$140,000 to $159,999",S,,suppressed,
2023,Electric Medical Devices Present,Not reported,"$160,000 to $179,999",S,,suppressed,
2023,Electric Medical Devices Present,Not reported,"$180,000 to $199,999",S,,suppressed,
2023,Electric Medical Devices Present,Not reported,"$20,000 to $29,999",S,,suppressed,
2023,Electric Medical Devices Present,Not reported,"$200,000 or more",67,67.0,ok,4.219507705176107
2023,Electric Medical Devices Present,Not reported,"$30,000 to $39,999",S,,suppressed,
2023,Electric Medical Devices Present,Not reported,"$40,000 to $49,999",S,,suppressed,
2023,Electric Medical Devices Present,Not reported,"$50,000 to $59,999",S,,suppressed,
2023,Electric Medical Devices Present,Not reported,"$60,000 to $79,999",146,146.0,ok,4.990432586778736
2023,Electric Medical Devices Present,Not reported,"$80,000 to $99,999",122,122.0,ok,4.812184355372417
2023,Electric Medical Devices Present,Not reported,"Less than $10,000",S,,suppressed,
2023,Electric Medical Devices Present,Yes,"$10,000 to $19,999","1,201",1201.0,ok,7.091742115095153
2023,Electric Medical Devices Present,Yes,"$100,000 to $119,999",996,996.0,ok,6.904750769961838
2023,Electric Medical Devices Present,Yes,"$120,000 to $139,999",910,910.0,ok,6.814542897259958
2023,Electric Medical Devices Present,Yes,"$140,000 to $159,999",716,716.0,ok,6.57507584059962
2023,Electric Medical Devices Present,Yes,"$160,000 to $179,999",448,448.0,ok,6.1070228877422545
2023,Electric Medical Devices Present,Yes,"$180,000 to $199,999",415,415.0,ok,6.030685260261263
2023,Electric Medical Devices Present,Yes,"$20,000 to $29,999","1,182",1182.0,ok,7.075808863978387
2023,Electric Medical Devices Present,Yes,"$200,000 or more","1,221",1221.0,ok,7.108244139731541
2023,Electric Medical Devices Present,Yes,"$30,000 to $39,999","1,146",1146.0,ok,7.044905117129371
2023,Electric Medical Devices Present,Yes,"$40,000 to $49,999",928,928.0,ok,6.834108738813838
2023,Electric Medical Devices Present,Yes,"$50,000 to $59,999","1,007",1007.0,ok,6.915723448631314
2023,Electric Medical Devices Present,Yes,"$60,000 to $79,999","1,689",1689.0,ok,7.432483807917119
2023,Electric Medical Devices Present,Yes,"$80,000 to $99,999","1,581",1581.0,ok,7.366445148327599
2023,Electric Medical Devices Present,Yes,"Less than $10,000","1,038",1038.0,ok,6.946013991099227
2023,Exterior of unit shaded by trees or other buildings:,No,"$10,000 to $19,999","4,249",4249.0,ok,8.354674261918463
2023,Exterior of unit shaded by trees or other buildings:,No,"$100,000 to $119,999","3,700",3700.0,ok,8.216358332386156
2023,Exterior of unit shaded by trees or other buildings:,No,"$120,000 to $139,999","3,237",3237.0,ok,8.08271113423758
2023,Exterior of unit shaded by trees or other buildings:,No,"$140,000 to $159,999","2,372",2372.0,ok,7.771910256435763
2023,Exterior of unit shaded by trees or other buildings:,No,"$160,000 to $179,999","1,776",1776.0,ok,7.482681828154651
2023,Exterior of unit shaded by trees or other buildings:,No,"$180,000 to $199,999","1,354",1354.0,ok,7.2115567333138015
2023,Exterior of unit shaded by trees or other buildings:,No,"$20,000 to $29,999","3,941",3941.0,ok,8.279443487712665
2023,Exterior of unit shaded by trees or other buildings:,No,"$200,000 or more","4,957",4957.0,ok,8.508757712595136
2023,Exterior of unit shaded by trees or other buildings:,No,"$30,000 to $39,999","4,283",4283.0,ok,8.36264243156764
2023,Exterior of unit shaded by trees or other buildings:,No,"$40,000 to $49,999","4,019",4019.0,ok,8.299037181613066
2023,Exterior of unit shaded by trees or other buildings:,No,"$50,000 to $59,999","3,788",3788.0,ok,8.239857411018601
2023,Exterior of unit shaded by trees or other buildings:,No,"$60,000 to $79,999","6,784",6784.0,ok,8.82246957226897
2023,Exterior of unit shaded by trees or other buildings:,No,"$80,000 to $99,999","5,030",5030.0,ok,8.523374050491318
2023,Exterior of unit shaded by trees or other buildings:,No,"Less than $10,000","4,540",4540.0,ok,8.420902531097951
2023,Exterior of unit shaded by trees or other buildings:,Not reported,"$10,000 to $19,999",176,176.0,ok,5.176149732573829
2023,Exterior of unit shaded by trees or other buildings:,Not reported,"$100,000 to $119,999",193,193.0,ok,5.267858159063328
2023,Exterior of unit shaded by trees or other buildings:,Not reported,"$120,000 to $139,999",209,209.0,ok,5.3471075307174685
2023,Exterior of unit shaded by trees or other buildings:,Not reported,"$140,000 to $159,999",125,125.0,ok,4.836281906951478
2023,Exterior of unit shaded by trees or other buildings:,Not reported,"$160,000 to $179,999",181,181.0,ok,5.204006687076795
2023,Exterior of unit shaded by trees or other buildings:,Not reported,"$180,000 to $199,999",S,,suppressed,
2023,Exterior of unit shaded by trees or other buildings:,Not reported,"$20,000 to $29,999",224,224.0,ok,5.41610040220442
2023,Exterior of unit shaded by trees or other buildings:,Not reported,"$200,000 or more",315,315.0,ok,5.755742213586912
2023,Exterior of unit shaded by trees or other buildings:,Not reported,"$30,000 to $39,999",316,316.0,ok,5.75890177387728
2023,Exterior of unit shaded by trees or other buildings:,Not reported,"$40,000 to $49,999",229,229.0,ok,5.438079308923196
2023,Exterior of unit shaded by trees or other buildings:,Not reported,"$50,000 to $59,999",290,290.0,ok,5.673323267171493
2023,Exterior of unit shaded by trees or other buildings:,Not reported,"$60,000 to $79,999",333,333.0,ok,5.8111409929767
2023,Exterior of unit shaded by trees or other buildings:,Not reported,"$80,000 to $99,999",447,447.0,ok,6.104793232414985
2023,Exterior of unit shaded by trees or other buildings:,Not reported,"Less than $10,000",361,361.0,ok,5.891644211825771
2023,Exterior of unit shaded by trees or other buildings:,Yes,"$10,000 to $19,999","4,575",4575.0,ok,8.428580533059634
2023,Exterior of unit shaded by trees or other buildings:,Yes,"$100,000 to $119,999","6,274",6274.0,ok,8.744328763999984
2023,Exterior of unit shaded by trees or other buildings:,Yes,"$120,000 to $139,999","4,939",4939.0,ok,8.505120610181969
2023,Exterior of unit shaded by trees or other buildings:,Yes,"$140,000 to $159,999","3,931",3931.0,ok,8.276903481267057
2023,Exterior of unit shaded by trees or other buildings:,Yes,"$160,000 to $179,999","2,621",2621.0,ok,7.871692664323645
2023,Exterior of unit shaded by trees or other buildings:,Yes,"$180,000 to $199,999","1,847",1847.0,ok,7.521859252201629
2023,Exterior of unit shaded by trees or other buildings:,Yes,"$20,000 to $29,999","5,015",5015.0,ok,8.520388082312756
2023,Exterior of unit shaded by trees or other buildings:,Yes,"$200,000 or more","9,511",9511.0,ok,9.160309438370618
2023,Exterior of unit shaded by trees or other buildings:,Yes,"$30,000 to $39,999","5,305",5305.0,ok,8.576593534697684
2023,Exterior of unit shaded by trees or other buildings:,Yes,"$40,000 to $49,999","5,319",5319.0,ok,8.57922858233569
2023,Exterior of unit shaded by trees or other buildings:,Yes,"$50,000 to $59,999","5,104",5104.0,ok,8.537975730598767
2023,Exterior of unit shaded by trees or other buildings:,Yes,"$60,000 to $79,999","9,298",9298.0,ok,9.137662146478197
2023,Exterior of unit shaded by trees or other buildings:,Yes,"$80,000 to $99,999","7,571",7571.0,ok,8.932212512329214
2023,Exterior of unit shaded by trees or other buildings:,Yes,"Less than $10,000","4,457",4457.0,ok,8.402455513945814
2023,External Building Conditions,Bars on windows,"$10,000 to $19,999",246,246.0,ok,5.5093883366279774
2023,External Building Conditions,Bars on windows,"$100,000 to $119,999",116,116.0,ok,4.762173934797756
2023,External Building Conditions,Bars on windows,"$120,000 to $139,999",105,105.0,ok,4.663439094112067
2023,External Building Conditions,Bars on windows,"$140,000 to $159,999",95,95.0,ok,4.564348191467836
2023,External Building Conditions,Bars on windows,"$160,000 to $179,999",83,83.0,ok,4.430816798843313
2023,External Building Conditions,Bars on windows,"$180,000 to $199,999",54,54.0,ok,4.007333185232471
2023,External Building Conditions,Bars on windows,"$20,000 to $29,999",207,207.0,ok,5.337538079701318
2023,External Building Conditions,Bars on windows,"$200,000 or more",171,171.0,ok,5.147494476813453
2023,External Building Conditions,Bars on windows,"$30,000 to $39,999",215,215.0,ok,5.375278407684165
2023,External Building Conditions,Bars on windows,"$40,000 to $49,999",190,190.0,ok,5.25227342804663
2023,External Building Conditions,Bars on windows,"$50,000 to $59,999",193,193.0,ok,5.267858159063328
2023,External Building Conditions,Bars on windows,"$60,000 to $79,999",287,287.0,ok,5.662960480135946
2023,External Building Conditions,Bars on windows,"$80,000 to $99,999",222,222.0,ok,5.407171771460119
2023,External Building Conditions,Bars on windows,"Less than $10,000",221,221.0,ok,5.402677381872279
2023,External Building Conditions,Boarded up windows,"$10,000 to $19,999",153,153.0,ok,5.0369526024136295
2023,External Building Conditions,Boarded up windows,"$100,000 to $119,999",60,60.0,ok,4.110873864173311
2023,External Building Conditions,Boarded up windows,"$120,000 to $139,999",S,,suppressed,
2023,External Building Conditions,Boarded up windows,"$140,000 to $159,999",S,,suppressed,
2023,External Building Conditions,Boarded up windows,"$160,000 to $179,999",S,,suppressed,
2023,External Building Conditions,Boarded up windows,"$180,000 to $199,999",S,,suppressed,
2023,External Building Conditions,Boarded up windows,"$20,000 to $29,999",113,113.0,ok,4.736198448394496
2023,External Building Conditions,Boarded up windows,"$200,000 or more",70,70.0,ok,4.2626798770413155
2023,External Building Conditions,Boarded up windows,"$30,000 to $39,999",149,149.0,ok,5.0106352940962555
2023,External Building Conditions,Boarded up windows,"$40,000 to $49,999",84,84.0,ok,4.442651256490317
2023,External Building Conditions,Boarded up windows,"$50,000 to $59,999",104,104.0,ok,4.653960350157523
2023,External Building Conditions,Boarded up windows,"$60,000 to $79,999",109,109.0,ok,4.700480365792417
2023,External Building Conditions,Boarded up windows,"$80,000 to $99,999",97,97.0,ok,4.584967478670572
2023,External Building Conditions,Boarded up windows,"Less than $10,000",179,179.0,ok,5.19295685089021
2023,External Building Conditions,Broken windows,"$10,000 to $19,999",411,411.0,ok,6.021023349349527
2023,External Building Conditions,Broken windows,"$100,000 to $119,999",247,247.0,ok,5.5134287461649825
2023,External Building Conditions,Broken windows,"$120,000 to $139,999",236,236.0,ok,5.4680601411351315
2023,External Building Conditions,Broken windows,"$140,000 to $159,999",179,179.0,ok,5.19295685089021
2023,External Building Conditions,Broken windows,"$160,000 to $179,999",152,152.0,ok,5.030437921392435
2023,External Building Conditions,Broken windows,"$180,000 to $199,999",69,69.0,ok,4.248495242049359
2023,External Building Conditions,Broken windows,"$20,000 to $29,999",356,356.0,ok,5.877735781779639
2023,External Building Conditions,Broken windows,"$200,000 or more",238,238.0,ok,5.476463551931511
2023,External Building Conditions,Broken windows,"$30,000 to $39,999",443,443.0,ok,6.095824562432225
2023,External Building Conditions,Broken windows,"$40,000 to $49,999",307,307.0,ok,5.730099782973575
2023,External Building Conditions,Broken windows,"$50,000 to $59,999",325,325.0,ok,5.786897381366708
2023,External Building Conditions,Broken windows,"$60,000 to $79,999",471,471.0,ok,6.156978985585555
2023,External Building Conditions,Broken windows,"$80,000 to $99,999",323,323.0,ok,5.780743515792329
2023,External Building Conditions,Broken windows,"Less than $10,000",346,346.0,ok,5.849324779946859
2023,External Building Conditions,Foundation crumbling or has open crack or hole,"$10,000 to $19,999",362,362.0,ok,5.8944028342648505
2023,External Building Conditions,Foundation crumbling or has open crack or hole,"$100,000 to $119,999",309,309.0,ok,5.736572297479192
2023,External Building Conditions,Foundation crumbling or has open crack or hole,"$120,000 to $139,999",358,358.0,ok,5.883322388488279
2023,External Building Conditions,Foundation crumbling or has open crack or hole,"$140,000 to $159,999",229,229.0,ok,5.438079308923196
2023,External Building Conditions,Foundation crumbling or has open crack or hole,"$160,000 to $179,999",185,185.0,ok,5.225746673713202
2023,External Building Conditions,Foundation crumbling or has open crack or hole,"$180,000 to $199,999",78,78.0,ok,4.3694478524670215
2023,External Building Conditions,Foundation crumbling or has open crack or hole,"$20,000 to $29,999",329,329.0,ok,5.799092654460526
2023,External Building Conditions,Foundation crumbling or has open crack or hole,"$200,000 or more",526,526.0,ok,6.267200548541362
2023,External Building Conditions,Foundation crumbling or has open crack or hole,"$30,000 to $39,999",418,418.0,ok,6.037870919922137
2023,External Building Conditions,Foundation crumbling or has open crack or hole,"$40,000 to $49,999",387,387.0,ok,5.961005339623274
2023,External Building Conditions,Foundation crumbling or has open crack or hole,"$50,000 to $59,999",354,354.0,ok,5.872117789475416
2023,External Building Conditions,Foundation crumbling or has open crack or hole,"$60,000 to $79,999",552,552.0,ok,6.315358001522335
2023,External Building Conditions,Foundation crumbling or has open crack or hole,"$80,000 to $99,999",463,463.0,ok,6.139884552226255
2023,External Building Conditions,Foundation crumbling or has open crack or hole,"Less than $10,000",382,382.0,ok,5.948034989180646
2023,External Building Conditions,Hole in roof,"$10,000 to $19,999",169,169.0,ok,5.135798437050262
2023,External Building Conditions,Hole in roof,"$100,000 to $119,999",98,98.0,ok,4.59511985013459
2023,External Building Conditions,Hole in roof,"$120,000 to $139,999",S,,suppressed,
2023,External Building Conditions,Hole in roof,"$140,000 to $159,999",48,48.0,ok,3.8918202981106265
2023,External Building Conditions,Hole in roof,"$160,000 to $179,999",S,,suppressed,
2023,External Building Conditions,Hole in roof,"$180,000 to $199,999",S,,suppressed,
2023,External Building Conditions,Hole in roof,"$20,000 to $29,999",169,169.0,ok,5.135798437050262
2023,External Building Conditions,Hole in roof,"$200,000 or more",92,92.0,ok,4.532599493153256
2023,External Building Conditions,Hole in roof,"$30,000 to $39,999",145,145.0,ok,4.983606621708336
2023,External Building Conditions,Hole in roof,"$40,000 to $49,999",149,149.0,ok,5.0106352940962555
2023,External Building Conditions,Hole in roof,"$50,000 to $59,999",144,144.0,ok,4.976733742420574
2023,External Building Conditions,Hole in roof,"$60,000 to $79,999",107,107.0,ok,4.68213122712422
2023,External Building Conditions,Hole in roof,"$80,000 to $99,999",99,99.0,ok,4.605170185988092
2023,External Building Conditions,Hole in roof,"Less than $10,000",198,198.0,ok,5.293304824724492
2023,External Building Conditions,"Missing bricks, siding, or other outside wall material","$10,000 to $19,999",212,212.0,ok,5.3612921657094255
2023,External Building Conditions,"Missing bricks, siding, or other outside wall material","$100,000 to $119,999",190,190.0,ok,5.25227342804663
2023,External Building Conditions,"Missing bricks, siding, or other outside wall material","$120,000 to $139,999",174,174.0,ok,5.1647859739235145
2023,External Building Conditions,"Missing bricks, siding, or other outside wall material","$140,000 to $159,999",139,139.0,ok,4.941642422609304
2023,External Building Conditions,"Missing bricks, siding, or other outside wall material","$160,000 to $179,999",83,83.0,ok,4.430816798843313
2023,External Building Conditions,"Missing bricks, siding, or other outside wall material","$180,000 to $199,999",35,35.0,ok,3.58351893845611
2023,External Building Conditions,"Missing bricks, siding, or other outside wall material","$20,000 to $29,999",218,218.0,ok,5.389071729816501
2023,External Building Conditions,"Missing bricks, siding, or other outside wall material","$200,000 or more",252,252.0,ok,5.53338948872752
2023,External Building Conditions,"Missing bricks, siding, or other outside wall material","$30,000 to $39,999",176,176.0,ok,5.176149732573829
2023,External Building Conditions,"Missing bricks, siding, or other outside wall material","$40,000 to $49,999",254,254.0,ok,5.541263545158426
2023,External Building Conditions,"Missing bricks, siding, or other outside wall material","$50,000 to $59,999",180,180.0,ok,5.198497031265826
2023,External Building Conditions,"Missing bricks, siding, or other outside wall material","$60,000 to $79,999",377,377.0,ok,5.934894195619588
2023,External Building Conditions,"Missing bricks, siding, or other outside wall material","$80,000 to $99,999",269,269.0,ok,5.598421958998375
2023,External Building Conditions,"Missing bricks, siding, or other outside wall material","Less than $10,000",263,263.0,ok,5.575949103146316
2023,External Building Conditions,Missing roofing material,"$10,000 to $19,999",335,335.0,ok,5.817111159963204
2023,External Building Conditions,Missing roofing material,"$100,000 to $119,999",244,244.0,ok,5.501258210544727
2023,External Building Conditions,Missing roofing material,"$120,000 to $139,999",210,210.0,ok,5.351858133476067
2023,External Building Conditions,Missing roofing material,"$140,000 to $159,999",154,154.0,ok,5.043425116919247
2023,External Building Conditions,Missing roofing material,"$160,000 to $179,999",111,111.0,ok,4.718498871295094
2023,External Building Conditions,Missing roofing material,"$180,000 to $199,999",90,90.0,ok,4.51085950651685
2023,External Building Conditions,Missing roofing material,"$20,000 to $29,999",292,292.0,ok,5.680172609017068
2023,External Building Conditions,Missing roofing material,"$200,000 or more",229,229.0,ok,5.438079308923196
2023,External Building Conditions,Missing roofing material,"$30,000 to $39,999",264,264.0,ok,5.579729825986222
2023,External Building Conditions,Missing roofing material,"$40,000 to $49,999",259,259.0,ok,5.560681631015528
2023,External Building Conditions,Missing roofing material,"$50,000 to $59,999",292,292.0,ok,5.680172609017068
2023,External Building Conditions,Missing roofing material,"$60,000 to $79,999",396,396.0,ok,5.983936280687191
2023,External Building Conditions,Missing roofing material,"$80,000 to $99,999",323,323.0,ok,5.780743515792329
2023,External Building Conditions,Missing roofing material,"Less than $10,000",356,356.0,ok,5.877735781779639
2023,External Building Conditions,Sagging roof,"$10,000 to $19,999",176,176.0,ok,5.176149732573829
2023,External Building Conditions,Sagging roof,"$100,000 to $119,999",96,96.0,ok,4.574710978503383
2023,External Building Conditions,Sagging roof,"$120,000 to $139,999",116,116.0,ok,4.762173934797756
2023,External Building Conditions,Sagging roof,"$140,000 to $159,999",91,91.0,ok,4.5217885770490405
2023,External Building Conditions,Sagging roof,"$160,000 to $179,999",S,,suppressed,
2023,External Building Conditions,Sagging roof,"$180,000 to $199,999",S,,suppressed,
2023,External Building Conditions,Sagging roof,"$20,000 to $29,999",195,195.0,ok,5.278114659230518
2023,External Building Conditions,Sagging roof,"$200,000 or more",122,122.0,ok,4.812184355372417
2023,External Building Conditions,Sagging roof,"$30,000 to $39,999",147,147.0,ok,4.997212273764115
2023,External Building Conditions,Sagging roof,"$40,000 to $49,999",189,189.0,ok,5.247024072160486
2023,External Building Conditions,Sagging roof,"$50,000 to $59,999",119,119.0,ok,4.787491742782046
2023,External Building Conditions,Sagging roof,"$60,000 to $79,999",215,215.0,ok,5.375278407684165
2023,External Building Conditions,Sagging roof,"$80,000 to $99,999",167,167.0,ok,5.123963979403259
2023,External Building Conditions,Sagging roof,"Less than $10,000",202,202.0,ok,5.313205979041787
2023,External Building Conditions,Sloping outside walls,"$10,000 to $19,999",131,131.0,ok,4.882801922586371
2023,External Building Conditions,Sloping outside walls,"$100,000 to $119,999",82,82.0,ok,4.418840607796598
2023,External Building Conditions,Sloping outside walls,"$120,000 to $139,999",67,67.0,ok,4.219507705176107
2023,External Building Conditions,Sloping outside walls,"$140,000 to $159,999",50,50.0,ok,3.9318256327243257
2023,External Building Conditions,Sloping outside walls,"$160,000 to $179,999",S,,suppressed,
2023,External Building Conditions,Sloping outside walls,"$180,000 to $199,999",S,,suppressed,
2023,External Building Conditions,Sloping outside walls,"$20,000 to $29,999",104,104.0,ok,4.653960350157523
2023,External Building Conditions,Sloping outside walls,"$200,000 or more",92,92.0,ok,4.532599493153256
2023,External Building Conditions,Sloping outside walls,"$30,000 to $39,999",95,95.0,ok,4.564348191467836
2023,External Building Conditions,Sloping outside walls,"$40,000 to $49,999",72,72.0,ok,4.290459441148391
2023,External Building Conditions,Sloping outside walls,"$50,000 to $59,999",90,90.0,ok,4.51085950651685
2023,External Building Conditions,Sloping outside walls,"$60,000 to $79,999",144,144.0,ok,4.976733742420574
2023,External Building Conditions,Sloping outside walls,"$80,000 to $99,999",95,95.0,ok,4.564348191467836
2023,External Building Conditions,Sloping outside walls,"Less than $10,000",147,147.0,ok,4.997212273764115
2023,Flush Toilet Breakdowns,No breakdowns lasting 6 hours or more,"$10,000 to $19,999",105,105.0,ok,4.663439094112067
2023,Flush Toilet Breakdowns,No breakdowns lasting 6 hours or more,"$100,000 to $119,999",S,,suppressed,
2023,Flush Toilet Breakdowns,No breakdowns lasting 6 hours or more,"$120,000 to $139,999",S,,suppressed,
2023,Flush Toilet Breakdowns,No breakdowns lasting 6 hours or more,"$140,000 to $159,999",S,,suppressed,
2023,Flush Toilet Breakdowns,No breakdowns lasting 6 hours or more,"$160,000 to $179,999",S,,suppressed,
2023,Flush Toilet Breakdowns,No breakdowns lasting 6 hours or more,"$180,000 to $199,999",S,,suppressed,
2023,Flush Toilet Breakdowns,No breakdowns lasting 6 hours or more,"$20,000 to $29,999",S,,suppressed,
2023,Flush Toilet Breakdowns,No breakdowns lasting 6 hours or more,"$200,000 or more",S,,suppressed,
2023,Flush Toilet Breakdowns,No breakdowns lasting 6 hours or more,"$30,000 to $39,999",S,,suppressed,
2023,Flush Toilet Breakdowns,No breakdowns lasting 6 hours or more,"$40,000 to $49,999",43,43.0,ok,3.784189633918261
2023,Flush Toilet Breakdowns,No breakdowns lasting 6 hours or more,"$50,000 to $59,999",47,47.0,ok,3.8712010109078907
2023,Flush Toilet Breakdowns,No breakdowns lasting 6 hours or more,"$60,000 to $79,999",60,60.0,ok,4.110873864173311
2023,Flush Toilet Breakdowns,No breakdowns lasting 6 hours or more,"$80,000 to $99,999",S,,suppressed,
2023,Flush Toilet Breakdowns,No breakdowns lasting 6 hours or more,"Less than $10,000",S,,suppressed,
2023,Flush Toilet Breakdowns,None working some time in last 3 months,"$10,000 to $19,999",356,356.0,ok,5.877735781779639
2023,Flush Toilet Breakdowns,None working some time in last 3 months,"$100,000 to $119,999",119,119.0,ok,4.787491742782046
2023,Flush Toilet Breakdowns,None working some time in last 3 months,"$120,000 to $139,999",123,123.0,ok,4.820281565605037
2023,Flush Toilet Breakdowns,None working some time in last 3 months,"$140,000 to $159,999",77,77.0,ok,4.356708826689592
2023,Flush Toilet Breakdowns,None working some time in last 3 months,"$160,000 to $179,999",S,,suppressed,
2023,Flush Toilet Breakdowns,None working some time in last 3 months,"$180,000 to $199,999",S,,suppressed,
2023,Flush Toilet Breakdowns,None working some time in last 3 months,"$20,000 to $29,999",204,204.0,ok,5.3230099791384085
2023,Flush Toilet Breakdowns,None working some time in last 3 months,"$200,000 or more",81,81.0,ok,4.406719247264253
2023,Flush Toilet Breakdowns,None working some time in last 3 months,"$30,000 to $39,999",233,233.0,ok,5.455321115357702
2023,Flush Toilet Breakdowns,None working some time in last 3 months,"$40,000 to $49,999",196,196.0,ok,5.2832037287379885
2023,Flush Toilet Breakdowns,None working some time in last 3 months,"$50,000 to $59,999",198,198.0,ok,5.293304824724492
2023,Flush Toilet Breakdowns,None working some time in last 3 months,"$60,000 to $79,999",217,217.0,ok,5.384495062789089
2023,Flush Toilet Breakdowns,None working some time in last 3 months,"$80,000 to $99,999",130,130.0,ok,4.875197323201151
2023,Flush Toilet Breakdowns,None working some time in last 3 months,"Less than $10,000",274,274.0,ok,5.616771097666572
2023,Flush Toilet Breakdowns,With at least one toilet working at all times in last 3 months,"$10,000 to $19,999","8,617",8617.0,ok,9.061608318175784
2023,Flush Toilet Breakdowns,With at least one toilet working at all times in last 3 months,"$100,000 to $119,999","9,925",9925.0,ok,9.202912856147385
2023,Flush Toilet Breakdowns,With at least one toilet working at all times in last 3 months,"$120,000 to $139,999","8,113",8113.0,ok,9.001346243766392
2023,Flush Toilet Breakdowns,With at least one toilet working at all times in last 3 months,"$140,000 to $159,999","6,569",6569.0,ok,8.790269111478656
2023,Flush Toilet Breakdowns,With at least one toilet working at all times in last 3 months,"$160,000 to $179,999","4,638",4638.0,ok,8.442254104751743
2023,Flush Toilet Breakdowns,With at least one toilet working at all times in last 3 months,"$180,000 to $199,999","3,442",3442.0,ok,8.144098463338524
2023,Flush Toilet Breakdowns,With at least one toilet working at all times in last 3 months,"$20,000 to $29,999","9,150",9150.0,ok,9.121618441915379
2023,Flush Toilet Breakdowns,With at least one toilet working at all times in last 3 months,"$200,000 or more","14,465",14465.0,ok,9.579556347409227
2023,Flush Toilet Breakdowns,With at least one toilet working at all times in last 3 months,"$30,000 to $39,999","9,547",9547.0,ok,9.16408698745872
2023,Flush Toilet Breakdowns,With at least one toilet working at all times in last 3 months,"$40,000 to $49,999","9,254",9254.0,ok,9.132919225007598
2023,Flush Toilet Breakdowns,With at least one toilet working at all times in last 3 months,"$50,000 to $59,999","9,054",9054.0,ok,9.111072370317514
2023,Flush Toilet Breakdowns,With at least one toilet working at all times in last 3 months,"$60,000 to $79,999","16,160",16160.0,ok,9.690356211348643
2023,Flush Toilet Breakdowns,With at least one toilet working at all times in last 3 months,"$80,000 to $99,999","12,915",12915.0,ok,9.466222131878165
2023,Flush Toilet Breakdowns,With at least one toilet working at all times in last 3 months,"Less than $10,000","8,972",8972.0,ok,9.101975347298058
2023,Flush Toilet Breakdowns,With one or more flush toilets,"$10,000 to $19,999","8,973",8973.0,ok,9.102086786535928
2023,Flush Toilet Breakdowns,With one or more flush toilets,"$100,000 to $119,999","10,043",10043.0,ok,9.214730720277476
2023,Flush Toilet Breakdowns,With one or more flush toilets,"$120,000 to $139,999","8,236",8236.0,ok,9.016391478941248
2023,Flush Toilet Breakdowns,With one or more flush toilets,"$140,000 to $159,999","6,646",6646.0,ok,8.801920904041582
2023,Flush Toilet Breakdowns,With one or more flush toilets,"$160,000 to $179,999","4,671",4671.0,ok,8.449342524508063
2023,Flush Toilet Breakdowns,With one or more flush toilets,"$180,000 to $199,999","3,490",3490.0,ok,8.157943507105037
2023,Flush Toilet Breakdowns,With one or more flush toilets,"$20,000 to $29,999","9,354",9354.0,ok,9.14366623870819
2023,Flush Toilet Breakdowns,With one or more flush toilets,"$200,000 or more","14,546",14546.0,ok,9.585140065773462
2023,Flush Toilet Breakdowns,With one or more flush toilets,"$30,000 to $39,999","9,780",9780.0,ok,9.188197007290492
2023,Flush Toilet Breakdowns,With one or more flush toilets,"$40,000 to $49,999","9,450",9450.0,ok,9.153875834995056
2023,Flush Toilet Breakdowns,With one or more flush toilets,"$50,000 to $59,999","9,252",9252.0,ok,9.13270310224903
2023,Flush Toilet Breakdowns,With one or more flush toilets,"$60,000 to $79,999","16,377",16377.0,ok,9.703694249830134
2023,Flush Toilet Breakdowns,With one or more flush toilets,"$80,000 to $99,999","13,045",13045.0,ok,9.476236852356042
2023,Flush Toilet Breakdowns,With one or more flush toilets,"Less than $10,000","9,246",9246.0,ok,9.132054453577638
2023,Food spoiled:,No,"$10,000 to $19,999","1,652",1652.0,ok,7.410347097821024
2023,Food spoiled:,No,"$100,000 to $119,999","2,390",2390.0,ok,7.779466967458324
2023,Food spoiled:,No,"$120,000 to $139,999","1,970",1970.0,ok,7.58629630715272
2023,Food spoiled:,No,"$140,000 to $159,999","1,909",1909.0,ok,7.554858521040676
2023,Food spoiled:,No,"$160,000 to $179,999","1,194",1194.0,ok,7.085901464365611
2023,Food spoiled:,No,"$180,000 to $199,999","1,128",1128.0,ok,7.029087564149662
2023,Food spoiled:,No,"$20,000 to $29,999","1,755",1755.0,ok,7.470793774195062
2023,Food spoiled:,No,"$200,000 or more","3,712",3712.0,ok,8.21959545417708
2023,Food spoiled:,No,"$30,000 to $39,999","1,766",1766.0,ok,7.4770384723196965
2023,Food spoiled:,No,"$40,000 to $49,999","1,980",1980.0,ok,7.591357046698551
2023,Food spoiled:,No,"$50,000 to $59,999","1,876",1876.0,ok,7.537430036586509
2023,Food spoiled:,No,"$60,000 to $79,999","3,493",3493.0,ok,8.158802490694002
2023,Food spoiled:,No,"$80,000 to $99,999","2,908",2908.0,ok,7.975564658495202
2023,Food spoiled:,No,"Less than $10,000","1,259",1259.0,ok,7.138866999945524
2023,Food spoiled:,Not reported,"$10,000 to $19,999",S,,suppressed,
2023,Food spoiled:,Not reported,"$100,000 to $119,999",.,,blank_or_na,
2023,Food spoiled:,Not reported,"$120,000 to $139,999",S,,suppressed,
2023,Food spoiled:,Not reported,"$140,000 to $159,999",.,,blank_or_na,
2023,Food spoiled:,Not reported,"$160,000 to $179,999",.,,blank_or_na,
2023,Food spoiled:,Not reported,"$180,000 to $199,999",.,,blank_or_na,
2023,Food spoiled:,Not reported,"$20,000 to $29,999",S,,suppressed,
2023,Food spoiled:,Not reported,"$200,000 or more",S,,suppressed,
2023,Food spoiled:,Not reported,"$30,000 to $39,999",.,,blank_or_na,
2023,Food spoiled:,Not reported,"$40,000 to $49,999",S,,suppressed,
2023,Food spoiled:,Not reported,"$50,000 to $59,999",.,,blank_or_na,
2023,Food spoiled:,Not reported,"$60,000 to $79,999",.,,blank_or_na,
2023,Food spoiled:,Not reported,"$80,000 to $99,999",.,,blank_or_na,
2023,Food spoiled:,Not reported,"Less than $10,000",S,,suppressed,
2023,Food spoiled:,Yes,"$10,000 to $19,999",369,369.0,ok,5.91350300563827
2023,Food spoiled:,Yes,"$100,000 to $119,999",376,376.0,ok,5.932245187448011
2023,Food spoiled:,Yes,"$120,000 to $139,999",294,294.0,ok,5.68697535633982
2023,Food spoiled:,Yes,"$140,000 to $159,999",241,241.0,ok,5.488937726156687
2023,Food spoiled:,Yes,"$160,000 to $179,999",156,156.0,ok,5.056245805348308
2023,Food spoiled:,Yes,"$180,000 to $199,999",87,87.0,ok,4.477336814478207
2023,Food spoiled:,Yes,"$20,000 to $29,999",381,381.0,ok,5.945420608606575
2023,Food spoiled:,Yes,"$200,000 or more",497,497.0,ok,6.210600077024653
2023,Food spoiled:,Yes,"$30,000 to $39,999",357,357.0,ok,5.8805329864007
2023,Food spoiled:,Yes,"$40,000 to $49,999",273,273.0,ok,5.6131281063880705
2023,Food spoiled:,Yes,"$50,000 to $59,999",334,334.0,ok,5.814130531825066
2023,Food spoiled:,Yes,"$60,000 to $79,999",696,696.0,ok,6.546785410760524
2023,Food spoiled:,Yes,"$80,000 to $99,999",556,556.0,ok,6.322565239927284
2023,Food spoiled:,Yes,"Less than $10,000",239,239.0,ok,5.480638923341991
2023,Generator Present,1-unit buildings or multiunit buildings with 2 to 4 units,"$10,000 to $19,999","6,263",6263.0,ok,8.742574237670638
2023,Generator Present,1-unit buildings or multiunit buildings with 2 to 4 units,"$100,000 to $119,999","8,752",8752.0,ok,9.077151777732437
2023,Generator Present,1-unit buildings or multiunit buildings with 2 to 4 units,"$120,000 to $139,999","7,162",7162.0,ok,8.876684166614451
2023,Generator Present,1-unit buildings or multiunit buildings with 2 to 4 units,"$140,000 to $159,999","6,075",6075.0,ok,8.712101863715663
2023,Generator Present,1-unit buildings or multiunit buildings with 2 to 4 units,"$160,000 to $179,999","4,500",4500.0,ok,8.412054873292933
2023,Generator Present,1-unit buildings or multiunit buildings with 2 to 4 units,"$180,000 to $199,999","3,477",3477.0,ok,8.154212694914229
2023,Generator Present,1-unit buildings or multiunit buildings with 2 to 4 units,"$20,000 to $29,999","7,176",7176.0,ok,8.878636747430072
2023,Generator Present,1-unit buildings or multiunit buildings with 2 to 4 units,"$200,000 or more","13,096",13096.0,ok,9.480138475329403
2023,Generator Present,1-unit buildings or multiunit buildings with 2 to 4 units,"$30,000 to $39,999","7,708",7708.0,ok,8.950143756459262
2023,Generator Present,1-unit buildings or multiunit buildings with 2 to 4 units,"$40,000 to $49,999","7,262",7262.0,ok,8.890548245606169
2023,Generator Present,1-unit buildings or multiunit buildings with 2 to 4 units,"$50,000 to $59,999","7,430",7430.0,ok,8.91341571815747
2023,Generator Present,1-unit buildings or multiunit buildings with 2 to 4 units,"$60,000 to $79,999","13,413",13413.0,ok,9.504054216659682
2023,Generator Present,1-unit buildings or multiunit buildings with 2 to 4 units,"$80,000 to $99,999","10,978",10978.0,ok,9.303739636234733
2023,Generator Present,1-unit buildings or multiunit buildings with 2 to 4 units,"Less than $10,000","6,470",6470.0,ok,8.775085935057266
2023,Generator Present,No,"$10,000 to $19,999","5,257",5257.0,ok,8.567506005289827
2023,Generator Present,No,"$100,000 to $119,999","6,577",6577.0,ok,8.791486026749002
2023,Generator Present,No,"$120,000 to $139,999","5,379",5379.0,ok,8.59044365315583
2023,Generator Present,No,"$140,000 to $159,999","4,632",4632.0,ok,8.440959885416648
2023,Generator Present,No,"$160,000 to $179,999","3,396",3396.0,ok,8.130647968160584
2023,Generator Present,No,"$180,000 to $199,999","2,556",2556.0,ok,7.846589975291186
2023,Generator Present,No,"$20,000 to $29,999","5,949",5949.0,ok,8.691146498539675
2023,Generator Present,No,"$200,000 or more","10,080",10080.0,ok,9.218407743053941
2023,Generator Present,No,"$30,000 to $39,999","6,227",6227.0,ok,8.73681053295389
2023,Generator Present,No,"$40,000 to $49,999","5,888",5888.0,ok,8.68084148294457
2023,Generator Present,No,"$50,000 to $59,999","5,961",5961.0,ok,8.693161274238017
2023,Generator Present,No,"$60,000 to $79,999","10,379",10379.0,ok,9.24763615671988
2023,Generator Present,No,"$80,000 to $99,999","8,299",8299.0,ok,9.02401079378469
2023,Generator Present,No,"Less than $10,000","5,418",5418.0,ok,8.597666575566114
2023,Generator Present,Not reported,"$10,000 to $19,999",S,,suppressed,
2023,Generator Present,Not reported,"$100,000 to $119,999",S,,suppressed,
2023,Generator Present,Not reported,"$120,000 to $139,999",S,,suppressed,
2023,Generator Present,Not reported,"$140,000 to $159,999",S,,suppressed,
2023,Generator Present,Not reported,"$160,000 to $179,999",S,,suppressed,
2023,Generator Present,Not reported,"$180,000 to $199,999",S,,suppressed,
2023,Generator Present,Not reported,"$20,000 to $29,999",S,,suppressed,
2023,Generator Present,Not reported,"$200,000 or more",75,75.0,ok,4.330733340286331
2023,Generator Present,Not reported,"$30,000 to $39,999",S,,suppressed,
2023,Generator Present,Not reported,"$40,000 to $49,999",S,,suppressed,
2023,Generator Present,Not reported,"$50,000 to $59,999",S,,suppressed,
2023,Generator Present,Not reported,"$60,000 to $79,999",S,,suppressed,
2023,Generator Present,Not reported,"$80,000 to $99,999",106,106.0,ok,4.672828834461906
2023,Generator Present,Not reported,"Less than $10,000",S,,suppressed,
2023,Generator Present,Yes,"$10,000 to $19,999",996,996.0,ok,6.904750769961838
2023,Generator Present,Yes,"$100,000 to $119,999","2,149",2149.0,ok,7.673223121121708
2023,Generator Present,Yes,"$120,000 to $139,999","1,708",1708.0,ok,7.443663683115591
2023,Generator Present,Yes,"$140,000 to $159,999","1,386",1386.0,ok,7.234898420314831
2023,Generator Present,Yes,"$160,000 to $179,999","1,053",1053.0,ok,6.960347729101308
2023,Generator Present,Yes,"$180,000 to $199,999",891,891.0,ok,6.79346613258001
2023,Generator Present,Yes,"$20,000 to $29,999","1,184",1184.0,ok,7.077498053569231
2023,Generator Present,Yes,"$200,000 or more","2,942",2942.0,ok,7.987184748233473
2023,Generator Present,Yes,"$30,000 to $39,999","1,377",1377.0,ok,7.228388451573604
2023,Generator Present,Yes,"$40,000 to $49,999","1,328",1328.0,ok,7.192182058713246
2023,Generator Present,Yes,"$50,000 to $59,999","1,414",1414.0,ok,7.254884810077338
2023,Generator Present,Yes,"$60,000 to $79,999","2,933",2933.0,ok,7.984121958702927
2023,Generator Present,Yes,"$80,000 to $99,999","2,573",2573.0,ok,7.853216388156072
2023,Generator Present,Yes,"Less than $10,000","1,018",1018.0,ok,6.926577033222725
2023,Had to leave home and stay somewhere overnight:,No,"$10,000 to $19,999","1,726",1726.0,ok,7.454141078146678
2023,Had to leave home and stay somewhere overnight:,No,"$100,000 to $119,999","2,533",2533.0,ok,7.837554360881084
2023,Had to leave home and stay somewhere overnight:,No,"$120,000 to $139,999","2,118",2118.0,ok,7.6586995582682995
2023,Had to leave home and stay somewhere overnight:,No,"$140,000 to $159,999","2,026",2026.0,ok,7.614312146452
2023,Had to leave home and stay somewhere overnight:,No,"$160,000 to $179,999","1,297",1297.0,ok,7.168579897264035
2023,Had to leave home and stay somewhere overnight:,No,"$180,000 to $199,999","1,126",1126.0,ok,7.027314514039777
2023,Had to leave home and stay somewhere overnight:,No,"$20,000 to $29,999","1,881",1881.0,ok,7.540090320145325
2023,Had to leave home and stay somewhere overnight:,No,"$200,000 or more","4,033",4033.0,ok,8.302513718514158
2023,Had to leave home and stay somewhere overnight:,No,"$30,000 to $39,999","1,887",1887.0,ok,7.543273346705446
2023,Had to leave home and stay somewhere overnight:,No,"$40,000 to $49,999","2,088",2088.0,ok,7.644440761556566
2023,Had to leave home and stay somewhere overnight:,No,"$50,000 to $59,999","1,972",1972.0,ok,7.587310506022615
2023,Had to leave home and stay somewhere overnight:,No,"$60,000 to $79,999","3,831",3831.0,ok,8.251142139090751
2023,Had to leave home and stay somewhere overnight:,No,"$80,000 to $99,999","3,165",3165.0,ok,8.060224240440958
2023,Had to leave home and stay somewhere overnight:,No,"Less than $10,000","1,310",1310.0,ok,7.1785454837637
2023,Had to leave home and stay somewhere overnight:,Not reported,"$10,000 to $19,999",.,,blank_or_na,
2023,Had to leave home and stay somewhere overnight:,Not reported,"$100,000 to $119,999",.,,blank_or_na,
2023,Had to leave home and stay somewhere overnight:,Not reported,"$120,000 to $139,999",.,,blank_or_na,
2023,Had to leave home and stay somewhere overnight:,Not reported,"$140,000 to $159,999",.,,blank_or_na,
2023,Had to leave home and stay somewhere overnight:,Not reported,"$160,000 to $179,999",.,,blank_or_na,
2023,Had to leave home and stay somewhere overnight:,Not reported,"$180,000 to $199,999",S,,suppressed,
2023,Had to leave home and stay somewhere overnight:,Not reported,"$20,000 to $29,999",.,,blank_or_na,
2023,Had to leave home and stay somewhere overnight:,Not reported,"$200,000 or more",.,,blank_or_na,
2023,Had to leave home and stay somewhere overnight:,Not reported,"$30,000 to $39,999",.,,blank_or_na,
2023,Had to leave home and stay somewhere overnight:,Not reported,"$40,000 to $49,999",.,,blank_or_na,
2023,Had to leave home and stay somewhere overnight:,Not reported,"$50,000 to $59,999",.,,blank_or_na,
2023,Had to leave home and stay somewhere overnight:,Not reported,"$60,000 to $79,999",S,,suppressed,
2023,Had to leave home and stay somewhere overnight:,Not reported,"$80,000 to $99,999",.,,blank_or_na,
2023,Had to leave home and stay somewhere overnight:,Not reported,"Less than $10,000",S,,suppressed,
2023,Had to leave home and stay somewhere overnight:,Yes,"$10,000 to $19,999",298,298.0,ok,5.700443573390686
2023,Had to leave home and stay somewhere overnight:,Yes,"$100,000 to $119,999",232,232.0,ok,5.4510384535657
2023,Had to leave home and stay somewhere overnight:,Yes,"$120,000 to $139,999",148,148.0,ok,5.003946305945459
2023,Had to leave home and stay somewhere overnight:,Yes,"$140,000 to $159,999",124,124.0,ok,4.8283137373023015
2023,Had to leave home and stay somewhere overnight:,Yes,"$160,000 to $179,999",S,,suppressed,
2023,Had to leave home and stay somewhere overnight:,Yes,"$180,000 to $199,999",S,,suppressed,
2023,Had to leave home and stay somewhere overnight:,Yes,"$20,000 to $29,999",257,257.0,ok,5.552959584921617
2023,Had to leave home and stay somewhere overnight:,Yes,"$200,000 or more",182,182.0,ok,5.209486152841421
2023,Had to leave home and stay somewhere overnight:,Yes,"$30,000 to $39,999",235,235.0,ok,5.4638318050256105
2023,Had to leave home and stay somewhere overnight:,Yes,"$40,000 to $49,999",166,166.0,ok,5.117993812416755
2023,Had to leave home and stay somewhere overnight:,Yes,"$50,000 to $59,999",238,238.0,ok,5.476463551931511
2023,Had to leave home and stay somewhere overnight:,Yes,"$60,000 to $79,999",345,345.0,ok,5.846438775057724
2023,Had to leave home and stay somewhere overnight:,Yes,"$80,000 to $99,999",300,300.0,ok,5.707110264748875
2023,Had to leave home and stay somewhere overnight:,Yes,"Less than $10,000",188,188.0,ok,5.241747015059643
2023,Heating Problems,Equipment breakdowns,"$10,000 to $19,999",321,321.0,ok,5.7745515455444085
2023,Heating Problems,Equipment breakdowns,"$100,000 to $119,999",188,188.0,ok,5.241747015059643
2023,Heating Problems,Equipment breakdowns,"$120,000 to $139,999",148,148.0,ok,5.003946305945459
2023,Heating Problems,Equipment breakdowns,"$140,000 to $159,999",133,133.0,ok,4.897839799950911
2023,Heating Problems,Equipment breakdowns,"$160,000 to $179,999",73,73.0,ok,4.304065093204169
2023,Heating Problems,Equipment breakdowns,"$180,000 to $199,999",97,97.0,ok,4.584967478670572
2023,Heating Problems,Equipment breakdowns,"$20,000 to $29,999",351,351.0,ok,5.863631175598097
2023,Heating Problems,Equipment breakdowns,"$200,000 or more",210,210.0,ok,5.351858133476067
2023,Heating Problems,Equipment breakdowns,"$30,000 to $39,999",333,333.0,ok,5.8111409929767
2023,Heating Problems,Equipment breakdowns,"$40,000 to $49,999",239,239.0,ok,5.480638923341991
2023,Heating Problems,Equipment breakdowns,"$50,000 to $59,999",226,226.0,ok,5.424950017481403
2023,Heating Problems,Equipment breakdowns,"$60,000 to $79,999",426,426.0,ok,6.056784013228625
2023,Heating Problems,Equipment breakdowns,"$80,000 to $99,999",340,340.0,ok,5.831882477283517
2023,Heating Problems,Equipment breakdowns,"Less than $10,000",324,324.0,ok,5.783825182329737
2023,Heating Problems,No breakdowns lasting 6 hours or more,"$10,000 to $19,999",S,,suppressed,
2023,Heating Problems,No breakdowns lasting 6 hours or more,"$100,000 to $119,999",S,,suppressed,
2023,Heating Problems,No breakdowns lasting 6 hours or more,"$120,000 to $139,999",S,,suppressed,
2023,Heating Problems,No breakdowns lasting 6 hours or more,"$140,000 to $159,999",.,,blank_or_na,
2023,Heating Problems,No breakdowns lasting 6 hours or more,"$160,000 to $179,999",.,,blank_or_na,
2023,Heating Problems,No breakdowns lasting 6 hours or more,"$180,000 to $199,999",.,,blank_or_na,
2023,Heating Problems,No breakdowns lasting 6 hours or more,"$20,000 to $29,999",S,,suppressed,
2023,Heating Problems,No breakdowns lasting 6 hours or more,"$200,000 or more",S,,suppressed,
2023,Heating Problems,No breakdowns lasting 6 hours or more,"$30,000 to $39,999",S,,suppressed,
2023,Heating Problems,No breakdowns lasting 6 hours or more,"$40,000 to $49,999",S,,suppressed,
2023,Heating Problems,No breakdowns lasting 6 hours or more,"$50,000 to $59,999",S,,suppressed,
2023,Heating Problems,No breakdowns lasting 6 hours or more,"$60,000 to $79,999",S,,suppressed,
2023,Heating Problems,No breakdowns lasting 6 hours or more,"$80,000 to $99,999",S,,suppressed,
2023,Heating Problems,No breakdowns lasting 6 hours or more,"Less than $10,000",S,,suppressed,
2023,Heating Problems,Not uncomfortably cold for 24 hours or more,"$10,000 to $19,999","7,620",7620.0,ok,8.938662873666118
2023,Heating Problems,Not uncomfortably cold for 24 hours or more,"$100,000 to $119,999","9,037",9037.0,ok,9.109193189971226
2023,Heating Problems,Not uncomfortably cold for 24 hours or more,"$120,000 to $139,999","7,467",7467.0,ok,8.918382504661613
2023,Heating Problems,Not uncomfortably cold for 24 hours or more,"$140,000 to $159,999","6,040",6040.0,ok,8.706324840138741
2023,Heating Problems,Not uncomfortably cold for 24 hours or more,"$160,000 to $179,999","4,343",4343.0,ok,8.37655086161377
2023,Heating Problems,Not uncomfortably cold for 24 hours or more,"$180,000 to $199,999","3,187",3187.0,ok,8.067149039910106
2023,Heating Problems,Not uncomfortably cold for 24 hours or more,"$20,000 to $29,999","8,073",8073.0,ok,8.996404301412886
2023,Heating Problems,Not uncomfortably cold for 24 hours or more,"$200,000 or more","13,292",13292.0,ok,9.4949928598676
2023,Heating Problems,Not uncomfortably cold for 24 hours or more,"$30,000 to $39,999","8,383",8383.0,ok,9.034080406560824
2023,Heating Problems,Not uncomfortably cold for 24 hours or more,"$40,000 to $49,999","8,283",8283.0,ok,9.022081222515475
2023,Heating Problems,Not uncomfortably cold for 24 hours or more,"$50,000 to $59,999","8,110",8110.0,ok,9.000976444070345
2023,Heating Problems,Not uncomfortably cold for 24 hours or more,"$60,000 to $79,999","14,364",14364.0,ok,9.57254997141339
2023,Heating Problems,Not uncomfortably cold for 24 hours or more,"$80,000 to $99,999","11,565",11565.0,ok,9.355825038718164
2023,Heating Problems,Not uncomfortably cold for 24 hours or more,"Less than $10,000","7,823",7823.0,ok,8.964951211714654
2023,Heating Problems,Uncomfortably cold for 24 hours or more,"$10,000 to $19,999",958,958.0,ok,6.8658910748834385
2023,Heating Problems,Uncomfortably cold for 24 hours or more,"$100,000 to $119,999",610,610.0,ok,6.415096959171596
2023,Heating Problems,Uncomfortably cold for 24 hours or more,"$120,000 to $139,999",448,448.0,ok,6.1070228877422545
2023,Heating Problems,Uncomfortably cold for 24 hours or more,"$140,000 to $159,999",385,385.0,ok,5.955837369464831
2023,Heating Problems,Uncomfortably cold for 24 hours or more,"$160,000 to $179,999",212,212.0,ok,5.3612921657094255
2023,Heating Problems,Uncomfortably cold for 24 hours or more,"$180,000 to $199,999",211,211.0,ok,5.356586274672012
2023,Heating Problems,Uncomfortably cold for 24 hours or more,"$20,000 to $29,999",893,893.0,ok,6.795705775173515
2023,Heating Problems,Uncomfortably cold for 24 hours or more,"$200,000 or more",803,803.0,ok,6.6895992691789665
2023,Heating Problems,Uncomfortably cold for 24 hours or more,"$30,000 to $39,999",892,892.0,ok,6.794586580876499
2023,Heating Problems,Uncomfortably cold for 24 hours or more,"$40,000 to $49,999",745,745.0,ok,6.61472560020376
2023,Heating Problems,Uncomfortably cold for 24 hours or more,"$50,000 to $59,999",663,663.0,ok,6.498282149476434
2023,Heating Problems,Uncomfortably cold for 24 hours or more,"$60,000 to $79,999","1,311",1311.0,ok,7.179307969504034
2023,Heating Problems,Uncomfortably cold for 24 hours or more,"$80,000 to $99,999",897,897.0,ok,6.8001700683022
2023,Heating Problems,Uncomfortably cold for 24 hours or more,"Less than $10,000",944,944.0,ok,6.851184927493743
2023,Heating Problems,With heating equipment and occupied last winter,"$10,000 to $19,999","8,578",8578.0,ok,9.057072635572965
2023,Heating Problems,With heating equipment and occupied last winter,"$100,000 to $119,999","9,647",9647.0,ok,9.174505918966966
2023,Heating Problems,With heating equipment and occupied last winter,"$120,000 to $139,999","7,914",7914.0,ok,8.976514972315112
2023,Heating Problems,With heating equipment and occupied last winter,"$140,000 to $159,999","6,425",6425.0,ok,8.768107539675803
2023,Heating Problems,With heating equipment and occupied last winter,"$160,000 to $179,999","4,555",4555.0,ok,8.424200324567073
2023,Heating Problems,With heating equipment and occupied last winter,"$180,000 to $199,999","3,398",3398.0,ok,8.131236549696116
2023,Heating Problems,With heating equipment and occupied last winter,"$20,000 to $29,999","8,967",8967.0,ok,9.101417964751995
2023,Heating Problems,With heating equipment and occupied last winter,"$200,000 or more","14,095",14095.0,ok,9.553646348175961
2023,Heating Problems,With heating equipment and occupied last winter,"$30,000 to $39,999","9,275",9275.0,ok,9.135185698375423
2023,Heating Problems,With heating equipment and occupied last winter,"$40,000 to $49,999","9,028",9028.0,ok,9.10819689830748
2023,Heating Problems,With heating equipment and occupied last winter,"$50,000 to $59,999","8,773",8773.0,ok,9.07954808172616
2023,Heating Problems,With heating equipment and occupied last winter,"$60,000 to $79,999","15,676",15676.0,ok,9.659949949068531
2023,Heating Problems,With heating equipment and occupied last winter,"$80,000 to $99,999","12,461",12461.0,ok,9.430439293104167
2023,Heating Problems,With heating equipment and occupied last winter,"Less than $10,000","8,767",8767.0,ok,9.078864009187797
2023,Housing Adequacy,Adequate,"$10,000 to $19,999","8,100",8100.0,ok,8.999742789830492
2023,Housing Adequacy,Adequate,"$100,000 to $119,999","9,769",9769.0,ok,9.187071745036828
2023,Housing Adequacy,Adequate,"$120,000 to $139,999","7,995",7995.0,ok,8.98669669562029
2023,Housing Adequacy,Adequate,"$140,000 to $159,999","6,483",6483.0,ok,8.777092882855566
2023,Housing Adequacy,Adequate,"$160,000 to $179,999","4,576",4576.0,ok,8.428799040653642
2023,Housing Adequacy,Adequate,"$180,000 to $199,999","3,403",3403.0,ok,8.132706489693264
2023,Housing Adequacy,Adequate,"$20,000 to $29,999","8,748",8748.0,ok,9.076694687106265
2023,Housing Adequacy,Adequate,"$200,000 or more","14,139",14139.0,ok,9.556762939450564
2023,Housing Adequacy,Adequate,"$30,000 to $39,999","9,186",9186.0,ok,9.125544720271467
2023,Housing Adequacy,Adequate,"$40,000 to $49,999","8,940",8940.0,ok,9.098402718735318
2023,Housing Adequacy,Adequate,"$50,000 to $59,999","8,808",8808.0,ok,9.083529205109796
2023,Housing Adequacy,Adequate,"$60,000 to $79,999","15,595",15595.0,ok,9.654769750102489
2023,Housing Adequacy,Adequate,"$80,000 to $99,999","12,543",12543.0,ok,9.436997742590188
2023,Housing Adequacy,Adequate,"Less than $10,000","8,492",8492.0,ok,9.04699757378001
2023,Housing Adequacy,Electric or wiring,"$10,000 to $19,999",S,,suppressed,
2023,Housing Adequacy,Electric or wiring,"$100,000 to $119,999",S,,suppressed,
2023,Housing Adequacy,Electric or wiring,"$120,000 to $139,999",S,,suppressed,
2023,Housing Adequacy,Electric or wiring,"$140,000 to $159,999",.,,blank_or_na,
2023,Housing Adequacy,Electric or wiring,"$160,000 to $179,999",S,,suppressed,
2023,Housing Adequacy,Electric or wiring,"$180,000 to $199,999",S,,suppressed,
2023,Housing Adequacy,Electric or wiring,"$20,000 to $29,999",S,,suppressed,
2023,Housing Adequacy,Electric or wiring,"$200,000 or more",S,,suppressed,
2023,Housing Adequacy,Electric or wiring,"$30,000 to $39,999",S,,suppressed,
2023,Housing Adequacy,Electric or wiring,"$40,000 to $49,999",S,,suppressed,
2023,Housing Adequacy,Electric or wiring,"$50,000 to $59,999",S,,suppressed,
2023,Housing Adequacy,Electric or wiring,"$60,000 to $79,999",S,,suppressed,
2023,Housing Adequacy,Electric or wiring,"$80,000 to $99,999",S,,suppressed,
2023,Housing Adequacy,Electric or wiring,"Less than $10,000",43,43.0,ok,3.784189633918261
2023,Housing Adequacy,Heating,"$10,000 to $19,999",118,118.0,ok,4.77912349311153
2023,Housing Adequacy,Heating,"$100,000 to $119,999",S,,suppressed,
2023,Housing Adequacy,Heating,"$120,000 to $139,999",S,,suppressed,
2023,Housing Adequacy,Heating,"$140,000 to $159,999",S,,suppressed,
2023,Housing Adequacy,Heating,"$160,000 to $179,999",S,,suppressed,
2023,Housing Adequacy,Heating,"$180,000 to $199,999",S,,suppressed,
2023,Housing Adequacy,Heating,"$20,000 to $29,999",133,133.0,ok,4.897839799950911
2023,Housing Adequacy,Heating,"$200,000 or more",S,,suppressed,
2023,Housing Adequacy,Heating,"$30,000 to $39,999",104,104.0,ok,4.653960350157523
2023,Housing Adequacy,Heating,"$40,000 to $49,999",71,71.0,ok,4.276666119016055
2023,Housing Adequacy,Heating,"$50,000 to $59,999",99,99.0,ok,4.605170185988092
2023,Housing Adequacy,Heating,"$60,000 to $79,999",93,93.0,ok,4.543294782270004
2023,Housing Adequacy,Heating,"$80,000 to $99,999",70,70.0,ok,4.2626798770413155
2023,Housing Adequacy,Heating,"Less than $10,000",125,125.0,ok,4.836281906951478
2023,Housing Adequacy,Moderately inadequate,"$10,000 to $19,999",647,647.0,ok,6.473890696352274
2023,Housing Adequacy,Moderately inadequate,"$100,000 to $119,999",216,216.0,ok,5.37989735354046
2023,Housing Adequacy,Moderately inadequate,"$120,000 to $139,999",200,200.0,ok,5.303304908059076
2023,Housing Adequacy,Moderately inadequate,"$140,000 to $159,999",143,143.0,ok,4.969813299576001
2023,Housing Adequacy,Moderately inadequate,"$160,000 to $179,999",80,80.0,ok,4.394449154672439
2023,Housing Adequacy,Moderately inadequate,"$180,000 to $199,999",51,51.0,ok,3.9512437185814275
2023,Housing Adequacy,Moderately inadequate,"$20,000 to $29,999",406,406.0,ok,6.008813185442595
2023,Housing Adequacy,Moderately inadequate,"$200,000 or more",364,364.0,ok,5.8998973535824915
2023,Housing Adequacy,Moderately inadequate,"$30,000 to $39,999",459,459.0,ok,6.131226489483141
2023,Housing Adequacy,Moderately inadequate,"$40,000 to $49,999",404,404.0,ok,6.003887067106539
2023,Housing Adequacy,Moderately inadequate,"$50,000 to $59,999",311,311.0,ok,5.7430031878094825
2023,Housing Adequacy,Moderately inadequate,"$60,000 to $79,999",635,635.0,ok,6.455198563340122
2023,Housing Adequacy,Moderately inadequate,"$80,000 to $99,999",367,367.0,ok,5.908082938168931
2023,Housing Adequacy,Moderately inadequate,"Less than $10,000",519,519.0,ok,6.253828811575473
2023,Housing Adequacy,Other,"$10,000 to $19,999",388,388.0,ok,5.963579343618446
2023,Housing Adequacy,Other,"$100,000 to $119,999",70,70.0,ok,4.2626798770413155
2023,Housing Adequacy,Other,"$120,000 to $139,999",98,98.0,ok,4.59511985013459
2023,Housing Adequacy,Other,"$140,000 to $159,999",61,61.0,ok,4.127134385045092
2023,Housing Adequacy,Other,"$160,000 to $179,999",S,,suppressed,
2023,Housing Adequacy,Other,"$180,000 to $199,999",S,,suppressed,
2023,Housing Adequacy,Other,"$20,000 to $29,999",244,244.0,ok,5.501258210544727
2023,Housing Adequacy,Other,"$200,000 or more",105,105.0,ok,4.663439094112067
2023,Housing Adequacy,Other,"$30,000 to $39,999",184,184.0,ok,5.220355825078325
2023,Housing Adequacy,Other,"$40,000 to $49,999",156,156.0,ok,5.056245805348308
2023,Housing Adequacy,Other,"$50,000 to $59,999",158,158.0,ok,5.0689042022202315
2023,Housing Adequacy,Other,"$60,000 to $79,999",296,296.0,ok,5.6937321388027
2023,Housing Adequacy,Other,"$80,000 to $99,999",136,136.0,ok,4.919980925828125
2023,Housing Adequacy,Other,"Less than $10,000",297,297.0,ok,5.697093486505405
2023,Housing Adequacy,Plumbing,"$10,000 to $19,999",98,98.0,ok,4.59511985013459
2023,Housing Adequacy,Plumbing,"$100,000 to $119,999",S,,suppressed,
2023,Housing Adequacy,Plumbing,"$120,000 to $139,999",S,,suppressed,
2023,Housing Adequacy,Plumbing,"$140,000 to $159,999",.,,blank_or_na,
2023,Housing Adequacy,Plumbing,"$160,000 to $179,999",S,,suppressed,
2023,Housing Adequacy,Plumbing,"$180,000 to $199,999",S,,suppressed,
2023,Housing Adequacy,Plumbing,"$20,000 to $29,999",S,,suppressed,
2023,Housing Adequacy,Plumbing,"$200,000 or more",S,,suppressed,
2023,Housing Adequacy,Plumbing,"$30,000 to $39,999",S,,suppressed,
2023,Housing Adequacy,Plumbing,"$40,000 to $49,999",S,,suppressed,
2023,Housing Adequacy,Plumbing,"$50,000 to $59,999",S,,suppressed,
2023,Housing Adequacy,Plumbing,"$60,000 to $79,999",S,,suppressed,
2023,Housing Adequacy,Plumbing,"$80,000 to $99,999",S,,suppressed,
2023,Housing Adequacy,Plumbing,"Less than $10,000",101,101.0,ok,4.624972813284271
2023,Housing Adequacy,Severely inadequate,"$10,000 to $19,999",263,263.0,ok,5.575949103146316
2023,Housing Adequacy,Severely inadequate,"$100,000 to $119,999",67,67.0,ok,4.219507705176107
2023,Housing Adequacy,Severely inadequate,"$120,000 to $139,999",S,,suppressed,
2023,Housing Adequacy,Severely inadequate,"$140,000 to $159,999",S,,suppressed,
2023,Housing Adequacy,Severely inadequate,"$160,000 to $179,999",S,,suppressed,
2023,Housing Adequacy,Severely inadequate,"$180,000 to $199,999",S,,suppressed,
2023,Housing Adequacy,Severely inadequate,"$20,000 to $29,999",214,214.0,ok,5.3706380281276624
2023,Housing Adequacy,Severely inadequate,"$200,000 or more",48,48.0,ok,3.8918202981106265
2023,Housing Adequacy,Severely inadequate,"$30,000 to $39,999",140,140.0,ok,4.948759890378168
2023,Housing Adequacy,Severely inadequate,"$40,000 to $49,999",118,118.0,ok,4.77912349311153
2023,Housing Adequacy,Severely inadequate,"$50,000 to $59,999",139,139.0,ok,4.941642422609304
2023,Housing Adequacy,Severely inadequate,"$60,000 to $79,999",147,147.0,ok,4.997212273764115
2023,Housing Adequacy,Severely inadequate,"$80,000 to $99,999",135,135.0,ok,4.912654885736052
2023,Housing Adequacy,Severely inadequate,"Less than $10,000",260,260.0,ok,5.564520407322694
2023,Housing Adequacy,Upkeep,"$10,000 to $19,999",51,51.0,ok,3.9512437185814275
2023,Housing Adequacy,Upkeep,"$100,000 to $119,999",S,,suppressed,
2023,Housing Adequacy,Upkeep,"$120,000 to $139,999",S,,suppressed,
2023,Housing Adequacy,Upkeep,"$140,000 to $159,999",.,,blank_or_na,
2023,Housing Adequacy,Upkeep,"$160,000 to $179,999",.,,blank_or_na,
2023,Housing Adequacy,Upkeep,"$180,000 to $199,999",S,,suppressed,
2023,Housing Adequacy,Upkeep,"$20,000 to $29,999",S,,suppressed,
2023,Housing Adequacy,Upkeep,"$200,000 or more",S,,suppressed,
2023,Housing Adequacy,Upkeep,"$30,000 to $39,999",S,,suppressed,
2023,Housing Adequacy,Upkeep,"$40,000 to $49,999",S,,suppressed,
2023,Housing Adequacy,Upkeep,"$50,000 to $59,999",S,,suppressed,
2023,Housing Adequacy,Upkeep,"$60,000 to $79,999",S,,suppressed,
2023,Housing Adequacy,Upkeep,"$80,000 to $99,999",S,,suppressed,
2023,Housing Adequacy,Upkeep,"Less than $10,000",73,73.0,ok,4.304065093204169
2023,How well home stays cool without aid of cooling device:,Not reported,"$10,000 to $19,999",293,293.0,ok,5.683579767338681
2023,How well home stays cool without aid of cooling device:,Not reported,"$100,000 to $119,999",241,241.0,ok,5.488937726156687
2023,How well home stays cool without aid of cooling device:,Not reported,"$120,000 to $139,999",312,312.0,ok,5.746203190540153
2023,How well home stays cool without aid of cooling device:,Not reported,"$140,000 to $159,999",208,208.0,ok,5.342334251964811
2023,How well home stays cool without aid of cooling device:,Not reported,"$160,000 to $179,999",225,225.0,ok,5.420534999272286
2023,How well home stays cool without aid of cooling device:,Not reported,"$180,000 to $199,999",S,,suppressed,
2023,How well home stays cool without aid of cooling device:,Not reported,"$20,000 to $29,999",380,380.0,ok,5.942799375126701
2023,How well home stays cool without aid of cooling device:,Not reported,"$200,000 or more",475,475.0,ok,6.16541785423142
2023,How well home stays cool without aid of cooling device:,Not reported,"$30,000 to $39,999",366,366.0,ok,5.905361848054571
2023,How well home stays cool without aid of cooling device:,Not reported,"$40,000 to $49,999",299,299.0,ok,5.703782474656201
2023,How well home stays cool without aid of cooling device:,Not reported,"$50,000 to $59,999",403,403.0,ok,6.0014148779611505
2023,How well home stays cool without aid of cooling device:,Not reported,"$60,000 to $79,999",432,432.0,ok,6.07073772800249
2023,How well home stays cool without aid of cooling device:,Not reported,"$80,000 to $99,999",527,527.0,ok,6.269096283706261
2023,How well home stays cool without aid of cooling device:,Not reported,"Less than $10,000",447,447.0,ok,6.104793232414985
2023,How well home stays cool without aid of cooling device:,Not very well,"$10,000 to $19,999","1,116",1116.0,ok,7.018401799069201
2023,How well home stays cool without aid of cooling device:,Not very well,"$100,000 to $119,999","1,734",1734.0,ok,7.45876269238096
2023,How well home stays cool without aid of cooling device:,Not very well,"$120,000 to $139,999","1,266",1266.0,ok,7.144407180321139
2023,How well home stays cool without aid of cooling device:,Not very well,"$140,000 to $159,999","1,006",1006.0,ok,6.914730892718563
2023,How well home stays cool without aid of cooling device:,Not very well,"$160,000 to $179,999",742,742.0,ok,6.610696044717759
2023,How well home stays cool without aid of cooling device:,Not very well,"$180,000 to $199,999",603,603.0,ok,6.403574197934815
2023,How well home stays cool without aid of cooling device:,Not very well,"$20,000 to $29,999","1,187",1187.0,ok,7.080026499922591
2023,How well home stays cool without aid of cooling device:,Not very well,"$200,000 or more","2,477",2477.0,ok,7.815207062189088
2023,How well home stays cool without aid of cooling device:,Not very well,"$30,000 to $39,999","1,617",1617.0,ok,7.388946097618437
2023,How well home stays cool without aid of cooling device:,Not very well,"$40,000 to $49,999","1,525",1525.0,ok,7.330405211844402
2023,How well home stays cool without aid of cooling device:,Not very well,"$50,000 to $59,999","1,361",1361.0,ok,7.216709486709457
2023,How well home stays cool without aid of cooling device:,Not very well,"$60,000 to $79,999","2,457",2457.0,ok,7.80710329012598
2023,How well home stays cool without aid of cooling device:,Not very well,"$80,000 to $99,999","2,114",2114.0,ok,7.656810091480378
2023,How well home stays cool without aid of cooling device:,Not very well,"Less than $10,000","1,137",1137.0,ok,7.037027614686276
2023,How well home stays cool without aid of cooling device:,Not well at all,"$10,000 to $19,999","1,759",1759.0,ok,7.473069088032197
2023,How well home stays cool without aid of cooling device:,Not well at all,"$100,000 to $119,999","1,646",1646.0,ok,7.4067107301776405
2023,How well home stays cool without aid of cooling device:,Not well at all,"$120,000 to $139,999","1,417",1417.0,ok,7.257002707092073
2023,How well home stays cool without aid of cooling device:,Not well at all,"$140,000 to $159,999","1,155",1155.0,ok,7.052721049232323
2023,How well home stays cool without aid of cooling device:,Not well at all,"$160,000 to $179,999",713,713.0,ok,6.570882962339584
2023,How well home stays cool without aid of cooling device:,Not well at all,"$180,000 to $199,999",491,491.0,ok,6.198478716492308
2023,How well home stays cool without aid of cooling device:,Not well at all,"$20,000 to $29,999","1,630",1630.0,ok,7.396948602621014
2023,How well home stays cool without aid of cooling device:,Not well at all,"$200,000 or more","2,116",2116.0,ok,7.6577552711348655
2023,How well home stays cool without aid of cooling device:,Not well at all,"$30,000 to $39,999","1,868",1868.0,ok,7.533158807455563
2023,How well home stays cool without aid of cooling device:,Not well at all,"$40,000 to $49,999","1,914",1914.0,ok,7.557472901614746
2023,How well home stays cool without aid of cooling device:,Not well at all,"$50,000 to $59,999","1,645",1645.0,ok,7.406103381237015
2023,How well home stays cool without aid of cooling device:,Not well at all,"$60,000 to $79,999","3,062",3062.0,ok,8.027150106832774
2023,How well home stays cool without aid of cooling device:,Not well at all,"$80,000 to $99,999","2,116",2116.0,ok,7.6577552711348655
2023,How well home stays cool without aid of cooling device:,Not well at all,"Less than $10,000","1,673",1673.0,ok,7.422971251049421
2023,How well home stays cool without aid of cooling device:,Somewhat well,"$10,000 to $19,999","2,941",2941.0,ok,7.9868449011613825
2023,How well home stays cool without aid of cooling device:,Somewhat well,"$100,000 to $119,999","3,562",3562.0,ok,8.178358165605836
2023,How well home stays cool without aid of cooling device:,Somewhat well,"$120,000 to $139,999","3,019",3019.0,ok,8.013012110368916
2023,How well home stays cool without aid of cooling device:,Somewhat well,"$140,000 to $159,999","2,331",2331.0,ok,7.754481547470383
2023,How well home stays cool without aid of cooling device:,Somewhat well,"$160,000 to $179,999","1,642",1642.0,ok,7.404279118037268
2023,How well home stays cool without aid of cooling device:,Somewhat well,"$180,000 to $199,999","1,234",1234.0,ok,7.118826249062078
2023,How well home stays cool without aid of cooling device:,Somewhat well,"$20,000 to $29,999","2,909",2909.0,ok,7.975908360165538
2023,How well home stays cool without aid of cooling device:,Somewhat well,"$200,000 or more","5,274",5274.0,ok,8.570733958344267
2023,How well home stays cool without aid of cooling device:,Somewhat well,"$30,000 to $39,999","3,055",3055.0,ok,8.024862150286411
2023,How well home stays cool without aid of cooling device:,Somewhat well,"$40,000 to $49,999","2,811",2811.0,ok,7.941651252930556
2023,How well home stays cool without aid of cooling device:,Somewhat well,"$50,000 to $59,999","2,982",2982.0,ok,8.000684784514748
2023,How well home stays cool without aid of cooling device:,Somewhat well,"$60,000 to $79,999","5,728",5728.0,ok,8.653296274408579
2023,How well home stays cool without aid of cooling device:,Somewhat well,"$80,000 to $99,999","4,562",4562.0,ok,8.425735580927402
2023,How well home stays cool without aid of cooling device:,Somewhat well,"Less than $10,000","2,831",2831.0,ok,7.94873845481361
2023,How well home stays cool without aid of cooling device:,Very well,"$10,000 to $19,999","2,891",2891.0,ok,7.969703583278656
2023,How well home stays cool without aid of cooling device:,Very well,"$100,000 to $119,999","2,984",2984.0,ok,8.001355025826703
2023,How well home stays cool without aid of cooling device:,Very well,"$120,000 to $139,999","2,372",2372.0,ok,7.771910256435763
2023,How well home stays cool without aid of cooling device:,Very well,"$140,000 to $159,999","1,728",1728.0,ok,7.455298485683291
2023,How well home stays cool without aid of cooling device:,Very well,"$160,000 to $179,999","1,255",1255.0,ok,7.135687347028144
2023,How well home stays cool without aid of cooling device:,Very well,"$180,000 to $199,999",861,861.0,ok,6.759255270663693
2023,How well home stays cool without aid of cooling device:,Very well,"$20,000 to $29,999","3,074",3074.0,ok,8.031060180240619
2023,How well home stays cool without aid of cooling device:,Very well,"$200,000 or more","4,441",4441.0,ok,8.398860004454372
2023,How well home stays cool without aid of cooling device:,Very well,"$30,000 to $39,999","2,997",2997.0,ok,8.005700678662542
2023,How well home stays cool without aid of cooling device:,Very well,"$40,000 to $49,999","3,018",3018.0,ok,8.012680929706839
2023,How well home stays cool without aid of cooling device:,Very well,"$50,000 to $59,999","2,789",2789.0,ok,7.933796874815411
2023,How well home stays cool without aid of cooling device:,Very well,"$60,000 to $79,999","4,736",4736.0,ok,8.463159302923751
2023,How well home stays cool without aid of cooling device:,Very well,"$80,000 to $99,999","3,729",3729.0,ok,8.224163512637862
2023,How well home stays cool without aid of cooling device:,Very well,"Less than $10,000","3,270",3270.0,ok,8.092851027538384
2023,Missed work:,Did not have work,"$10,000 to $19,999",430,430.0,ok,6.066108090103747
2023,Missed work:,Did not have work,"$100,000 to $119,999",135,135.0,ok,4.912654885736052
2023,Missed work:,Did not have work,"$120,000 to $139,999",S,,suppressed,
2023,Missed work:,Did not have work,"$140,000 to $159,999",S,,suppressed,
2023,Missed work:,Did not have work,"$160,000 to $179,999",S,,suppressed,
2023,Missed work:,Did not have work,"$180,000 to $199,999",S,,suppressed,
2023,Missed work:,Did not have work,"$20,000 to $29,999",431,431.0,ok,6.068425588244111
2023,Missed work:,Did not have work,"$200,000 or more",S,,suppressed,
2023,Missed work:,Did not have work,"$30,000 to $39,999",302,302.0,ok,5.713732805509369
2023,Missed work:,Did not have work,"$40,000 to $49,999",205,205.0,ok,5.327876168789581
2023,Missed work:,Did not have work,"$50,000 to $59,999",240,240.0,ok,5.484796933490655
2023,Missed work:,Did not have work,"$60,000 to $79,999",271,271.0,ok,5.605802066295998
2023,Missed work:,Did not have work,"$80,000 to $99,999",153,153.0,ok,5.0369526024136295
2023,Missed work:,Did not have work,"Less than $10,000",319,319.0,ok,5.768320995793772
2023,Missed work:,No,"$10,000 to $19,999","1,482",1482.0,ok,7.301822342137932
2023,Missed work:,No,"$100,000 to $119,999","2,404",2404.0,ok,7.785305182539862
2023,Missed work:,No,"$120,000 to $139,999","2,083",2083.0,ok,7.642044402873258
2023,Missed work:,No,"$140,000 to $159,999","1,861",1861.0,ok,7.529406457837013
2023,Missed work:,No,"$160,000 to $179,999","1,204",1204.0,ok,7.094234845924755
2023,Missed work:,No,"$180,000 to $199,999","1,083",1083.0,ok,6.988413181999592
2023,Missed work:,No,"$20,000 to $29,999","1,581",1581.0,ok,7.366445148327599
2023,Missed work:,No,"$200,000 or more","3,792",3792.0,ok,8.2409125416889
2023,Missed work:,No,"$30,000 to $39,999","1,658",1658.0,ok,7.413970290190444
2023,Missed work:,No,"$40,000 to $49,999","1,944",1944.0,ok,7.573017256052546
2023,Missed work:,No,"$50,000 to $59,999","1,723",1723.0,ok,7.452402451223638
2023,Missed work:,No,"$60,000 to $79,999","3,631",3631.0,ok,8.197538739721184
2023,Missed work:,No,"$80,000 to $99,999","3,064",3064.0,ok,8.027802848370312
2023,Missed work:,No,"Less than $10,000","1,111",1111.0,ok,7.013915474810528
2023,Missed work:,Not reported,"$10,000 to $19,999",.,,blank_or_na,
2023,Missed work:,Not reported,"$100,000 to $119,999",.,,blank_or_na,
2023,Missed work:,Not reported,"$120,000 to $139,999",.,,blank_or_na,
2023,Missed work:,Not reported,"$140,000 to $159,999",.,,blank_or_na,
2023,Missed work:,Not reported,"$160,000 to $179,999",.,,blank_or_na,
2023,Missed work:,Not reported,"$180,000 to $199,999",S,,suppressed,
2023,Missed work:,Not reported,"$20,000 to $29,999",S,,suppressed,
2023,Missed work:,Not reported,"$200,000 or more",.,,blank_or_na,
2023,Missed work:,Not reported,"$30,000 to $39,999",.,,blank_or_na,
2023,Missed work:,Not reported,"$40,000 to $49,999",.,,blank_or_na,
2023,Missed work:,Not reported,"$50,000 to $59,999",S,,suppressed,
2023,Missed work:,Not reported,"$60,000 to $79,999",S,,suppressed,
2023,Missed work:,Not reported,"$80,000 to $99,999",.,,blank_or_na,
2023,Missed work:,Not reported,"Less than $10,000",S,,suppressed,
2023,Missed work:,Yes,"$10,000 to $19,999",S,,suppressed,
2023,Missed work:,Yes,"$100,000 to $119,999",227,227.0,ok,5.429345628954441
2023,Missed work:,Yes,"$120,000 to $139,999",134,134.0,ok,4.90527477843843
2023,Missed work:,Yes,"$140,000 to $159,999",198,198.0,ok,5.293304824724492
2023,Missed work:,Yes,"$160,000 to $179,999",108,108.0,ok,4.6913478822291435
2023,Missed work:,Yes,"$180,000 to $199,999",S,,suppressed,
2023,Missed work:,Yes,"$20,000 to $29,999",123,123.0,ok,4.820281565605037
2023,Missed work:,Yes,"$200,000 or more",343,343.0,ok,5.840641657373398
2023,Missed work:,Yes,"$30,000 to $39,999",162,162.0,ok,5.093750200806762
2023,Missed work:,Yes,"$40,000 to $49,999",105,105.0,ok,4.663439094112067
2023,Missed work:,Yes,"$50,000 to $59,999",244,244.0,ok,5.501258210544727
2023,Missed work:,Yes,"$60,000 to $79,999",272,272.0,ok,5.60947179518496
2023,Missed work:,Yes,"$80,000 to $99,999",248,248.0,ok,5.517452896464707
2023,Missed work:,Yes,"Less than $10,000",S,,suppressed,
2023,Mold,Basement,"$10,000 to $19,999",44,44.0,ok,3.8066624897703196
2023,Mold,Basement,"$100,000 to $119,999",S,,suppressed,
2023,Mold,Basement,"$120,000 to $139,999",S,,suppressed,
2023,Mold,Basement,"$140,000 to $159,999",S,,suppressed,
2023,Mold,Basement,"$160,000 to $179,999",S,,suppressed,
2023,Mold,Basement,"$180,000 to $199,999",S,,suppressed,
2023,Mold,Basement,"$20,000 to $29,999",S,,suppressed,
2023,Mold,Basement,"$200,000 or more",71,71.0,ok,4.276666119016055
2023,Mold,Basement,"$30,000 to $39,999",S,,suppressed,
2023,Mold,Basement,"$40,000 to $49,999",S,,suppressed,
2023,Mold,Basement,"$50,000 to $59,999",S,,suppressed,
2023,Mold,Basement,"$60,000 to $79,999",45,45.0,ok,3.828641396489095
2023,Mold,Basement,"$80,000 to $99,999",S,,suppressed,
2023,Mold,Basement,"Less than $10,000",S,,suppressed,
2023,Mold,Bathroom(s),"$10,000 to $19,999",195,195.0,ok,5.278114659230518
2023,Mold,Bathroom(s),"$100,000 to $119,999",51,51.0,ok,3.9512437185814275
2023,Mold,Bathroom(s),"$120,000 to $139,999",S,,suppressed,
2023,Mold,Bathroom(s),"$140,000 to $159,999",75,75.0,ok,4.330733340286331
2023,Mold,Bathroom(s),"$160,000 to $179,999",S,,suppressed,
2023,Mold,Bathroom(s),"$180,000 to $199,999",S,,suppressed,
2023,Mold,Bathroom(s),"$20,000 to $29,999",206,206.0,ok,5.332718793265369
2023,Mold,Bathroom(s),"$200,000 or more",114,114.0,ok,4.74493212836325
2023,Mold,Bathroom(s),"$30,000 to $39,999",166,166.0,ok,5.117993812416755
2023,Mold,Bathroom(s),"$40,000 to $49,999",208,208.0,ok,5.342334251964811
2023,Mold,Bathroom(s),"$50,000 to $59,999",136,136.0,ok,4.919980925828125
2023,Mold,Bathroom(s),"$60,000 to $79,999",211,211.0,ok,5.356586274672012
2023,Mold,Bathroom(s),"$80,000 to $99,999",161,161.0,ok,5.087596335232384
2023,Mold,Bathroom(s),"Less than $10,000",242,242.0,ok,5.493061443340548
2023,Mold,Bedroom(s),"$10,000 to $19,999",121,121.0,ok,4.804021044733257
2023,Mold,Bedroom(s),"$100,000 to $119,999",S,,suppressed,
2023,Mold,Bedroom(s),"$120,000 to $139,999",S,,suppressed,
2023,Mold,Bedroom(s),"$140,000 to $159,999",S,,suppressed,
2023,Mold,Bedroom(s),"$160,000 to $179,999",S,,suppressed,
2023,Mold,Bedroom(s),"$180,000 to $199,999",S,,suppressed,
2023,Mold,Bedroom(s),"$20,000 to $29,999",97,97.0,ok,4.584967478670572
2023,Mold,Bedroom(s),"$200,000 or more",58,58.0,ok,4.07753744390572
2023,Mold,Bedroom(s),"$30,000 to $39,999",116,116.0,ok,4.762173934797756
2023,Mold,Bedroom(s),"$40,000 to $49,999",84,84.0,ok,4.442651256490317
2023,Mold,Bedroom(s),"$50,000 to $59,999",47,47.0,ok,3.8712010109078907
2023,Mold,Bedroom(s),"$60,000 to $79,999",107,107.0,ok,4.68213122712422
2023,Mold,Bedroom(s),"$80,000 to $99,999",63,63.0,ok,4.1588830833596715
2023,Mold,Bedroom(s),"Less than $10,000",118,118.0,ok,4.77912349311153
2023,Mold,Housing units with mold in last 12 months,"$10,000 to $19,999",408,408.0,ok,6.013715156042802
2023,Mold,Housing units with mold in last 12 months,"$100,000 to $119,999",151,151.0,ok,5.0238805208462765
2023,Mold,Housing units with mold in last 12 months,"$120,000 to $139,999",123,123.0,ok,4.820281565605037
2023,Mold,Housing units with mold in last 12 months,"$140,000 to $159,999",166,166.0,ok,5.117993812416755
2023,Mold,Housing units with mold in last 12 months,"$160,000 to $179,999",71,71.0,ok,4.276666119016055
2023,Mold,Housing units with mold in last 12 months,"$180,000 to $199,999",52,52.0,ok,3.970291913552122
2023,Mold,Housing units with mold in last 12 months,"$20,000 to $29,999",385,385.0,ok,5.955837369464831
2023,Mold,Housing units with mold in last 12 months,"$200,000 or more",316,316.0,ok,5.75890177387728
2023,Mold,Housing units with mold in last 12 months,"$30,000 to $39,999",378,378.0,ok,5.937536205082426
2023,Mold,Housing units with mold in last 12 months,"$40,000 to $49,999",373,373.0,ok,5.924255797414532
2023,Mold,Housing units with mold in last 12 months,"$50,000 to $59,999",282,282.0,ok,5.645446897643238
2023,Mold,Housing units with mold in last 12 months,"$60,000 to $79,999",461,461.0,ok,6.135564891081739
2023,Mold,Housing units with mold in last 12 months,"$80,000 to $99,999",317,317.0,ok,5.762051382780177
2023,Mold,Housing units with mold in last 12 months,"Less than $10,000",425,425.0,ok,6.054439346269371
2023,Mold,Kitchen,"$10,000 to $19,999",83,83.0,ok,4.430816798843313
2023,Mold,Kitchen,"$100,000 to $119,999",S,,suppressed,
2023,Mold,Kitchen,"$120,000 to $139,999",S,,suppressed,
2023,Mold,Kitchen,"$140,000 to $159,999",S,,suppressed,
2023,Mold,Kitchen,"$160,000 to $179,999",S,,suppressed,
2023,Mold,Kitchen,"$180,000 to $199,999",S,,suppressed,
2023,Mold,Kitchen,"$20,000 to $29,999",89,89.0,ok,4.499809670330265
2023,Mold,Kitchen,"$200,000 or more",S,,suppressed,
2023,Mold,Kitchen,"$30,000 to $39,999",77,77.0,ok,4.356708826689592
2023,Mold,Kitchen,"$40,000 to $49,999",64,64.0,ok,4.174387269895637
2023,Mold,Kitchen,"$50,000 to $59,999",S,,suppressed,
2023,Mold,Kitchen,"$60,000 to $79,999",102,102.0,ok,4.634728988229636
2023,Mold,Kitchen,"$80,000 to $99,999",S,,suppressed,
2023,Mold,Kitchen,"Less than $10,000",114,114.0,ok,4.74493212836325
2023,Mold,Living room,"$10,000 to $19,999",88,88.0,ok,4.48863636973214
2023,Mold,Living room,"$100,000 to $119,999",S,,suppressed,
2023,Mold,Living room,"$120,000 to $139,999",S,,suppressed,
2023,Mold,Living room,"$140,000 to $159,999",S,,suppressed,
2023,Mold,Living room,"$160,000 to $179,999",S,,suppressed,
2023,Mold,Living room,"$180,000 to $199,999",.,,blank_or_na,
2023,Mold,Living room,"$20,000 to $29,999",62,62.0,ok,4.143134726391533
2023,Mold,Living room,"$200,000 or more",S,,suppressed,
2023,Mold,Living room,"$30,000 to $39,999",82,82.0,ok,4.418840607796598
2023,Mold,Living room,"$40,000 to $49,999",S,,suppressed,
2023,Mold,Living room,"$50,000 to $59,999",S,,suppressed,
2023,Mold,Living room,"$60,000 to $79,999",75,75.0,ok,4.330733340286331
2023,Mold,Living room,"$80,000 to $99,999",37,37.0,ok,3.6375861597263857
2023,Mold,Living room,"Less than $10,000",77,77.0,ok,4.356708826689592
2023,Mold,Not reported,"$10,000 to $19,999",63,63.0,ok,4.1588830833596715
2023,Mold,Not reported,"$100,000 to $119,999",71,71.0,ok,4.276666119016055
2023,Mold,Not reported,"$120,000 to $139,999",S,,suppressed,
2023,Mold,Not reported,"$140,000 to $159,999",40,40.0,ok,3.713572066704308
2023,Mold,Not reported,"$160,000 to $179,999",S,,suppressed,
2023,Mold,Not reported,"$180,000 to $199,999",S,,suppressed,
2023,Mold,Not reported,"$20,000 to $29,999",81,81.0,ok,4.406719247264253
2023,Mold,Not reported,"$200,000 or more",57,57.0,ok,4.060443010546419
2023,Mold,Not reported,"$30,000 to $39,999",115,115.0,ok,4.7535901911063645
2023,Mold,Not reported,"$40,000 to $49,999",81,81.0,ok,4.406719247264253
2023,Mold,Not reported,"$50,000 to $59,999",85,85.0,ok,4.454347296253507
2023,Mold,Not reported,"$60,000 to $79,999",164,164.0,ok,5.10594547390058
2023,Mold,Not reported,"$80,000 to $99,999",98,98.0,ok,4.59511985013459
2023,Mold,Not reported,"Less than $10,000",93,93.0,ok,4.543294782270004
2023,Mold,Other room,"$10,000 to $19,999",66,66.0,ok,4.204692619390966
2023,Mold,Other room,"$100,000 to $119,999",S,,suppressed,
2023,Mold,Other room,"$120,000 to $139,999",S,,suppressed,
2023,Mold,Other room,"$140,000 to $159,999",S,,suppressed,
2023,Mold,Other room,"$160,000 to $179,999",S,,suppressed,
2023,Mold,Other room,"$180,000 to $199,999",S,,suppressed,
2023,Mold,Other room,"$20,000 to $29,999",S,,suppressed,
2023,Mold,Other room,"$200,000 or more",59,59.0,ok,4.0943445622221
2023,Mold,Other room,"$30,000 to $39,999",63,63.0,ok,4.1588830833596715
2023,Mold,Other room,"$40,000 to $49,999",61,61.0,ok,4.127134385045092
2023,Mold,Other room,"$50,000 to $59,999",67,67.0,ok,4.219507705176107
2023,Mold,Other room,"$60,000 to $79,999",S,,suppressed,
2023,Mold,Other room,"$80,000 to $99,999",S,,suppressed,
2023,Mold,Other room,"Less than $10,000",58,58.0,ok,4.07753744390572
2023,Number of breakdowns that lasted 6 hours or more:,1,"$10,000 to $19,999",124,124.0,ok,4.8283137373023015
2023,Number of breakdowns that lasted 6 hours or more:,1,"$100,000 to $119,999",S,,suppressed,
2023,Number of breakdowns that lasted 6 hours or more:,1,"$120,000 to $139,999",54,54.0,ok,4.007333185232471
2023,Number of breakdowns that lasted 6 hours or more:,1,"$140,000 to $159,999",S,,suppressed,
2023,Number of breakdowns that lasted 6 hours or more:,1,"$160,000 to $179,999",S,,suppressed,
2023,Number of breakdowns that lasted 6 hours or more:,1,"$180,000 to $199,999",S,,suppressed,
2023,Number of breakdowns that lasted 6 hours or more:,1,"$20,000 to $29,999",98,98.0,ok,4.59511985013459
2023,Number of breakdowns that lasted 6 hours or more:,1,"$200,000 or more",36,36.0,ok,3.6109179126442243
2023,Number of breakdowns that lasted 6 hours or more:,1,"$30,000 to $39,999",95,95.0,ok,4.564348191467836
2023,Number of breakdowns that lasted 6 hours or more:,1,"$40,000 to $49,999",114,114.0,ok,4.74493212836325
2023,Number of breakdowns that lasted 6 hours or more:,1,"$50,000 to $59,999",96,96.0,ok,4.574710978503383
2023,Number of breakdowns that lasted 6 hours or more:,1,"$60,000 to $79,999",91,91.0,ok,4.5217885770490405
2023,Number of breakdowns that lasted 6 hours or more:,1,"$80,000 to $99,999",S,,suppressed,
2023,Number of breakdowns that lasted 6 hours or more:,1,"Less than $10,000",121,121.0,ok,4.804021044733257
2023,Number of breakdowns that lasted 6 hours or more:,2,"$10,000 to $19,999",S,,suppressed,
2023,Number of breakdowns that lasted 6 hours or more:,2,"$100,000 to $119,999",S,,suppressed,
2023,Number of breakdowns that lasted 6 hours or more:,2,"$120,000 to $139,999",S,,suppressed,
2023,Number of breakdowns that lasted 6 hours or more:,2,"$140,000 to $159,999",S,,suppressed,
2023,Number of breakdowns that lasted 6 hours or more:,2,"$160,000 to $179,999",S,,suppressed,
2023,Number of breakdowns that lasted 6 hours or more:,2,"$180,000 to $199,999",S,,suppressed,
2023,Number of breakdowns that lasted 6 hours or more:,2,"$20,000 to $29,999",29,29.0,ok,3.4011973816621555
2023,Number of breakdowns that lasted 6 hours or more:,2,"$200,000 or more",S,,suppressed,
2023,Number of breakdowns that lasted 6 hours or more:,2,"$30,000 to $39,999",S,,suppressed,
2023,Number of breakdowns that lasted 6 hours or more:,2,"$40,000 to $49,999",S,,suppressed,
2023,Number of breakdowns that lasted 6 hours or more:,2,"$50,000 to $59,999",S,,suppressed,
2023,Number of breakdowns that lasted 6 hours or more:,2,"$60,000 to $79,999",S,,suppressed,
2023,Number of breakdowns that lasted 6 hours or more:,2,"$80,000 to $99,999",S,,suppressed,
2023,Number of breakdowns that lasted 6 hours or more:,2,"Less than $10,000",S,,suppressed,
2023,Number of breakdowns that lasted 6 hours or more:,2 or more,"$10,000 to $19,999",45,45.0,ok,3.828641396489095
2023,Number of breakdowns that lasted 6 hours or more:,2 or more,"$100,000 to $119,999",S,,suppressed,
2023,Number of breakdowns that lasted 6 hours or more:,2 or more,"$120,000 to $139,999",S,,suppressed,
2023,Number of breakdowns that lasted 6 hours or more:,2 or more,"$140,000 to $159,999",S,,suppressed,
2023,Number of breakdowns that lasted 6 hours or more:,2 or more,"$160,000 to $179,999",S,,suppressed,
2023,Number of breakdowns that lasted 6 hours or more:,2 or more,"$180,000 to $199,999",S,,suppressed,
2023,Number of breakdowns that lasted 6 hours or more:,2 or more,"$20,000 to $29,999",S,,suppressed,
2023,Number of breakdowns that lasted 6 hours or more:,2 or more,"$200,000 or more",S,,suppressed,
2023,Number of breakdowns that lasted 6 hours or more:,2 or more,"$30,000 to $39,999",40,40.0,ok,3.713572066704308
2023,Number of breakdowns that lasted 6 hours or more:,2 or more,"$40,000 to $49,999",S,,suppressed,
2023,Number of breakdowns that lasted 6 hours or more:,2 or more,"$50,000 to $59,999",S,,suppressed,
2023,Number of breakdowns that lasted 6 hours or more:,2 or more,"$60,000 to $79,999",S,,suppressed,
2023,Number of breakdowns that lasted 6 hours or more:,2 or more,"$80,000 to $99,999",S,,suppressed,
2023,Number of breakdowns that lasted 6 hours or more:,2 or more,"Less than $10,000",72,72.0,ok,4.290459441148391
2023,Number of breakdowns that lasted 6 hours or more:,3,"$10,000 to $19,999",S,,suppressed,
2023,Number of breakdowns that lasted 6 hours or more:,3,"$100,000 to $119,999",S,,suppressed,
2023,Number of breakdowns that lasted 6 hours or more:,3,"$120,000 to $139,999",.,,blank_or_na,
2023,Number of breakdowns that lasted 6 hours or more:,3,"$140,000 to $159,999",S,,suppressed,
2023,Number of breakdowns that lasted 6 hours or more:,3,"$160,000 to $179,999",.,,blank_or_na,
2023,Number of breakdowns that lasted 6 hours or more:,3,"$180,000 to $199,999",.,,blank_or_na,
2023,Number of breakdowns that lasted 6 hours or more:,3,"$20,000 to $29,999",S,,suppressed,
2023,Number of breakdowns that lasted 6 hours or more:,3,"$200,000 or more",S,,suppressed,
2023,Number of breakdowns that lasted 6 hours or more:,3,"$30,000 to $39,999",S,,suppressed,
2023,Number of breakdowns that lasted 6 hours or more:,3,"$40,000 to $49,999",S,,suppressed,
2023,Number of breakdowns that lasted 6 hours or more:,3,"$50,000 to $59,999",S,,suppressed,
2023,Number of breakdowns that lasted 6 hours or more:,3,"$60,000 to $79,999",S,,suppressed,
2023,Number of breakdowns that lasted 6 hours or more:,3,"$80,000 to $99,999",S,,suppressed,
2023,Number of breakdowns that lasted 6 hours or more:,3,"Less than $10,000",S,,suppressed,
2023,Number of breakdowns that lasted 6 hours or more:,4 or more,"$10,000 to $19,999",S,,suppressed,
2023,Number of breakdowns that lasted 6 hours or more:,4 or more,"$100,000 to $119,999",S,,suppressed,
2023,Number of breakdowns that lasted 6 hours or more:,4 or more,"$120,000 to $139,999",S,,suppressed,
2023,Number of breakdowns that lasted 6 hours or more:,4 or more,"$140,000 to $159,999",S,,suppressed,
2023,Number of breakdowns that lasted 6 hours or more:,4 or more,"$160,000 to $179,999",.,,blank_or_na,
2023,Number of breakdowns that lasted 6 hours or more:,4 or more,"$180,000 to $199,999",.,,blank_or_na,
2023,Number of breakdowns that lasted 6 hours or more:,4 or more,"$20,000 to $29,999",33,33.0,ok,3.5263605246161616
2023,Number of breakdowns that lasted 6 hours or more:,4 or more,"$200,000 or more",S,,suppressed,
2023,Number of breakdowns that lasted 6 hours or more:,4 or more,"$30,000 to $39,999",S,,suppressed,
2023,Number of breakdowns that lasted 6 hours or more:,4 or more,"$40,000 to $49,999",S,,suppressed,
2023,Number of breakdowns that lasted 6 hours or more:,4 or more,"$50,000 to $59,999",S,,suppressed,
2023,Number of breakdowns that lasted 6 hours or more:,4 or more,"$60,000 to $79,999",S,,suppressed,
2023,Number of breakdowns that lasted 6 hours or more:,4 or more,"$80,000 to $99,999",S,,suppressed,
2023,Number of breakdowns that lasted 6 hours or more:,4 or more,"Less than $10,000",51,51.0,ok,3.9512437185814275
2023,Number of breakdowns that lasted 6 hours or more:,Cooling equipment (A/C) breakdowns not reported,"$10,000 to $19,999",S,,suppressed,
2023,Number of breakdowns that lasted 6 hours or more:,Cooling equipment (A/C) breakdowns not reported,"$100,000 to $119,999",S,,suppressed,
2023,Number of breakdowns that lasted 6 hours or more:,Cooling equipment (A/C) breakdowns not reported,"$120,000 to $139,999",S,,suppressed,
2023,Number of breakdowns that lasted 6 hours or more:,Cooling equipment (A/C) breakdowns not reported,"$140,000 to $159,999",.,,blank_or_na,
2023,Number of breakdowns that lasted 6 hours or more:,Cooling equipment (A/C) breakdowns not reported,"$160,000 to $179,999",S,,suppressed,
2023,Number of breakdowns that lasted 6 hours or more:,Cooling equipment (A/C) breakdowns not reported,"$180,000 to $199,999",S,,suppressed,
2023,Number of breakdowns that lasted 6 hours or more:,Cooling equipment (A/C) breakdowns not reported,"$20,000 to $29,999",.,,blank_or_na,
2023,Number of breakdowns that lasted 6 hours or more:,Cooling equipment (A/C) breakdowns not reported,"$200,000 or more",.,,blank_or_na,
2023,Number of breakdowns that lasted 6 hours or more:,Cooling equipment (A/C) breakdowns not reported,"$30,000 to $39,999",S,,suppressed,
2023,Number of breakdowns that lasted 6 hours or more:,Cooling equipment (A/C) breakdowns not reported,"$40,000 to $49,999",.,,blank_or_na,
2023,Number of breakdowns that lasted 6 hours or more:,Cooling equipment (A/C) breakdowns not reported,"$50,000 to $59,999",.,,blank_or_na,
2023,Number of breakdowns that lasted 6 hours or more:,Cooling equipment (A/C) breakdowns not reported,"$60,000 to $79,999",S,,suppressed,
2023,Number of breakdowns that lasted 6 hours or more:,Cooling equipment (A/C) breakdowns not reported,"$80,000 to $99,999",S,,suppressed,
2023,Number of breakdowns that lasted 6 hours or more:,Cooling equipment (A/C) breakdowns not reported,"Less than $10,000",S,,suppressed,
2023,Number of breakdowns that lasted 6 hours or more:,Cost of cooling,"$10,000 to $19,999",85,85.0,ok,4.454347296253507
2023,Number of breakdowns that lasted 6 hours or more:,Cost of cooling,"$100,000 to $119,999",S,,suppressed,
2023,Number of breakdowns that lasted 6 hours or more:,Cost of cooling,"$120,000 to $139,999",S,,suppressed,
2023,Number of breakdowns that lasted 6 hours or more:,Cost of cooling,"$140,000 to $159,999",S,,suppressed,
2023,Number of breakdowns that lasted 6 hours or more:,Cost of cooling,"$160,000 to $179,999",S,,suppressed,
2023,Number of breakdowns that lasted 6 hours or more:,Cost of cooling,"$180,000 to $199,999",S,,suppressed,
2023,Number of breakdowns that lasted 6 hours or more:,Cost of cooling,"$20,000 to $29,999",S,,suppressed,
2023,Number of breakdowns that lasted 6 hours or more:,Cost of cooling,"$200,000 or more",52,52.0,ok,3.970291913552122
2023,Number of breakdowns that lasted 6 hours or more:,Cost of cooling,"$30,000 to $39,999",S,,suppressed,
2023,Number of breakdowns that lasted 6 hours or more:,Cost of cooling,"$40,000 to $49,999",58,58.0,ok,4.07753744390572
2023,Number of breakdowns that lasted 6 hours or more:,Cost of cooling,"$50,000 to $59,999",S,,suppressed,
2023,Number of breakdowns that lasted 6 hours or more:,Cost of cooling,"$60,000 to $79,999",56,56.0,ok,4.04305126783455
2023,Number of breakdowns that lasted 6 hours or more:,Cost of cooling,"$80,000 to $99,999",61,61.0,ok,4.127134385045092
2023,Number of breakdowns that lasted 6 hours or more:,Cost of cooling,"Less than $10,000",122,122.0,ok,4.812184355372417
2023,Number of breakdowns that lasted 6 hours or more:,Cost of heating,"$10,000 to $19,999",105,105.0,ok,4.663439094112067
2023,Number of breakdowns that lasted 6 hours or more:,Cost of heating,"$100,000 to $119,999",55,55.0,ok,4.02535169073515
2023,Number of breakdowns that lasted 6 hours or more:,Cost of heating,"$120,000 to $139,999",30,30.0,ok,3.4339872044851463
2023,Number of breakdowns that lasted 6 hours or more:,Cost of heating,"$140,000 to $159,999",46,46.0,ok,3.8501476017100584
2023,Number of breakdowns that lasted 6 hours or more:,Cost of heating,"$160,000 to $179,999",S,,suppressed,
2023,Number of breakdowns that lasted 6 hours or more:,Cost of heating,"$180,000 to $199,999",S,,suppressed,
2023,Number of breakdowns that lasted 6 hours or more:,Cost of heating,"$20,000 to $29,999",69,69.0,ok,4.248495242049359
2023,Number of breakdowns that lasted 6 hours or more:,Cost of heating,"$200,000 or more",80,80.0,ok,4.394449154672439
2023,Number of breakdowns that lasted 6 hours or more:,Cost of heating,"$30,000 to $39,999",69,69.0,ok,4.248495242049359
2023,Number of breakdowns that lasted 6 hours or more:,Cost of heating,"$40,000 to $49,999",62,62.0,ok,4.143134726391533
2023,Number of breakdowns that lasted 6 hours or more:,Cost of heating,"$50,000 to $59,999",90,90.0,ok,4.51085950651685
2023,Number of breakdowns that lasted 6 hours or more:,Cost of heating,"$60,000 to $79,999",94,94.0,ok,4.553876891600541
2023,Number of breakdowns that lasted 6 hours or more:,Cost of heating,"$80,000 to $99,999",78,78.0,ok,4.3694478524670215
2023,Number of breakdowns that lasted 6 hours or more:,Cost of heating,"Less than $10,000",100,100.0,ok,4.61512051684126
2023,Number of breakdowns that lasted 6 hours or more:,Discomfort not reported,"$10,000 to $19,999",55,55.0,ok,4.02535169073515
2023,Number of breakdowns that lasted 6 hours or more:,Discomfort not reported,"$100,000 to $119,999",S,,suppressed,
2023,Number of breakdowns that lasted 6 hours or more:,Discomfort not reported,"$120,000 to $139,999",S,,suppressed,
2023,Number of breakdowns that lasted 6 hours or more:,Discomfort not reported,"$140,000 to $159,999",48,48.0,ok,3.8918202981106265
2023,Number of breakdowns that lasted 6 hours or more:,Discomfort not reported,"$160,000 to $179,999",S,,suppressed,
2023,Number of breakdowns that lasted 6 hours or more:,Discomfort not reported,"$180,000 to $199,999",S,,suppressed,
2023,Number of breakdowns that lasted 6 hours or more:,Discomfort not reported,"$20,000 to $29,999",71,71.0,ok,4.276666119016055
2023,Number of breakdowns that lasted 6 hours or more:,Discomfort not reported,"$200,000 or more",57,57.0,ok,4.060443010546419
2023,Number of breakdowns that lasted 6 hours or more:,Discomfort not reported,"$30,000 to $39,999",95,95.0,ok,4.564348191467836
2023,Number of breakdowns that lasted 6 hours or more:,Discomfort not reported,"$40,000 to $49,999",83,83.0,ok,4.430816798843313
2023,Number of breakdowns that lasted 6 hours or more:,Discomfort not reported,"$50,000 to $59,999",76,76.0,ok,4.343805421853684
2023,Number of breakdowns that lasted 6 hours or more:,Discomfort not reported,"$60,000 to $79,999",146,146.0,ok,4.990432586778736
2023,Number of breakdowns that lasted 6 hours or more:,Discomfort not reported,"$80,000 to $99,999",123,123.0,ok,4.820281565605037
2023,Number of breakdowns that lasted 6 hours or more:,Discomfort not reported,"Less than $10,000",112,112.0,ok,4.727387818712341
2023,Number of breakdowns that lasted 6 hours or more:,Inadequate cooling capacity,"$10,000 to $19,999",258,258.0,ok,5.556828061699537
2023,Number of breakdowns that lasted 6 hours or more:,Inadequate cooling capacity,"$100,000 to $119,999",141,141.0,ok,4.955827057601261
2023,Number of breakdowns that lasted 6 hours or more:,Inadequate cooling capacity,"$120,000 to $139,999",143,143.0,ok,4.969813299576001
2023,Number of breakdowns that lasted 6 hours or more:,Inadequate cooling capacity,"$140,000 to $159,999",113,113.0,ok,4.736198448394496
2023,Number of breakdowns that lasted 6 hours or more:,Inadequate cooling capacity,"$160,000 to $179,999",77,77.0,ok,4.356708826689592
2023,Number of breakdowns that lasted 6 hours or more:,Inadequate cooling capacity,"$180,000 to $199,999",50,50.0,ok,3.9318256327243257
2023,Number of breakdowns that lasted 6 hours or more:,Inadequate cooling capacity,"$20,000 to $29,999",234,234.0,ok,5.459585514144159
2023,Number of breakdowns that lasted 6 hours or more:,Inadequate cooling capacity,"$200,000 or more",293,293.0,ok,5.683579767338681
2023,Number of breakdowns that lasted 6 hours or more:,Inadequate cooling capacity,"$30,000 to $39,999",214,214.0,ok,5.3706380281276624
2023,Number of breakdowns that lasted 6 hours or more:,Inadequate cooling capacity,"$40,000 to $49,999",177,177.0,ok,5.181783550292085
2023,Number of breakdowns that lasted 6 hours or more:,Inadequate cooling capacity,"$50,000 to $59,999",178,178.0,ok,5.187385805840755
2023,Number of breakdowns that lasted 6 hours or more:,Inadequate cooling capacity,"$60,000 to $79,999",272,272.0,ok,5.60947179518496
2023,Number of breakdowns that lasted 6 hours or more:,Inadequate cooling capacity,"$80,000 to $99,999",217,217.0,ok,5.384495062789089
2023,Number of breakdowns that lasted 6 hours or more:,Inadequate cooling capacity,"Less than $10,000",283,283.0,ok,5.648974238161206
2023,Number of breakdowns that lasted 6 hours or more:,Inadequate heating capacity,"$10,000 to $19,999",181,181.0,ok,5.204006687076795
2023,Number of breakdowns that lasted 6 hours or more:,Inadequate heating capacity,"$100,000 to $119,999",71,71.0,ok,4.276666119016055
2023,Number of breakdowns that lasted 6 hours or more:,Inadequate heating capacity,"$120,000 to $139,999",S,,suppressed,
2023,Number of breakdowns that lasted 6 hours or more:,Inadequate heating capacity,"$140,000 to $159,999",49,49.0,ok,3.912023005428146
2023,Number of breakdowns that lasted 6 hours or more:,Inadequate heating capacity,"$160,000 to $179,999",S,,suppressed,
2023,Number of breakdowns that lasted 6 hours or more:,Inadequate heating capacity,"$180,000 to $199,999",S,,suppressed,
2023,Number of breakdowns that lasted 6 hours or more:,Inadequate heating capacity,"$20,000 to $29,999",154,154.0,ok,5.043425116919247
2023,Number of breakdowns that lasted 6 hours or more:,Inadequate heating capacity,"$200,000 or more",79,79.0,ok,4.382026634673881
2023,Number of breakdowns that lasted 6 hours or more:,Inadequate heating capacity,"$30,000 to $39,999",173,173.0,ok,5.159055299214529
2023,Number of breakdowns that lasted 6 hours or more:,Inadequate heating capacity,"$40,000 to $49,999",92,92.0,ok,4.532599493153256
2023,Number of breakdowns that lasted 6 hours or more:,Inadequate heating capacity,"$50,000 to $59,999",138,138.0,ok,4.9344739331306915
2023,Number of breakdowns that lasted 6 hours or more:,Inadequate heating capacity,"$60,000 to $79,999",224,224.0,ok,5.41610040220442
2023,Number of breakdowns that lasted 6 hours or more:,Inadequate heating capacity,"$80,000 to $99,999",98,98.0,ok,4.59511985013459
2023,Number of breakdowns that lasted 6 hours or more:,Inadequate heating capacity,"Less than $10,000",187,187.0,ok,5.236441962829949
2023,Number of breakdowns that lasted 6 hours or more:,Inadequate insulation,"$10,000 to $19,999",190,190.0,ok,5.25227342804663
2023,Number of breakdowns that lasted 6 hours or more:,Inadequate insulation,"$100,000 to $119,999",63,63.0,ok,4.1588830833596715
2023,Number of breakdowns that lasted 6 hours or more:,Inadequate insulation,"$120,000 to $139,999",S,,suppressed,
2023,Number of breakdowns that lasted 6 hours or more:,Inadequate insulation,"$140,000 to $159,999",29,29.0,ok,3.4011973816621555
2023,Number of breakdowns that lasted 6 hours or more:,Inadequate insulation,"$160,000 to $179,999",S,,suppressed,
2023,Number of breakdowns that lasted 6 hours or more:,Inadequate insulation,"$180,000 to $199,999",S,,suppressed,
2023,Number of breakdowns that lasted 6 hours or more:,Inadequate insulation,"$20,000 to $29,999",135,135.0,ok,4.912654885736052
2023,Number of breakdowns that lasted 6 hours or more:,Inadequate insulation,"$200,000 or more",87,87.0,ok,4.477336814478207
2023,Number of breakdowns that lasted 6 hours or more:,Inadequate insulation,"$30,000 to $39,999",143,143.0,ok,4.969813299576001
2023,Number of breakdowns that lasted 6 hours or more:,Inadequate insulation,"$40,000 to $49,999",117,117.0,ok,4.770684624465665
2023,Number of breakdowns that lasted 6 hours or more:,Inadequate insulation,"$50,000 to $59,999",131,131.0,ok,4.882801922586371
2023,Number of breakdowns that lasted 6 hours or more:,Inadequate insulation,"$60,000 to $79,999",205,205.0,ok,5.327876168789581
2023,Number of breakdowns that lasted 6 hours or more:,Inadequate insulation,"$80,000 to $99,999",125,125.0,ok,4.836281906951478
2023,Number of breakdowns that lasted 6 hours or more:,Inadequate insulation,"Less than $10,000",150,150.0,ok,5.017279836814924
2023,Number of breakdowns that lasted 6 hours or more:,"Leaking windows, doors, and walls","$10,000 to $19,999",S,,suppressed,
2023,Number of breakdowns that lasted 6 hours or more:,"Leaking windows, doors, and walls","$100,000 to $119,999",S,,suppressed,
2023,Number of breakdowns that lasted 6 hours or more:,"Leaking windows, doors, and walls","$120,000 to $139,999",S,,suppressed,
2023,Number of breakdowns that lasted 6 hours or more:,"Leaking windows, doors, and walls","$140,000 to $159,999",S,,suppressed,
2023,Number of breakdowns that lasted 6 hours or more:,"Leaking windows, doors, and walls","$160,000 to $179,999",S,,suppressed,
2023,Number of breakdowns that lasted 6 hours or more:,"Leaking windows, doors, and walls","$180,000 to $199,999",S,,suppressed,
2023,Number of breakdowns that lasted 6 hours or more:,"Leaking windows, doors, and walls","$20,000 to $29,999",S,,suppressed,
2023,Number of breakdowns that lasted 6 hours or more:,"Leaking windows, doors, and walls","$200,000 or more",S,,suppressed,
2023,Number of breakdowns that lasted 6 hours or more:,"Leaking windows, doors, and walls","$30,000 to $39,999",50,50.0,ok,3.9318256327243257
2023,Number of breakdowns that lasted 6 hours or more:,"Leaking windows, doors, and walls","$40,000 to $49,999",S,,suppressed,
2023,Number of breakdowns that lasted 6 hours or more:,"Leaking windows, doors, and walls","$50,000 to $59,999",S,,suppressed,
2023,Number of breakdowns that lasted 6 hours or more:,"Leaking windows, doors, and walls","$60,000 to $79,999",35,35.0,ok,3.58351893845611
2023,Number of breakdowns that lasted 6 hours or more:,"Leaking windows, doors, and walls","$80,000 to $99,999",S,,suppressed,
2023,Number of breakdowns that lasted 6 hours or more:,"Leaking windows, doors, and walls","Less than $10,000",71,71.0,ok,4.276666119016055
2023,Number of breakdowns that lasted 6 hours or more:,No breakdowns in last 3 months,"$10,000 to $19,999","1,646",1646.0,ok,7.4067107301776405
2023,Number of breakdowns that lasted 6 hours or more:,No breakdowns in last 3 months,"$100,000 to $119,999","1,988",1988.0,ok,7.5953872788539725
2023,Number of breakdowns that lasted 6 hours or more:,No breakdowns in last 3 months,"$120,000 to $139,999","1,446",1446.0,ok,7.277247726631484
2023,Number of breakdowns that lasted 6 hours or more:,No breakdowns in last 3 months,"$140,000 to $159,999","1,109",1109.0,ok,7.01211529430638
2023,Number of breakdowns that lasted 6 hours or more:,No breakdowns in last 3 months,"$160,000 to $179,999",929,929.0,ok,6.835184586147301
2023,Number of breakdowns that lasted 6 hours or more:,No breakdowns in last 3 months,"$180,000 to $199,999",639,639.0,ok,6.461468176353717
2023,Number of breakdowns that lasted 6 hours or more:,No breakdowns in last 3 months,"$20,000 to $29,999","1,704",1704.0,ok,7.4413203897176174
2023,Number of breakdowns that lasted 6 hours or more:,No breakdowns in last 3 months,"$200,000 or more","2,537",2537.0,ok,7.839131648274333
2023,Number of breakdowns that lasted 6 hours or more:,No breakdowns in last 3 months,"$30,000 to $39,999","1,859",1859.0,ok,7.528331766707247
2023,Number of breakdowns that lasted 6 hours or more:,No breakdowns in last 3 months,"$40,000 to $49,999","1,687",1687.0,ok,7.431299675155903
2023,Number of breakdowns that lasted 6 hours or more:,No breakdowns in last 3 months,"$50,000 to $59,999","1,796",1796.0,ok,7.493873886783559
2023,Number of breakdowns that lasted 6 hours or more:,No breakdowns in last 3 months,"$60,000 to $79,999","3,144",3144.0,ok,8.05356916913454
2023,Number of breakdowns that lasted 6 hours or more:,No breakdowns in last 3 months,"$80,000 to $99,999","2,450",2450.0,ok,7.804251383528112
2023,Number of breakdowns that lasted 6 hours or more:,No breakdowns in last 3 months,"Less than $10,000","1,286",1286.0,ok,7.160069207596127
2023,Number of breakdowns that lasted 6 hours or more:,No breakdowns lasting 6 hours or more,"$10,000 to $19,999",S,,suppressed,
2023,Number of breakdowns that lasted 6 hours or more:,No breakdowns lasting 6 hours or more,"$100,000 to $119,999",S,,suppressed,
2023,Number of breakdowns that lasted 6 hours or more:,No breakdowns lasting 6 hours or more,"$120,000 to $139,999",.,,blank_or_na,
2023,Number of breakdowns that lasted 6 hours or more:,No breakdowns lasting 6 hours or more,"$140,000 to $159,999",S,,suppressed,
2023,Number of breakdowns that lasted 6 hours or more:,No breakdowns lasting 6 hours or more,"$160,000 to $179,999",.,,blank_or_na,
2023,Number of breakdowns that lasted 6 hours or more:,No breakdowns lasting 6 hours or more,"$180,000 to $199,999",S,,suppressed,
2023,Number of breakdowns that lasted 6 hours or more:,No breakdowns lasting 6 hours or more,"$20,000 to $29,999",S,,suppressed,
2023,Number of breakdowns that lasted 6 hours or more:,No breakdowns lasting 6 hours or more,"$200,000 or more",S,,suppressed,
2023,Number of breakdowns that lasted 6 hours or more:,No breakdowns lasting 6 hours or more,"$30,000 to $39,999",S,,suppressed,
2023,Number of breakdowns that lasted 6 hours or more:,No breakdowns lasting 6 hours or more,"$40,000 to $49,999",.,,blank_or_na,
2023,Number of breakdowns that lasted 6 hours or more:,No breakdowns lasting 6 hours or more,"$50,000 to $59,999",.,,blank_or_na,
2023,Number of breakdowns that lasted 6 hours or more:,No breakdowns lasting 6 hours or more,"$60,000 to $79,999",S,,suppressed,
2023,Number of breakdowns that lasted 6 hours or more:,No breakdowns lasting 6 hours or more,"$80,000 to $99,999",S,,suppressed,
2023,Number of breakdowns that lasted 6 hours or more:,No breakdowns lasting 6 hours or more,"Less than $10,000",S,,suppressed,
2023,Number of breakdowns that lasted 6 hours or more:,No cooling equipment (A/C) breakdowns,"$10,000 to $19,999",511,511.0,ok,6.238324625039508
2023,Number of breakdowns that lasted 6 hours or more:,No cooling equipment (A/C) breakdowns,"$100,000 to $119,999",473,473.0,ok,6.161207321695077
2023,Number of breakdowns that lasted 6 hours or more:,No cooling equipment (A/C) breakdowns,"$120,000 to $139,999",399,399.0,ok,5.991464547107982
2023,Number of breakdowns that lasted 6 hours or more:,No cooling equipment (A/C) breakdowns,"$140,000 to $159,999",304,304.0,ok,5.720311776607412
2023,Number of breakdowns that lasted 6 hours or more:,No cooling equipment (A/C) breakdowns,"$160,000 to $179,999",261,261.0,ok,5.568344503761097
2023,Number of breakdowns that lasted 6 hours or more:,No cooling equipment (A/C) breakdowns,"$180,000 to $199,999",139,139.0,ok,4.941642422609304
2023,Number of breakdowns that lasted 6 hours or more:,No cooling equipment (A/C) breakdowns,"$20,000 to $29,999",433,433.0,ok,6.073044534100405
2023,Number of breakdowns that lasted 6 hours or more:,No cooling equipment (A/C) breakdowns,"$200,000 or more",726,726.0,ok,6.588926477533519
2023,Number of breakdowns that lasted 6 hours or more:,No cooling equipment (A/C) breakdowns,"$30,000 to $39,999",519,519.0,ok,6.253828811575473
2023,Number of breakdowns that lasted 6 hours or more:,No cooling equipment (A/C) breakdowns,"$40,000 to $49,999",476,476.0,ok,6.1675164908883415
2023,Number of breakdowns that lasted 6 hours or more:,No cooling equipment (A/C) breakdowns,"$50,000 to $59,999",466,466.0,ok,6.1463292576688975
2023,Number of breakdowns that lasted 6 hours or more:,No cooling equipment (A/C) breakdowns,"$60,000 to $79,999",843,843.0,ok,6.738152494595957
2023,Number of breakdowns that lasted 6 hours or more:,No cooling equipment (A/C) breakdowns,"$80,000 to $99,999",636,636.0,ok,6.456769655572163
2023,Number of breakdowns that lasted 6 hours or more:,No cooling equipment (A/C) breakdowns,"Less than $10,000",505,505.0,ok,6.226536669287466
2023,Number of breakdowns that lasted 6 hours or more:,Not reported,"$10,000 to $19,999",S,,suppressed,
2023,Number of breakdowns that lasted 6 hours or more:,Not reported,"$100,000 to $119,999",S,,suppressed,
2023,Number of breakdowns that lasted 6 hours or more:,Not reported,"$120,000 to $139,999",S,,suppressed,
2023,Number of breakdowns that lasted 6 hours or more:,Not reported,"$140,000 to $159,999",.,,blank_or_na,
2023,Number of breakdowns that lasted 6 hours or more:,Not reported,"$160,000 to $179,999",.,,blank_or_na,
2023,Number of breakdowns that lasted 6 hours or more:,Not reported,"$180,000 to $199,999",.,,blank_or_na,
2023,Number of breakdowns that lasted 6 hours or more:,Not reported,"$20,000 to $29,999",S,,suppressed,
2023,Number of breakdowns that lasted 6 hours or more:,Not reported,"$200,000 or more",S,,suppressed,
2023,Number of breakdowns that lasted 6 hours or more:,Not reported,"$30,000 to $39,999",S,,suppressed,
2023,Number of breakdowns that lasted 6 hours or more:,Not reported,"$40,000 to $49,999",S,,suppressed,
2023,Number of breakdowns that lasted 6 hours or more:,Not reported,"$50,000 to $59,999",S,,suppressed,
2023,Number of breakdowns that lasted 6 hours or more:,Not reported,"$60,000 to $79,999",S,,suppressed,
2023,Number of breakdowns that lasted 6 hours or more:,Not reported,"$80,000 to $99,999",S,,suppressed,
2023,Number of breakdowns that lasted 6 hours or more:,Not reported,"Less than $10,000",S,,suppressed,
2023,Number of breakdowns that lasted 6 hours or more:,Number of breakdowns not reported,"$10,000 to $19,999",S,,suppressed,
2023,Number of breakdowns that lasted 6 hours or more:,Number of breakdowns not reported,"$100,000 to $119,999",.,,blank_or_na,
2023,Number of breakdowns that lasted 6 hours or more:,Number of breakdowns not reported,"$120,000 to $139,999",.,,blank_or_na,
2023,Number of breakdowns that lasted 6 hours or more:,Number of breakdowns not reported,"$140,000 to $159,999",.,,blank_or_na,
2023,Number of breakdowns that lasted 6 hours or more:,Number of breakdowns not reported,"$160,000 to $179,999",.,,blank_or_na,
2023,Number of breakdowns that lasted 6 hours or more:,Number of breakdowns not reported,"$180,000 to $199,999",.,,blank_or_na,
2023,Number of breakdowns that lasted 6 hours or more:,Number of breakdowns not reported,"$20,000 to $29,999",S,,suppressed,
2023,Number of breakdowns that lasted 6 hours or more:,Number of breakdowns not reported,"$200,000 or more",.,,blank_or_na,
2023,Number of breakdowns that lasted 6 hours or more:,Number of breakdowns not reported,"$30,000 to $39,999",S,,suppressed,
2023,Number of breakdowns that lasted 6 hours or more:,Number of breakdowns not reported,"$40,000 to $49,999",S,,suppressed,
2023,Number of breakdowns that lasted 6 hours or more:,Number of breakdowns not reported,"$50,000 to $59,999",.,,blank_or_na,
2023,Number of breakdowns that lasted 6 hours or more:,Number of breakdowns not reported,"$60,000 to $79,999",S,,suppressed,
2023,Number of breakdowns that lasted 6 hours or more:,Number of breakdowns not reported,"$80,000 to $99,999",S,,suppressed,
2023,Number of breakdowns that lasted 6 hours or more:,Number of breakdowns not reported,"Less than $10,000",S,,suppressed,
2023,Number of breakdowns that lasted 6 hours or more:,Other,"$10,000 to $19,999",108,108.0,ok,4.6913478822291435
2023,Number of breakdowns that lasted 6 hours or more:,Other,"$100,000 to $119,999",89,89.0,ok,4.499809670330265
2023,Number of breakdowns that lasted 6 hours or more:,Other,"$120,000 to $139,999",101,101.0,ok,4.624972813284271
2023,Number of breakdowns that lasted 6 hours or more:,Other,"$140,000 to $159,999",83,83.0,ok,4.430816798843313
2023,Number of breakdowns that lasted 6 hours or more:,Other,"$160,000 to $179,999",S,,suppressed,
2023,Number of breakdowns that lasted 6 hours or more:,Other,"$180,000 to $199,999",S,,suppressed,
2023,Number of breakdowns that lasted 6 hours or more:,Other,"$20,000 to $29,999",137,137.0,ok,4.927253685157205
2023,Number of breakdowns that lasted 6 hours or more:,Other,"$200,000 or more",125,125.0,ok,4.836281906951478
2023,Number of breakdowns that lasted 6 hours or more:,Other,"$30,000 to $39,999",133,133.0,ok,4.897839799950911
2023,Number of breakdowns that lasted 6 hours or more:,Other,"$40,000 to $49,999",109,109.0,ok,4.700480365792417
2023,Number of breakdowns that lasted 6 hours or more:,Other,"$50,000 to $59,999",72,72.0,ok,4.290459441148391
2023,Number of breakdowns that lasted 6 hours or more:,Other,"$60,000 to $79,999",187,187.0,ok,5.236441962829949
2023,Number of breakdowns that lasted 6 hours or more:,Other,"$80,000 to $99,999",97,97.0,ok,4.584967478670572
2023,Number of breakdowns that lasted 6 hours or more:,Other,"Less than $10,000",139,139.0,ok,4.941642422609304
2023,Number of breakdowns that lasted 6 hours or more:,Other causes,"$10,000 to $19,999",731,731.0,ok,6.595780513961311
2023,Number of breakdowns that lasted 6 hours or more:,Other causes,"$100,000 to $119,999",463,463.0,ok,6.139884552226255
2023,Number of breakdowns that lasted 6 hours or more:,Other causes,"$120,000 to $139,999",329,329.0,ok,5.799092654460526
2023,Number of breakdowns that lasted 6 hours or more:,Other causes,"$140,000 to $159,999",304,304.0,ok,5.720311776607412
2023,Number of breakdowns that lasted 6 hours or more:,Other causes,"$160,000 to $179,999",143,143.0,ok,4.969813299576001
2023,Number of breakdowns that lasted 6 hours or more:,Other causes,"$180,000 to $199,999",135,135.0,ok,4.912654885736052
2023,Number of breakdowns that lasted 6 hours or more:,Other causes,"$20,000 to $29,999",650,650.0,ok,6.478509642208569
2023,Number of breakdowns that lasted 6 hours or more:,Other causes,"$200,000 or more",624,624.0,ok,6.437751649736401
2023,Number of breakdowns that lasted 6 hours or more:,Other causes,"$30,000 to $39,999",663,663.0,ok,6.498282149476434
2023,Number of breakdowns that lasted 6 hours or more:,Other causes,"$40,000 to $49,999",566,566.0,ok,6.340359303727752
2023,Number of breakdowns that lasted 6 hours or more:,Other causes,"$50,000 to $59,999",509,509.0,ok,6.234410725718371
2023,Number of breakdowns that lasted 6 hours or more:,Other causes,"$60,000 to $79,999","1,002",1002.0,ok,6.910750787961936
2023,Number of breakdowns that lasted 6 hours or more:,Other causes,"$80,000 to $99,999",613,613.0,ok,6.419994928147142
2023,Number of breakdowns that lasted 6 hours or more:,Other causes,"Less than $10,000",706,706.0,ok,6.561030665896573
2023,Number of breakdowns that lasted 6 hours or more:,Utility interruption,"$10,000 to $19,999",210,210.0,ok,5.351858133476067
2023,Number of breakdowns that lasted 6 hours or more:,Utility interruption,"$100,000 to $119,999",205,205.0,ok,5.327876168789581
2023,Number of breakdowns that lasted 6 hours or more:,Utility interruption,"$120,000 to $139,999",108,108.0,ok,4.6913478822291435
2023,Number of breakdowns that lasted 6 hours or more:,Utility interruption,"$140,000 to $159,999",117,117.0,ok,4.770684624465665
2023,Number of breakdowns that lasted 6 hours or more:,Utility interruption,"$160,000 to $179,999",58,58.0,ok,4.07753744390572
2023,Number of breakdowns that lasted 6 hours or more:,Utility interruption,"$180,000 to $199,999",48,48.0,ok,3.8918202981106265
2023,Number of breakdowns that lasted 6 hours or more:,Utility interruption,"$20,000 to $29,999",192,192.0,ok,5.262690188904886
2023,Number of breakdowns that lasted 6 hours or more:,Utility interruption,"$200,000 or more",309,309.0,ok,5.736572297479192
2023,Number of breakdowns that lasted 6 hours or more:,Utility interruption,"$30,000 to $39,999",242,242.0,ok,5.493061443340548
2023,Number of breakdowns that lasted 6 hours or more:,Utility interruption,"$40,000 to $49,999",245,245.0,ok,5.5053315359323625
2023,Number of breakdowns that lasted 6 hours or more:,Utility interruption,"$50,000 to $59,999",185,185.0,ok,5.225746673713202
2023,Number of breakdowns that lasted 6 hours or more:,Utility interruption,"$60,000 to $79,999",376,376.0,ok,5.932245187448011
2023,Number of breakdowns that lasted 6 hours or more:,Utility interruption,"$80,000 to $99,999",267,267.0,ok,5.5909869805108565
2023,Number of breakdowns that lasted 6 hours or more:,Utility interruption,"Less than $10,000",215,215.0,ok,5.375278407684165
2023,Number of breakdowns that lasted 6 hours or more:,With breakdown(s) in last 3 months,"$10,000 to $19,999",S,,suppressed,
2023,Number of breakdowns that lasted 6 hours or more:,With breakdown(s) in last 3 months,"$100,000 to $119,999",S,,suppressed,
2023,Number of breakdowns that lasted 6 hours or more:,With breakdown(s) in last 3 months,"$120,000 to $139,999",S,,suppressed,
2023,Number of breakdowns that lasted 6 hours or more:,With breakdown(s) in last 3 months,"$140,000 to $159,999",S,,suppressed,
2023,Number of breakdowns that lasted 6 hours or more:,With breakdown(s) in last 3 months,"$160,000 to $179,999",S,,suppressed,
2023,Number of breakdowns that lasted 6 hours or more:,With breakdown(s) in last 3 months,"$180,000 to $199,999",S,,suppressed,
2023,Number of breakdowns that lasted 6 hours or more:,With breakdown(s) in last 3 months,"$20,000 to $29,999",16,16.0,ok,2.833213344056216
2023,Number of breakdowns that lasted 6 hours or more:,With breakdown(s) in last 3 months,"$200,000 or more",S,,suppressed,
2023,Number of breakdowns that lasted 6 hours or more:,With breakdown(s) in last 3 months,"$30,000 to $39,999",S,,suppressed,
2023,Number of breakdowns that lasted 6 hours or more:,With breakdown(s) in last 3 months,"$40,000 to $49,999",40,40.0,ok,3.713572066704308
2023,Number of breakdowns that lasted 6 hours or more:,With breakdown(s) in last 3 months,"$50,000 to $59,999",S,,suppressed,
2023,Number of breakdowns that lasted 6 hours or more:,With breakdown(s) in last 3 months,"$60,000 to $79,999",S,,suppressed,
2023,Number of breakdowns that lasted 6 hours or more:,With breakdown(s) in last 3 months,"$80,000 to $99,999",S,,suppressed,
2023,Number of breakdowns that lasted 6 hours or more:,With breakdown(s) in last 3 months,"Less than $10,000",S,,suppressed,
2023,Number of breakdowns that lasted 6 hours or more:,With septic tank or cesspool,"$10,000 to $19,999","1,690",1690.0,ok,7.43307534889858
2023,Number of breakdowns that lasted 6 hours or more:,With septic tank or cesspool,"$100,000 to $119,999","2,021",2021.0,ok,7.611842399580417
2023,Number of breakdowns that lasted 6 hours or more:,With septic tank or cesspool,"$120,000 to $139,999","1,479",1479.0,ok,7.299797366758161
2023,Number of breakdowns that lasted 6 hours or more:,With septic tank or cesspool,"$140,000 to $159,999","1,122",1122.0,ok,7.023758954738443
2023,Number of breakdowns that lasted 6 hours or more:,With septic tank or cesspool,"$160,000 to $179,999",936,936.0,ok,6.842683282238422
2023,Number of breakdowns that lasted 6 hours or more:,With septic tank or cesspool,"$180,000 to $199,999",664,664.0,ok,6.499787040655854
2023,Number of breakdowns that lasted 6 hours or more:,With septic tank or cesspool,"$20,000 to $29,999","1,720",1720.0,ok,7.450660796211539
2023,Number of breakdowns that lasted 6 hours or more:,With septic tank or cesspool,"$200,000 or more","2,571",2571.0,ok,7.85243908535751
2023,Number of breakdowns that lasted 6 hours or more:,With septic tank or cesspool,"$30,000 to $39,999","1,895",1895.0,ok,7.547501682814967
2023,Number of breakdowns that lasted 6 hours or more:,With septic tank or cesspool,"$40,000 to $49,999","1,727",1727.0,ok,7.454719949364001
2023,Number of breakdowns that lasted 6 hours or more:,With septic tank or cesspool,"$50,000 to $59,999","1,830",1830.0,ok,7.5126175446745105
2023,Number of breakdowns that lasted 6 hours or more:,With septic tank or cesspool,"$60,000 to $79,999","3,183",3183.0,ok,8.065893546964274
2023,Number of breakdowns that lasted 6 hours or more:,With septic tank or cesspool,"$80,000 to $99,999","2,476",2476.0,ok,7.814803429489359
2023,Number of breakdowns that lasted 6 hours or more:,With septic tank or cesspool,"Less than $10,000","1,302",1302.0,ok,7.172424577124845
2023,Number of power outages that lasted 6 hours or more:,1,"$10,000 to $19,999",813,813.0,ok,6.70196036600254
2023,Number of power outages that lasted 6 hours or more:,1,"$100,000 to $119,999","1,073",1073.0,ok,6.97914527506881
2023,Number of power outages that lasted 6 hours or more:,1,"$120,000 to $139,999",952,952.0,ok,6.859614903654202
2023,Number of power outages that lasted 6 hours or more:,1,"$140,000 to $159,999",840,840.0,ok,6.734591659972948
2023,Number of power outages that lasted 6 hours or more:,1,"$160,000 to $179,999",469,469.0,ok,6.152732694704104
2023,Number of power outages that lasted 6 hours or more:,1,"$180,000 to $199,999",429,429.0,ok,6.063785208687608
2023,Number of power outages that lasted 6 hours or more:,1,"$20,000 to $29,999",800,800.0,ok,6.68586094706836
2023,Number of power outages that lasted 6 hours or more:,1,"$200,000 or more","1,596",1596.0,ok,7.3758821482150125
2023,Number of power outages that lasted 6 hours or more:,1,"$30,000 to $39,999",818,818.0,ok,6.70808408385307
2023,Number of power outages that lasted 6 hours or more:,1,"$40,000 to $49,999",908,908.0,ok,6.812345094177479
2023,Number of power outages that lasted 6 hours or more:,1,"$50,000 to $59,999",801,801.0,ok,6.687108607866515
2023,Number of power outages that lasted 6 hours or more:,1,"$60,000 to $79,999","1,663",1663.0,ok,7.416979621381154
2023,Number of power outages that lasted 6 hours or more:,1,"$80,000 to $99,999","1,362",1362.0,ok,7.217443431696533
2023,Number of power outages that lasted 6 hours or more:,1,"Less than $10,000",631,631.0,ok,6.448889394146858
2023,Number of power outages that lasted 6 hours or more:,2,"$10,000 to $19,999",363,363.0,ok,5.8971538676367405
2023,Number of power outages that lasted 6 hours or more:,2,"$100,000 to $119,999",550,550.0,ok,6.311734809152915
2023,Number of power outages that lasted 6 hours or more:,2,"$120,000 to $139,999",313,313.0,ok,5.749392985908253
2023,Number of power outages that lasted 6 hours or more:,2,"$140,000 to $159,999",345,345.0,ok,5.846438775057724
2023,Number of power outages that lasted 6 hours or more:,2,"$160,000 to $179,999",205,205.0,ok,5.327876168789581
2023,Number of power outages that lasted 6 hours or more:,2,"$180,000 to $199,999",201,201.0,ok,5.308267697401205
2023,Number of power outages that lasted 6 hours or more:,2,"$20,000 to $29,999",418,418.0,ok,6.037870919922137
2023,Number of power outages that lasted 6 hours or more:,2,"$200,000 or more",777,777.0,ok,6.656726524178391
2023,Number of power outages that lasted 6 hours or more:,2,"$30,000 to $39,999",394,394.0,ok,5.978885764901122
2023,Number of power outages that lasted 6 hours or more:,2,"$40,000 to $49,999",401,401.0,ok,5.996452088619021
2023,Number of power outages that lasted 6 hours or more:,2,"$50,000 to $59,999",401,401.0,ok,5.996452088619021
2023,Number of power outages that lasted 6 hours or more:,2,"$60,000 to $79,999",786,786.0,ok,6.668228248417403
2023,Number of power outages that lasted 6 hours or more:,2,"$80,000 to $99,999",575,575.0,ok,6.3561076606958915
2023,Number of power outages that lasted 6 hours or more:,2,"Less than $10,000",234,234.0,ok,5.459585514144159
2023,Number of power outages that lasted 6 hours or more:,3,"$10,000 to $19,999",S,,suppressed,
2023,Number of power outages that lasted 6 hours or more:,3,"$100,000 to $119,999",142,142.0,ok,4.962844630259907
2023,Number of power outages that lasted 6 hours or more:,3,"$120,000 to $139,999",94,94.0,ok,4.553876891600541
2023,Number of power outages that lasted 6 hours or more:,3,"$140,000 to $159,999",124,124.0,ok,4.8283137373023015
2023,Number of power outages that lasted 6 hours or more:,3,"$160,000 to $179,999",S,,suppressed,
2023,Number of power outages that lasted 6 hours or more:,3,"$180,000 to $199,999",S,,suppressed,
2023,Number of power outages that lasted 6 hours or more:,3,"$20,000 to $29,999",127,127.0,ok,4.852030263919617
2023,Number of power outages that lasted 6 hours or more:,3,"$200,000 or more",192,192.0,ok,5.262690188904886
2023,Number of power outages that lasted 6 hours or more:,3,"$30,000 to $39,999",135,135.0,ok,4.912654885736052
2023,Number of power outages that lasted 6 hours or more:,3,"$40,000 to $49,999",149,149.0,ok,5.0106352940962555
2023,Number of power outages that lasted 6 hours or more:,3,"$50,000 to $59,999",172,172.0,ok,5.153291594497779
2023,Number of power outages that lasted 6 hours or more:,3,"$60,000 to $79,999",260,260.0,ok,5.564520407322694
2023,Number of power outages that lasted 6 hours or more:,3,"$80,000 to $99,999",216,216.0,ok,5.37989735354046
2023,Number of power outages that lasted 6 hours or more:,3,"Less than $10,000",117,117.0,ok,4.770684624465665
2023,Number of power outages that lasted 6 hours or more:,4 or more,"$10,000 to $19,999",183,183.0,ok,5.214935757608986
2023,Number of power outages that lasted 6 hours or more:,4 or more,"$100,000 to $119,999",161,161.0,ok,5.087596335232384
2023,Number of power outages that lasted 6 hours or more:,4 or more,"$120,000 to $139,999",S,,suppressed,
2023,Number of power outages that lasted 6 hours or more:,4 or more,"$140,000 to $159,999",133,133.0,ok,4.897839799950911
2023,Number of power outages that lasted 6 hours or more:,4 or more,"$160,000 to $179,999",S,,suppressed,
2023,Number of power outages that lasted 6 hours or more:,4 or more,"$180,000 to $199,999",S,,suppressed,
2023,Number of power outages that lasted 6 hours or more:,4 or more,"$20,000 to $29,999",159,159.0,ok,5.075173815233827
2023,Number of power outages that lasted 6 hours or more:,4 or more,"$200,000 or more",212,212.0,ok,5.3612921657094255
2023,Number of power outages that lasted 6 hours or more:,4 or more,"$30,000 to $39,999",194,194.0,ok,5.272999558563747
2023,Number of power outages that lasted 6 hours or more:,4 or more,"$40,000 to $49,999",202,202.0,ok,5.313205979041787
2023,Number of power outages that lasted 6 hours or more:,4 or more,"$50,000 to $59,999",231,231.0,ok,5.44673737166631
2023,Number of power outages that lasted 6 hours or more:,4 or more,"$60,000 to $79,999",228,228.0,ok,5.43372200355424
2023,Number of power outages that lasted 6 hours or more:,4 or more,"$80,000 to $99,999",265,265.0,ok,5.583496308781699
2023,Number of power outages that lasted 6 hours or more:,4 or more,"Less than $10,000",188,188.0,ok,5.241747015059643
2023,Number of power outages that lasted 6 hours or more:,Number of power outages not reported,"$10,000 to $19,999",S,,suppressed,
2023,Number of power outages that lasted 6 hours or more:,Number of power outages not reported,"$100,000 to $119,999",S,,suppressed,
2023,Number of power outages that lasted 6 hours or more:,Number of power outages not reported,"$120,000 to $139,999",S,,suppressed,
2023,Number of power outages that lasted 6 hours or more:,Number of power outages not reported,"$140,000 to $159,999",S,,suppressed,
2023,Number of power outages that lasted 6 hours or more:,Number of power outages not reported,"$160,000 to $179,999",.,,blank_or_na,
2023,Number of power outages that lasted 6 hours or more:,Number of power outages not reported,"$180,000 to $199,999",.,,blank_or_na,
2023,Number of power outages that lasted 6 hours or more:,Number of power outages not reported,"$20,000 to $29,999",S,,suppressed,
2023,Number of power outages that lasted 6 hours or more:,Number of power outages not reported,"$200,000 or more",S,,suppressed,
2023,Number of power outages that lasted 6 hours or more:,Number of power outages not reported,"$30,000 to $39,999",S,,suppressed,
2023,Number of power outages that lasted 6 hours or more:,Number of power outages not reported,"$40,000 to $49,999",S,,suppressed,
2023,Number of power outages that lasted 6 hours or more:,Number of power outages not reported,"$50,000 to $59,999",S,,suppressed,
2023,Number of power outages that lasted 6 hours or more:,Number of power outages not reported,"$60,000 to $79,999",S,,suppressed,
2023,Number of power outages that lasted 6 hours or more:,Number of power outages not reported,"$80,000 to $99,999",S,,suppressed,
2023,Number of power outages that lasted 6 hours or more:,Number of power outages not reported,"Less than $10,000",S,,suppressed,
2023,Number of power outages that lasted 6 hours or more:,Power outage not reported,"$10,000 to $19,999",S,,suppressed,
2023,Number of power outages that lasted 6 hours or more:,Power outage not reported,"$100,000 to $119,999",S,,suppressed,
2023,Number of power outages that lasted 6 hours or more:,Power outage not reported,"$120,000 to $139,999",S,,suppressed,
2023,Number of power outages that lasted 6 hours or more:,Power outage not reported,"$140,000 to $159,999",S,,suppressed,
2023,Number of power outages that lasted 6 hours or more:,Power outage not reported,"$160,000 to $179,999",S,,suppressed,
2023,Number of power outages that lasted 6 hours or more:,Power outage not reported,"$180,000 to $199,999",S,,suppressed,
2023,Number of power outages that lasted 6 hours or more:,Power outage not reported,"$20,000 to $29,999",S,,suppressed,
2023,Number of power outages that lasted 6 hours or more:,Power outage not reported,"$200,000 or more",134,134.0,ok,4.90527477843843
2023,Number of power outages that lasted 6 hours or more:,Power outage not reported,"$30,000 to $39,999",S,,suppressed,
2023,Number of power outages that lasted 6 hours or more:,Power outage not reported,"$40,000 to $49,999",S,,suppressed,
2023,Number of power outages that lasted 6 hours or more:,Power outage not reported,"$50,000 to $59,999",S,,suppressed,
2023,Number of power outages that lasted 6 hours or more:,Power outage not reported,"$60,000 to $79,999",165,165.0,ok,5.111987788356544
2023,Number of power outages that lasted 6 hours or more:,Power outage not reported,"$80,000 to $99,999",S,,suppressed,
2023,Number of power outages that lasted 6 hours or more:,Power outage not reported,"Less than $10,000",S,,suppressed,
2023,Number of stoppages that lasted 6 hours or more:,1,"$10,000 to $19,999",200,200.0,ok,5.303304908059076
2023,Number of stoppages that lasted 6 hours or more:,1,"$100,000 to $119,999",128,128.0,ok,4.859812404361672
2023,Number of stoppages that lasted 6 hours or more:,1,"$120,000 to $139,999",122,122.0,ok,4.812184355372417
2023,Number of stoppages that lasted 6 hours or more:,1,"$140,000 to $159,999",103,103.0,ok,4.6443908991413725
2023,Number of stoppages that lasted 6 hours or more:,1,"$160,000 to $179,999",56,56.0,ok,4.04305126783455
2023,Number of stoppages that lasted 6 hours or more:,1,"$180,000 to $199,999",S,,suppressed,
2023,Number of stoppages that lasted 6 hours or more:,1,"$20,000 to $29,999",183,183.0,ok,5.214935757608986
2023,Number of stoppages that lasted 6 hours or more:,1,"$200,000 or more",193,193.0,ok,5.267858159063328
2023,Number of stoppages that lasted 6 hours or more:,1,"$30,000 to $39,999",176,176.0,ok,5.176149732573829
2023,Number of stoppages that lasted 6 hours or more:,1,"$40,000 to $49,999",180,180.0,ok,5.198497031265826
2023,Number of stoppages that lasted 6 hours or more:,1,"$50,000 to $59,999",165,165.0,ok,5.111987788356544
2023,Number of stoppages that lasted 6 hours or more:,1,"$60,000 to $79,999",231,231.0,ok,5.44673737166631
2023,Number of stoppages that lasted 6 hours or more:,1,"$80,000 to $99,999",139,139.0,ok,4.941642422609304
2023,Number of stoppages that lasted 6 hours or more:,1,"Less than $10,000",151,151.0,ok,5.0238805208462765
2023,Number of stoppages that lasted 6 hours or more:,2,"$10,000 to $19,999",S,,suppressed,
2023,Number of stoppages that lasted 6 hours or more:,2,"$100,000 to $119,999",S,,suppressed,
2023,Number of stoppages that lasted 6 hours or more:,2,"$120,000 to $139,999",S,,suppressed,
2023,Number of stoppages that lasted 6 hours or more:,2,"$140,000 to $159,999",S,,suppressed,
2023,Number of stoppages that lasted 6 hours or more:,2,"$160,000 to $179,999",S,,suppressed,
2023,Number of stoppages that lasted 6 hours or more:,2,"$180,000 to $199,999",S,,suppressed,
2023,Number of stoppages that lasted 6 hours or more:,2,"$20,000 to $29,999",S,,suppressed,
2023,Number of stoppages that lasted 6 hours or more:,2,"$200,000 or more",51,51.0,ok,3.9512437185814275
2023,Number of stoppages that lasted 6 hours or more:,2,"$30,000 to $39,999",S,,suppressed,
2023,Number of stoppages that lasted 6 hours or more:,2,"$40,000 to $49,999",S,,suppressed,
2023,Number of stoppages that lasted 6 hours or more:,2,"$50,000 to $59,999",61,61.0,ok,4.127134385045092
2023,Number of stoppages that lasted 6 hours or more:,2,"$60,000 to $79,999",71,71.0,ok,4.276666119016055
2023,Number of stoppages that lasted 6 hours or more:,2,"$80,000 to $99,999",53,53.0,ok,3.9889840465642745
2023,Number of stoppages that lasted 6 hours or more:,2,"Less than $10,000",38,38.0,ok,3.6635616461296463
2023,Number of stoppages that lasted 6 hours or more:,3,"$10,000 to $19,999",S,,suppressed,
2023,Number of stoppages that lasted 6 hours or more:,3,"$100,000 to $119,999",S,,suppressed,
2023,Number of stoppages that lasted 6 hours or more:,3,"$120,000 to $139,999",S,,suppressed,
2023,Number of stoppages that lasted 6 hours or more:,3,"$140,000 to $159,999",S,,suppressed,
2023,Number of stoppages that lasted 6 hours or more:,3,"$160,000 to $179,999",S,,suppressed,
2023,Number of stoppages that lasted 6 hours or more:,3,"$180,000 to $199,999",.,,blank_or_na,
2023,Number of stoppages that lasted 6 hours or more:,3,"$20,000 to $29,999",S,,suppressed,
2023,Number of stoppages that lasted 6 hours or more:,3,"$200,000 or more",S,,suppressed,
2023,Number of stoppages that lasted 6 hours or more:,3,"$30,000 to $39,999",S,,suppressed,
2023,Number of stoppages that lasted 6 hours or more:,3,"$40,000 to $49,999",S,,suppressed,
2023,Number of stoppages that lasted 6 hours or more:,3,"$50,000 to $59,999",S,,suppressed,
2023,Number of stoppages that lasted 6 hours or more:,3,"$60,000 to $79,999",72,72.0,ok,4.290459441148391
2023,Number of stoppages that lasted 6 hours or more:,3,"$80,000 to $99,999",S,,suppressed,
2023,Number of stoppages that lasted 6 hours or more:,3,"Less than $10,000",S,,suppressed,
2023,Number of stoppages that lasted 6 hours or more:,4 or more,"$10,000 to $19,999",48,48.0,ok,3.8918202981106265
2023,Number of stoppages that lasted 6 hours or more:,4 or more,"$100,000 to $119,999",S,,suppressed,
2023,Number of stoppages that lasted 6 hours or more:,4 or more,"$120,000 to $139,999",S,,suppressed,
2023,Number of stoppages that lasted 6 hours or more:,4 or more,"$140,000 to $159,999",S,,suppressed,
2023,Number of stoppages that lasted 6 hours or more:,4 or more,"$160,000 to $179,999",.,,blank_or_na,
2023,Number of stoppages that lasted 6 hours or more:,4 or more,"$180,000 to $199,999",S,,suppressed,
2023,Number of stoppages that lasted 6 hours or more:,4 or more,"$20,000 to $29,999",49,49.0,ok,3.912023005428146
2023,Number of stoppages that lasted 6 hours or more:,4 or more,"$200,000 or more",27,27.0,ok,3.332204510175204
2023,Number of stoppages that lasted 6 hours or more:,4 or more,"$30,000 to $39,999",74,74.0,ok,4.31748811353631
2023,Number of stoppages that lasted 6 hours or more:,4 or more,"$40,000 to $49,999",51,51.0,ok,3.9512437185814275
2023,Number of stoppages that lasted 6 hours or more:,4 or more,"$50,000 to $59,999",S,,suppressed,
2023,Number of stoppages that lasted 6 hours or more:,4 or more,"$60,000 to $79,999",S,,suppressed,
2023,Number of stoppages that lasted 6 hours or more:,4 or more,"$80,000 to $99,999",S,,suppressed,
2023,Number of stoppages that lasted 6 hours or more:,4 or more,"Less than $10,000",50,50.0,ok,3.9318256327243257
2023,Number of stoppages that lasted 6 hours or more:,Number of stoppages not reported,"$10,000 to $19,999",S,,suppressed,
2023,Number of stoppages that lasted 6 hours or more:,Number of stoppages not reported,"$100,000 to $119,999",.,,blank_or_na,
2023,Number of stoppages that lasted 6 hours or more:,Number of stoppages not reported,"$120,000 to $139,999",.,,blank_or_na,
2023,Number of stoppages that lasted 6 hours or more:,Number of stoppages not reported,"$140,000 to $159,999",.,,blank_or_na,
2023,Number of stoppages that lasted 6 hours or more:,Number of stoppages not reported,"$160,000 to $179,999",.,,blank_or_na,
2023,Number of stoppages that lasted 6 hours or more:,Number of stoppages not reported,"$180,000 to $199,999",S,,suppressed,
2023,Number of stoppages that lasted 6 hours or more:,Number of stoppages not reported,"$20,000 to $29,999",S,,suppressed,
2023,Number of stoppages that lasted 6 hours or more:,Number of stoppages not reported,"$200,000 or more",S,,suppressed,
2023,Number of stoppages that lasted 6 hours or more:,Number of stoppages not reported,"$30,000 to $39,999",.,,blank_or_na,
2023,Number of stoppages that lasted 6 hours or more:,Number of stoppages not reported,"$40,000 to $49,999",S,,suppressed,
2023,Number of stoppages that lasted 6 hours or more:,Number of stoppages not reported,"$50,000 to $59,999",S,,suppressed,
2023,Number of stoppages that lasted 6 hours or more:,Number of stoppages not reported,"$60,000 to $79,999",S,,suppressed,
2023,Number of stoppages that lasted 6 hours or more:,Number of stoppages not reported,"$80,000 to $99,999",S,,suppressed,
2023,Number of stoppages that lasted 6 hours or more:,Number of stoppages not reported,"Less than $10,000",S,,suppressed,
2023,Number of stoppages that lasted 6 hours or more:,Stoppage not reported,"$10,000 to $19,999",S,,suppressed,
2023,Number of stoppages that lasted 6 hours or more:,Stoppage not reported,"$100,000 to $119,999",S,,suppressed,
2023,Number of stoppages that lasted 6 hours or more:,Stoppage not reported,"$120,000 to $139,999",S,,suppressed,
2023,Number of stoppages that lasted 6 hours or more:,Stoppage not reported,"$140,000 to $159,999",49,49.0,ok,3.912023005428146
2023,Number of stoppages that lasted 6 hours or more:,Stoppage not reported,"$160,000 to $179,999",S,,suppressed,
2023,Number of stoppages that lasted 6 hours or more:,Stoppage not reported,"$180,000 to $199,999",S,,suppressed,
2023,Number of stoppages that lasted 6 hours or more:,Stoppage not reported,"$20,000 to $29,999",S,,suppressed,
2023,Number of stoppages that lasted 6 hours or more:,Stoppage not reported,"$200,000 or more",S,,suppressed,
2023,Number of stoppages that lasted 6 hours or more:,Stoppage not reported,"$30,000 to $39,999",80,80.0,ok,4.394449154672439
2023,Number of stoppages that lasted 6 hours or more:,Stoppage not reported,"$40,000 to $49,999",81,81.0,ok,4.406719247264253
2023,Number of stoppages that lasted 6 hours or more:,Stoppage not reported,"$50,000 to $59,999",57,57.0,ok,4.060443010546419
2023,Number of stoppages that lasted 6 hours or more:,Stoppage not reported,"$60,000 to $79,999",145,145.0,ok,4.983606621708336
2023,Number of stoppages that lasted 6 hours or more:,Stoppage not reported,"$80,000 to $99,999",94,94.0,ok,4.553876891600541
2023,Number of stoppages that lasted 6 hours or more:,Stoppage not reported,"Less than $10,000",97,97.0,ok,4.584967478670572
2023,Pipes froze:,No,"$10,000 to $19,999","1,907",1907.0,ok,7.553810852008231
2023,Pipes froze:,No,"$100,000 to $119,999","2,732",2732.0,ok,7.913155185928068
2023,Pipes froze:,No,"$120,000 to $139,999","2,228",2228.0,ok,7.709308333385869
2023,Pipes froze:,No,"$140,000 to $159,999","2,107",2107.0,ok,7.653494909661253
2023,Pipes froze:,No,"$160,000 to $179,999","1,334",1334.0,ok,7.19668657083435
2023,Pipes froze:,No,"$180,000 to $199,999","1,212",1212.0,ok,7.10085190894405
2023,Pipes froze:,No,"$20,000 to $29,999","2,125",2125.0,ok,7.661997558901893
2023,Pipes froze:,No,"$200,000 or more","4,149",4149.0,ok,8.330863613224745
2023,Pipes froze:,No,"$30,000 to $39,999","2,039",2039.0,ok,7.620705086838262
2023,Pipes froze:,No,"$40,000 to $49,999","2,223",2223.0,ok,7.707062655370473
2023,Pipes froze:,No,"$50,000 to $59,999","2,157",2157.0,ok,7.67693714581808
2023,Pipes froze:,No,"$60,000 to $79,999","4,101",4101.0,ok,8.319229938632326
2023,Pipes froze:,No,"$80,000 to $99,999","3,403",3403.0,ok,8.132706489693264
2023,Pipes froze:,No,"Less than $10,000","1,457",1457.0,ok,7.284820912568604
2023,Pipes froze:,Not reported,"$10,000 to $19,999",S,,suppressed,
2023,Pipes froze:,Not reported,"$100,000 to $119,999",.,,blank_or_na,
2023,Pipes froze:,Not reported,"$120,000 to $139,999",.,,blank_or_na,
2023,Pipes froze:,Not reported,"$140,000 to $159,999",S,,suppressed,
2023,Pipes froze:,Not reported,"$160,000 to $179,999",.,,blank_or_na,
2023,Pipes froze:,Not reported,"$180,000 to $199,999",S,,suppressed,
2023,Pipes froze:,Not reported,"$20,000 to $29,999",.,,blank_or_na,
2023,Pipes froze:,Not reported,"$200,000 or more",.,,blank_or_na,
2023,Pipes froze:,Not reported,"$30,000 to $39,999",.,,blank_or_na,
2023,Pipes froze:,Not reported,"$40,000 to $49,999",.,,blank_or_na,
2023,Pipes froze:,Not reported,"$50,000 to $59,999",.,,blank_or_na,
2023,Pipes froze:,Not reported,"$60,000 to $79,999",S,,suppressed,
2023,Pipes froze:,Not reported,"$80,000 to $99,999",.,,blank_or_na,
2023,Pipes froze:,Not reported,"Less than $10,000",S,,suppressed,
2023,Pipes froze:,Yes,"$10,000 to $19,999",116,116.0,ok,4.762173934797756
2023,Pipes froze:,Yes,"$100,000 to $119,999",S,,suppressed,
2023,Pipes froze:,Yes,"$120,000 to $139,999",S,,suppressed,
2023,Pipes froze:,Yes,"$140,000 to $159,999",S,,suppressed,
2023,Pipes froze:,Yes,"$160,000 to $179,999",S,,suppressed,
2023,Pipes froze:,Yes,"$180,000 to $199,999",S,,suppressed,
2023,Pipes froze:,Yes,"$20,000 to $29,999",S,,suppressed,
2023,Pipes froze:,Yes,"$200,000 or more",S,,suppressed,
2023,Pipes froze:,Yes,"$30,000 to $39,999",S,,suppressed,
2023,Pipes froze:,Yes,"$40,000 to $49,999",S,,suppressed,
2023,Pipes froze:,Yes,"$50,000 to $59,999",S,,suppressed,
2023,Pipes froze:,Yes,"$60,000 to $79,999",S,,suppressed,
2023,Pipes froze:,Yes,"$80,000 to $99,999",S,,suppressed,
2023,Pipes froze:,Yes,"Less than $10,000",S,,suppressed,
2023,Power Outages,Experienced power outage in last 12 months,"$10,000 to $19,999","2,024",2024.0,ok,7.613324979540639
2023,Power Outages,Experienced power outage in last 12 months,"$100,000 to $119,999","2,766",2766.0,ok,7.925518979786926
2023,Power Outages,Experienced power outage in last 12 months,"$120,000 to $139,999","2,266",2266.0,ok,7.726212650507529
2023,Power Outages,Experienced power outage in last 12 months,"$140,000 to $159,999","2,150",2150.0,ok,7.67368812926773
2023,Power Outages,Experienced power outage in last 12 months,"$160,000 to $179,999","1,350",1350.0,ok,7.208600337960199
2023,Power Outages,Experienced power outage in last 12 months,"$180,000 to $199,999","1,215",1215.0,ok,7.103322062526113
2023,Power Outages,Experienced power outage in last 12 months,"$20,000 to $29,999","2,138",2138.0,ok,7.668093709082406
2023,Power Outages,Experienced power outage in last 12 months,"$200,000 or more","4,215",4215.0,ok,8.346642090221199
2023,Power Outages,Experienced power outage in last 12 months,"$30,000 to $39,999","2,122",2122.0,ok,7.660585461703256
2023,Power Outages,Experienced power outage in last 12 months,"$40,000 to $49,999","2,254",2254.0,ok,7.720905251936779
2023,Power Outages,Experienced power outage in last 12 months,"$50,000 to $59,999","2,210",2210.0,ok,7.701200180857446
2023,Power Outages,Experienced power outage in last 12 months,"$60,000 to $79,999","4,190",4190.0,ok,8.340694647925071
2023,Power Outages,Experienced power outage in last 12 months,"$80,000 to $99,999","3,464",3464.0,ok,8.150467911624004
2023,Power Outages,Experienced power outage in last 12 months,"Less than $10,000","1,501",1501.0,ok,7.31455283232408
2023,Power Outages,No power outage in last 12 months,"$10,000 to $19,999","6,995",6995.0,ok,8.853093836138493
2023,Power Outages,No power outage in last 12 months,"$100,000 to $119,999","7,101",7101.0,ok,8.868131713503033
2023,Power Outages,No power outage in last 12 months,"$120,000 to $139,999","5,774",5774.0,ok,8.661293535389994
2023,Power Outages,No power outage in last 12 months,"$140,000 to $159,999","4,673",4673.0,ok,8.449770515098804
2023,Power Outages,No power outage in last 12 months,"$160,000 to $179,999","3,459",3459.0,ok,8.14902386805177
2023,Power Outages,No power outage in last 12 months,"$180,000 to $199,999","2,434",2434.0,ok,7.79770203551669
2023,Power Outages,No power outage in last 12 months,"$20,000 to $29,999","7,272",7272.0,ok,8.89192414015454
2023,Power Outages,No power outage in last 12 months,"$200,000 or more","10,116",10116.0,ok,9.22197245620589
2023,Power Outages,No power outage in last 12 months,"$30,000 to $39,999","7,392",7392.0,ok,8.9082888855571
2023,Power Outages,No power outage in last 12 months,"$40,000 to $49,999","7,027",7027.0,ok,8.857657449306988
2023,Power Outages,No power outage in last 12 months,"$50,000 to $59,999","7,055",7055.0,ok,8.861633597686627
2023,Power Outages,No power outage in last 12 months,"$60,000 to $79,999","12,040",12040.0,ok,9.39607277189222
2023,Power Outages,No power outage in last 12 months,"$80,000 to $99,999","9,496",9496.0,ok,9.158731238242952
2023,Power Outages,No power outage in last 12 months,"Less than $10,000","7,576",7576.0,ok,8.932872621931374
2023,Power Outages,No power outages lasting 6 hours or more,"$10,000 to $19,999",541,541.0,ok,6.295266001439646
2023,Power Outages,No power outages lasting 6 hours or more,"$100,000 to $119,999",830,830.0,ok,6.7226297948554485
2023,Power Outages,No power outages lasting 6 hours or more,"$120,000 to $139,999",697,697.0,ok,6.548219102762372
2023,Power Outages,No power outages lasting 6 hours or more,"$140,000 to $159,999",700,700.0,ok,6.55250788703459
2023,Power Outages,No power outages lasting 6 hours or more,"$160,000 to $179,999",505,505.0,ok,6.226536669287466
2023,Power Outages,No power outages lasting 6 hours or more,"$180,000 to $199,999",474,474.0,ok,6.163314804034641
2023,Power Outages,No power outages lasting 6 hours or more,"$20,000 to $29,999",619,619.0,ok,6.429719478039138
2023,Power Outages,No power outages lasting 6 hours or more,"$200,000 or more","1,428",1428.0,ok,7.264730177929867
2023,Power Outages,No power outages lasting 6 hours or more,"$30,000 to $39,999",576,576.0,ok,6.3578422665081
2023,Power Outages,No power outages lasting 6 hours or more,"$40,000 to $49,999",589,589.0,ok,6.380122536899765
2023,Power Outages,No power outages lasting 6 hours or more,"$50,000 to $59,999",585,585.0,ok,6.373319789577012
2023,Power Outages,No power outages lasting 6 hours or more,"$60,000 to $79,999","1,204",1204.0,ok,7.094234845924755
2023,Power Outages,No power outages lasting 6 hours or more,"$80,000 to $99,999","1,019",1019.0,ok,6.927557906278317
2023,Power Outages,No power outages lasting 6 hours or more,"Less than $10,000",326,326.0,ok,5.7899601708972535
2023,Problems Caused by Power Outages in Last 12 Months,Experienced power outage in last 12 months,"$10,000 to $19,999","2,024",2024.0,ok,7.613324979540639
2023,Problems Caused by Power Outages in Last 12 Months,Experienced power outage in last 12 months,"$100,000 to $119,999","2,766",2766.0,ok,7.925518979786926
2023,Problems Caused by Power Outages in Last 12 Months,Experienced power outage in last 12 months,"$120,000 to $139,999","2,266",2266.0,ok,7.726212650507529
2023,Problems Caused by Power Outages in Last 12 Months,Experienced power outage in last 12 months,"$140,000 to $159,999","2,150",2150.0,ok,7.67368812926773
2023,Problems Caused by Power Outages in Last 12 Months,Experienced power outage in last 12 months,"$160,000 to $179,999","1,350",1350.0,ok,7.208600337960199
2023,Problems Caused by Power Outages in Last 12 Months,Experienced power outage in last 12 months,"$180,000 to $199,999","1,215",1215.0,ok,7.103322062526113
2023,Problems Caused by Power Outages in Last 12 Months,Experienced power outage in last 12 months,"$20,000 to $29,999","2,138",2138.0,ok,7.668093709082406
2023,Problems Caused by Power Outages in Last 12 Months,Experienced power outage in last 12 months,"$200,000 or more","4,215",4215.0,ok,8.346642090221199
2023,Problems Caused by Power Outages in Last 12 Months,Experienced power outage in last 12 months,"$30,000 to $39,999","2,122",2122.0,ok,7.660585461703256
2023,Problems Caused by Power Outages in Last 12 Months,Experienced power outage in last 12 months,"$40,000 to $49,999","2,254",2254.0,ok,7.720905251936779
2023,Problems Caused by Power Outages in Last 12 Months,Experienced power outage in last 12 months,"$50,000 to $59,999","2,210",2210.0,ok,7.701200180857446
2023,Problems Caused by Power Outages in Last 12 Months,Experienced power outage in last 12 months,"$60,000 to $79,999","4,190",4190.0,ok,8.340694647925071
2023,Problems Caused by Power Outages in Last 12 Months,Experienced power outage in last 12 months,"$80,000 to $99,999","3,464",3464.0,ok,8.150467911624004
2023,Problems Caused by Power Outages in Last 12 Months,Experienced power outage in last 12 months,"Less than $10,000","1,501",1501.0,ok,7.31455283232408
2023,Refrigerated medicine spoiled:,No,"$10,000 to $19,999","1,371",1371.0,ok,7.22402480828583
2023,Refrigerated medicine spoiled:,No,"$100,000 to $119,999","1,829",1829.0,ok,7.512071245835466
2023,Refrigerated medicine spoiled:,No,"$120,000 to $139,999","1,611",1611.0,ok,7.385230923066573
2023,Refrigerated medicine spoiled:,No,"$140,000 to $159,999","1,519",1519.0,ok,7.326465613840322
2023,Refrigerated medicine spoiled:,No,"$160,000 to $179,999",867,867.0,ok,6.7661917146603505
2023,Refrigerated medicine spoiled:,No,"$180,000 to $199,999",818,818.0,ok,6.70808408385307
2023,Refrigerated medicine spoiled:,No,"$20,000 to $29,999","1,463",1463.0,ok,7.288927694521257
2023,Refrigerated medicine spoiled:,No,"$200,000 or more","3,086",3086.0,ok,8.034955024502159
2023,Refrigerated medicine spoiled:,No,"$30,000 to $39,999","1,489",1489.0,ok,7.306531398939505
2023,Refrigerated medicine spoiled:,No,"$40,000 to $49,999","1,638",1638.0,ok,7.40184157874383
2023,Refrigerated medicine spoiled:,No,"$50,000 to $59,999","1,579",1579.0,ok,7.365180126021013
2023,Refrigerated medicine spoiled:,No,"$60,000 to $79,999","3,044",3044.0,ok,8.021256180143997
2023,Refrigerated medicine spoiled:,No,"$80,000 to $99,999","2,541",2541.0,ok,7.8407064517494
2023,Refrigerated medicine spoiled:,No,"Less than $10,000","1,082",1082.0,ok,6.9874902470009905
2023,Refrigerated medicine spoiled:,No refrigerated medicine,"$10,000 to $19,999",549,549.0,ok,6.309918278226516
2023,Refrigerated medicine spoiled:,No refrigerated medicine,"$100,000 to $119,999",815,815.0,ok,6.704414354964107
2023,Refrigerated medicine spoiled:,No refrigerated medicine,"$120,000 to $139,999",618,618.0,ok,6.428105272684596
2023,Refrigerated medicine spoiled:,No refrigerated medicine,"$140,000 to $159,999",607,607.0,ok,6.410174881966167
2023,Refrigerated medicine spoiled:,No refrigerated medicine,"$160,000 to $179,999",479,479.0,ok,6.173786103901937
2023,Refrigerated medicine spoiled:,No refrigerated medicine,"$180,000 to $199,999",385,385.0,ok,5.955837369464831
2023,Refrigerated medicine spoiled:,No refrigerated medicine,"$20,000 to $29,999",624,624.0,ok,6.437751649736401
2023,Refrigerated medicine spoiled:,No refrigerated medicine,"$200,000 or more","1,091",1091.0,ok,6.9957661563048505
2023,Refrigerated medicine spoiled:,No refrigerated medicine,"$30,000 to $39,999",531,531.0,ok,6.2766434893416445
2023,Refrigerated medicine spoiled:,No refrigerated medicine,"$40,000 to $49,999",578,578.0,ok,6.361302477572996
2023,Refrigerated medicine spoiled:,No refrigerated medicine,"$50,000 to $59,999",583,583.0,ok,6.369900982828227
2023,Refrigerated medicine spoiled:,No refrigerated medicine,"$60,000 to $79,999","1,088",1088.0,ok,6.9930151229329605
2023,Refrigerated medicine spoiled:,No refrigerated medicine,"$80,000 to $99,999",889,889.0,ok,6.7912214627261855
2023,Refrigerated medicine spoiled:,No refrigerated medicine,"Less than $10,000",373,373.0,ok,5.924255797414532
2023,Refrigerated medicine spoiled:,Not reported,"$10,000 to $19,999",S,,suppressed,
2023,Refrigerated medicine spoiled:,Not reported,"$100,000 to $119,999",S,,suppressed,
2023,Refrigerated medicine spoiled:,Not reported,"$120,000 to $139,999",.,,blank_or_na,
2023,Refrigerated medicine spoiled:,Not reported,"$140,000 to $159,999",.,,blank_or_na,
2023,Refrigerated medicine spoiled:,Not reported,"$160,000 to $179,999",.,,blank_or_na,
2023,Refrigerated medicine spoiled:,Not reported,"$180,000 to $199,999",S,,suppressed,
2023,Refrigerated medicine spoiled:,Not reported,"$20,000 to $29,999",S,,suppressed,
2023,Refrigerated medicine spoiled:,Not reported,"$200,000 or more",.,,blank_or_na,
2023,Refrigerated medicine spoiled:,Not reported,"$30,000 to $39,999",.,,blank_or_na,
2023,Refrigerated medicine spoiled:,Not reported,"$40,000 to $49,999",S,,suppressed,
2023,Refrigerated medicine spoiled:,Not reported,"$50,000 to $59,999",.,,blank_or_na,
2023,Refrigerated medicine spoiled:,Not reported,"$60,000 to $79,999",.,,blank_or_na,
2023,Refrigerated medicine spoiled:,Not reported,"$80,000 to $99,999",.,,blank_or_na,
2023,Refrigerated medicine spoiled:,Not reported,"Less than $10,000",S,,suppressed,
2023,Refrigerated medicine spoiled:,Yes,"$10,000 to $19,999",S,,suppressed,
2023,Refrigerated medicine spoiled:,Yes,"$100,000 to $119,999",119,119.0,ok,4.787491742782046
2023,Refrigerated medicine spoiled:,Yes,"$120,000 to $139,999",S,,suppressed,
2023,Refrigerated medicine spoiled:,Yes,"$140,000 to $159,999",S,,suppressed,
2023,Refrigerated medicine spoiled:,Yes,"$160,000 to $179,999",S,,suppressed,
2023,Refrigerated medicine spoiled:,Yes,"$180,000 to $199,999",S,,suppressed,
2023,Refrigerated medicine spoiled:,Yes,"$20,000 to $29,999",S,,suppressed,
2023,Refrigerated medicine spoiled:,Yes,"$200,000 or more",S,,suppressed,
2023,Refrigerated medicine spoiled:,Yes,"$30,000 to $39,999",103,103.0,ok,4.6443908991413725
2023,Refrigerated medicine spoiled:,Yes,"$40,000 to $49,999",S,,suppressed,
2023,Refrigerated medicine spoiled:,Yes,"$50,000 to $59,999",S,,suppressed,
2023,Refrigerated medicine spoiled:,Yes,"$60,000 to $79,999",S,,suppressed,
2023,Refrigerated medicine spoiled:,Yes,"$80,000 to $99,999",S,,suppressed,
2023,Refrigerated medicine spoiled:,Yes,"Less than $10,000",S,,suppressed,
2023,Selected Deficiencies,Broken plaster or peeling paint (interior),"$10,000 to $19,999",302,302.0,ok,5.713732805509369
2023,Selected Deficiencies,Broken plaster or peeling paint (interior),"$100,000 to $119,999",161,161.0,ok,5.087596335232384
2023,Selected Deficiencies,Broken plaster or peeling paint (interior),"$120,000 to $139,999",137,137.0,ok,4.927253685157205
2023,Selected Deficiencies,Broken plaster or peeling paint (interior),"$140,000 to $159,999",81,81.0,ok,4.406719247264253
2023,Selected Deficiencies,Broken plaster or peeling paint (interior),"$160,000 to $179,999",56,56.0,ok,4.04305126783455
2023,Selected Deficiencies,Broken plaster or peeling paint (interior),"$180,000 to $199,999",S,,suppressed,
2023,Selected Deficiencies,Broken plaster or peeling paint (interior),"$20,000 to $29,999",261,261.0,ok,5.568344503761097
2023,Selected Deficiencies,Broken plaster or peeling paint (interior),"$200,000 or more",126,126.0,ok,4.844187086458591
2023,Selected Deficiencies,Broken plaster or peeling paint (interior),"$30,000 to $39,999",298,298.0,ok,5.700443573390686
2023,Selected Deficiencies,Broken plaster or peeling paint (interior),"$40,000 to $49,999",211,211.0,ok,5.356586274672012
2023,Selected Deficiencies,Broken plaster or peeling paint (interior),"$50,000 to $59,999",198,198.0,ok,5.293304824724492
2023,Selected Deficiencies,Broken plaster or peeling paint (interior),"$60,000 to $79,999",381,381.0,ok,5.945420608606575
2023,Selected Deficiencies,Broken plaster or peeling paint (interior),"$80,000 to $99,999",311,311.0,ok,5.7430031878094825
2023,Selected Deficiencies,Broken plaster or peeling paint (interior),"Less than $10,000",349,349.0,ok,5.857933154483459
2023,Selected Deficiencies,Exposed wiring,"$10,000 to $19,999",336,336.0,ok,5.820082930352362
2023,Selected Deficiencies,Exposed wiring,"$100,000 to $119,999",293,293.0,ok,5.683579767338681
2023,Selected Deficiencies,Exposed wiring,"$120,000 to $139,999",168,168.0,ok,5.1298987149230735
2023,Selected Deficiencies,Exposed wiring,"$140,000 to $159,999",199,199.0,ok,5.298317366548036
2023,Selected Deficiencies,Exposed wiring,"$160,000 to $179,999",78,78.0,ok,4.3694478524670215
2023,Selected Deficiencies,Exposed wiring,"$180,000 to $199,999",62,62.0,ok,4.143134726391533
2023,Selected Deficiencies,Exposed wiring,"$20,000 to $29,999",292,292.0,ok,5.680172609017068
2023,Selected Deficiencies,Exposed wiring,"$200,000 or more",304,304.0,ok,5.720311776607412
2023,Selected Deficiencies,Exposed wiring,"$30,000 to $39,999",303,303.0,ok,5.717027701406222
2023,Selected Deficiencies,Exposed wiring,"$40,000 to $49,999",291,291.0,ok,5.676753802268282
2023,Selected Deficiencies,Exposed wiring,"$50,000 to $59,999",216,216.0,ok,5.37989735354046
2023,Selected Deficiencies,Exposed wiring,"$60,000 to $79,999",459,459.0,ok,6.131226489483141
2023,Selected Deficiencies,Exposed wiring,"$80,000 to $99,999",320,320.0,ok,5.771441123130016
2023,Selected Deficiencies,Exposed wiring,"Less than $10,000",400,400.0,ok,5.993961427306569
2023,Selected Deficiencies,Holes in floors,"$10,000 to $19,999",219,219.0,ok,5.393627546352361
2023,Selected Deficiencies,Holes in floors,"$100,000 to $119,999",101,101.0,ok,4.624972813284271
2023,Selected Deficiencies,Holes in floors,"$120,000 to $139,999",110,110.0,ok,4.709530201312334
2023,Selected Deficiencies,Holes in floors,"$140,000 to $159,999",S,,suppressed,
2023,Selected Deficiencies,Holes in floors,"$160,000 to $179,999",S,,suppressed,
2023,Selected Deficiencies,Holes in floors,"$180,000 to $199,999",S,,suppressed,
2023,Selected Deficiencies,Holes in floors,"$20,000 to $29,999",177,177.0,ok,5.181783550292085
2023,Selected Deficiencies,Holes in floors,"$200,000 or more",92,92.0,ok,4.532599493153256
2023,Selected Deficiencies,Holes in floors,"$30,000 to $39,999",137,137.0,ok,4.927253685157205
2023,Selected Deficiencies,Holes in floors,"$40,000 to $49,999",165,165.0,ok,5.111987788356544
2023,Selected Deficiencies,Holes in floors,"$50,000 to $59,999",111,111.0,ok,4.718498871295094
2023,Selected Deficiencies,Holes in floors,"$60,000 to $79,999",193,193.0,ok,5.267858159063328
2023,Selected Deficiencies,Holes in floors,"$80,000 to $99,999",125,125.0,ok,4.836281906951478
2023,Selected Deficiencies,Holes in floors,"Less than $10,000",244,244.0,ok,5.501258210544727
2023,Selected Deficiencies,No electrical wiring,"$10,000 to $19,999",S,,suppressed,
2023,Selected Deficiencies,No electrical wiring,"$100,000 to $119,999",S,,suppressed,
2023,Selected Deficiencies,No electrical wiring,"$120,000 to $139,999",S,,suppressed,
2023,Selected Deficiencies,No electrical wiring,"$140,000 to $159,999",.,,blank_or_na,
2023,Selected Deficiencies,No electrical wiring,"$160,000 to $179,999",S,,suppressed,
2023,Selected Deficiencies,No electrical wiring,"$180,000 to $199,999",.,,blank_or_na,
2023,Selected Deficiencies,No electrical wiring,"$20,000 to $29,999",S,,suppressed,
2023,Selected Deficiencies,No electrical wiring,"$200,000 or more",S,,suppressed,
2023,Selected Deficiencies,No electrical wiring,"$30,000 to $39,999",S,,suppressed,
2023,Selected Deficiencies,No electrical wiring,"$40,000 to $49,999",S,,suppressed,
2023,Selected Deficiencies,No electrical wiring,"$50,000 to $59,999",S,,suppressed,
2023,Selected Deficiencies,No electrical wiring,"$60,000 to $79,999",S,,suppressed,
2023,Selected Deficiencies,No electrical wiring,"$80,000 to $99,999",S,,suppressed,
2023,Selected Deficiencies,No electrical wiring,"Less than $10,000",S,,suppressed,
2023,Selected Deficiencies,Open cracks or holes (interior),"$10,000 to $19,999",671,671.0,ok,6.51025834052315
2023,Selected Deficiencies,Open cracks or holes (interior),"$100,000 to $119,999",449,449.0,ok,6.1092475827643655
2023,Selected Deficiencies,Open cracks or holes (interior),"$120,000 to $139,999",383,383.0,ok,5.950642552587727
2023,Selected Deficiencies,Open cracks or holes (interior),"$140,000 to $159,999",297,297.0,ok,5.697093486505405
2023,Selected Deficiencies,Open cracks or holes (interior),"$160,000 to $179,999",180,180.0,ok,5.198497031265826
2023,Selected Deficiencies,Open cracks or holes (interior),"$180,000 to $199,999",133,133.0,ok,4.897839799950911
2023,Selected Deficiencies,Open cracks or holes (interior),"$20,000 to $29,999",633,633.0,ok,6.452048954437226
2023,Selected Deficiencies,Open cracks or holes (interior),"$200,000 or more",498,498.0,ok,6.212606095751519
2023,Selected Deficiencies,Open cracks or holes (interior),"$30,000 to $39,999",661,661.0,ok,6.495265555937008
2023,Selected Deficiencies,Open cracks or holes (interior),"$40,000 to $49,999",651,651.0,ok,6.480044561926653
2023,Selected Deficiencies,Open cracks or holes (interior),"$50,000 to $59,999",466,466.0,ok,6.1463292576688975
2023,Selected Deficiencies,Open cracks or holes (interior),"$60,000 to $79,999",905,905.0,ok,6.80903930604298
2023,Selected Deficiencies,Open cracks or holes (interior),"$80,000 to $99,999",618,618.0,ok,6.428105272684596
2023,Selected Deficiencies,Open cracks or holes (interior),"Less than $10,000",610,610.0,ok,6.415096959171596
2023,Selected Deficiencies,Rooms without electric outlets,"$10,000 to $19,999",213,213.0,ok,5.365976015021851
2023,Selected Deficiencies,Rooms without electric outlets,"$100,000 to $119,999",88,88.0,ok,4.48863636973214
2023,Selected Deficiencies,Rooms without electric outlets,"$120,000 to $139,999",91,91.0,ok,4.5217885770490405
2023,Selected Deficiencies,Rooms without electric outlets,"$140,000 to $159,999",79,79.0,ok,4.382026634673881
2023,Selected Deficiencies,Rooms without electric outlets,"$160,000 to $179,999",S,,suppressed,
2023,Selected Deficiencies,Rooms without electric outlets,"$180,000 to $199,999",S,,suppressed,
2023,Selected Deficiencies,Rooms without electric outlets,"$20,000 to $29,999",159,159.0,ok,5.075173815233827
2023,Selected Deficiencies,Rooms without electric outlets,"$200,000 or more",178,178.0,ok,5.187385805840755
2023,Selected Deficiencies,Rooms without electric outlets,"$30,000 to $39,999",236,236.0,ok,5.4680601411351315
2023,Selected Deficiencies,Rooms without electric outlets,"$40,000 to $49,999",170,170.0,ok,5.14166355650266
2023,Selected Deficiencies,Rooms without electric outlets,"$50,000 to $59,999",197,197.0,ok,5.288267030694535
2023,Selected Deficiencies,Rooms without electric outlets,"$60,000 to $79,999",239,239.0,ok,5.480638923341991
2023,Selected Deficiencies,Rooms without electric outlets,"$80,000 to $99,999",249,249.0,ok,5.521460917862246
2023,Selected Deficiencies,Rooms without electric outlets,"Less than $10,000",230,230.0,ok,5.442417710521793
2023,Selected Deficiencies,Signs of cockroaches in last 12 months,"$10,000 to $19,999","1,462",1462.0,ok,7.288244401020124
2023,Selected Deficiencies,Signs of cockroaches in last 12 months,"$100,000 to $119,999",956,956.0,ok,6.863803391452954
2023,Selected Deficiencies,Signs of cockroaches in last 12 months,"$120,000 to $139,999",706,706.0,ok,6.561030665896573
2023,Selected Deficiencies,Signs of cockroaches in last 12 months,"$140,000 to $159,999",705,705.0,ok,6.559615237493242
2023,Selected Deficiencies,Signs of cockroaches in last 12 months,"$160,000 to $179,999",379,379.0,ok,5.940171252720432
2023,Selected Deficiencies,Signs of cockroaches in last 12 months,"$180,000 to $199,999",269,269.0,ok,5.598421958998375
2023,Selected Deficiencies,Signs of cockroaches in last 12 months,"$20,000 to $29,999","1,437",1437.0,ok,7.271008538280992
2023,Selected Deficiencies,Signs of cockroaches in last 12 months,"$200,000 or more","1,175",1175.0,ok,7.069874128458572
2023,Selected Deficiencies,Signs of cockroaches in last 12 months,"$30,000 to $39,999","1,477",1477.0,ok,7.298445101508147
2023,Selected Deficiencies,Signs of cockroaches in last 12 months,"$40,000 to $49,999","1,180",1180.0,ok,7.074116816197362
2023,Selected Deficiencies,Signs of cockroaches in last 12 months,"$50,000 to $59,999","1,057",1057.0,ok,6.964135612418245
2023,Selected Deficiencies,Signs of cockroaches in last 12 months,"$60,000 to $79,999","1,959",1959.0,ok,7.580699752224563
2023,Selected Deficiencies,Signs of cockroaches in last 12 months,"$80,000 to $99,999","1,439",1439.0,ok,7.272398392570047
2023,Selected Deficiencies,Signs of cockroaches in last 12 months,"Less than $10,000","1,527",1527.0,ok,7.331714969726466
2023,Selected Deficiencies,Signs of mice or rats inside home in last 12 months,"$10,000 to $19,999","1,325",1325.0,ok,7.189922170745808
2023,Selected Deficiencies,Signs of mice or rats inside home in last 12 months,"$100,000 to $119,999","1,090",1090.0,ok,6.994849985833071
2023,Selected Deficiencies,Signs of mice or rats inside home in last 12 months,"$120,000 to $139,999",894,894.0,ok,6.796823718274855
2023,Selected Deficiencies,Signs of mice or rats inside home in last 12 months,"$140,000 to $159,999",695,695.0,ok,6.54534966033442
2023,Selected Deficiencies,Signs of mice or rats inside home in last 12 months,"$160,000 to $179,999",551,551.0,ok,6.313548046277095
2023,Selected Deficiencies,Signs of mice or rats inside home in last 12 months,"$180,000 to $199,999",375,375.0,ok,5.929589143389895
2023,Selected Deficiencies,Signs of mice or rats inside home in last 12 months,"$20,000 to $29,999","1,162",1162.0,ok,7.0587581525186645
2023,Selected Deficiencies,Signs of mice or rats inside home in last 12 months,"$200,000 or more","1,595",1595.0,ok,7.375255778009754
2023,Selected Deficiencies,Signs of mice or rats inside home in last 12 months,"$30,000 to $39,999","1,242",1242.0,ok,7.1252830915107115
2023,Selected Deficiencies,Signs of mice or rats inside home in last 12 months,"$40,000 to $49,999","1,165",1165.0,ok,7.061334366910438
2023,Selected Deficiencies,Signs of mice or rats inside home in last 12 months,"$50,000 to $59,999","1,161",1161.0,ok,7.057897937411856
2023,Selected Deficiencies,Signs of mice or rats inside home in last 12 months,"$60,000 to $79,999","1,869",1869.0,ok,7.533693709848633
2023,Selected Deficiencies,Signs of mice or rats inside home in last 12 months,"$80,000 to $99,999","1,494",1494.0,ok,7.3098814858247865
2023,Selected Deficiencies,Signs of mice or rats inside home in last 12 months,"Less than $10,000","1,121",1121.0,ok,7.022868086082641
2023,Sewage Disposal Breakdowns,No breakdowns in last 3 months,"$10,000 to $19,999","7,172",7172.0,ok,8.878079256126435
2023,Sewage Disposal Breakdowns,No breakdowns in last 3 months,"$100,000 to $119,999","7,955",7955.0,ok,8.981681639973862
2023,Sewage Disposal Breakdowns,No breakdowns in last 3 months,"$120,000 to $139,999","6,641",6641.0,ok,8.801168401936692
2023,Sewage Disposal Breakdowns,No breakdowns in last 3 months,"$140,000 to $159,999","5,451",5451.0,ok,8.603737792816423
2023,Sewage Disposal Breakdowns,No breakdowns in last 3 months,"$160,000 to $179,999","3,712",3712.0,ok,8.21959545417708
2023,Sewage Disposal Breakdowns,No breakdowns in last 3 months,"$180,000 to $199,999","2,788",2788.0,ok,7.933438387627489
2023,Sewage Disposal Breakdowns,No breakdowns in last 3 months,"$20,000 to $29,999","7,504",7504.0,ok,8.923324744067562
2023,Sewage Disposal Breakdowns,No breakdowns in last 3 months,"$200,000 or more","11,869",11869.0,ok,9.381769487603714
2023,Sewage Disposal Breakdowns,No breakdowns in last 3 months,"$30,000 to $39,999","7,787",7787.0,ok,8.960339366492091
2023,Sewage Disposal Breakdowns,No breakdowns in last 3 months,"$40,000 to $49,999","7,632",7632.0,ok,8.94023623179847
2023,Sewage Disposal Breakdowns,No breakdowns in last 3 months,"$50,000 to $59,999","7,291",7291.0,ok,8.894533135798554
2023,Sewage Disposal Breakdowns,No breakdowns in last 3 months,"$60,000 to $79,999","13,020",13020.0,ok,9.474318717728728
2023,Sewage Disposal Breakdowns,No breakdowns in last 3 months,"$80,000 to $99,999","10,422",10422.0,ok,9.251770181739323
2023,Sewage Disposal Breakdowns,No breakdowns in last 3 months,"Less than $10,000","7,727",7727.0,ok,8.952605375892354
2023,Sewage Disposal Breakdowns,No breakdowns lasting 6 hours or more,"$10,000 to $19,999",S,,suppressed,
2023,Sewage Disposal Breakdowns,No breakdowns lasting 6 hours or more,"$100,000 to $119,999",S,,suppressed,
2023,Sewage Disposal Breakdowns,No breakdowns lasting 6 hours or more,"$120,000 to $139,999",S,,suppressed,
2023,Sewage Disposal Breakdowns,No breakdowns lasting 6 hours or more,"$140,000 to $159,999",S,,suppressed,
2023,Sewage Disposal Breakdowns,No breakdowns lasting 6 hours or more,"$160,000 to $179,999",S,,suppressed,
2023,Sewage Disposal Breakdowns,No breakdowns lasting 6 hours or more,"$180,000 to $199,999",S,,suppressed,
2023,Sewage Disposal Breakdowns,No breakdowns lasting 6 hours or more,"$20,000 to $29,999",S,,suppressed,
2023,Sewage Disposal Breakdowns,No breakdowns lasting 6 hours or more,"$200,000 or more",S,,suppressed,
2023,Sewage Disposal Breakdowns,No breakdowns lasting 6 hours or more,"$30,000 to $39,999",S,,suppressed,
2023,Sewage Disposal Breakdowns,No breakdowns lasting 6 hours or more,"$40,000 to $49,999",S,,suppressed,
2023,Sewage Disposal Breakdowns,No breakdowns lasting 6 hours or more,"$50,000 to $59,999",S,,suppressed,
2023,Sewage Disposal Breakdowns,No breakdowns lasting 6 hours or more,"$60,000 to $79,999",S,,suppressed,
2023,Sewage Disposal Breakdowns,No breakdowns lasting 6 hours or more,"$80,000 to $99,999",S,,suppressed,
2023,Sewage Disposal Breakdowns,No breakdowns lasting 6 hours or more,"Less than $10,000",S,,suppressed,
2023,Sewage Disposal Breakdowns,With breakdown(s) in last 3 months,"$10,000 to $19,999",109,109.0,ok,4.700480365792417
2023,Sewage Disposal Breakdowns,With breakdown(s) in last 3 months,"$100,000 to $119,999",S,,suppressed,
2023,Sewage Disposal Breakdowns,With breakdown(s) in last 3 months,"$120,000 to $139,999",84,84.0,ok,4.442651256490317
2023,Sewage Disposal Breakdowns,With breakdown(s) in last 3 months,"$140,000 to $159,999",S,,suppressed,
2023,Sewage Disposal Breakdowns,With breakdown(s) in last 3 months,"$160,000 to $179,999",S,,suppressed,
2023,Sewage Disposal Breakdowns,With breakdown(s) in last 3 months,"$180,000 to $199,999",S,,suppressed,
2023,Sewage Disposal Breakdowns,With breakdown(s) in last 3 months,"$20,000 to $29,999",106,106.0,ok,4.672828834461906
2023,Sewage Disposal Breakdowns,With breakdown(s) in last 3 months,"$200,000 or more",88,88.0,ok,4.48863636973214
2023,Sewage Disposal Breakdowns,With breakdown(s) in last 3 months,"$30,000 to $39,999",95,95.0,ok,4.564348191467836
2023,Sewage Disposal Breakdowns,With breakdown(s) in last 3 months,"$40,000 to $49,999",83,83.0,ok,4.430816798843313
2023,Sewage Disposal Breakdowns,With breakdown(s) in last 3 months,"$50,000 to $59,999",119,119.0,ok,4.787491742782046
2023,Sewage Disposal Breakdowns,With breakdown(s) in last 3 months,"$60,000 to $79,999",172,172.0,ok,5.153291594497779
2023,Sewage Disposal Breakdowns,With breakdown(s) in last 3 months,"$80,000 to $99,999",90,90.0,ok,4.51085950651685
2023,Sewage Disposal Breakdowns,With breakdown(s) in last 3 months,"Less than $10,000",168,168.0,ok,5.1298987149230735
2023,Sewage Disposal Breakdowns,With public sewer,"$10,000 to $19,999","7,282",7282.0,ok,8.893298144217916
2023,Sewage Disposal Breakdowns,With public sewer,"$100,000 to $119,999","8,001",8001.0,ok,8.98744678941718
2023,Sewage Disposal Breakdowns,With public sewer,"$120,000 to $139,999","6,725",6725.0,ok,8.813735892300215
2023,Sewage Disposal Breakdowns,With public sewer,"$140,000 to $159,999","5,509",5509.0,ok,8.61431990214696
2023,Sewage Disposal Breakdowns,With public sewer,"$160,000 to $179,999","3,730",3730.0,ok,8.224431573221159
2023,Sewage Disposal Breakdowns,With public sewer,"$180,000 to $199,999","2,813",2813.0,ok,7.942362237674335
2023,Sewage Disposal Breakdowns,With public sewer,"$20,000 to $29,999","7,610",7610.0,ok,8.937349848267392
2023,Sewage Disposal Breakdowns,With public sewer,"$200,000 or more","11,957",11957.0,ok,9.38915578944085
2023,Sewage Disposal Breakdowns,With public sewer,"$30,000 to $39,999","7,881",7881.0,ok,8.97233695775495
2023,Sewage Disposal Breakdowns,With public sewer,"$40,000 to $49,999","7,714",7714.0,ok,8.950921764797261
2023,Sewage Disposal Breakdowns,With public sewer,"$50,000 to $59,999","7,410",7410.0,ok,8.910720661951359
2023,Sewage Disposal Breakdowns,With public sewer,"$60,000 to $79,999","13,193",13193.0,ok,9.487517459782817
2023,Sewage Disposal Breakdowns,With public sewer,"$80,000 to $99,999","10,512",10512.0,ok,9.26036786557583
2023,Sewage Disposal Breakdowns,With public sewer,"Less than $10,000","7,895",7895.0,ok,8.974111581113318
2023,Visited emergency room within last 12 months due to heat:,No,"$10,000 to $19,999","8,456",8456.0,ok,9.042749779782222
2023,Visited emergency room within last 12 months due to heat:,No,"$100,000 to $119,999","9,770",9770.0,ok,9.187174093944343
2023,Visited emergency room within last 12 months due to heat:,No,"$120,000 to $139,999","8,028",8028.0,ok,8.990815266184685
2023,Visited emergency room within last 12 months due to heat:,No,"$140,000 to $159,999","6,200",6200.0,ok,8.732465848349879
2023,Visited emergency room within last 12 months due to heat:,No,"$160,000 to $179,999","4,327",4327.0,ok,8.372860820526318
2023,Visited emergency room within last 12 months due to heat:,No,"$180,000 to $199,999","3,154",3154.0,ok,8.056743774975313
2023,Visited emergency room within last 12 months due to heat:,No,"$20,000 to $29,999","8,653",8653.0,ok,9.06577692078483
2023,Visited emergency room within last 12 months due to heat:,No,"$200,000 or more","14,218",14218.0,ok,9.562334377396374
2023,Visited emergency room within last 12 months due to heat:,No,"$30,000 to $39,999","9,317",9317.0,ok,9.139703292376742
2023,Visited emergency room within last 12 months due to heat:,No,"$40,000 to $49,999","9,055",9055.0,ok,9.111182800442965
2023,Visited emergency room within last 12 months due to heat:,No,"$50,000 to $59,999","8,728",8728.0,ok,9.07440609473535
2023,Visited emergency room within last 12 months due to heat:,No,"$60,000 to $79,999","15,890",15890.0,ok,9.673508190212637
2023,Visited emergency room within last 12 months due to heat:,No,"$80,000 to $99,999","12,420",12420.0,ok,9.427143867544194
2023,Visited emergency room within last 12 months due to heat:,No,"Less than $10,000","8,651",8651.0,ok,9.06554578707295
2023,Visited emergency room within last 12 months due to heat:,Not reported,"$10,000 to $19,999",250,250.0,ok,5.5254529391317835
2023,Visited emergency room within last 12 months due to heat:,Not reported,"$100,000 to $119,999",260,260.0,ok,5.564520407322694
2023,Visited emergency room within last 12 months due to heat:,Not reported,"$120,000 to $139,999",269,269.0,ok,5.598421958998375
2023,Visited emergency room within last 12 months due to heat:,Not reported,"$140,000 to $159,999",134,134.0,ok,4.90527477843843
2023,Visited emergency room within last 12 months due to heat:,Not reported,"$160,000 to $179,999",187,187.0,ok,5.236441962829949
2023,Visited emergency room within last 12 months due to heat:,Not reported,"$180,000 to $199,999",S,,suppressed,
2023,Visited emergency room within last 12 months due to heat:,Not reported,"$20,000 to $29,999",248,248.0,ok,5.517452896464707
2023,Visited emergency room within last 12 months due to heat:,Not reported,"$200,000 or more",375,375.0,ok,5.929589143389895
2023,Visited emergency room within last 12 months due to heat:,Not reported,"$30,000 to $39,999",336,336.0,ok,5.820082930352362
2023,Visited emergency room within last 12 months due to heat:,Not reported,"$40,000 to $49,999",292,292.0,ok,5.680172609017068
2023,Visited emergency room within last 12 months due to heat:,Not reported,"$50,000 to $59,999",302,302.0,ok,5.713732805509369
2023,Visited emergency room within last 12 months due to heat:,Not reported,"$60,000 to $79,999",383,383.0,ok,5.950642552587727
2023,Visited emergency room within last 12 months due to heat:,Not reported,"$80,000 to $99,999",471,471.0,ok,6.156978985585555
2023,Visited emergency room within last 12 months due to heat:,Not reported,"Less than $10,000",448,448.0,ok,6.1070228877422545
2023,Visited emergency room within last 12 months due to heat:,Yes,"$10,000 to $19,999",295,295.0,ok,5.69035945432406
2023,Visited emergency room within last 12 months due to heat:,Yes,"$100,000 to $119,999",137,137.0,ok,4.927253685157205
2023,Visited emergency room within last 12 months due to heat:,Yes,"$120,000 to $139,999",89,89.0,ok,4.499809670330265
2023,Visited emergency room within last 12 months due to heat:,Yes,"$140,000 to $159,999",94,94.0,ok,4.553876891600541
2023,Visited emergency room within last 12 months due to heat:,Yes,"$160,000 to $179,999",S,,suppressed,
2023,Visited emergency room within last 12 months due to heat:,Yes,"$180,000 to $199,999",S,,suppressed,
2023,Visited emergency room within last 12 months due to heat:,Yes,"$20,000 to $29,999",279,279.0,ok,5.634789603169249
2023,Visited emergency room within last 12 months due to heat:,Yes,"$200,000 or more",190,190.0,ok,5.25227342804663
2023,Visited emergency room within last 12 months due to heat:,Yes,"$30,000 to $39,999",251,251.0,ok,5.529429087511423
2023,Visited emergency room within last 12 months due to heat:,Yes,"$40,000 to $49,999",220,220.0,ok,5.3981627015177525
2023,Visited emergency room within last 12 months due to heat:,Yes,"$50,000 to $59,999",151,151.0,ok,5.0238805208462765
2023,Visited emergency room within last 12 months due to heat:,Yes,"$60,000 to $79,999",142,142.0,ok,4.962844630259907
2023,Visited emergency room within last 12 months due to heat:,Yes,"$80,000 to $99,999",157,157.0,ok,5.062595033026967
2023,Visited emergency room within last 12 months due to heat:,Yes,"Less than $10,000",259,259.0,ok,5.560681631015528
2023,Water Leakage During Last 12 Months,Basement,"$10,000 to $19,999",134,134.0,ok,4.90527477843843
2023,Water Leakage During Last 12 Months,Basement,"$100,000 to $119,999",299,299.0,ok,5.703782474656201
2023,Water Leakage During Last 12 Months,Basement,"$120,000 to $139,999",157,157.0,ok,5.062595033026967
2023,Water Leakage During Last 12 Months,Basement,"$140,000 to $159,999",163,163.0,ok,5.099866427824199
2023,Water Leakage During Last 12 Months,Basement,"$160,000 to $179,999",104,104.0,ok,4.653960350157523
2023,Water Leakage During Last 12 Months,Basement,"$180,000 to $199,999",103,103.0,ok,4.6443908991413725
2023,Water Leakage During Last 12 Months,Basement,"$20,000 to $29,999",128,128.0,ok,4.859812404361672
2023,Water Leakage During Last 12 Months,Basement,"$200,000 or more",372,372.0,ok,5.921578419643816
2023,Water Leakage During Last 12 Months,Basement,"$30,000 to $39,999",188,188.0,ok,5.241747015059643
2023,Water Leakage During Last 12 Months,Basement,"$40,000 to $49,999",197,197.0,ok,5.288267030694535
2023,Water Leakage During Last 12 Months,Basement,"$50,000 to $59,999",228,228.0,ok,5.43372200355424
2023,Water Leakage During Last 12 Months,Basement,"$60,000 to $79,999",356,356.0,ok,5.877735781779639
2023,Water Leakage During Last 12 Months,Basement,"$80,000 to $99,999",290,290.0,ok,5.673323267171493
2023,Water Leakage During Last 12 Months,Basement,"Less than $10,000",74,74.0,ok,4.31748811353631
2023,Water Leakage During Last 12 Months,Broken water heater,"$10,000 to $19,999",72,72.0,ok,4.290459441148391
2023,Water Leakage During Last 12 Months,Broken water heater,"$100,000 to $119,999",83,83.0,ok,4.430816798843313
2023,Water Leakage During Last 12 Months,Broken water heater,"$120,000 to $139,999",43,43.0,ok,3.784189633918261
2023,Water Leakage During Last 12 Months,Broken water heater,"$140,000 to $159,999",64,64.0,ok,4.174387269895637
2023,Water Leakage During Last 12 Months,Broken water heater,"$160,000 to $179,999",51,51.0,ok,3.9512437185814275
2023,Water Leakage During Last 12 Months,Broken water heater,"$180,000 to $199,999",S,,suppressed,
2023,Water Leakage During Last 12 Months,Broken water heater,"$20,000 to $29,999",96,96.0,ok,4.574710978503383
2023,Water Leakage During Last 12 Months,Broken water heater,"$200,000 or more",102,102.0,ok,4.634728988229636
2023,Water Leakage During Last 12 Months,Broken water heater,"$30,000 to $39,999",59,59.0,ok,4.0943445622221
2023,Water Leakage During Last 12 Months,Broken water heater,"$40,000 to $49,999",82,82.0,ok,4.418840607796598
2023,Water Leakage During Last 12 Months,Broken water heater,"$50,000 to $59,999",S,,suppressed,
2023,Water Leakage During Last 12 Months,Broken water heater,"$60,000 to $79,999",132,132.0,ok,4.890349128221754
2023,Water Leakage During Last 12 Months,Broken water heater,"$80,000 to $99,999",99,99.0,ok,4.605170185988092
2023,Water Leakage During Last 12 Months,Broken water heater,"Less than $10,000",95,95.0,ok,4.564348191467836
2023,Water Leakage During Last 12 Months,Fixtures backed up or overflowed,"$10,000 to $19,999",188,188.0,ok,5.241747015059643
2023,Water Leakage During Last 12 Months,Fixtures backed up or overflowed,"$100,000 to $119,999",283,283.0,ok,5.648974238161206
2023,Water Leakage During Last 12 Months,Fixtures backed up or overflowed,"$120,000 to $139,999",139,139.0,ok,4.941642422609304
2023,Water Leakage During Last 12 Months,Fixtures backed up or overflowed,"$140,000 to $159,999",147,147.0,ok,4.997212273764115
2023,Water Leakage During Last 12 Months,Fixtures backed up or overflowed,"$160,000 to $179,999",80,80.0,ok,4.394449154672439
2023,Water Leakage During Last 12 Months,Fixtures backed up or overflowed,"$180,000 to $199,999",52,52.0,ok,3.970291913552122
2023,Water Leakage During Last 12 Months,Fixtures backed up or overflowed,"$20,000 to $29,999",177,177.0,ok,5.181783550292085
2023,Water Leakage During Last 12 Months,Fixtures backed up or overflowed,"$200,000 or more",321,321.0,ok,5.7745515455444085
2023,Water Leakage During Last 12 Months,Fixtures backed up or overflowed,"$30,000 to $39,999",166,166.0,ok,5.117993812416755
2023,Water Leakage During Last 12 Months,Fixtures backed up or overflowed,"$40,000 to $49,999",184,184.0,ok,5.220355825078325
2023,Water Leakage During Last 12 Months,Fixtures backed up or overflowed,"$50,000 to $59,999",197,197.0,ok,5.288267030694535
2023,Water Leakage During Last 12 Months,Fixtures backed up or overflowed,"$60,000 to $79,999",341,341.0,ok,5.834810737062605
2023,Water Leakage During Last 12 Months,Fixtures backed up or overflowed,"$80,000 to $99,999",219,219.0,ok,5.393627546352361
2023,Water Leakage During Last 12 Months,Fixtures backed up or overflowed,"Less than $10,000",164,164.0,ok,5.10594547390058
2023,Water Leakage During Last 12 Months,No leakage from inside structure,"$10,000 to $19,999","8,157",8157.0,ok,9.006754319877503
2023,Water Leakage During Last 12 Months,No leakage from inside structure,"$100,000 to $119,999","9,182",9182.0,ok,9.125109227613523
2023,Water Leakage During Last 12 Months,No leakage from inside structure,"$120,000 to $139,999","7,628",7628.0,ok,8.93971205409023
2023,Water Leakage During Last 12 Months,No leakage from inside structure,"$140,000 to $159,999","6,052",6052.0,ok,8.708309295891688
2023,Water Leakage During Last 12 Months,No leakage from inside structure,"$160,000 to $179,999","4,321",4321.0,ok,8.371473537066832
2023,Water Leakage During Last 12 Months,No leakage from inside structure,"$180,000 to $199,999","3,148",3148.0,ok,8.054840221101024
2023,Water Leakage During Last 12 Months,No leakage from inside structure,"$20,000 to $29,999","8,565",8565.0,ok,9.055556158175316
2023,Water Leakage During Last 12 Months,No leakage from inside structure,"$200,000 or more","13,222",13222.0,ok,9.489713016556824
2023,Water Leakage During Last 12 Months,No leakage from inside structure,"$30,000 to $39,999","8,942",8942.0,ok,9.09862638234618
2023,Water Leakage During Last 12 Months,No leakage from inside structure,"$40,000 to $49,999","8,658",8658.0,ok,9.066354521447801
2023,Water Leakage During Last 12 Months,No leakage from inside structure,"$50,000 to $59,999","8,503",8503.0,ok,9.048291920021784
2023,Water Leakage During Last 12 Months,No leakage from inside structure,"$60,000 to $79,999","14,995",14995.0,ok,9.615538777855802
2023,Water Leakage During Last 12 Months,No leakage from inside structure,"$80,000 to $99,999","12,094",12094.0,ok,9.400547423044127
2023,Water Leakage During Last 12 Months,No leakage from inside structure,"Less than $10,000","8,550",8550.0,ok,9.053803514155955
2023,Water Leakage During Last 12 Months,No leakage from outside structure,"$10,000 to $19,999","8,160",8160.0,ok,9.007121989469242
2023,Water Leakage During Last 12 Months,No leakage from outside structure,"$100,000 to $119,999","9,094",9094.0,ok,9.115480090952223
2023,Water Leakage During Last 12 Months,No leakage from outside structure,"$120,000 to $139,999","7,575",7575.0,ok,8.932740634865914
2023,Water Leakage During Last 12 Months,No leakage from outside structure,"$140,000 to $159,999","6,030",6030.0,ok,8.704668113450987
2023,Water Leakage During Last 12 Months,No leakage from outside structure,"$160,000 to $179,999","4,295",4295.0,ok,8.3654396361887
2023,Water Leakage During Last 12 Months,No leakage from outside structure,"$180,000 to $199,999","3,191",3191.0,ok,8.068402958569699
2023,Water Leakage During Last 12 Months,No leakage from outside structure,"$20,000 to $29,999","8,569",8569.0,ok,9.056023011591826
2023,Water Leakage During Last 12 Months,No leakage from outside structure,"$200,000 or more","13,095",13095.0,ok,9.48006211905097
2023,Water Leakage During Last 12 Months,No leakage from outside structure,"$30,000 to $39,999","8,933",8933.0,ok,9.097619501912064
2023,Water Leakage During Last 12 Months,No leakage from outside structure,"$40,000 to $49,999","8,563",8563.0,ok,9.055322649709574
2023,Water Leakage During Last 12 Months,No leakage from outside structure,"$50,000 to $59,999","8,390",8390.0,ok,9.03491498187007
2023,Water Leakage During Last 12 Months,No leakage from outside structure,"$60,000 to $79,999","15,059",15059.0,ok,9.619797501353885
2023,Water Leakage During Last 12 Months,No leakage from outside structure,"$80,000 to $99,999","11,986",11986.0,ok,9.3915780082071
2023,Water Leakage During Last 12 Months,No leakage from outside structure,"Less than $10,000","8,534",8534.0,ok,9.05193063522854
2023,Water Leakage During Last 12 Months,Other or unknown (includes not reported),"$10,000 to $19,999",272,272.0,ok,5.60947179518496
2023,Water Leakage During Last 12 Months,Other or unknown (includes not reported),"$100,000 to $119,999",187,187.0,ok,5.236441962829949
2023,Water Leakage During Last 12 Months,Other or unknown (includes not reported),"$120,000 to $139,999",197,197.0,ok,5.288267030694535
2023,Water Leakage During Last 12 Months,Other or unknown (includes not reported),"$140,000 to $159,999",201,201.0,ok,5.308267697401205
2023,Water Leakage During Last 12 Months,Other or unknown (includes not reported),"$160,000 to $179,999",81,81.0,ok,4.406719247264253
2023,Water Leakage During Last 12 Months,Other or unknown (includes not reported),"$180,000 to $199,999",113,113.0,ok,4.736198448394496
2023,Water Leakage During Last 12 Months,Other or unknown (includes not reported),"$20,000 to $29,999",185,185.0,ok,5.225746673713202
2023,Water Leakage During Last 12 Months,Other or unknown (includes not reported),"$200,000 or more",425,425.0,ok,6.054439346269371
2023,Water Leakage During Last 12 Months,Other or unknown (includes not reported),"$30,000 to $39,999",189,189.0,ok,5.247024072160486
2023,Water Leakage During Last 12 Months,Other or unknown (includes not reported),"$40,000 to $49,999",290,290.0,ok,5.673323267171493
2023,Water Leakage During Last 12 Months,Other or unknown (includes not reported),"$50,000 to $59,999",221,221.0,ok,5.402677381872279
2023,Water Leakage During Last 12 Months,Other or unknown (includes not reported),"$60,000 to $79,999",457,457.0,ok,6.126869184114185
2023,Water Leakage During Last 12 Months,Other or unknown (includes not reported),"$80,000 to $99,999",289,289.0,ok,5.66988092298052
2023,Water Leakage During Last 12 Months,Other or unknown (includes not reported),"Less than $10,000",232,232.0,ok,5.4510384535657
2023,Water Leakage During Last 12 Months,Pipes leaked,"$10,000 to $19,999",376,376.0,ok,5.932245187448011
2023,Water Leakage During Last 12 Months,Pipes leaked,"$100,000 to $119,999",377,377.0,ok,5.934894195619588
2023,Water Leakage During Last 12 Months,Pipes leaked,"$120,000 to $139,999",242,242.0,ok,5.493061443340548
2023,Water Leakage During Last 12 Months,Pipes leaked,"$140,000 to $159,999",207,207.0,ok,5.337538079701318
2023,Water Leakage During Last 12 Months,Pipes leaked,"$160,000 to $179,999",159,159.0,ok,5.075173815233827
2023,Water Leakage During Last 12 Months,Pipes leaked,"$180,000 to $199,999",147,147.0,ok,4.997212273764115
2023,Water Leakage During Last 12 Months,Pipes leaked,"$20,000 to $29,999",390,390.0,ok,5.968707559985366
2023,Water Leakage During Last 12 Months,Pipes leaked,"$200,000 or more",537,537.0,ok,6.2878585601617845
2023,Water Leakage During Last 12 Months,Pipes leaked,"$30,000 to $39,999",477,477.0,ok,6.169610732491456
2023,Water Leakage During Last 12 Months,Pipes leaked,"$40,000 to $49,999",331,331.0,ok,5.805134968916488
2023,Water Leakage During Last 12 Months,Pipes leaked,"$50,000 to $59,999",335,335.0,ok,5.817111159963204
2023,Water Leakage During Last 12 Months,Pipes leaked,"$60,000 to $79,999",573,573.0,ok,6.352629396319567
2023,Water Leakage During Last 12 Months,Pipes leaked,"$80,000 to $99,999",413,413.0,ok,6.025865973825314
2023,Water Leakage During Last 12 Months,Pipes leaked,"Less than $10,000",300,300.0,ok,5.707110264748875
2023,Water Leakage During Last 12 Months,Roof,"$10,000 to $19,999",468,468.0,ok,6.150602768446279
2023,Water Leakage During Last 12 Months,Roof,"$100,000 to $119,999",426,426.0,ok,6.056784013228625
2023,Water Leakage During Last 12 Months,Roof,"$120,000 to $139,999",306,306.0,ok,5.726847747587197
2023,Water Leakage During Last 12 Months,Roof,"$140,000 to $159,999",267,267.0,ok,5.5909869805108565
2023,Water Leakage During Last 12 Months,Roof,"$160,000 to $179,999",179,179.0,ok,5.19295685089021
2023,Water Leakage During Last 12 Months,Roof,"$180,000 to $199,999",129,129.0,ok,4.867534450455582
2023,Water Leakage During Last 12 Months,Roof,"$20,000 to $29,999",394,394.0,ok,5.978885764901122
2023,Water Leakage During Last 12 Months,Roof,"$200,000 or more",669,669.0,ok,6.507277712385012
2023,Water Leakage During Last 12 Months,Roof,"$30,000 to $39,999",387,387.0,ok,5.961005339623274
2023,Water Leakage During Last 12 Months,Roof,"$40,000 to $49,999",478,478.0,ok,6.171700597410915
2023,Water Leakage During Last 12 Months,Roof,"$50,000 to $59,999",498,498.0,ok,6.212606095751519
2023,Water Leakage During Last 12 Months,Roof,"$60,000 to $79,999",601,601.0,ok,6.400257445308821
2023,Water Leakage During Last 12 Months,Roof,"$80,000 to $99,999",560,560.0,ok,6.329720905522696
2023,Water Leakage During Last 12 Months,Roof,"Less than $10,000",469,469.0,ok,6.152732694704104
2023,Water Leakage During Last 12 Months,"Walls, closed windows, or doors","$10,000 to $19,999",212,212.0,ok,5.3612921657094255
2023,Water Leakage During Last 12 Months,"Walls, closed windows, or doors","$100,000 to $119,999",168,168.0,ok,5.1298987149230735
2023,Water Leakage During Last 12 Months,"Walls, closed windows, or doors","$120,000 to $139,999",150,150.0,ok,5.017279836814924
2023,Water Leakage During Last 12 Months,"Walls, closed windows, or doors","$140,000 to $159,999",120,120.0,ok,4.795790545596741
2023,Water Leakage During Last 12 Months,"Walls, closed windows, or doors","$160,000 to $179,999",72,72.0,ok,4.290459441148391
2023,Water Leakage During Last 12 Months,"Walls, closed windows, or doors","$180,000 to $199,999",61,61.0,ok,4.127134385045092
2023,Water Leakage During Last 12 Months,"Walls, closed windows, or doors","$20,000 to $29,999",168,168.0,ok,5.1298987149230735
2023,Water Leakage During Last 12 Months,"Walls, closed windows, or doors","$200,000 or more",294,294.0,ok,5.68697535633982
2023,Water Leakage During Last 12 Months,"Walls, closed windows, or doors","$30,000 to $39,999",226,226.0,ok,5.424950017481403
2023,Water Leakage During Last 12 Months,"Walls, closed windows, or doors","$40,000 to $49,999",191,191.0,ok,5.2574953720277815
2023,Water Leakage During Last 12 Months,"Walls, closed windows, or doors","$50,000 to $59,999",167,167.0,ok,5.123963979403259
2023,Water Leakage During Last 12 Months,"Walls, closed windows, or doors","$60,000 to $79,999",254,254.0,ok,5.541263545158426
2023,Water Leakage During Last 12 Months,"Walls, closed windows, or doors","$80,000 to $99,999",183,183.0,ok,5.214935757608986
2023,Water Leakage During Last 12 Months,"Walls, closed windows, or doors","Less than $10,000",191,191.0,ok,5.2574953720277815
2023,Water Leakage During Last 12 Months,With leakage from inside structure,"$10,000 to $19,999",853,853.0,ok,6.74993119378857
2023,Water Leakage During Last 12 Months,With leakage from inside structure,"$100,000 to $119,999",869,869.0,ok,6.76849321164863
2023,Water Leakage During Last 12 Months,With leakage from inside structure,"$120,000 to $139,999",609,609.0,ok,6.413458957167357
2023,Water Leakage During Last 12 Months,With leakage from inside structure,"$140,000 to $159,999",594,594.0,ok,6.38856140554563
2023,Water Leakage During Last 12 Months,With leakage from inside structure,"$160,000 to $179,999",359,359.0,ok,5.886104031450156
2023,Water Leakage During Last 12 Months,With leakage from inside structure,"$180,000 to $199,999",343,343.0,ok,5.840641657373398
2023,Water Leakage During Last 12 Months,With leakage from inside structure,"$20,000 to $29,999",804,804.0,ok,6.690842277418564
2023,Water Leakage During Last 12 Months,With leakage from inside structure,"$200,000 or more","1,329",1329.0,ok,7.1929342212158
2023,Water Leakage During Last 12 Months,With leakage from inside structure,"$30,000 to $39,999",843,843.0,ok,6.738152494595957
2023,Water Leakage During Last 12 Months,With leakage from inside structure,"$40,000 to $49,999",804,804.0,ok,6.690842277418564
2023,Water Leakage During Last 12 Months,With leakage from inside structure,"$50,000 to $59,999",754,754.0,ok,6.626717749249025
2023,Water Leakage During Last 12 Months,With leakage from inside structure,"$60,000 to $79,999","1,382",1382.0,ok,7.232010331664759
2023,Water Leakage During Last 12 Months,With leakage from inside structure,"$80,000 to $99,999",951,951.0,ok,6.858565034791365
2023,Water Leakage During Last 12 Months,With leakage from inside structure,"Less than $10,000",721,721.0,ok,6.582025138892826
2023,Water Leakage During Last 12 Months,With leakage from outside structure,"$10,000 to $19,999",850,850.0,ok,6.7464121285733745
2023,Water Leakage During Last 12 Months,With leakage from outside structure,"$100,000 to $119,999",957,957.0,ok,6.86484777797086
2023,Water Leakage During Last 12 Months,With leakage from outside structure,"$120,000 to $139,999",662,662.0,ok,6.4967749901858625
2023,Water Leakage During Last 12 Months,With leakage from outside structure,"$140,000 to $159,999",616,616.0,ok,6.424869023905388
2023,Water Leakage During Last 12 Months,With leakage from outside structure,"$160,000 to $179,999",384,384.0,ok,5.953243334287785
2023,Water Leakage During Last 12 Months,With leakage from outside structure,"$180,000 to $199,999",299,299.0,ok,5.703782474656201
2023,Water Leakage During Last 12 Months,With leakage from outside structure,"$20,000 to $29,999",800,800.0,ok,6.68586094706836
2023,Water Leakage During Last 12 Months,With leakage from outside structure,"$200,000 or more","1,456",1456.0,ok,7.284134806195205
2023,Water Leakage During Last 12 Months,With leakage from outside structure,"$30,000 to $39,999",852,852.0,ok,6.748759547491679
2023,Water Leakage During Last 12 Months,With leakage from outside structure,"$40,000 to $49,999",899,899.0,ok,6.802394763324311
2023,Water Leakage During Last 12 Months,With leakage from outside structure,"$50,000 to $59,999",868,868.0,ok,6.767343125265392
2023,Water Leakage During Last 12 Months,With leakage from outside structure,"$60,000 to $79,999","1,318",1318.0,ok,7.1846291527173145
2023,Water Leakage During Last 12 Months,With leakage from outside structure,"$80,000 to $99,999","1,059",1059.0,ok,6.966024187106113
2023,Water Leakage During Last 12 Months,With leakage from outside structure,"Less than $10,000",737,737.0,ok,6.6039438246004725
2023,Water Supply Stoppage,No stoppage in last 3 months,"$10,000 to $19,999","8,470",8470.0,ok,9.044403844431551
2023,Water Supply Stoppage,No stoppage in last 3 months,"$100,000 to $119,999","9,692",9692.0,ok,9.179159254492609
2023,Water Supply Stoppage,No stoppage in last 3 months,"$120,000 to $139,999","7,920",7920.0,ok,8.97727273946428
2023,Water Supply Stoppage,No stoppage in last 3 months,"$140,000 to $159,999","6,383",6383.0,ok,8.761550139129644
2023,Water Supply Stoppage,No stoppage in last 3 months,"$160,000 to $179,999","4,536",4536.0,ok,8.420021279663963
2023,Water Supply Stoppage,No stoppage in last 3 months,"$180,000 to $199,999","3,408",3408.0,ok,8.134174272137903
2023,Water Supply Stoppage,No stoppage in last 3 months,"$20,000 to $29,999","8,881",8881.0,ok,9.091782035852047
2023,Water Supply Stoppage,No stoppage in last 3 months,"$200,000 or more","14,079",14079.0,ok,9.552510629712033
2023,Water Supply Stoppage,No stoppage in last 3 months,"$30,000 to $39,999","9,287",9287.0,ok,9.136478523377727
2023,Water Supply Stoppage,No stoppage in last 3 months,"$40,000 to $49,999","8,957",8957.0,ok,9.100302266767246
2023,Water Supply Stoppage,No stoppage in last 3 months,"$50,000 to $59,999","8,782",8782.0,ok,9.080573313917117
2023,Water Supply Stoppage,No stoppage in last 3 months,"$60,000 to $79,999","15,616",15616.0,ok,9.656115343487846
2023,Water Supply Stoppage,No stoppage in last 3 months,"$80,000 to $99,999","12,556",12556.0,ok,9.438033557988964
2023,Water Supply Stoppage,No stoppage in last 3 months,"Less than $10,000","8,773",8773.0,ok,9.07954808172616
2023,Water Supply Stoppage,No stoppage lasting 6 hours or more,"$10,000 to $19,999",93,93.0,ok,4.543294782270004
2023,Water Supply Stoppage,No stoppage lasting 6 hours or more,"$100,000 to $119,999",76,76.0,ok,4.343805421853684
2023,Water Supply Stoppage,No stoppage lasting 6 hours or more,"$120,000 to $139,999",48,48.0,ok,3.8918202981106265
2023,Water Supply Stoppage,No stoppage lasting 6 hours or more,"$140,000 to $159,999",S,,suppressed,
2023,Water Supply Stoppage,No stoppage lasting 6 hours or more,"$160,000 to $179,999",S,,suppressed,
2023,Water Supply Stoppage,No stoppage lasting 6 hours or more,"$180,000 to $199,999",S,,suppressed,
2023,Water Supply Stoppage,No stoppage lasting 6 hours or more,"$20,000 to $29,999",77,77.0,ok,4.356708826689592
2023,Water Supply Stoppage,No stoppage lasting 6 hours or more,"$200,000 or more",119,119.0,ok,4.787491742782046
2023,Water Supply Stoppage,No stoppage lasting 6 hours or more,"$30,000 to $39,999",46,46.0,ok,3.8501476017100584
2023,Water Supply Stoppage,No stoppage lasting 6 hours or more,"$40,000 to $49,999",110,110.0,ok,4.709530201312334
2023,Water Supply Stoppage,No stoppage lasting 6 hours or more,"$50,000 to $59,999",93,93.0,ok,4.543294782270004
2023,Water Supply Stoppage,No stoppage lasting 6 hours or more,"$60,000 to $79,999",155,155.0,ok,5.049856007249537
2023,Water Supply Stoppage,No stoppage lasting 6 hours or more,"$80,000 to $99,999",130,130.0,ok,4.875197323201151
2023,Water Supply Stoppage,No stoppage lasting 6 hours or more,"Less than $10,000",58,58.0,ok,4.07753744390572
2023,Water Supply Stoppage,With hot and cold piped water,"$10,000 to $19,999","8,925",8925.0,ok,9.096723645189215
2023,Water Supply Stoppage,With hot and cold piped water,"$100,000 to $119,999","10,043",10043.0,ok,9.214730720277476
2023,Water Supply Stoppage,With hot and cold piped water,"$120,000 to $139,999","8,237",8237.0,ok,9.016512874996026
2023,Water Supply Stoppage,With hot and cold piped water,"$140,000 to $159,999","6,646",6646.0,ok,8.801920904041582
2023,Water Supply Stoppage,With hot and cold piped water,"$160,000 to $179,999","4,669",4669.0,ok,8.448914350662942
2023,Water Supply Stoppage,With hot and cold piped water,"$180,000 to $199,999","3,489",3489.0,ok,8.157657015196472
2023,Water Supply Stoppage,With hot and cold piped water,"$20,000 to $29,999","9,335",9335.0,ok,9.141633173966392
2023,Water Supply Stoppage,With hot and cold piped water,"$200,000 or more","14,546",14546.0,ok,9.585140065773462
2023,Water Supply Stoppage,With hot and cold piped water,"$30,000 to $39,999","9,762",9762.0,ok,9.186355009225672
2023,Water Supply Stoppage,With hot and cold piped water,"$40,000 to $49,999","9,456",9456.0,ok,9.154510487015513
2023,Water Supply Stoppage,With hot and cold piped water,"$50,000 to $59,999","9,240",9240.0,ok,9.13140538388804
2023,Water Supply Stoppage,With hot and cold piped water,"$60,000 to $79,999","16,342",16342.0,ok,9.701554950093058
2023,Water Supply Stoppage,With hot and cold piped water,"$80,000 to $99,999","13,022",13022.0,ok,9.474472303967703
2023,Water Supply Stoppage,With hot and cold piped water,"Less than $10,000","9,185",9185.0,ok,9.12543586488574
2023,Water Supply Stoppage,With stoppage in last 3 months,"$10,000 to $19,999",424,424.0,ok,6.052089168924417
2023,Water Supply Stoppage,With stoppage in last 3 months,"$100,000 to $119,999",284,284.0,ok,5.652489180268651
2023,Water Supply Stoppage,With stoppage in last 3 months,"$120,000 to $139,999",266,266.0,ok,5.58724865840025
2023,Water Supply Stoppage,With stoppage in last 3 months,"$140,000 to $159,999",214,214.0,ok,5.3706380281276624
2023,Water Supply Stoppage,With stoppage in last 3 months,"$160,000 to $179,999",105,105.0,ok,4.663439094112067
2023,Water Supply Stoppage,With stoppage in last 3 months,"$180,000 to $199,999",67,67.0,ok,4.219507705176107
2023,Water Supply Stoppage,With stoppage in last 3 months,"$20,000 to $29,999",388,388.0,ok,5.963579343618446
2023,Water Supply Stoppage,With stoppage in last 3 months,"$200,000 or more",416,416.0,ok,6.0330862217988015
2023,Water Supply Stoppage,With stoppage in last 3 months,"$30,000 to $39,999",395,395.0,ok,5.981414211254481
2023,Water Supply Stoppage,With stoppage in last 3 months,"$40,000 to $49,999",419,419.0,ok,6.040254711277414
2023,Water Supply Stoppage,With stoppage in last 3 months,"$50,000 to $59,999",401,401.0,ok,5.996452088619021
2023,Water Supply Stoppage,With stoppage in last 3 months,"$60,000 to $79,999",581,581.0,ok,6.366470447731438
2023,Water Supply Stoppage,With stoppage in last 3 months,"$80,000 to $99,999",373,373.0,ok,5.924255797414532
2023,Water Supply Stoppage,With stoppage in last 3 months,"Less than $10,000",315,315.0,ok,5.755742213586912
2023,Water collected in basement because sump pump stopped working:,No,"$10,000 to $19,999",494,494.0,ok,6.20455776256869
2023,Water collected in basement because sump pump stopped working:,No,"$100,000 to $119,999","1,131",1131.0,ok,7.0317412587631285
2023,Water collected in basement because sump pump stopped working:,No,"$120,000 to $139,999","1,017",1017.0,ok,6.925595197110468
2023,Water collected in basement because sump pump stopped working:,No,"$140,000 to $159,999","1,053",1053.0,ok,6.960347729101308
2023,Water collected in basement because sump pump stopped working:,No,"$160,000 to $179,999",685,685.0,ok,6.530877627725885
2023,Water collected in basement because sump pump stopped working:,No,"$180,000 to $199,999",608,608.0,ok,6.411818267709897
2023,Water collected in basement because sump pump stopped working:,No,"$20,000 to $29,999",684,684.0,ok,6.529418838262226
2023,Water collected in basement because sump pump stopped working:,No,"$200,000 or more","2,336",2336.0,ok,7.756623334538858
2023,Water collected in basement because sump pump stopped working:,No,"$30,000 to $39,999",630,630.0,ok,6.447305862541213
2023,Water collected in basement because sump pump stopped working:,No,"$40,000 to $49,999",816,816.0,ok,6.705639094860003
2023,Water collected in basement because sump pump stopped working:,No,"$50,000 to $59,999",849,849.0,ok,6.745236349484362
2023,Water collected in basement because sump pump stopped working:,No,"$60,000 to $79,999","1,545",1545.0,ok,7.343426229147367
2023,Water collected in basement because sump pump stopped working:,No,"$80,000 to $99,999","1,221",1221.0,ok,7.108244139731541
2023,Water collected in basement because sump pump stopped working:,No,"Less than $10,000",360,360.0,ok,5.8888779583328805
2023,Water collected in basement because sump pump stopped working:,No basement,"$10,000 to $19,999",589,589.0,ok,6.380122536899765
2023,Water collected in basement because sump pump stopped working:,No basement,"$100,000 to $119,999",827,827.0,ok,6.71901315438526
2023,Water collected in basement because sump pump stopped working:,No basement,"$120,000 to $139,999",751,751.0,ok,6.62273632394984
2023,Water collected in basement because sump pump stopped working:,No basement,"$140,000 to $159,999",758,758.0,ok,6.6320017773956295
2023,Water collected in basement because sump pump stopped working:,No basement,"$160,000 to $179,999",356,356.0,ok,5.877735781779639
2023,Water collected in basement because sump pump stopped working:,No basement,"$180,000 to $199,999",324,324.0,ok,5.783825182329737
2023,Water collected in basement because sump pump stopped working:,No basement,"$20,000 to $29,999",718,718.0,ok,6.577861357721047
2023,Water collected in basement because sump pump stopped working:,No basement,"$200,000 or more","1,104",1104.0,ok,7.007600613951853
2023,Water collected in basement because sump pump stopped working:,No basement,"$30,000 to $39,999",718,718.0,ok,6.577861357721047
2023,Water collected in basement because sump pump stopped working:,No basement,"$40,000 to $49,999",629,629.0,ok,6.4457198193855785
2023,Water collected in basement because sump pump stopped working:,No basement,"$50,000 to $59,999",683,683.0,ok,6.52795791762255
2023,Water collected in basement because sump pump stopped working:,No basement,"$60,000 to $79,999","1,337",1337.0,ok,7.198931240688173
2023,Water collected in basement because sump pump stopped working:,No basement,"$80,000 to $99,999","1,141",1141.0,ok,7.040536390215956
2023,Water collected in basement because sump pump stopped working:,No basement,"Less than $10,000",651,651.0,ok,6.480044561926653
2023,Water collected in basement because sump pump stopped working:,No sump pump,"$10,000 to $19,999",234,234.0,ok,5.459585514144159
2023,Water collected in basement because sump pump stopped working:,No sump pump,"$100,000 to $119,999",394,394.0,ok,5.978885764901122
2023,Water collected in basement because sump pump stopped working:,No sump pump,"$120,000 to $139,999",202,202.0,ok,5.313205979041787
2023,Water collected in basement because sump pump stopped working:,No sump pump,"$140,000 to $159,999",103,103.0,ok,4.6443908991413725
2023,Water collected in basement because sump pump stopped working:,No sump pump,"$160,000 to $179,999",214,214.0,ok,5.3706380281276624
2023,Water collected in basement because sump pump stopped working:,No sump pump,"$180,000 to $199,999",212,212.0,ok,5.3612921657094255
2023,Water collected in basement because sump pump stopped working:,No sump pump,"$20,000 to $29,999",173,173.0,ok,5.159055299214529
2023,Water collected in basement because sump pump stopped working:,No sump pump,"$200,000 or more",461,461.0,ok,6.135564891081739
2023,Water collected in basement because sump pump stopped working:,No sump pump,"$30,000 to $39,999",207,207.0,ok,5.337538079701318
2023,Water collected in basement because sump pump stopped working:,No sump pump,"$40,000 to $49,999",187,187.0,ok,5.236441962829949
2023,Water collected in basement because sump pump stopped working:,No sump pump,"$50,000 to $59,999",287,287.0,ok,5.662960480135946
2023,Water collected in basement because sump pump stopped working:,No sump pump,"$60,000 to $79,999",483,483.0,ok,6.182084906716632
2023,Water collected in basement because sump pump stopped working:,No sump pump,"$80,000 to $99,999",469,469.0,ok,6.152732694704104
2023,Water collected in basement because sump pump stopped working:,No sump pump,"Less than $10,000",115,115.0,ok,4.7535901911063645
2023,Water collected in basement because sump pump stopped working:,Not reported,"$10,000 to $19,999",S,,suppressed,
2023,Water collected in basement because sump pump stopped working:,Not reported,"$100,000 to $119,999",.,,blank_or_na,
2023,Water collected in basement because sump pump stopped working:,Not reported,"$120,000 to $139,999",.,,blank_or_na,
2023,Water collected in basement because sump pump stopped working:,Not reported,"$140,000 to $159,999",S,,suppressed,
2023,Water collected in basement because sump pump stopped working:,Not reported,"$160,000 to $179,999",S,,suppressed,
2023,Water collected in basement because sump pump stopped working:,Not reported,"$180,000 to $199,999",.,,blank_or_na,
2023,Water collected in basement because sump pump stopped working:,Not reported,"$20,000 to $29,999",S,,suppressed,
2023,Water collected in basement because sump pump stopped working:,Not reported,"$200,000 or more",S,,suppressed,
2023,Water collected in basement because sump pump stopped working:,Not reported,"$30,000 to $39,999",S,,suppressed,
2023,Water collected in basement because sump pump stopped working:,Not reported,"$40,000 to $49,999",.,,blank_or_na,
2023,Water collected in basement because sump pump stopped working:,Not reported,"$50,000 to $59,999",S,,suppressed,
2023,Water collected in basement because sump pump stopped working:,Not reported,"$60,000 to $79,999",S,,suppressed,
2023,Water collected in basement because sump pump stopped working:,Not reported,"$80,000 to $99,999",S,,suppressed,
2023,Water collected in basement because sump pump stopped working:,Not reported,"Less than $10,000",S,,suppressed,
2023,Water collected in basement because sump pump stopped working:,Yes,"$10,000 to $19,999",S,,suppressed,
2023,Water collected in basement because sump pump stopped working:,Yes,"$100,000 to $119,999",S,,suppressed,
2023,Water collected in basement because sump pump stopped working:,Yes,"$120,000 to $139,999",S,,suppressed,
2023,Water collected in basement because sump pump stopped working:,Yes,"$140,000 to $159,999",S,,suppressed,
2023,Water collected in basement because sump pump stopped working:,Yes,"$160,000 to $179,999",S,,suppressed,
2023,Water collected in basement because sump pump stopped working:,Yes,"$180,000 to $199,999",S,,suppressed,
2023,Water collected in basement because sump pump stopped working:,Yes,"$20,000 to $29,999",S,,suppressed,
2023,Water collected in basement because sump pump stopped working:,Yes,"$200,000 or more",S,,suppressed,
2023,Water collected in basement because sump pump stopped working:,Yes,"$30,000 to $39,999",S,,suppressed,
2023,Water collected in basement because sump pump stopped working:,Yes,"$40,000 to $49,999",S,,suppressed,
2023,Water collected in basement because sump pump stopped working:,Yes,"$50,000 to $59,999",S,,suppressed,
2023,Water collected in basement because sump pump stopped working:,Yes,"$60,000 to $79,999",S,,suppressed,
2023,Water collected in basement because sump pump stopped working:,Yes,"$80,000 to $99,999",S,,suppressed,
2023,Water collected in basement because sump pump stopped working:,Yes,"Less than $10,000",S,,suppressed,
