year,section,characteristic,income_group,estimate_raw,estimate,flag
2011,Electric Fuses and Circuit Breakers,1 time,"$10,000 to $19,999",545,545.0,ok
2011,Electric Fuses and Circuit Breakers,1 time,"$100,000 to $119,999",366,366.0,ok
2011,Electric Fuses and Circuit Breakers,1 time,"$120,000 or more",931,931.0,ok
2011,Electric Fuses and Circuit Breakers,1 time,"$20,000 to $29,999",628,628.0,ok
2011,Electric Fuses and Circuit Breakers,1 time,"$30,000 to $39,999",524,524.0,ok
2011,Electric Fuses and Circuit Breakers,1 time,"$40,000 to $49,999",473,473.0,ok
2011,Electric Fuses and Circuit Breakers,1 time,"$50,000 to $59,999",441,441.0,ok
2011,Electric Fuses and Circuit Breakers,1 time,"$60,000 to $79,999",707,707.0,ok
2011,Electric Fuses and Circuit Breakers,1 time,"$80,000 to $99,999",599,599.0,ok
2011,Electric Fuses and Circuit Breakers,1 time,"Less than $10,000",445,445.0,ok
2011,Electric Fuses and Circuit Breakers,2 times,"$10,000 to $19,999",215,215.0,ok
2011,Electric Fuses and Circuit Breakers,2 times,"$100,000 to $119,999",167,167.0,ok
2011,Electric Fuses and Circuit Breakers,2 times,"$120,000 or more",385,385.0,ok
2011,Electric Fuses and Circuit Breakers,2 times,"$20,000 to $29,999",230,230.0,ok
2011,Electric Fuses and Circuit Breakers,2 times,"$30,000 to $39,999",229,229.0,ok
2011,Electric Fuses and Circuit Breakers,2 times,"$40,000 to $49,999",208,208.0,ok
2011,Electric Fuses and Circuit Breakers,2 times,"$50,000 to $59,999",174,174.0,ok
2011,Electric Fuses and Circuit Breakers,2 times,"$60,000 to $79,999",348,348.0,ok
2011,Electric Fuses and Circuit Breakers,2 times,"$80,000 to $99,999",226,226.0,ok
2011,Electric Fuses and Circuit Breakers,2 times,"Less than $10,000",199,199.0,ok
2011,Electric Fuses and Circuit Breakers,3 times,"$10,000 to $19,999",100,100.0,ok
2011,Electric Fuses and Circuit Breakers,3 times,"$100,000 to $119,999",64,64.0,ok
2011,Electric Fuses and Circuit Breakers,3 times,"$120,000 or more",165,165.0,ok
2011,Electric Fuses and Circuit Breakers,3 times,"$20,000 to $29,999",124,124.0,ok
2011,Electric Fuses and Circuit Breakers,3 times,"$30,000 to $39,999",91,91.0,ok
2011,Electric Fuses and Circuit Breakers,3 times,"$40,000 to $49,999",73,73.0,ok
2011,Electric Fuses and Circuit Breakers,3 times,"$50,000 to $59,999",83,83.0,ok
2011,Electric Fuses and Circuit Breakers,3 times,"$60,000 to $79,999",116,116.0,ok
2011,Electric Fuses and Circuit Breakers,3 times,"$80,000 to $99,999",87,87.0,ok
2011,Electric Fuses and Circuit Breakers,3 times,"Less than $10,000",98,98.0,ok
2011,Electric Fuses and Circuit Breakers,4 times or more,"$10,000 to $19,999",171,171.0,ok
2011,Electric Fuses and Circuit Breakers,4 times or more,"$100,000 to $119,999",94,94.0,ok
2011,Electric Fuses and Circuit Breakers,4 times or more,"$120,000 or more",196,196.0,ok
2011,Electric Fuses and Circuit Breakers,4 times or more,"$20,000 to $29,999",203,203.0,ok
2011,Electric Fuses and Circuit Breakers,4 times or more,"$30,000 to $39,999",164,164.0,ok
2011,Electric Fuses and Circuit Breakers,4 times or more,"$40,000 to $49,999",125,125.0,ok
2011,Electric Fuses and Circuit Breakers,4 times or more,"$50,000 to $59,999",72,72.0,ok
2011,Electric Fuses and Circuit Breakers,4 times or more,"$60,000 to $79,999",163,163.0,ok
2011,Electric Fuses and Circuit Breakers,4 times or more,"$80,000 to $99,999",108,108.0,ok
2011,Electric Fuses and Circuit Breakers,4 times or more,"Less than $10,000",135,135.0,ok
2011,Electric Fuses and Circuit Breakers,No fuses or breakers blown in last 3 months,"$10,000 to $19,999","11,512",11512.0,ok
2011,Electric Fuses and Circuit Breakers,No fuses or breakers blown in last 3 months,"$100,000 to $119,999","6,080",6080.0,ok
2011,Electric Fuses and Circuit Breakers,No fuses or breakers blown in last 3 months,"$120,000 or more","13,030",13030.0,ok
2011,Electric Fuses and Circuit Breakers,No fuses or breakers blown in last 3 months,"$20,000 to $29,999","12,847",12847.0,ok
2011,Electric Fuses and Circuit Breakers,No fuses or breakers blown in last 3 months,"$30,000 to $39,999","10,634",10634.0,ok
2011,Electric Fuses and Circuit Breakers,No fuses or breakers blown in last 3 months,"$40,000 to $49,999","9,123",9123.0,ok
2011,Electric Fuses and Circuit Breakers,No fuses or breakers blown in last 3 months,"$50,000 to $59,999","7,767",7767.0,ok
2011,Electric Fuses and Circuit Breakers,No fuses or breakers blown in last 3 months,"$60,000 to $79,999","12,577",12577.0,ok
2011,Electric Fuses and Circuit Breakers,No fuses or breakers blown in last 3 months,"$80,000 to $99,999","8,685",8685.0,ok
2011,Electric Fuses and Circuit Breakers,No fuses or breakers blown in last 3 months,"Less than $10,000","10,415",10415.0,ok
2011,Electric Fuses and Circuit Breakers,Number of times not reported,"$10,000 to $19,999",11,11.0,ok
2011,Electric Fuses and Circuit Breakers,Number of times not reported,"$100,000 to $119,999",10,10.0,ok
2011,Electric Fuses and Circuit Breakers,Number of times not reported,"$120,000 or more",4,4.0,ok
2011,Electric Fuses and Circuit Breakers,Number of times not reported,"$20,000 to $29,999",14,14.0,ok
2011,Electric Fuses and Circuit Breakers,Number of times not reported,"$30,000 to $39,999",12,12.0,ok
2011,Electric Fuses and Circuit Breakers,Number of times not reported,"$40,000 to $49,999",.,,blank_or_na
2011,Electric Fuses and Circuit Breakers,Number of times not reported,"$50,000 to $59,999",7,7.0,ok
2011,Electric Fuses and Circuit Breakers,Number of times not reported,"$60,000 to $79,999",9,9.0,ok
2011,Electric Fuses and Circuit Breakers,Number of times not reported,"$80,000 to $99,999",10,10.0,ok
2011,Electric Fuses and Circuit Breakers,Number of times not reported,"Less than $10,000",14,14.0,ok
2011,Electric Fuses and Circuit Breakers,Problem not reported or don’t know,"$10,000 to $19,999",157,157.0,ok
2011,Electric Fuses and Circuit Breakers,Problem not reported or don’t know,"$100,000 to $119,999",66,66.0,ok
2011,Electric Fuses and Circuit Breakers,Problem not reported or don’t know,"$120,000 or more",148,148.0,ok
2011,Electric Fuses and Circuit Breakers,Problem not reported or don’t know,"$20,000 to $29,999",172,172.0,ok
2011,Electric Fuses and Circuit Breakers,Problem not reported or don’t know,"$30,000 to $39,999",174,174.0,ok
2011,Electric Fuses and Circuit Breakers,Problem not reported or don’t know,"$40,000 to $49,999",112,112.0,ok
2011,Electric Fuses and Circuit Breakers,Problem not reported or don’t know,"$50,000 to $59,999",91,91.0,ok
2011,Electric Fuses and Circuit Breakers,Problem not reported or don’t know,"$60,000 to $79,999",187,187.0,ok
2011,Electric Fuses and Circuit Breakers,Problem not reported or don’t know,"$80,000 to $99,999",116,116.0,ok
2011,Electric Fuses and Circuit Breakers,Problem not reported or don’t know,"Less than $10,000",209,209.0,ok
2011,Electric Fuses and Circuit Breakers,With electrical wiring,"$10,000 to $19,999","12,710",12710.0,ok
2011,Electric Fuses and Circuit Breakers,With electrical wiring,"$100,000 to $119,999","6,845",6845.0,ok
2011,Electric Fuses and Circuit Breakers,With electrical wiring,"$120,000 or more","14,860",14860.0,ok
2011,Electric Fuses and Circuit Breakers,With electrical wiring,"$20,000 to $29,999","14,218",14218.0,ok
2011,Electric Fuses and Circuit Breakers,With electrical wiring,"$30,000 to $39,999","11,828",11828.0,ok
2011,Electric Fuses and Circuit Breakers,With electrical wiring,"$40,000 to $49,999","10,113",10113.0,ok
2011,Electric Fuses and Circuit Breakers,With electrical wiring,"$50,000 to $59,999","8,635",8635.0,ok
2011,Electric Fuses and Circuit Breakers,With electrical wiring,"$60,000 to $79,999","14,108",14108.0,ok
2011,Electric Fuses and Circuit Breakers,With electrical wiring,"$80,000 to $99,999","9,832",9832.0,ok
2011,Electric Fuses and Circuit Breakers,With electrical wiring,"Less than $10,000","11,514",11514.0,ok
2011,Electric Fuses and Circuit Breakers,With fuses or breakers blown in last 3 months,"$10,000 to $19,999","1,042",1042.0,ok
2011,Electric Fuses and Circuit Breakers,With fuses or breakers blown in last 3 months,"$100,000 to $119,999",700,700.0,ok
2011,Electric Fuses and Circuit Breakers,With fuses or breakers blown in last 3 months,"$120,000 or more","1,682",1682.0,ok
2011,Electric Fuses and Circuit Breakers,With fuses or breakers blown in last 3 months,"$20,000 to $29,999","1,199",1199.0,ok
2011,Electric Fuses and Circuit Breakers,With fuses or breakers blown in last 3 months,"$30,000 to $39,999","1,020",1020.0,ok
2011,Electric Fuses and Circuit Breakers,With fuses or breakers blown in last 3 months,"$40,000 to $49,999",879,879.0,ok
2011,Electric Fuses and Circuit Breakers,With fuses or breakers blown in last 3 months,"$50,000 to $59,999",777,777.0,ok
2011,Electric Fuses and Circuit Breakers,With fuses or breakers blown in last 3 months,"$60,000 to $79,999","1,344",1344.0,ok
2011,Electric Fuses and Circuit Breakers,With fuses or breakers blown in last 3 months,"$80,000 to $99,999","1,031",1031.0,ok
2011,Electric Fuses and Circuit Breakers,With fuses or breakers blown in last 3 months,"Less than $10,000",890,890.0,ok
2011,External Building Conditions,Bars on windows,"$10,000 to $19,999",298,298.0,ok
2011,External Building Conditions,Bars on windows,"$100,000 to $119,999",120,120.0,ok
2011,External Building Conditions,Bars on windows,"$120,000 or more",266,266.0,ok
2011,External Building Conditions,Bars on windows,"$20,000 to $29,999",383,383.0,ok
2011,External Building Conditions,Bars on windows,"$30,000 to $39,999",285,285.0,ok
2011,External Building Conditions,Bars on windows,"$40,000 to $49,999",207,207.0,ok
2011,External Building Conditions,Bars on windows,"$50,000 to $59,999",188,188.0,ok
2011,External Building Conditions,Bars on windows,"$60,000 to $79,999",321,321.0,ok
2011,External Building Conditions,Bars on windows,"$80,000 to $99,999",184,184.0,ok
2011,External Building Conditions,Bars on windows,"Less than $10,000",330,330.0,ok
2011,External Building Conditions,Boarded up windows,"$10,000 to $19,999",127,127.0,ok
2011,External Building Conditions,Boarded up windows,"$100,000 to $119,999",16,16.0,ok
2011,External Building Conditions,Boarded up windows,"$120,000 or more",44,44.0,ok
2011,External Building Conditions,Boarded up windows,"$20,000 to $29,999",117,117.0,ok
2011,External Building Conditions,Boarded up windows,"$30,000 to $39,999",101,101.0,ok
2011,External Building Conditions,Boarded up windows,"$40,000 to $49,999",84,84.0,ok
2011,External Building Conditions,Boarded up windows,"$50,000 to $59,999",53,53.0,ok
2011,External Building Conditions,Boarded up windows,"$60,000 to $79,999",74,74.0,ok
2011,External Building Conditions,Boarded up windows,"$80,000 to $99,999",48,48.0,ok
2011,External Building Conditions,Boarded up windows,"Less than $10,000",167,167.0,ok
2011,External Building Conditions,Broken windows,"$10,000 to $19,999",510,510.0,ok
2011,External Building Conditions,Broken windows,"$100,000 to $119,999",177,177.0,ok
2011,External Building Conditions,Broken windows,"$120,000 or more",281,281.0,ok
2011,External Building Conditions,Broken windows,"$20,000 to $29,999",490,490.0,ok
2011,External Building Conditions,Broken windows,"$30,000 to $39,999",413,413.0,ok
2011,External Building Conditions,Broken windows,"$40,000 to $49,999",355,355.0,ok
2011,External Building Conditions,Broken windows,"$50,000 to $59,999",241,241.0,ok
2011,External Building Conditions,Broken windows,"$60,000 to $79,999",400,400.0,ok
2011,External Building Conditions,Broken windows,"$80,000 to $99,999",265,265.0,ok
2011,External Building Conditions,Broken windows,"Less than $10,000",468,468.0,ok
2011,External Building Conditions,Foundation crumbling or has open crack or hole,"$10,000 to $19,999",521,521.0,ok
2011,External Building Conditions,Foundation crumbling or has open crack or hole,"$100,000 to $119,999",276,276.0,ok
2011,External Building Conditions,Foundation crumbling or has open crack or hole,"$120,000 or more",498,498.0,ok
2011,External Building Conditions,Foundation crumbling or has open crack or hole,"$20,000 to $29,999",618,618.0,ok
2011,External Building Conditions,Foundation crumbling or has open crack or hole,"$30,000 to $39,999",511,511.0,ok
2011,External Building Conditions,Foundation crumbling or has open crack or hole,"$40,000 to $49,999",396,396.0,ok
2011,External Building Conditions,Foundation crumbling or has open crack or hole,"$50,000 to $59,999",333,333.0,ok
2011,External Building Conditions,Foundation crumbling or has open crack or hole,"$60,000 to $79,999",584,584.0,ok
2011,External Building Conditions,Foundation crumbling or has open crack or hole,"$80,000 to $99,999",352,352.0,ok
2011,External Building Conditions,Foundation crumbling or has open crack or hole,"Less than $10,000",461,461.0,ok
2011,External Building Conditions,Hole in roof,"$10,000 to $19,999",200,200.0,ok
2011,External Building Conditions,Hole in roof,"$100,000 to $119,999",39,39.0,ok
2011,External Building Conditions,Hole in roof,"$120,000 or more",112,112.0,ok
2011,External Building Conditions,Hole in roof,"$20,000 to $29,999",199,199.0,ok
2011,External Building Conditions,Hole in roof,"$30,000 to $39,999",192,192.0,ok
2011,External Building Conditions,Hole in roof,"$40,000 to $49,999",91,91.0,ok
2011,External Building Conditions,Hole in roof,"$50,000 to $59,999",36,36.0,ok
2011,External Building Conditions,Hole in roof,"$60,000 to $79,999",129,129.0,ok
2011,External Building Conditions,Hole in roof,"$80,000 to $99,999",73,73.0,ok
2011,External Building Conditions,Hole in roof,"Less than $10,000",213,213.0,ok
2011,External Building Conditions,"Missing bricks, siding, or other outside wall material","$10,000 to $19,999",324,324.0,ok
2011,External Building Conditions,"Missing bricks, siding, or other outside wall material","$100,000 to $119,999",81,81.0,ok
2011,External Building Conditions,"Missing bricks, siding, or other outside wall material","$120,000 or more",173,173.0,ok
2011,External Building Conditions,"Missing bricks, siding, or other outside wall material","$20,000 to $29,999",265,265.0,ok
2011,External Building Conditions,"Missing bricks, siding, or other outside wall material","$30,000 to $39,999",232,232.0,ok
2011,External Building Conditions,"Missing bricks, siding, or other outside wall material","$40,000 to $49,999",192,192.0,ok
2011,External Building Conditions,"Missing bricks, siding, or other outside wall material","$50,000 to $59,999",165,165.0,ok
2011,External Building Conditions,"Missing bricks, siding, or other outside wall material","$60,000 to $79,999",267,267.0,ok
2011,External Building Conditions,"Missing bricks, siding, or other outside wall material","$80,000 to $99,999",122,122.0,ok
2011,External Building Conditions,"Missing bricks, siding, or other outside wall material","Less than $10,000",313,313.0,ok
2011,External Building Conditions,Missing roofing material,"$10,000 to $19,999",358,358.0,ok
2011,External Building Conditions,Missing roofing material,"$100,000 to $119,999",159,159.0,ok
2011,External Building Conditions,Missing roofing material,"$120,000 or more",330,330.0,ok
2011,External Building Conditions,Missing roofing material,"$20,000 to $29,999",379,379.0,ok
2011,External Building Conditions,Missing roofing material,"$30,000 to $39,999",365,365.0,ok
2011,External Building Conditions,Missing roofing material,"$40,000 to $49,999",290,290.0,ok
2011,External Building Conditions,Missing roofing material,"$50,000 to $59,999",213,213.0,ok
2011,External Building Conditions,Missing roofing material,"$60,000 to $79,999",379,379.0,ok
2011,External Building Conditions,Missing roofing material,"$80,000 to $99,999",199,199.0,ok
2011,External Building Conditions,Missing roofing material,"Less than $10,000",358,358.0,ok
2011,External Building Conditions,None of the above,"$10,000 to $19,999","6,054",6054.0,ok
2011,External Building Conditions,None of the above,"$100,000 to $119,999","5,237",5237.0,ok
2011,External Building Conditions,None of the above,"$120,000 or more","11,759",11759.0,ok
2011,External Building Conditions,None of the above,"$20,000 to $29,999","8,119",8119.0,ok
2011,External Building Conditions,None of the above,"$30,000 to $39,999","6,980",6980.0,ok
2011,External Building Conditions,None of the above,"$40,000 to $49,999","6,428",6428.0,ok
2011,External Building Conditions,None of the above,"$50,000 to $59,999","5,733",5733.0,ok
2011,External Building Conditions,None of the above,"$60,000 to $79,999","9,701",9701.0,ok
2011,External Building Conditions,None of the above,"$80,000 to $99,999","7,272",7272.0,ok
2011,External Building Conditions,None of the above,"Less than $10,000","4,676",4676.0,ok
2011,External Building Conditions,Not reported,"$10,000 to $19,999",30,30.0,ok
2011,External Building Conditions,Not reported,"$100,000 to $119,999",10,10.0,ok
2011,External Building Conditions,Not reported,"$120,000 or more",25,25.0,ok
2011,External Building Conditions,Not reported,"$20,000 to $29,999",39,39.0,ok
2011,External Building Conditions,Not reported,"$30,000 to $39,999",30,30.0,ok
2011,External Building Conditions,Not reported,"$40,000 to $49,999",24,24.0,ok
2011,External Building Conditions,Not reported,"$50,000 to $59,999",14,14.0,ok
2011,External Building Conditions,Not reported,"$60,000 to $79,999",40,40.0,ok
2011,External Building Conditions,Not reported,"$80,000 to $99,999",22,22.0,ok
2011,External Building Conditions,Not reported,"Less than $10,000",33,33.0,ok
2011,External Building Conditions,Sagging roof,"$10,000 to $19,999",258,258.0,ok
2011,External Building Conditions,Sagging roof,"$100,000 to $119,999",61,61.0,ok
2011,External Building Conditions,Sagging roof,"$120,000 or more",132,132.0,ok
2011,External Building Conditions,Sagging roof,"$20,000 to $29,999",251,251.0,ok
2011,External Building Conditions,Sagging roof,"$30,000 to $39,999",177,177.0,ok
2011,External Building Conditions,Sagging roof,"$40,000 to $49,999",144,144.0,ok
2011,External Building Conditions,Sagging roof,"$50,000 to $59,999",121,121.0,ok
2011,External Building Conditions,Sagging roof,"$60,000 to $79,999",219,219.0,ok
2011,External Building Conditions,Sagging roof,"$80,000 to $99,999",107,107.0,ok
2011,External Building Conditions,Sagging roof,"Less than $10,000",253,253.0,ok
2011,External Building Conditions,Sloping outside walls,"$10,000 to $19,999",166,166.0,ok
2011,External Building Conditions,Sloping outside walls,"$100,000 to $119,999",43,43.0,ok
2011,External Building Conditions,Sloping outside walls,"$120,000 or more",74,74.0,ok
2011,External Building Conditions,Sloping outside walls,"$20,000 to $29,999",130,130.0,ok
2011,External Building Conditions,Sloping outside walls,"$30,000 to $39,999",107,107.0,ok
2011,External Building Conditions,Sloping outside walls,"$40,000 to $49,999",88,88.0,ok
2011,External Building Conditions,Sloping outside walls,"$50,000 to $59,999",69,69.0,ok
2011,External Building Conditions,Sloping outside walls,"$60,000 to $79,999",146,146.0,ok
2011,External Building Conditions,Sloping outside walls,"$80,000 to $99,999",63,63.0,ok
2011,External Building Conditions,Sloping outside walls,"Less than $10,000",144,144.0,ok
2011,Flush Toilet Breakdowns,No breakdowns lasting 6 hours or more,"$10,000 to $19,999",101,101.0,ok
2011,Flush Toilet Breakdowns,No breakdowns lasting 6 hours or more,"$100,000 to $119,999",23,23.0,ok
2011,Flush Toilet Breakdowns,No breakdowns lasting 6 hours or more,"$120,000 or more",45,45.0,ok
2011,Flush Toilet Breakdowns,No breakdowns lasting 6 hours or more,"$20,000 to $29,999",96,96.0,ok
2011,Flush Toilet Breakdowns,No breakdowns lasting 6 hours or more,"$30,000 to $39,999",78,78.0,ok
2011,Flush Toilet Breakdowns,No breakdowns lasting 6 hours or more,"$40,000 to $49,999",43,43.0,ok
2011,Flush Toilet Breakdowns,No breakdowns lasting 6 hours or more,"$50,000 to $59,999",54,54.0,ok
2011,Flush Toilet Breakdowns,No breakdowns lasting 6 hours or more,"$60,000 to $79,999",35,35.0,ok
2011,Flush Toilet Breakdowns,No breakdowns lasting 6 hours or more,"$80,000 to $99,999",35,35.0,ok
2011,Flush Toilet Breakdowns,No breakdowns lasting 6 hours or more,"Less than $10,000",85,85.0,ok
2011,Flush Toilet Breakdowns,None working some time in last 3 months,"$10,000 to $19,999",345,345.0,ok
2011,Flush Toilet Breakdowns,None working some time in last 3 months,"$100,000 to $119,999",67,67.0,ok
2011,Flush Toilet Breakdowns,None working some time in last 3 months,"$120,000 or more",161,161.0,ok
2011,Flush Toilet Breakdowns,None working some time in last 3 months,"$20,000 to $29,999",283,283.0,ok
2011,Flush Toilet Breakdowns,None working some time in last 3 months,"$30,000 to $39,999",237,237.0,ok
2011,Flush Toilet Breakdowns,None working some time in last 3 months,"$40,000 to $49,999",154,154.0,ok
2011,Flush Toilet Breakdowns,None working some time in last 3 months,"$50,000 to $59,999",146,146.0,ok
2011,Flush Toilet Breakdowns,None working some time in last 3 months,"$60,000 to $79,999",195,195.0,ok
2011,Flush Toilet Breakdowns,None working some time in last 3 months,"$80,000 to $99,999",109,109.0,ok
2011,Flush Toilet Breakdowns,None working some time in last 3 months,"Less than $10,000",382,382.0,ok
2011,Flush Toilet Breakdowns,With at least one toilet working at all times in last 3 months,"$10,000 to $19,999","12,249",12249.0,ok
2011,Flush Toilet Breakdowns,With at least one toilet working at all times in last 3 months,"$100,000 to $119,999","6,719",6719.0,ok
2011,Flush Toilet Breakdowns,With at least one toilet working at all times in last 3 months,"$120,000 or more","14,586",14586.0,ok
2011,Flush Toilet Breakdowns,With at least one toilet working at all times in last 3 months,"$20,000 to $29,999","13,826",13826.0,ok
2011,Flush Toilet Breakdowns,With at least one toilet working at all times in last 3 months,"$30,000 to $39,999","11,453",11453.0,ok
2011,Flush Toilet Breakdowns,With at least one toilet working at all times in last 3 months,"$40,000 to $49,999","9,871",9871.0,ok
2011,Flush Toilet Breakdowns,With at least one toilet working at all times in last 3 months,"$50,000 to $59,999","8,436",8436.0,ok
2011,Flush Toilet Breakdowns,With at least one toilet working at all times in last 3 months,"$60,000 to $79,999","13,768",13768.0,ok
2011,Flush Toilet Breakdowns,With at least one toilet working at all times in last 3 months,"$80,000 to $99,999","9,620",9620.0,ok
2011,Flush Toilet Breakdowns,With at least one toilet working at all times in last 3 months,"Less than $10,000","10,939",10939.0,ok
2011,Flush Toilet Breakdowns,With one or more flush toilets,"$10,000 to $19,999","12,710",12710.0,ok
2011,Flush Toilet Breakdowns,With one or more flush toilets,"$100,000 to $119,999","6,849",6849.0,ok
2011,Flush Toilet Breakdowns,With one or more flush toilets,"$120,000 or more","14,862",14862.0,ok
2011,Flush Toilet Breakdowns,With one or more flush toilets,"$20,000 to $29,999","14,260",14260.0,ok
2011,Flush Toilet Breakdowns,With one or more flush toilets,"$30,000 to $39,999","11,828",11828.0,ok
2011,Flush Toilet Breakdowns,With one or more flush toilets,"$40,000 to $49,999","10,119",10119.0,ok
2011,Flush Toilet Breakdowns,With one or more flush toilets,"$50,000 to $59,999","8,642",8642.0,ok
2011,Flush Toilet Breakdowns,With one or more flush toilets,"$60,000 to $79,999","14,107",14107.0,ok
2011,Flush Toilet Breakdowns,With one or more flush toilets,"$80,000 to $99,999","9,828",9828.0,ok
2011,Flush Toilet Breakdowns,With one or more flush toilets,"Less than $10,000","11,505",11505.0,ok
2011,Heating Problems,Equipment breakdowns,"$10,000 to $19,999",373,373.0,ok
2011,Heating Problems,Equipment breakdowns,"$100,000 to $119,999",136,136.0,ok
2011,Heating Problems,Equipment breakdowns,"$120,000 or more",208,208.0,ok
2011,Heating Problems,Equipment breakdowns,"$20,000 to $29,999",396,396.0,ok
2011,Heating Problems,Equipment breakdowns,"$30,000 to $39,999",281,281.0,ok
2011,Heating Problems,Equipment breakdowns,"$40,000 to $49,999",191,191.0,ok
2011,Heating Problems,Equipment breakdowns,"$50,000 to $59,999",147,147.0,ok
2011,Heating Problems,Equipment breakdowns,"$60,000 to $79,999",286,286.0,ok
2011,Heating Problems,Equipment breakdowns,"$80,000 to $99,999",200,200.0,ok
2011,Heating Problems,Equipment breakdowns,"Less than $10,000",385,385.0,ok
2011,Heating Problems,No breakdowns lasting 6 hours or more,"$10,000 to $19,999",6,6.0,ok
2011,Heating Problems,No breakdowns lasting 6 hours or more,"$100,000 to $119,999",.,,blank_or_na
2011,Heating Problems,No breakdowns lasting 6 hours or more,"$120,000 or more",.,,blank_or_na
2011,Heating Problems,No breakdowns lasting 6 hours or more,"$20,000 to $29,999",8,8.0,ok
2011,Heating Problems,No breakdowns lasting 6 hours or more,"$30,000 to $39,999",5,5.0,ok
2011,Heating Problems,No breakdowns lasting 6 hours or more,"$40,000 to $49,999",3,3.0,ok
2011,Heating Problems,No breakdowns lasting 6 hours or more,"$50,000 to $59,999",.,,blank_or_na
2011,Heating Problems,No breakdowns lasting 6 hours or more,"$60,000 to $79,999",10,10.0,ok
2011,Heating Problems,No breakdowns lasting 6 hours or more,"$80,000 to $99,999",1,1.0,ok
2011,Heating Problems,No breakdowns lasting 6 hours or more,"Less than $10,000",8,8.0,ok
2011,Heating Problems,Not uncomfortably cold for 24 hours or more,"$10,000 to $19,999","9,657",9657.0,ok
2011,Heating Problems,Not uncomfortably cold for 24 hours or more,"$100,000 to $119,999","5,936",5936.0,ok
2011,Heating Problems,Not uncomfortably cold for 24 hours or more,"$120,000 or more","12,938",12938.0,ok
2011,Heating Problems,Not uncomfortably cold for 24 hours or more,"$20,000 to $29,999","11,230",11230.0,ok
2011,Heating Problems,Not uncomfortably cold for 24 hours or more,"$30,000 to $39,999","9,355",9355.0,ok
2011,Heating Problems,Not uncomfortably cold for 24 hours or more,"$40,000 to $49,999","8,219",8219.0,ok
2011,Heating Problems,Not uncomfortably cold for 24 hours or more,"$50,000 to $59,999","7,123",7123.0,ok
2011,Heating Problems,Not uncomfortably cold for 24 hours or more,"$60,000 to $79,999","11,853",11853.0,ok
2011,Heating Problems,Not uncomfortably cold for 24 hours or more,"$80,000 to $99,999","8,474",8474.0,ok
2011,Heating Problems,Not uncomfortably cold for 24 hours or more,"Less than $10,000","8,174",8174.0,ok
2011,Heating Problems,Uncomfortably cold for 24 hours or more,"$10,000 to $19,999","1,328",1328.0,ok
2011,Heating Problems,Uncomfortably cold for 24 hours or more,"$100,000 to $119,999",434,434.0,ok
2011,Heating Problems,Uncomfortably cold for 24 hours or more,"$120,000 or more",916,916.0,ok
2011,Heating Problems,Uncomfortably cold for 24 hours or more,"$20,000 to $29,999","1,246",1246.0,ok
2011,Heating Problems,Uncomfortably cold for 24 hours or more,"$30,000 to $39,999","1,034",1034.0,ok
2011,Heating Problems,Uncomfortably cold for 24 hours or more,"$40,000 to $49,999",752,752.0,ok
2011,Heating Problems,Uncomfortably cold for 24 hours or more,"$50,000 to $59,999",641,641.0,ok
2011,Heating Problems,Uncomfortably cold for 24 hours or more,"$60,000 to $79,999",966,966.0,ok
2011,Heating Problems,Uncomfortably cold for 24 hours or more,"$80,000 to $99,999",626,626.0,ok
2011,Heating Problems,Uncomfortably cold for 24 hours or more,"Less than $10,000","1,186",1186.0,ok
2011,Heating Problems,With heating equipment and occupied last winter,"$10,000 to $19,999","11,259",11259.0,ok
2011,Heating Problems,With heating equipment and occupied last winter,"$100,000 to $119,999","6,460",6460.0,ok
2011,Heating Problems,With heating equipment and occupied last winter,"$120,000 or more","14,055",14055.0,ok
2011,Heating Problems,With heating equipment and occupied last winter,"$20,000 to $29,999","12,787",12787.0,ok
2011,Heating Problems,With heating equipment and occupied last winter,"$30,000 to $39,999","10,615",10615.0,ok
2011,Heating Problems,With heating equipment and occupied last winter,"$40,000 to $49,999","9,170",9170.0,ok
2011,Heating Problems,With heating equipment and occupied last winter,"$50,000 to $59,999","7,896",7896.0,ok
2011,Heating Problems,With heating equipment and occupied last winter,"$60,000 to $79,999","13,070",13070.0,ok
2011,Heating Problems,With heating equipment and occupied last winter,"$80,000 to $99,999","9,269",9269.0,ok
2011,Heating Problems,With heating equipment and occupied last winter,"Less than $10,000","9,765",9765.0,ok
2011,Number of breakdowns that lasted 6 hours or more:,1,"$10,000 to $19,999",151,151.0,ok
2011,Number of breakdowns that lasted 6 hours or more:,1,"$100,000 to $119,999",36,36.0,ok
2011,Number of breakdowns that lasted 6 hours or more:,1,"$120,000 or more",78,78.0,ok
2011,Number of breakdowns that lasted 6 hours or more:,1,"$20,000 to $29,999",137,137.0,ok
2011,Number of breakdowns that lasted 6 hours or more:,1,"$30,000 to $39,999",114,114.0,ok
2011,Number of breakdowns that lasted 6 hours or more:,1,"$40,000 to $49,999",80,80.0,ok
2011,Number of breakdowns that lasted 6 hours or more:,1,"$50,000 to $59,999",52,52.0,ok
2011,Number of breakdowns that lasted 6 hours or more:,1,"$60,000 to $79,999",98,98.0,ok
2011,Number of breakdowns that lasted 6 hours or more:,1,"$80,000 to $99,999",53,53.0,ok
2011,Number of breakdowns that lasted 6 hours or more:,1,"Less than $10,000",192,192.0,ok
2011,Number of breakdowns that lasted 6 hours or more:,2,"$10,000 to $19,999",45,45.0,ok
2011,Number of breakdowns that lasted 6 hours or more:,2,"$100,000 to $119,999",4,4.0,ok
2011,Number of breakdowns that lasted 6 hours or more:,2,"$120,000 or more",23,23.0,ok
2011,Number of breakdowns that lasted 6 hours or more:,2,"$20,000 to $29,999",21,21.0,ok
2011,Number of breakdowns that lasted 6 hours or more:,2,"$30,000 to $39,999",15,15.0,ok
2011,Number of breakdowns that lasted 6 hours or more:,2,"$40,000 to $49,999",8,8.0,ok
2011,Number of breakdowns that lasted 6 hours or more:,2,"$50,000 to $59,999",10,10.0,ok
2011,Number of breakdowns that lasted 6 hours or more:,2,"$60,000 to $79,999",28,28.0,ok
2011,Number of breakdowns that lasted 6 hours or more:,2,"$80,000 to $99,999",11,11.0,ok
2011,Number of breakdowns that lasted 6 hours or more:,2,"Less than $10,000",54,54.0,ok
2011,Number of breakdowns that lasted 6 hours or more:,3,"$10,000 to $19,999",10,10.0,ok
2011,Number of breakdowns that lasted 6 hours or more:,3,"$100,000 to $119,999",.,,blank_or_na
2011,Number of breakdowns that lasted 6 hours or more:,3,"$120,000 or more",.,,blank_or_na
2011,Number of breakdowns that lasted 6 hours or more:,3,"$20,000 to $29,999",3,3.0,ok
2011,Number of breakdowns that lasted 6 hours or more:,3,"$30,000 to $39,999",13,13.0,ok
2011,Number of breakdowns that lasted 6 hours or more:,3,"$40,000 to $49,999",7,7.0,ok
2011,Number of breakdowns that lasted 6 hours or more:,3,"$50,000 to $59,999",10,10.0,ok
2011,Number of breakdowns that lasted 6 hours or more:,3,"$60,000 to $79,999",2,2.0,ok
2011,Number of breakdowns that lasted 6 hours or more:,3,"$80,000 to $99,999",3,3.0,ok
2011,Number of breakdowns that lasted 6 hours or more:,3,"Less than $10,000",4,4.0,ok
2011,Number of breakdowns that lasted 6 hours or more:,4 or more,"$10,000 to $19,999",33,33.0,ok
2011,Number of breakdowns that lasted 6 hours or more:,4 or more,"$100,000 to $119,999",4,4.0,ok
2011,Number of breakdowns that lasted 6 hours or more:,4 or more,"$120,000 or more",12,12.0,ok
2011,Number of breakdowns that lasted 6 hours or more:,4 or more,"$20,000 to $29,999",21,21.0,ok
2011,Number of breakdowns that lasted 6 hours or more:,4 or more,"$30,000 to $39,999",18,18.0,ok
2011,Number of breakdowns that lasted 6 hours or more:,4 or more,"$40,000 to $49,999",15,15.0,ok
2011,Number of breakdowns that lasted 6 hours or more:,4 or more,"$50,000 to $59,999",20,20.0,ok
2011,Number of breakdowns that lasted 6 hours or more:,4 or more,"$60,000 to $79,999",29,29.0,ok
2011,Number of breakdowns that lasted 6 hours or more:,4 or more,"$80,000 to $99,999",7,7.0,ok
2011,Number of breakdowns that lasted 6 hours or more:,4 or more,"Less than $10,000",40,40.0,ok
2011,Number of breakdowns that lasted 6 hours or more:,Breakdowns not reported,"$10,000 to $19,999",116,116.0,ok
2011,Number of breakdowns that lasted 6 hours or more:,Breakdowns not reported,"$100,000 to $119,999",63,63.0,ok
2011,Number of breakdowns that lasted 6 hours or more:,Breakdowns not reported,"$120,000 or more",115,115.0,ok
2011,Number of breakdowns that lasted 6 hours or more:,Breakdowns not reported,"$20,000 to $29,999",152,152.0,ok
2011,Number of breakdowns that lasted 6 hours or more:,Breakdowns not reported,"$30,000 to $39,999",138,138.0,ok
2011,Number of breakdowns that lasted 6 hours or more:,Breakdowns not reported,"$40,000 to $49,999",94,94.0,ok
2011,Number of breakdowns that lasted 6 hours or more:,Breakdowns not reported,"$50,000 to $59,999",60,60.0,ok
2011,Number of breakdowns that lasted 6 hours or more:,Breakdowns not reported,"$60,000 to $79,999",145,145.0,ok
2011,Number of breakdowns that lasted 6 hours or more:,Breakdowns not reported,"$80,000 to $99,999",99,99.0,ok
2011,Number of breakdowns that lasted 6 hours or more:,Breakdowns not reported,"Less than $10,000",183,183.0,ok
2011,Number of breakdowns that lasted 6 hours or more:,Cost of heating,"$10,000 to $19,999",200,200.0,ok
2011,Number of breakdowns that lasted 6 hours or more:,Cost of heating,"$100,000 to $119,999",54,54.0,ok
2011,Number of breakdowns that lasted 6 hours or more:,Cost of heating,"$120,000 or more",122,122.0,ok
2011,Number of breakdowns that lasted 6 hours or more:,Cost of heating,"$20,000 to $29,999",132,132.0,ok
2011,Number of breakdowns that lasted 6 hours or more:,Cost of heating,"$30,000 to $39,999",121,121.0,ok
2011,Number of breakdowns that lasted 6 hours or more:,Cost of heating,"$40,000 to $49,999",101,101.0,ok
2011,Number of breakdowns that lasted 6 hours or more:,Cost of heating,"$50,000 to $59,999",69,69.0,ok
2011,Number of breakdowns that lasted 6 hours or more:,Cost of heating,"$60,000 to $79,999",99,99.0,ok
2011,Number of breakdowns that lasted 6 hours or more:,Cost of heating,"$80,000 to $99,999",55,55.0,ok
2011,Number of breakdowns that lasted 6 hours or more:,Cost of heating,"Less than $10,000",150,150.0,ok
2011,Number of breakdowns that lasted 6 hours or more:,Discomfort not reported,"$10,000 to $19,999",274,274.0,ok
2011,Number of breakdowns that lasted 6 hours or more:,Discomfort not reported,"$100,000 to $119,999",90,90.0,ok
2011,Number of breakdowns that lasted 6 hours or more:,Discomfort not reported,"$120,000 or more",200,200.0,ok
2011,Number of breakdowns that lasted 6 hours or more:,Discomfort not reported,"$20,000 to $29,999",312,312.0,ok
2011,Number of breakdowns that lasted 6 hours or more:,Discomfort not reported,"$30,000 to $39,999",226,226.0,ok
2011,Number of breakdowns that lasted 6 hours or more:,Discomfort not reported,"$40,000 to $49,999",198,198.0,ok
2011,Number of breakdowns that lasted 6 hours or more:,Discomfort not reported,"$50,000 to $59,999",132,132.0,ok
2011,Number of breakdowns that lasted 6 hours or more:,Discomfort not reported,"$60,000 to $79,999",251,251.0,ok
2011,Number of breakdowns that lasted 6 hours or more:,Discomfort not reported,"$80,000 to $99,999",170,170.0,ok
2011,Number of breakdowns that lasted 6 hours or more:,Discomfort not reported,"Less than $10,000",406,406.0,ok
2011,Number of breakdowns that lasted 6 hours or more:,Inadequate heating capacity,"$10,000 to $19,999",249,249.0,ok
2011,Number of breakdowns that lasted 6 hours or more:,Inadequate heating capacity,"$100,000 to $119,999",42,42.0,ok
2011,Number of breakdowns that lasted 6 hours or more:,Inadequate heating capacity,"$120,000 or more",80,80.0,ok
2011,Number of breakdowns that lasted 6 hours or more:,Inadequate heating capacity,"$20,000 to $29,999",144,144.0,ok
2011,Number of breakdowns that lasted 6 hours or more:,Inadequate heating capacity,"$30,000 to $39,999",154,154.0,ok
2011,Number of breakdowns that lasted 6 hours or more:,Inadequate heating capacity,"$40,000 to $49,999",154,154.0,ok
2011,Number of breakdowns that lasted 6 hours or more:,Inadequate heating capacity,"$50,000 to $59,999",80,80.0,ok
2011,Number of breakdowns that lasted 6 hours or more:,Inadequate heating capacity,"$60,000 to $79,999",116,116.0,ok
2011,Number of breakdowns that lasted 6 hours or more:,Inadequate heating capacity,"$80,000 to $99,999",49,49.0,ok
2011,Number of breakdowns that lasted 6 hours or more:,Inadequate heating capacity,"Less than $10,000",222,222.0,ok
2011,Number of breakdowns that lasted 6 hours or more:,Inadequate insulation,"$10,000 to $19,999",186,186.0,ok
2011,Number of breakdowns that lasted 6 hours or more:,Inadequate insulation,"$100,000 to $119,999",31,31.0,ok
2011,Number of breakdowns that lasted 6 hours or more:,Inadequate insulation,"$120,000 or more",62,62.0,ok
2011,Number of breakdowns that lasted 6 hours or more:,Inadequate insulation,"$20,000 to $29,999",242,242.0,ok
2011,Number of breakdowns that lasted 6 hours or more:,Inadequate insulation,"$30,000 to $39,999",136,136.0,ok
2011,Number of breakdowns that lasted 6 hours or more:,Inadequate insulation,"$40,000 to $49,999",115,115.0,ok
2011,Number of breakdowns that lasted 6 hours or more:,Inadequate insulation,"$50,000 to $59,999",64,64.0,ok
2011,Number of breakdowns that lasted 6 hours or more:,Inadequate insulation,"$60,000 to $79,999",117,117.0,ok
2011,Number of breakdowns that lasted 6 hours or more:,Inadequate insulation,"$80,000 to $99,999",48,48.0,ok
2011,Number of breakdowns that lasted 6 hours or more:,Inadequate insulation,"Less than $10,000",177,177.0,ok
2011,Number of breakdowns that lasted 6 hours or more:,No breakdowns in last 3 months,"$10,000 to $19,999","2,081",2081.0,ok
2011,Number of breakdowns that lasted 6 hours or more:,No breakdowns in last 3 months,"$100,000 to $119,999","1,428",1428.0,ok
2011,Number of breakdowns that lasted 6 hours or more:,No breakdowns in last 3 months,"$120,000 or more","2,892",2892.0,ok
2011,Number of breakdowns that lasted 6 hours or more:,No breakdowns in last 3 months,"$20,000 to $29,999","2,732",2732.0,ok
2011,Number of breakdowns that lasted 6 hours or more:,No breakdowns in last 3 months,"$30,000 to $39,999","2,426",2426.0,ok
2011,Number of breakdowns that lasted 6 hours or more:,No breakdowns in last 3 months,"$40,000 to $49,999","2,032",2032.0,ok
2011,Number of breakdowns that lasted 6 hours or more:,No breakdowns in last 3 months,"$50,000 to $59,999","1,707",1707.0,ok
2011,Number of breakdowns that lasted 6 hours or more:,No breakdowns in last 3 months,"$60,000 to $79,999","2,954",2954.0,ok
2011,Number of breakdowns that lasted 6 hours or more:,No breakdowns in last 3 months,"$80,000 to $99,999","2,230",2230.0,ok
2011,Number of breakdowns that lasted 6 hours or more:,No breakdowns in last 3 months,"Less than $10,000","1,584",1584.0,ok
2011,Number of breakdowns that lasted 6 hours or more:,No breakdowns lasting 6 hours or more,"$10,000 to $19,999",8,8.0,ok
2011,Number of breakdowns that lasted 6 hours or more:,No breakdowns lasting 6 hours or more,"$100,000 to $119,999",4,4.0,ok
2011,Number of breakdowns that lasted 6 hours or more:,No breakdowns lasting 6 hours or more,"$120,000 or more",2,2.0,ok
2011,Number of breakdowns that lasted 6 hours or more:,No breakdowns lasting 6 hours or more,"$20,000 to $29,999",9,9.0,ok
2011,Number of breakdowns that lasted 6 hours or more:,No breakdowns lasting 6 hours or more,"$30,000 to $39,999",2,2.0,ok
2011,Number of breakdowns that lasted 6 hours or more:,No breakdowns lasting 6 hours or more,"$40,000 to $49,999",3,3.0,ok
2011,Number of breakdowns that lasted 6 hours or more:,No breakdowns lasting 6 hours or more,"$50,000 to $59,999",.,,blank_or_na
2011,Number of breakdowns that lasted 6 hours or more:,No breakdowns lasting 6 hours or more,"$60,000 to $79,999",2,2.0,ok
2011,Number of breakdowns that lasted 6 hours or more:,No breakdowns lasting 6 hours or more,"$80,000 to $99,999",8,8.0,ok
2011,Number of breakdowns that lasted 6 hours or more:,No breakdowns lasting 6 hours or more,"Less than $10,000",6,6.0,ok
2011,Number of breakdowns that lasted 6 hours or more:,Not reported,"$10,000 to $19,999",2,2.0,ok
2011,Number of breakdowns that lasted 6 hours or more:,Not reported,"$100,000 to $119,999",.,,blank_or_na
2011,Number of breakdowns that lasted 6 hours or more:,Not reported,"$120,000 or more",1,1.0,ok
2011,Number of breakdowns that lasted 6 hours or more:,Not reported,"$20,000 to $29,999",2,2.0,ok
2011,Number of breakdowns that lasted 6 hours or more:,Not reported,"$30,000 to $39,999",.,,blank_or_na
2011,Number of breakdowns that lasted 6 hours or more:,Not reported,"$40,000 to $49,999",.,,blank_or_na
2011,Number of breakdowns that lasted 6 hours or more:,Not reported,"$50,000 to $59,999",3,3.0,ok
2011,Number of breakdowns that lasted 6 hours or more:,Not reported,"$60,000 to $79,999",.,,blank_or_na
2011,Number of breakdowns that lasted 6 hours or more:,Not reported,"$80,000 to $99,999",3,3.0,ok
2011,Number of breakdowns that lasted 6 hours or more:,Not reported,"Less than $10,000",7,7.0,ok
2011,Number of breakdowns that lasted 6 hours or more:,Number of breakdowns not reported,"$10,000 to $19,999",4,4.0,ok
2011,Number of breakdowns that lasted 6 hours or more:,Number of breakdowns not reported,"$100,000 to $119,999",.,,blank_or_na
2011,Number of breakdowns that lasted 6 hours or more:,Number of breakdowns not reported,"$120,000 or more",4,4.0,ok
2011,Number of breakdowns that lasted 6 hours or more:,Number of breakdowns not reported,"$20,000 to $29,999",5,5.0,ok
2011,Number of breakdowns that lasted 6 hours or more:,Number of breakdowns not reported,"$30,000 to $39,999",.,,blank_or_na
2011,Number of breakdowns that lasted 6 hours or more:,Number of breakdowns not reported,"$40,000 to $49,999",.,,blank_or_na
2011,Number of breakdowns that lasted 6 hours or more:,Number of breakdowns not reported,"$50,000 to $59,999",1,1.0,ok
2011,Number of breakdowns that lasted 6 hours or more:,Number of breakdowns not reported,"$60,000 to $79,999",2,2.0,ok
2011,Number of breakdowns that lasted 6 hours or more:,Number of breakdowns not reported,"$80,000 to $99,999",.,,blank_or_na
2011,Number of breakdowns that lasted 6 hours or more:,Number of breakdowns not reported,"Less than $10,000",6,6.0,ok
2011,Number of breakdowns that lasted 6 hours or more:,Other,"$10,000 to $19,999",219,219.0,ok
2011,Number of breakdowns that lasted 6 hours or more:,Other,"$100,000 to $119,999",51,51.0,ok
2011,Number of breakdowns that lasted 6 hours or more:,Other,"$120,000 or more",151,151.0,ok
2011,Number of breakdowns that lasted 6 hours or more:,Other,"$20,000 to $29,999",205,205.0,ok
2011,Number of breakdowns that lasted 6 hours or more:,Other,"$30,000 to $39,999",178,178.0,ok
2011,Number of breakdowns that lasted 6 hours or more:,Other,"$40,000 to $49,999",105,105.0,ok
2011,Number of breakdowns that lasted 6 hours or more:,Other,"$50,000 to $59,999",126,126.0,ok
2011,Number of breakdowns that lasted 6 hours or more:,Other,"$60,000 to $79,999",164,164.0,ok
2011,Number of breakdowns that lasted 6 hours or more:,Other,"$80,000 to $99,999",103,103.0,ok
2011,Number of breakdowns that lasted 6 hours or more:,Other,"Less than $10,000",200,200.0,ok
2011,Number of breakdowns that lasted 6 hours or more:,Other causes,"$10,000 to $19,999",990,990.0,ok
2011,Number of breakdowns that lasted 6 hours or more:,Other causes,"$100,000 to $119,999",307,307.0,ok
2011,Number of breakdowns that lasted 6 hours or more:,Other causes,"$120,000 or more",723,723.0,ok
2011,Number of breakdowns that lasted 6 hours or more:,Other causes,"$20,000 to $29,999",864,864.0,ok
2011,Number of breakdowns that lasted 6 hours or more:,Other causes,"$30,000 to $39,999",784,784.0,ok
2011,Number of breakdowns that lasted 6 hours or more:,Other causes,"$40,000 to $49,999",571,571.0,ok
2011,Number of breakdowns that lasted 6 hours or more:,Other causes,"$50,000 to $59,999",497,497.0,ok
2011,Number of breakdowns that lasted 6 hours or more:,Other causes,"$60,000 to $79,999",713,713.0,ok
2011,Number of breakdowns that lasted 6 hours or more:,Other causes,"$80,000 to $99,999",437,437.0,ok
2011,Number of breakdowns that lasted 6 hours or more:,Other causes,"Less than $10,000",834,834.0,ok
2011,Number of breakdowns that lasted 6 hours or more:,Reason for discomfort not reported,"$10,000 to $19,999",4,4.0,ok
2011,Number of breakdowns that lasted 6 hours or more:,Reason for discomfort not reported,"$100,000 to $119,999",1,1.0,ok
2011,Number of breakdowns that lasted 6 hours or more:,Reason for discomfort not reported,"$120,000 or more",.,,blank_or_na
2011,Number of breakdowns that lasted 6 hours or more:,Reason for discomfort not reported,"$20,000 to $29,999",8,8.0,ok
2011,Number of breakdowns that lasted 6 hours or more:,Reason for discomfort not reported,"$30,000 to $39,999",2,2.0,ok
2011,Number of breakdowns that lasted 6 hours or more:,Reason for discomfort not reported,"$40,000 to $49,999",5,5.0,ok
2011,Number of breakdowns that lasted 6 hours or more:,Reason for discomfort not reported,"$50,000 to $59,999",8,8.0,ok
2011,Number of breakdowns that lasted 6 hours or more:,Reason for discomfort not reported,"$60,000 to $79,999",.,,blank_or_na
2011,Number of breakdowns that lasted 6 hours or more:,Reason for discomfort not reported,"$80,000 to $99,999",.,,blank_or_na
2011,Number of breakdowns that lasted 6 hours or more:,Reason for discomfort not reported,"Less than $10,000",11,11.0,ok
2011,Number of breakdowns that lasted 6 hours or more:,Utility interruption,"$10,000 to $19,999",239,239.0,ok
2011,Number of breakdowns that lasted 6 hours or more:,Utility interruption,"$100,000 to $119,999",142,142.0,ok
2011,Number of breakdowns that lasted 6 hours or more:,Utility interruption,"$120,000 or more",330,330.0,ok
2011,Number of breakdowns that lasted 6 hours or more:,Utility interruption,"$20,000 to $29,999",201,201.0,ok
2011,Number of breakdowns that lasted 6 hours or more:,Utility interruption,"$30,000 to $39,999",255,255.0,ok
2011,Number of breakdowns that lasted 6 hours or more:,Utility interruption,"$40,000 to $49,999",162,162.0,ok
2011,Number of breakdowns that lasted 6 hours or more:,Utility interruption,"$50,000 to $59,999",175,175.0,ok
2011,Number of breakdowns that lasted 6 hours or more:,Utility interruption,"$60,000 to $79,999",264,264.0,ok
2011,Number of breakdowns that lasted 6 hours or more:,Utility interruption,"$80,000 to $99,999",202,202.0,ok
2011,Number of breakdowns that lasted 6 hours or more:,Utility interruption,"Less than $10,000",183,183.0,ok
2011,Number of breakdowns that lasted 6 hours or more:,With breakdown(s) in last 3 months,"$10,000 to $19,999",42,42.0,ok
2011,Number of breakdowns that lasted 6 hours or more:,With breakdown(s) in last 3 months,"$100,000 to $119,999",10,10.0,ok
2011,Number of breakdowns that lasted 6 hours or more:,With breakdown(s) in last 3 months,"$120,000 or more",37,37.0,ok
2011,Number of breakdowns that lasted 6 hours or more:,With breakdown(s) in last 3 months,"$20,000 to $29,999",31,31.0,ok
2011,Number of breakdowns that lasted 6 hours or more:,With breakdown(s) in last 3 months,"$30,000 to $39,999",48,48.0,ok
2011,Number of breakdowns that lasted 6 hours or more:,With breakdown(s) in last 3 months,"$40,000 to $49,999",26,26.0,ok
2011,Number of breakdowns that lasted 6 hours or more:,With breakdown(s) in last 3 months,"$50,000 to $59,999",11,11.0,ok
2011,Number of breakdowns that lasted 6 hours or more:,With breakdown(s) in last 3 months,"$60,000 to $79,999",36,36.0,ok
2011,Number of breakdowns that lasted 6 hours or more:,With breakdown(s) in last 3 months,"$80,000 to $99,999",35,35.0,ok
2011,Number of breakdowns that lasted 6 hours or more:,With breakdown(s) in last 3 months,"Less than $10,000",37,37.0,ok
2011,Number of breakdowns that lasted 6 hours or more:,With septic tank or cesspool,"$10,000 to $19,999","2,123",2123.0,ok
2011,Number of breakdowns that lasted 6 hours or more:,With septic tank or cesspool,"$100,000 to $119,999","1,439",1439.0,ok
2011,Number of breakdowns that lasted 6 hours or more:,With septic tank or cesspool,"$120,000 or more","2,928",2928.0,ok
2011,Number of breakdowns that lasted 6 hours or more:,With septic tank or cesspool,"$20,000 to $29,999","2,763",2763.0,ok
2011,Number of breakdowns that lasted 6 hours or more:,With septic tank or cesspool,"$30,000 to $39,999","2,475",2475.0,ok
2011,Number of breakdowns that lasted 6 hours or more:,With septic tank or cesspool,"$40,000 to $49,999","2,058",2058.0,ok
2011,Number of breakdowns that lasted 6 hours or more:,With septic tank or cesspool,"$50,000 to $59,999","1,717",1717.0,ok
2011,Number of breakdowns that lasted 6 hours or more:,With septic tank or cesspool,"$60,000 to $79,999","2,990",2990.0,ok
2011,Number of breakdowns that lasted 6 hours or more:,With septic tank or cesspool,"$80,000 to $99,999","2,264",2264.0,ok
2011,Number of breakdowns that lasted 6 hours or more:,With septic tank or cesspool,"Less than $10,000","1,621",1621.0,ok
2011,Number of stoppages that lasted 6 hours or more:,1,"$10,000 to $19,999",307,307.0,ok
2011,Number of stoppages that lasted 6 hours or more:,1,"$100,000 to $119,999",127,127.0,ok
2011,Number of stoppages that lasted 6 hours or more:,1,"$120,000 or more",270,270.0,ok
2011,Number of stoppages that lasted 6 hours or more:,1,"$20,000 to $29,999",305,305.0,ok
2011,Number of stoppages that lasted 6 hours or more:,1,"$30,000 to $39,999",201,201.0,ok
2011,Number of stoppages that lasted 6 hours or more:,1,"$40,000 to $49,999",189,189.0,ok
2011,Number of stoppages that lasted 6 hours or more:,1,"$50,000 to $59,999",161,161.0,ok
2011,Number of stoppages that lasted 6 hours or more:,1,"$60,000 to $79,999",328,328.0,ok
2011,Number of stoppages that lasted 6 hours or more:,1,"$80,000 to $99,999",173,173.0,ok
2011,Number of stoppages that lasted 6 hours or more:,1,"Less than $10,000",222,222.0,ok
2011,Number of stoppages that lasted 6 hours or more:,2,"$10,000 to $19,999",75,75.0,ok
2011,Number of stoppages that lasted 6 hours or more:,2,"$100,000 to $119,999",21,21.0,ok
2011,Number of stoppages that lasted 6 hours or more:,2,"$120,000 or more",47,47.0,ok
2011,Number of stoppages that lasted 6 hours or more:,2,"$20,000 to $29,999",78,78.0,ok
2011,Number of stoppages that lasted 6 hours or more:,2,"$30,000 to $39,999",82,82.0,ok
2011,Number of stoppages that lasted 6 hours or more:,2,"$40,000 to $49,999",43,43.0,ok
2011,Number of stoppages that lasted 6 hours or more:,2,"$50,000 to $59,999",41,41.0,ok
2011,Number of stoppages that lasted 6 hours or more:,2,"$60,000 to $79,999",69,69.0,ok
2011,Number of stoppages that lasted 6 hours or more:,2,"$80,000 to $99,999",61,61.0,ok
2011,Number of stoppages that lasted 6 hours or more:,2,"Less than $10,000",85,85.0,ok
2011,Number of stoppages that lasted 6 hours or more:,3,"$10,000 to $19,999",31,31.0,ok
2011,Number of stoppages that lasted 6 hours or more:,3,"$100,000 to $119,999",7,7.0,ok
2011,Number of stoppages that lasted 6 hours or more:,3,"$120,000 or more",27,27.0,ok
2011,Number of stoppages that lasted 6 hours or more:,3,"$20,000 to $29,999",32,32.0,ok
2011,Number of stoppages that lasted 6 hours or more:,3,"$30,000 to $39,999",30,30.0,ok
2011,Number of stoppages that lasted 6 hours or more:,3,"$40,000 to $49,999",19,19.0,ok
2011,Number of stoppages that lasted 6 hours or more:,3,"$50,000 to $59,999",18,18.0,ok
2011,Number of stoppages that lasted 6 hours or more:,3,"$60,000 to $79,999",34,34.0,ok
2011,Number of stoppages that lasted 6 hours or more:,3,"$80,000 to $99,999",30,30.0,ok
2011,Number of stoppages that lasted 6 hours or more:,3,"Less than $10,000",37,37.0,ok
2011,Number of stoppages that lasted 6 hours or more:,4 or more,"$10,000 to $19,999",52,52.0,ok
2011,Number of stoppages that lasted 6 hours or more:,4 or more,"$100,000 to $119,999",20,20.0,ok
2011,Number of stoppages that lasted 6 hours or more:,4 or more,"$120,000 or more",57,57.0,ok
2011,Number of stoppages that lasted 6 hours or more:,4 or more,"$20,000 to $29,999",14,14.0,ok
2011,Number of stoppages that lasted 6 hours or more:,4 or more,"$30,000 to $39,999",52,52.0,ok
2011,Number of stoppages that lasted 6 hours or more:,4 or more,"$40,000 to $49,999",22,22.0,ok
2011,Number of stoppages that lasted 6 hours or more:,4 or more,"$50,000 to $59,999",17,17.0,ok
2011,Number of stoppages that lasted 6 hours or more:,4 or more,"$60,000 to $79,999",29,29.0,ok
2011,Number of stoppages that lasted 6 hours or more:,4 or more,"$80,000 to $99,999",26,26.0,ok
2011,Number of stoppages that lasted 6 hours or more:,4 or more,"Less than $10,000",70,70.0,ok
2011,Number of stoppages that lasted 6 hours or more:,Number of stoppages not reported,"$10,000 to $19,999",12,12.0,ok
2011,Number of stoppages that lasted 6 hours or more:,Number of stoppages not reported,"$100,000 to $119,999",2,2.0,ok
2011,Number of stoppages that lasted 6 hours or more:,Number of stoppages not reported,"$120,000 or more",.,,blank_or_na
2011,Number of stoppages that lasted 6 hours or more:,Number of stoppages not reported,"$20,000 to $29,999",4,4.0,ok
2011,Number of stoppages that lasted 6 hours or more:,Number of stoppages not reported,"$30,000 to $39,999",7,7.0,ok
2011,Number of stoppages that lasted 6 hours or more:,Number of stoppages not reported,"$40,000 to $49,999",4,4.0,ok
2011,Number of stoppages that lasted 6 hours or more:,Number of stoppages not reported,"$50,000 to $59,999",2,2.0,ok
2011,Number of stoppages that lasted 6 hours or more:,Number of stoppages not reported,"$60,000 to $79,999",5,5.0,ok
2011,Number of stoppages that lasted 6 hours or more:,Number of stoppages not reported,"$80,000 to $99,999",4,4.0,ok
2011,Number of stoppages that lasted 6 hours or more:,Number of stoppages not reported,"Less than $10,000",7,7.0,ok
2011,Number of stoppages that lasted 6 hours or more:,Stoppage not reported,"$10,000 to $19,999",114,114.0,ok
2011,Number of stoppages that lasted 6 hours or more:,Stoppage not reported,"$100,000 to $119,999",63,63.0,ok
2011,Number of stoppages that lasted 6 hours or more:,Stoppage not reported,"$120,000 or more",110,110.0,ok
2011,Number of stoppages that lasted 6 hours or more:,Stoppage not reported,"$20,000 to $29,999",146,146.0,ok
2011,Number of stoppages that lasted 6 hours or more:,Stoppage not reported,"$30,000 to $39,999",134,134.0,ok
2011,Number of stoppages that lasted 6 hours or more:,Stoppage not reported,"$40,000 to $49,999",90,90.0,ok
2011,Number of stoppages that lasted 6 hours or more:,Stoppage not reported,"$50,000 to $59,999",63,63.0,ok
2011,Number of stoppages that lasted 6 hours or more:,Stoppage not reported,"$60,000 to $79,999",147,147.0,ok
2011,Number of stoppages that lasted 6 hours or more:,Stoppage not reported,"$80,000 to $99,999",92,92.0,ok
2011,Number of stoppages that lasted 6 hours or more:,Stoppage not reported,"Less than $10,000",168,168.0,ok
2011,Selected Deficiencies,Broken plaster or peeling paint (interior),"$10,000 to $19,999",347,347.0,ok
2011,Selected Deficiencies,Broken plaster or peeling paint (interior),"$100,000 to $119,999",81,81.0,ok
2011,Selected Deficiencies,Broken plaster or peeling paint (interior),"$120,000 or more",190,190.0,ok
2011,Selected Deficiencies,Broken plaster or peeling paint (interior),"$20,000 to $29,999",312,312.0,ok
2011,Selected Deficiencies,Broken plaster or peeling paint (interior),"$30,000 to $39,999",303,303.0,ok
2011,Selected Deficiencies,Broken plaster or peeling paint (interior),"$40,000 to $49,999",183,183.0,ok
2011,Selected Deficiencies,Broken plaster or peeling paint (interior),"$50,000 to $59,999",136,136.0,ok
2011,Selected Deficiencies,Broken plaster or peeling paint (interior),"$60,000 to $79,999",254,254.0,ok
2011,Selected Deficiencies,Broken plaster or peeling paint (interior),"$80,000 to $99,999",139,139.0,ok
2011,Selected Deficiencies,Broken plaster or peeling paint (interior),"Less than $10,000",365,365.0,ok
2011,Selected Deficiencies,Exposed wiring,"$10,000 to $19,999",276,276.0,ok
2011,Selected Deficiencies,Exposed wiring,"$100,000 to $119,999",83,83.0,ok
2011,Selected Deficiencies,Exposed wiring,"$120,000 or more",170,170.0,ok
2011,Selected Deficiencies,Exposed wiring,"$20,000 to $29,999",245,245.0,ok
2011,Selected Deficiencies,Exposed wiring,"$30,000 to $39,999",169,169.0,ok
2011,Selected Deficiencies,Exposed wiring,"$40,000 to $49,999",134,134.0,ok
2011,Selected Deficiencies,Exposed wiring,"$50,000 to $59,999",113,113.0,ok
2011,Selected Deficiencies,Exposed wiring,"$60,000 to $79,999",216,216.0,ok
2011,Selected Deficiencies,Exposed wiring,"$80,000 to $99,999",133,133.0,ok
2011,Selected Deficiencies,Exposed wiring,"Less than $10,000",286,286.0,ok
2011,Selected Deficiencies,Holes in floors,"$10,000 to $19,999",208,208.0,ok
2011,Selected Deficiencies,Holes in floors,"$100,000 to $119,999",33,33.0,ok
2011,Selected Deficiencies,Holes in floors,"$120,000 or more",82,82.0,ok
2011,Selected Deficiencies,Holes in floors,"$20,000 to $29,999",178,178.0,ok
2011,Selected Deficiencies,Holes in floors,"$30,000 to $39,999",140,140.0,ok
2011,Selected Deficiencies,Holes in floors,"$40,000 to $49,999",79,79.0,ok
2011,Selected Deficiencies,Holes in floors,"$50,000 to $59,999",38,38.0,ok
2011,Selected Deficiencies,Holes in floors,"$60,000 to $79,999",88,88.0,ok
2011,Selected Deficiencies,Holes in floors,"$80,000 to $99,999",60,60.0,ok
2011,Selected Deficiencies,Holes in floors,"Less than $10,000",259,259.0,ok
2011,Selected Deficiencies,No electrical wiring,"$10,000 to $19,999",32,32.0,ok
2011,Selected Deficiencies,No electrical wiring,"$100,000 to $119,999",4,4.0,ok
2011,Selected Deficiencies,No electrical wiring,"$120,000 or more",5,5.0,ok
2011,Selected Deficiencies,No electrical wiring,"$20,000 to $29,999",57,57.0,ok
2011,Selected Deficiencies,No electrical wiring,"$30,000 to $39,999",15,15.0,ok
2011,Selected Deficiencies,No electrical wiring,"$40,000 to $49,999",5,5.0,ok
2011,Selected Deficiencies,No electrical wiring,"$50,000 to $59,999",10,10.0,ok
2011,Selected Deficiencies,No electrical wiring,"$60,000 to $79,999",10,10.0,ok
2011,Selected Deficiencies,No electrical wiring,"$80,000 to $99,999",8,8.0,ok
2011,Selected Deficiencies,No electrical wiring,"Less than $10,000",23,23.0,ok
2011,Selected Deficiencies,Open cracks or holes (interior),"$10,000 to $19,999",892,892.0,ok
2011,Selected Deficiencies,Open cracks or holes (interior),"$100,000 to $119,999",256,256.0,ok
2011,Selected Deficiencies,Open cracks or holes (interior),"$120,000 or more",443,443.0,ok
2011,Selected Deficiencies,Open cracks or holes (interior),"$20,000 to $29,999",772,772.0,ok
2011,Selected Deficiencies,Open cracks or holes (interior),"$30,000 to $39,999",709,709.0,ok
2011,Selected Deficiencies,Open cracks or holes (interior),"$40,000 to $49,999",521,521.0,ok
2011,Selected Deficiencies,Open cracks or holes (interior),"$50,000 to $59,999",344,344.0,ok
2011,Selected Deficiencies,Open cracks or holes (interior),"$60,000 to $79,999",674,674.0,ok
2011,Selected Deficiencies,Open cracks or holes (interior),"$80,000 to $99,999",361,361.0,ok
2011,Selected Deficiencies,Open cracks or holes (interior),"Less than $10,000",868,868.0,ok
2011,Selected Deficiencies,Rooms without electric outlets,"$10,000 to $19,999",114,114.0,ok
2011,Selected Deficiencies,Rooms without electric outlets,"$100,000 to $119,999",27,27.0,ok
2011,Selected Deficiencies,Rooms without electric outlets,"$120,000 or more",51,51.0,ok
2011,Selected Deficiencies,Rooms without electric outlets,"$20,000 to $29,999",103,103.0,ok
2011,Selected Deficiencies,Rooms without electric outlets,"$30,000 to $39,999",72,72.0,ok
2011,Selected Deficiencies,Rooms without electric outlets,"$40,000 to $49,999",59,59.0,ok
2011,Selected Deficiencies,Rooms without electric outlets,"$50,000 to $59,999",44,44.0,ok
2011,Selected Deficiencies,Rooms without electric outlets,"$60,000 to $79,999",70,70.0,ok
2011,Selected Deficiencies,Rooms without electric outlets,"$80,000 to $99,999",76,76.0,ok
2011,Selected Deficiencies,Rooms without electric outlets,"Less than $10,000",125,125.0,ok
2011,Selected Deficiencies,Signs of cockroaches in last 12 months,"$10,000 to $19,999","2,007",2007.0,ok
2011,Selected Deficiencies,Signs of cockroaches in last 12 months,"$100,000 to $119,999",544,544.0,ok
2011,Selected Deficiencies,Signs of cockroaches in last 12 months,"$120,000 or more","1,154",1154.0,ok
2011,Selected Deficiencies,Signs of cockroaches in last 12 months,"$20,000 to $29,999","1,808",1808.0,ok
2011,Selected Deficiencies,Signs of cockroaches in last 12 months,"$30,000 to $39,999","1,433",1433.0,ok
2011,Selected Deficiencies,Signs of cockroaches in last 12 months,"$40,000 to $49,999","1,180",1180.0,ok
2011,Selected Deficiencies,Signs of cockroaches in last 12 months,"$50,000 to $59,999",923,923.0,ok
2011,Selected Deficiencies,Signs of cockroaches in last 12 months,"$60,000 to $79,999","1,225",1225.0,ok
2011,Selected Deficiencies,Signs of cockroaches in last 12 months,"$80,000 to $99,999",785,785.0,ok
2011,Selected Deficiencies,Signs of cockroaches in last 12 months,"Less than $10,000","2,045",2045.0,ok
2011,Selected Deficiencies,Signs of mice in last 12 months,"$10,000 to $19,999","1,457",1457.0,ok
2011,Selected Deficiencies,Signs of mice in last 12 months,"$100,000 to $119,999",635,635.0,ok
2011,Selected Deficiencies,Signs of mice in last 12 months,"$120,000 or more","1,596",1596.0,ok
2011,Selected Deficiencies,Signs of mice in last 12 months,"$20,000 to $29,999","1,516",1516.0,ok
2011,Selected Deficiencies,Signs of mice in last 12 months,"$30,000 to $39,999","1,383",1383.0,ok
2011,Selected Deficiencies,Signs of mice in last 12 months,"$40,000 to $49,999","1,112",1112.0,ok
2011,Selected Deficiencies,Signs of mice in last 12 months,"$50,000 to $59,999",920,920.0,ok
2011,Selected Deficiencies,Signs of mice in last 12 months,"$60,000 to $79,999","1,602",1602.0,ok
2011,Selected Deficiencies,Signs of mice in last 12 months,"$80,000 to $99,999","1,151",1151.0,ok
2011,Selected Deficiencies,Signs of mice in last 12 months,"Less than $10,000","1,272",1272.0,ok
2011,Selected Deficiencies,Signs of rats in last 12 months,"$10,000 to $19,999",186,186.0,ok
2011,Selected Deficiencies,Signs of rats in last 12 months,"$100,000 to $119,999",46,46.0,ok
2011,Selected Deficiencies,Signs of rats in last 12 months,"$120,000 or more",96,96.0,ok
2011,Selected Deficiencies,Signs of rats in last 12 months,"$20,000 to $29,999",137,137.0,ok
2011,Selected Deficiencies,Signs of rats in last 12 months,"$30,000 to $39,999",119,119.0,ok
2011,Selected Deficiencies,Signs of rats in last 12 months,"$40,000 to $49,999",94,94.0,ok
2011,Selected Deficiencies,Signs of rats in last 12 months,"$50,000 to $59,999",78,78.0,ok
2011,Selected Deficiencies,Signs of rats in last 12 months,"$60,000 to $79,999",104,104.0,ok
2011,Selected Deficiencies,Signs of rats in last 12 months,"$80,000 to $99,999",91,91.0,ok
2011,Selected Deficiencies,Signs of rats in last 12 months,"Less than $10,000",188,188.0,ok
2011,Selected Deficiencies,"Signs of rodents, not sure which kind in last 12 months","$10,000 to $19,999",114,114.0,ok
2011,Selected Deficiencies,"Signs of rodents, not sure which kind in last 12 months","$100,000 to $119,999",21,21.0,ok
2011,Selected Deficiencies,"Signs of rodents, not sure which kind in last 12 months","$120,000 or more",65,65.0,ok
2011,Selected Deficiencies,"Signs of rodents, not sure which kind in last 12 months","$20,000 to $29,999",85,85.0,ok
2011,Selected Deficiencies,"Signs of rodents, not sure which kind in last 12 months","$30,000 to $39,999",63,63.0,ok
2011,Selected Deficiencies,"Signs of rodents, not sure which kind in last 12 months","$40,000 to $49,999",65,65.0,ok
2011,Selected Deficiencies,"Signs of rodents, not sure which kind in last 12 months","$50,000 to $59,999",38,38.0,ok
2011,Selected Deficiencies,"Signs of rodents, not sure which kind in last 12 months","$60,000 to $79,999",70,70.0,ok
2011,Selected Deficiencies,"Signs of rodents, not sure which kind in last 12 months","$80,000 to $99,999",52,52.0,ok
2011,Selected Deficiencies,"Signs of rodents, not sure which kind in last 12 months","Less than $10,000",117,117.0,ok
2011,Selected Physical Problems,Electric,"$10,000 to $19,999",8,8.0,ok
2011,Selected Physical Problems,Electric,"$100,000 to $119,999",.,,blank_or_na
2011,Selected Physical Problems,Electric,"$120,000 or more",4,4.0,ok
2011,Selected Physical Problems,Electric,"$20,000 to $29,999",14,14.0,ok
2011,Selected Physical Problems,Electric,"$30,000 to $39,999",4,4.0,ok
2011,Selected Physical Problems,Electric,"$40,000 to $49,999",2,2.0,ok
2011,Selected Physical Problems,Electric,"$50,000 to $59,999",10,10.0,ok
2011,Selected Physical Problems,Electric,"$60,000 to $79,999",12,12.0,ok
2011,Selected Physical Problems,Electric,"$80,000 to $99,999",3,3.0,ok
2011,Selected Physical Problems,Electric,"Less than $10,000",9,9.0,ok
2011,Selected Physical Problems,Heating,"$10,000 to $19,999",122,122.0,ok
2011,Selected Physical Problems,Heating,"$100,000 to $119,999",31,31.0,ok
2011,Selected Physical Problems,Heating,"$120,000 or more",29,29.0,ok
2011,Selected Physical Problems,Heating,"$20,000 to $29,999",114,114.0,ok
2011,Selected Physical Problems,Heating,"$30,000 to $39,999",64,64.0,ok
2011,Selected Physical Problems,Heating,"$40,000 to $49,999",24,24.0,ok
2011,Selected Physical Problems,Heating,"$50,000 to $59,999",27,27.0,ok
2011,Selected Physical Problems,Heating,"$60,000 to $79,999",59,59.0,ok
2011,Selected Physical Problems,Heating,"$80,000 to $99,999",27,27.0,ok
2011,Selected Physical Problems,Heating,"Less than $10,000",95,95.0,ok
2011,Selected Physical Problems,Kitchen,"$10,000 to $19,999",342,342.0,ok
2011,Selected Physical Problems,Kitchen,"$100,000 to $119,999",50,50.0,ok
2011,Selected Physical Problems,Kitchen,"$120,000 or more",65,65.0,ok
2011,Selected Physical Problems,Kitchen,"$20,000 to $29,999",273,273.0,ok
2011,Selected Physical Problems,Kitchen,"$30,000 to $39,999",196,196.0,ok
2011,Selected Physical Problems,Kitchen,"$40,000 to $49,999",170,170.0,ok
2011,Selected Physical Problems,Kitchen,"$50,000 to $59,999",84,84.0,ok
2011,Selected Physical Problems,Kitchen,"$60,000 to $79,999",163,163.0,ok
2011,Selected Physical Problems,Kitchen,"$80,000 to $99,999",102,102.0,ok
2011,Selected Physical Problems,Kitchen,"Less than $10,000",389,389.0,ok
2011,Selected Physical Problems,Moderate physical problems,"$10,000 to $19,999",818,818.0,ok
2011,Selected Physical Problems,Moderate physical problems,"$100,000 to $119,999",84,84.0,ok
2011,Selected Physical Problems,Moderate physical problems,"$120,000 or more",170,170.0,ok
2011,Selected Physical Problems,Moderate physical problems,"$20,000 to $29,999",607,607.0,ok
2011,Selected Physical Problems,Moderate physical problems,"$30,000 to $39,999",513,513.0,ok
2011,Selected Physical Problems,Moderate physical problems,"$40,000 to $49,999",363,363.0,ok
2011,Selected Physical Problems,Moderate physical problems,"$50,000 to $59,999",218,218.0,ok
2011,Selected Physical Problems,Moderate physical problems,"$60,000 to $79,999",338,338.0,ok
2011,Selected Physical Problems,Moderate physical problems,"$80,000 to $99,999",191,191.0,ok
2011,Selected Physical Problems,Moderate physical problems,"Less than $10,000",852,852.0,ok
2011,Selected Physical Problems,Plumbing,"$10,000 to $19,999",229,229.0,ok
2011,Selected Physical Problems,Plumbing,"$100,000 to $119,999",28,28.0,ok
2011,Selected Physical Problems,Plumbing,"$120,000 or more",57,57.0,ok
2011,Selected Physical Problems,Plumbing,"$20,000 to $29,999",248,248.0,ok
2011,Selected Physical Problems,Plumbing,"$30,000 to $39,999",190,190.0,ok
2011,Selected Physical Problems,Plumbing,"$40,000 to $49,999",93,93.0,ok
2011,Selected Physical Problems,Plumbing,"$50,000 to $59,999",100,100.0,ok
2011,Selected Physical Problems,Plumbing,"$60,000 to $79,999",142,142.0,ok
2011,Selected Physical Problems,Plumbing,"$80,000 to $99,999",82,82.0,ok
2011,Selected Physical Problems,Plumbing,"Less than $10,000",269,269.0,ok
2011,Selected Physical Problems,Severe physical problems,"$10,000 to $19,999",368,368.0,ok
2011,Selected Physical Problems,Severe physical problems,"$100,000 to $119,999",59,59.0,ok
2011,Selected Physical Problems,Severe physical problems,"$120,000 or more",92,92.0,ok
2011,Selected Physical Problems,Severe physical problems,"$20,000 to $29,999",376,376.0,ok
2011,Selected Physical Problems,Severe physical problems,"$30,000 to $39,999",260,260.0,ok
2011,Selected Physical Problems,Severe physical problems,"$40,000 to $49,999",119,119.0,ok
2011,Selected Physical Problems,Severe physical problems,"$50,000 to $59,999",138,138.0,ok
2011,Selected Physical Problems,Severe physical problems,"$60,000 to $79,999",206,206.0,ok
2011,Selected Physical Problems,Severe physical problems,"$80,000 to $99,999",114,114.0,ok
2011,Selected Physical Problems,Severe physical problems,"Less than $10,000",378,378.0,ok
2011,Selected Physical Problems,Upkeep,"$10,000 to $19,999",14,14.0,ok
2011,Selected Physical Problems,Upkeep,"$100,000 to $119,999",.,,blank_or_na
2011,Selected Physical Problems,Upkeep,"$120,000 or more",3,3.0,ok
2011,Selected Physical Problems,Upkeep,"$20,000 to $29,999",14,14.0,ok
2011,Selected Physical Problems,Upkeep,"$30,000 to $39,999",11,11.0,ok
2011,Selected Physical Problems,Upkeep,"$40,000 to $49,999",.,,blank_or_na
2011,Selected Physical Problems,Upkeep,"$50,000 to $59,999",4,4.0,ok
2011,Selected Physical Problems,Upkeep,"$60,000 to $79,999",3,3.0,ok
2011,Selected Physical Problems,Upkeep,"$80,000 to $99,999",3,3.0,ok
2011,Selected Physical Problems,Upkeep,"Less than $10,000",21,21.0,ok
2011,Sewage Disposal Breakdowns,No breakdowns in last 3 months,"$10,000 to $19,999","10,448",10448.0,ok
2011,Sewage Disposal Breakdowns,No breakdowns in last 3 months,"$100,000 to $119,999","5,355",5355.0,ok
2011,Sewage Disposal Breakdowns,No breakdowns in last 3 months,"$120,000 or more","11,790",11790.0,ok
2011,Sewage Disposal Breakdowns,No breakdowns in last 3 months,"$20,000 to $29,999","11,326",11326.0,ok
2011,Sewage Disposal Breakdowns,No breakdowns in last 3 months,"$30,000 to $39,999","9,237",9237.0,ok
2011,Sewage Disposal Breakdowns,No breakdowns in last 3 months,"$40,000 to $49,999","7,960",7960.0,ok
2011,Sewage Disposal Breakdowns,No breakdowns in last 3 months,"$50,000 to $59,999","6,849",6849.0,ok
2011,Sewage Disposal Breakdowns,No breakdowns in last 3 months,"$60,000 to $79,999","10,968",10968.0,ok
2011,Sewage Disposal Breakdowns,No breakdowns in last 3 months,"$80,000 to $99,999","7,502",7502.0,ok
2011,Sewage Disposal Breakdowns,No breakdowns in last 3 months,"Less than $10,000","9,720",9720.0,ok
2011,Sewage Disposal Breakdowns,No breakdowns lasting 6 hours or more,"$10,000 to $19,999",30,30.0,ok
2011,Sewage Disposal Breakdowns,No breakdowns lasting 6 hours or more,"$100,000 to $119,999",11,11.0,ok
2011,Sewage Disposal Breakdowns,No breakdowns lasting 6 hours or more,"$120,000 or more",39,39.0,ok
2011,Sewage Disposal Breakdowns,No breakdowns lasting 6 hours or more,"$20,000 to $29,999",45,45.0,ok
2011,Sewage Disposal Breakdowns,No breakdowns lasting 6 hours or more,"$30,000 to $39,999",28,28.0,ok
2011,Sewage Disposal Breakdowns,No breakdowns lasting 6 hours or more,"$40,000 to $49,999",20,20.0,ok
2011,Sewage Disposal Breakdowns,No breakdowns lasting 6 hours or more,"$50,000 to $59,999",26,26.0,ok
2011,Sewage Disposal Breakdowns,No breakdowns lasting 6 hours or more,"$60,000 to $79,999",43,43.0,ok
2011,Sewage Disposal Breakdowns,No breakdowns lasting 6 hours or more,"$80,000 to $99,999",30,30.0,ok
2011,Sewage Disposal Breakdowns,No breakdowns lasting 6 hours or more,"Less than $10,000",29,29.0,ok
2011,Sewage Disposal Breakdowns,With breakdown(s) in last 3 months,"$10,000 to $19,999",156,156.0,ok
2011,Sewage Disposal Breakdowns,With breakdown(s) in last 3 months,"$100,000 to $119,999",55,55.0,ok
2011,Sewage Disposal Breakdowns,With breakdown(s) in last 3 months,"$120,000 or more",146,146.0,ok
2011,Sewage Disposal Breakdowns,With breakdown(s) in last 3 months,"$20,000 to $29,999",183,183.0,ok
2011,Sewage Disposal Breakdowns,With breakdown(s) in last 3 months,"$30,000 to $39,999",125,125.0,ok
2011,Sewage Disposal Breakdowns,With breakdown(s) in last 3 months,"$40,000 to $49,999",100,100.0,ok
2011,Sewage Disposal Breakdowns,With breakdown(s) in last 3 months,"$50,000 to $59,999",78,78.0,ok
2011,Sewage Disposal Breakdowns,With breakdown(s) in last 3 months,"$60,000 to $79,999",153,153.0,ok
2011,Sewage Disposal Breakdowns,With breakdown(s) in last 3 months,"$80,000 to $99,999",74,74.0,ok
2011,Sewage Disposal Breakdowns,With breakdown(s) in last 3 months,"Less than $10,000",183,183.0,ok
2011,Sewage Disposal Breakdowns,With public sewer,"$10,000 to $19,999","10,604",10604.0,ok
2011,Sewage Disposal Breakdowns,With public sewer,"$100,000 to $119,999","5,410",5410.0,ok
2011,Sewage Disposal Breakdowns,With public sewer,"$120,000 or more","11,936",11936.0,ok
2011,Sewage Disposal Breakdowns,With public sewer,"$20,000 to $29,999","11,509",11509.0,ok
2011,Sewage Disposal Breakdowns,With public sewer,"$30,000 to $39,999","9,362",9362.0,ok
2011,Sewage Disposal Breakdowns,With public sewer,"$40,000 to $49,999","8,060",8060.0,ok
2011,Sewage Disposal Breakdowns,With public sewer,"$50,000 to $59,999","6,927",6927.0,ok
2011,Sewage Disposal Breakdowns,With public sewer,"$60,000 to $79,999","11,121",11121.0,ok
2011,Sewage Disposal Breakdowns,With public sewer,"$80,000 to $99,999","7,576",7576.0,ok
2011,Sewage Disposal Breakdowns,With public sewer,"Less than $10,000","9,904",9904.0,ok
2011,Water Leakage During Last 12 Months,Basement,"$10,000 to $19,999",196,196.0,ok
2011,Water Leakage During Last 12 Months,Basement,"$100,000 to $119,999",257,257.0,ok
2011,Water Leakage During Last 12 Months,Basement,"$120,000 or more",551,551.0,ok
2011,Water Leakage During Last 12 Months,Basement,"$20,000 to $29,999",289,289.0,ok
2011,Water Leakage During Last 12 Months,Basement,"$30,000 to $39,999",335,335.0,ok
2011,Water Leakage During Last 12 Months,Basement,"$40,000 to $49,999",291,291.0,ok
2011,Water Leakage During Last 12 Months,Basement,"$50,000 to $59,999",267,267.0,ok
2011,Water Leakage During Last 12 Months,Basement,"$60,000 to $79,999",445,445.0,ok
2011,Water Leakage During Last 12 Months,Basement,"$80,000 to $99,999",323,323.0,ok
2011,Water Leakage During Last 12 Months,Basement,"Less than $10,000",173,173.0,ok
2011,Water Leakage During Last 12 Months,Broken water heater,"$10,000 to $19,999",100,100.0,ok
2011,Water Leakage During Last 12 Months,Broken water heater,"$100,000 to $119,999",43,43.0,ok
2011,Water Leakage During Last 12 Months,Broken water heater,"$120,000 or more",154,154.0,ok
2011,Water Leakage During Last 12 Months,Broken water heater,"$20,000 to $29,999",124,124.0,ok
2011,Water Leakage During Last 12 Months,Broken water heater,"$30,000 to $39,999",102,102.0,ok
2011,Water Leakage During Last 12 Months,Broken water heater,"$40,000 to $49,999",101,101.0,ok
2011,Water Leakage During Last 12 Months,Broken water heater,"$50,000 to $59,999",53,53.0,ok
2011,Water Leakage During Last 12 Months,Broken water heater,"$60,000 to $79,999",121,121.0,ok
2011,Water Leakage During Last 12 Months,Broken water heater,"$80,000 to $99,999",58,58.0,ok
2011,Water Leakage During Last 12 Months,Broken water heater,"Less than $10,000",99,99.0,ok
2011,Water Leakage During Last 12 Months,Exterior leakage not reported,"$10,000 to $19,999",138,138.0,ok
2011,Water Leakage During Last 12 Months,Exterior leakage not reported,"$100,000 to $119,999",84,84.0,ok
2011,Water Leakage During Last 12 Months,Exterior leakage not reported,"$120,000 or more",124,124.0,ok
2011,Water Leakage During Last 12 Months,Exterior leakage not reported,"$20,000 to $29,999",147,147.0,ok
2011,Water Leakage During Last 12 Months,Exterior leakage not reported,"$30,000 to $39,999",145,145.0,ok
2011,Water Leakage During Last 12 Months,Exterior leakage not reported,"$40,000 to $49,999",95,95.0,ok
2011,Water Leakage During Last 12 Months,Exterior leakage not reported,"$50,000 to $59,999",66,66.0,ok
2011,Water Leakage During Last 12 Months,Exterior leakage not reported,"$60,000 to $79,999",149,149.0,ok
2011,Water Leakage During Last 12 Months,Exterior leakage not reported,"$80,000 to $99,999",89,89.0,ok
2011,Water Leakage During Last 12 Months,Exterior leakage not reported,"Less than $10,000",195,195.0,ok
2011,Water Leakage During Last 12 Months,Fixtures backed up or overflowed,"$10,000 to $19,999",214,214.0,ok
2011,Water Leakage During Last 12 Months,Fixtures backed up or overflowed,"$100,000 to $119,999",124,124.0,ok
2011,Water Leakage During Last 12 Months,Fixtures backed up or overflowed,"$120,000 or more",311,311.0,ok
2011,Water Leakage During Last 12 Months,Fixtures backed up or overflowed,"$20,000 to $29,999",249,249.0,ok
2011,Water Leakage During Last 12 Months,Fixtures backed up or overflowed,"$30,000 to $39,999",228,228.0,ok
2011,Water Leakage During Last 12 Months,Fixtures backed up or overflowed,"$40,000 to $49,999",192,192.0,ok
2011,Water Leakage During Last 12 Months,Fixtures backed up or overflowed,"$50,000 to $59,999",166,166.0,ok
2011,Water Leakage During Last 12 Months,Fixtures backed up or overflowed,"$60,000 to $79,999",294,294.0,ok
2011,Water Leakage During Last 12 Months,Fixtures backed up or overflowed,"$80,000 to $99,999",155,155.0,ok
2011,Water Leakage During Last 12 Months,Fixtures backed up or overflowed,"Less than $10,000",199,199.0,ok
2011,Water Leakage During Last 12 Months,Interior leakage not reported,"$10,000 to $19,999",136,136.0,ok
2011,Water Leakage During Last 12 Months,Interior leakage not reported,"$100,000 to $119,999",74,74.0,ok
2011,Water Leakage During Last 12 Months,Interior leakage not reported,"$120,000 or more",129,129.0,ok
2011,Water Leakage During Last 12 Months,Interior leakage not reported,"$20,000 to $29,999",148,148.0,ok
2011,Water Leakage During Last 12 Months,Interior leakage not reported,"$30,000 to $39,999",158,158.0,ok
2011,Water Leakage During Last 12 Months,Interior leakage not reported,"$40,000 to $49,999",110,110.0,ok
2011,Water Leakage During Last 12 Months,Interior leakage not reported,"$50,000 to $59,999",63,63.0,ok
2011,Water Leakage During Last 12 Months,Interior leakage not reported,"$60,000 to $79,999",157,157.0,ok
2011,Water Leakage During Last 12 Months,Interior leakage not reported,"$80,000 to $99,999",100,100.0,ok
2011,Water Leakage During Last 12 Months,Interior leakage not reported,"Less than $10,000",193,193.0,ok
2011,Water Leakage During Last 12 Months,No leakage from inside structure,"$10,000 to $19,999","11,549",11549.0,ok
2011,Water Leakage During Last 12 Months,No leakage from inside structure,"$100,000 to $119,999","6,282",6282.0,ok
2011,Water Leakage During Last 12 Months,No leakage from inside structure,"$120,000 or more","13,467",13467.0,ok
2011,Water Leakage During Last 12 Months,No leakage from inside structure,"$20,000 to $29,999","12,835",12835.0,ok
2011,Water Leakage During Last 12 Months,No leakage from inside structure,"$30,000 to $39,999","10,688",10688.0,ok
2011,Water Leakage During Last 12 Months,No leakage from inside structure,"$40,000 to $49,999","9,144",9144.0,ok
2011,Water Leakage During Last 12 Months,No leakage from inside structure,"$50,000 to $59,999","7,864",7864.0,ok
2011,Water Leakage During Last 12 Months,No leakage from inside structure,"$60,000 to $79,999","12,815",12815.0,ok
2011,Water Leakage During Last 12 Months,No leakage from inside structure,"$80,000 to $99,999","9,051",9051.0,ok
2011,Water Leakage During Last 12 Months,No leakage from inside structure,"Less than $10,000","10,272",10272.0,ok
2011,Water Leakage During Last 12 Months,No leakage from outside structure,"$10,000 to $19,999","11,283",11283.0,ok
2011,Water Leakage During Last 12 Months,No leakage from outside structure,"$100,000 to $119,999","6,052",6052.0,ok
2011,Water Leakage During Last 12 Months,No leakage from outside structure,"$120,000 or more","12,867",12867.0,ok
2011,Water Leakage During Last 12 Months,No leakage from outside structure,"$20,000 to $29,999","12,704",12704.0,ok
2011,Water Leakage During Last 12 Months,No leakage from outside structure,"$30,000 to $39,999","10,328",10328.0,ok
2011,Water Leakage During Last 12 Months,No leakage from outside structure,"$40,000 to $49,999","9,007",9007.0,ok
2011,Water Leakage During Last 12 Months,No leakage from outside structure,"$50,000 to $59,999","7,666",7666.0,ok
2011,Water Leakage During Last 12 Months,No leakage from outside structure,"$60,000 to $79,999","12,417",12417.0,ok
2011,Water Leakage During Last 12 Months,No leakage from outside structure,"$80,000 to $99,999","8,778",8778.0,ok
2011,Water Leakage During Last 12 Months,No leakage from outside structure,"Less than $10,000","10,140",10140.0,ok
2011,Water Leakage During Last 12 Months,Other or unknown (includes not reported),"$10,000 to $19,999",313,313.0,ok
2011,Water Leakage During Last 12 Months,Other or unknown (includes not reported),"$100,000 to $119,999",156,156.0,ok
2011,Water Leakage During Last 12 Months,Other or unknown (includes not reported),"$120,000 or more",382,382.0,ok
2011,Water Leakage During Last 12 Months,Other or unknown (includes not reported),"$20,000 to $29,999",387,387.0,ok
2011,Water Leakage During Last 12 Months,Other or unknown (includes not reported),"$30,000 to $39,999",290,290.0,ok
2011,Water Leakage During Last 12 Months,Other or unknown (includes not reported),"$40,000 to $49,999",204,204.0,ok
2011,Water Leakage During Last 12 Months,Other or unknown (includes not reported),"$50,000 to $59,999",221,221.0,ok
2011,Water Leakage During Last 12 Months,Other or unknown (includes not reported),"$60,000 to $79,999",309,309.0,ok
2011,Water Leakage During Last 12 Months,Other or unknown (includes not reported),"$80,000 to $99,999",216,216.0,ok
2011,Water Leakage During Last 12 Months,Other or unknown (includes not reported),"Less than $10,000",307,307.0,ok
2011,Water Leakage During Last 12 Months,Pipes leaked,"$10,000 to $19,999",470,470.0,ok
2011,Water Leakage During Last 12 Months,Pipes leaked,"$100,000 to $119,999",191,191.0,ok
2011,Water Leakage During Last 12 Months,Pipes leaked,"$120,000 or more",463,463.0,ok
2011,Water Leakage During Last 12 Months,Pipes leaked,"$20,000 to $29,999",589,589.0,ok
2011,Water Leakage During Last 12 Months,Pipes leaked,"$30,000 to $39,999",422,422.0,ok
2011,Water Leakage During Last 12 Months,Pipes leaked,"$40,000 to $49,999",396,396.0,ok
2011,Water Leakage During Last 12 Months,Pipes leaked,"$50,000 to $59,999",285,285.0,ok
2011,Water Leakage During Last 12 Months,Pipes leaked,"$60,000 to $79,999",478,478.0,ok
2011,Water Leakage During Last 12 Months,Pipes leaked,"$80,000 to $99,999",270,270.0,ok
2011,Water Leakage During Last 12 Months,Pipes leaked,"Less than $10,000",513,513.0,ok
2011,Water Leakage During Last 12 Months,Roof,"$10,000 to $19,999",775,775.0,ok
2011,Water Leakage During Last 12 Months,Roof,"$100,000 to $119,999",355,355.0,ok
2011,Water Leakage During Last 12 Months,Roof,"$120,000 or more",997,997.0,ok
2011,Water Leakage During Last 12 Months,Roof,"$20,000 to $29,999",796,796.0,ok
2011,Water Leakage During Last 12 Months,Roof,"$30,000 to $39,999",745,745.0,ok
2011,Water Leakage During Last 12 Months,Roof,"$40,000 to $49,999",488,488.0,ok
2011,Water Leakage During Last 12 Months,Roof,"$50,000 to $59,999",416,416.0,ok
2011,Water Leakage During Last 12 Months,Roof,"$60,000 to $79,999",777,777.0,ok
2011,Water Leakage During Last 12 Months,Roof,"$80,000 to $99,999",497,497.0,ok
2011,Water Leakage During Last 12 Months,Roof,"Less than $10,000",666,666.0,ok
2011,Water Leakage During Last 12 Months,"Walls, closed windows, or doors","$10,000 to $19,999",306,306.0,ok
2011,Water Leakage During Last 12 Months,"Walls, closed windows, or doors","$100,000 to $119,999",131,131.0,ok
2011,Water Leakage During Last 12 Months,"Walls, closed windows, or doors","$120,000 or more",344,344.0,ok
2011,Water Leakage During Last 12 Months,"Walls, closed windows, or doors","$20,000 to $29,999",275,275.0,ok
2011,Water Leakage During Last 12 Months,"Walls, closed windows, or doors","$30,000 to $39,999",273,273.0,ok
2011,Water Leakage During Last 12 Months,"Walls, closed windows, or doors","$40,000 to $49,999",222,222.0,ok
2011,Water Leakage During Last 12 Months,"Walls, closed windows, or doors","$50,000 to $59,999",187,187.0,ok
2011,Water Leakage During Last 12 Months,"Walls, closed windows, or doors","$60,000 to $79,999",279,279.0,ok
2011,Water Leakage During Last 12 Months,"Walls, closed windows, or doors","$80,000 to $99,999",156,156.0,ok
2011,Water Leakage During Last 12 Months,"Walls, closed windows, or doors","Less than $10,000",316,316.0,ok
2011,Water Leakage During Last 12 Months,With leakage from inside structure,"$10,000 to $19,999","1,058",1058.0,ok
2011,Water Leakage During Last 12 Months,With leakage from inside structure,"$100,000 to $119,999",492,492.0,ok
2011,Water Leakage During Last 12 Months,With leakage from inside structure,"$120,000 or more","1,269",1269.0,ok
2011,Water Leakage During Last 12 Months,With leakage from inside structure,"$20,000 to $29,999","1,292",1292.0,ok
2011,Water Leakage During Last 12 Months,With leakage from inside structure,"$30,000 to $39,999",997,997.0,ok
2011,Water Leakage During Last 12 Months,With leakage from inside structure,"$40,000 to $49,999",865,865.0,ok
2011,Water Leakage During Last 12 Months,With leakage from inside structure,"$50,000 to $59,999",718,718.0,ok
2011,Water Leakage During Last 12 Months,With leakage from inside structure,"$60,000 to $79,999","1,147",1147.0,ok
2011,Water Leakage During Last 12 Months,With leakage from inside structure,"$80,000 to $99,999",689,689.0,ok
2011,Water Leakage During Last 12 Months,With leakage from inside structure,"Less than $10,000","1,072",1072.0,ok
2011,Water Leakage During Last 12 Months,With leakage from outside structure,"$10,000 to $19,999","1,321",1321.0,ok
2011,Water Leakage During Last 12 Months,With leakage from outside structure,"$100,000 to $119,999",712,712.0,ok
2011,Water Leakage During Last 12 Months,With leakage from outside structure,"$120,000 or more","1,873",1873.0,ok
2011,Water Leakage During Last 12 Months,With leakage from outside structure,"$20,000 to $29,999","1,423",1423.0,ok
2011,Water Leakage During Last 12 Months,With leakage from outside structure,"$30,000 to $39,999","1,371",1371.0,ok
2011,Water Leakage During Last 12 Months,With leakage from outside structure,"$40,000 to $49,999","1,016",1016.0,ok
2011,Water Leakage During Last 12 Months,With leakage from outside structure,"$50,000 to $59,999",913,913.0,ok
2011,Water Leakage During Last 12 Months,With leakage from outside structure,"$60,000 to $79,999","1,553",1553.0,ok
2011,Water Leakage During Last 12 Months,With leakage from outside structure,"$80,000 to $99,999",974,974.0,ok
2011,Water Leakage During Last 12 Months,With leakage from outside structure,"Less than $10,000","1,202",1202.0,ok
2011,Water Supply Stoppage,No stoppage in last 3 months,"$10,000 to $19,999","11,978",11978.0,ok
2011,Water Supply Stoppage,No stoppage in last 3 months,"$100,000 to $119,999","6,550",6550.0,ok
2011,Water Supply Stoppage,No stoppage in last 3 months,"$120,000 or more","14,229",14229.0,ok
2011,Water Supply Stoppage,No stoppage in last 3 months,"$20,000 to $29,999","13,561",13561.0,ok
2011,Water Supply Stoppage,No stoppage in last 3 months,"$30,000 to $39,999","11,214",11214.0,ok
2011,Water Supply Stoppage,No stoppage in last 3 months,"$40,000 to $49,999","9,686",9686.0,ok
2011,Water Supply Stoppage,No stoppage in last 3 months,"$50,000 to $59,999","8,244",8244.0,ok
2011,Water Supply Stoppage,No stoppage in last 3 months,"$60,000 to $79,999","13,381",13381.0,ok
2011,Water Supply Stoppage,No stoppage in last 3 months,"$80,000 to $99,999","9,366",9366.0,ok
2011,Water Supply Stoppage,No stoppage in last 3 months,"Less than $10,000","10,760",10760.0,ok
2011,Water Supply Stoppage,No stoppage lasting 6 hours or more,"$10,000 to $19,999",138,138.0,ok
2011,Water Supply Stoppage,No stoppage lasting 6 hours or more,"$100,000 to $119,999",59,59.0,ok
2011,Water Supply Stoppage,No stoppage lasting 6 hours or more,"$120,000 or more",125,125.0,ok
2011,Water Supply Stoppage,No stoppage lasting 6 hours or more,"$20,000 to $29,999",108,108.0,ok
2011,Water Supply Stoppage,No stoppage lasting 6 hours or more,"$30,000 to $39,999",97,97.0,ok
2011,Water Supply Stoppage,No stoppage lasting 6 hours or more,"$40,000 to $49,999",66,66.0,ok
2011,Water Supply Stoppage,No stoppage lasting 6 hours or more,"$50,000 to $59,999",97,97.0,ok
2011,Water Supply Stoppage,No stoppage lasting 6 hours or more,"$60,000 to $79,999",116,116.0,ok
2011,Water Supply Stoppage,No stoppage lasting 6 hours or more,"$80,000 to $99,999",78,78.0,ok
2011,Water Supply Stoppage,No stoppage lasting 6 hours or more,"Less than $10,000",94,94.0,ok
2011,Water Supply Stoppage,With hot and cold piped water,"$10,000 to $19,999","12,707",12707.0,ok
2011,Water Supply Stoppage,With hot and cold piped water,"$100,000 to $119,999","6,849",6849.0,ok
2011,Water Supply Stoppage,With hot and cold piped water,"$120,000 or more","14,865",14865.0,ok
2011,Water Supply Stoppage,With hot and cold piped water,"$20,000 to $29,999","14,248",14248.0,ok
2011,Water Supply Stoppage,With hot and cold piped water,"$30,000 to $39,999","11,818",11818.0,ok
2011,Water Supply Stoppage,With hot and cold piped water,"$40,000 to $49,999","10,119",10119.0,ok
2011,Water Supply Stoppage,With hot and cold piped water,"$50,000 to $59,999","8,642",8642.0,ok
2011,Water Supply Stoppage,With hot and cold piped water,"$60,000 to $79,999","14,108",14108.0,ok
2011,Water Supply Stoppage,With hot and cold piped water,"$80,000 to $99,999","9,830",9830.0,ok
2011,Water Supply Stoppage,With hot and cold piped water,"Less than $10,000","11,442",11442.0,ok
2011,Water Supply Stoppage,With stoppage in last 3 months,"$10,000 to $19,999",614,614.0,ok
2011,Water Supply Stoppage,With stoppage in last 3 months,"$100,000 to $119,999",237,237.0,ok
2011,Water Supply Stoppage,With stoppage in last 3 months,"$120,000 or more",526,526.0,ok
2011,Water Supply Stoppage,With stoppage in last 3 months,"$20,000 to $29,999",541,541.0,ok
2011,Water Supply Stoppage,With stoppage in last 3 months,"$30,000 to $39,999",470,470.0,ok
2011,Water Supply Stoppage,With stoppage in last 3 months,"$40,000 to $49,999",342,342.0,ok
2011,Water Supply Stoppage,With stoppage in last 3 months,"$50,000 to $59,999",336,336.0,ok
2011,Water Supply Stoppage,With stoppage in last 3 months,"$60,000 to $79,999",580,580.0,ok
2011,Water Supply Stoppage,With stoppage in last 3 months,"$80,000 to $99,999",372,372.0,ok
2011,Water Supply Stoppage,With stoppage in last 3 months,"Less than $10,000",515,515.0,ok
2013,Electric Fuses and Circuit Breakers,1 time,"$10,000 to $19,999",373,373.0,ok
2013,Electric Fuses and Circuit Breakers,1 time,"$100,000 to $119,999",324,324.0,ok
2013,Electric Fuses and Circuit Breakers,1 time,"$120,000 or more",872,872.0,ok
2013,Electric Fuses and Circuit Breakers,1 time,"$20,000 to $29,999",516,516.0,ok
2013,Electric Fuses and Circuit Breakers,1 time,"$30,000 to $39,999",391,391.0,ok
2013,Electric Fuses and Circuit Breakers,1 time,"$40,000 to $49,999",372,372.0,ok
2013,Electric Fuses and Circuit Breakers,1 time,"$50,000 to $59,999",377,377.0,ok
2013,Electric Fuses and Circuit Breakers,1 time,"$60,000 to $79,999",569,569.0,ok
2013,Electric Fuses and Circuit Breakers,1 time,"$80,000 to $99,999",467,467.0,ok
2013,Electric Fuses and Circuit Breakers,1 time,"Less than $10,000",312,312.0,ok
2013,Electric Fuses and Circuit Breakers,2 times,"$10,000 to $19,999",145,145.0,ok
2013,Electric Fuses and Circuit Breakers,2 times,"$100,000 to $119,999",152,152.0,ok
2013,Electric Fuses and Circuit Breakers,2 times,"$120,000 or more",365,365.0,ok
2013,Electric Fuses and Circuit Breakers,2 times,"$20,000 to $29,999",190,190.0,ok
2013,Electric Fuses and Circuit Breakers,2 times,"$30,000 to $39,999",151,151.0,ok
2013,Electric Fuses and Circuit Breakers,2 times,"$40,000 to $49,999",143,143.0,ok
2013,Electric Fuses and Circuit Breakers,2 times,"$50,000 to $59,999",124,124.0,ok
2013,Electric Fuses and Circuit Breakers,2 times,"$60,000 to $79,999",209,209.0,ok
2013,Electric Fuses and Circuit Breakers,2 times,"$80,000 to $99,999",174,174.0,ok
2013,Electric Fuses and Circuit Breakers,2 times,"Less than $10,000",159,159.0,ok
2013,Electric Fuses and Circuit Breakers,3 times,"$10,000 to $19,999",64,64.0,ok
2013,Electric Fuses and Circuit Breakers,3 times,"$100,000 to $119,999",39,39.0,ok
2013,Electric Fuses and Circuit Breakers,3 times,"$120,000 or more",143,143.0,ok
2013,Electric Fuses and Circuit Breakers,3 times,"$20,000 to $29,999",91,91.0,ok
2013,Electric Fuses and Circuit Breakers,3 times,"$30,000 to $39,999",67,67.0,ok
2013,Electric Fuses and Circuit Breakers,3 times,"$40,000 to $49,999",51,51.0,ok
2013,Electric Fuses and Circuit Breakers,3 times,"$50,000 to $59,999",65,65.0,ok
2013,Electric Fuses and Circuit Breakers,3 times,"$60,000 to $79,999",63,63.0,ok
2013,Electric Fuses and Circuit Breakers,3 times,"$80,000 to $99,999",57,57.0,ok
2013,Electric Fuses and Circuit Breakers,3 times,"Less than $10,000",55,55.0,ok
2013,Electric Fuses and Circuit Breakers,4 times or more,"$10,000 to $19,999",118,118.0,ok
2013,Electric Fuses and Circuit Breakers,4 times or more,"$100,000 to $119,999",45,45.0,ok
2013,Electric Fuses and Circuit Breakers,4 times or more,"$120,000 or more",127,127.0,ok
2013,Electric Fuses and Circuit Breakers,4 times or more,"$20,000 to $29,999",121,121.0,ok
2013,Electric Fuses and Circuit Breakers,4 times or more,"$30,000 to $39,999",94,94.0,ok
2013,Electric Fuses and Circuit Breakers,4 times or more,"$40,000 to $49,999",101,101.0,ok
2013,Electric Fuses and Circuit Breakers,4 times or more,"$50,000 to $59,999",70,70.0,ok
2013,Electric Fuses and Circuit Breakers,4 times or more,"$60,000 to $79,999",128,128.0,ok
2013,Electric Fuses and Circuit Breakers,4 times or more,"$80,000 to $99,999",109,109.0,ok
2013,Electric Fuses and Circuit Breakers,4 times or more,"Less than $10,000",103,103.0,ok
2013,Electric Fuses and Circuit Breakers,No fuses or breakers blown in last 3 months,"$10,000 to $19,999","11,385",11385.0,ok
2013,Electric Fuses and Circuit Breakers,No fuses or breakers blown in last 3 months,"$100,000 to $119,999","6,500",6500.0,ok
2013,Electric Fuses and Circuit Breakers,No fuses or breakers blown in last 3 months,"$120,000 or more","14,820",14820.0,ok
2013,Electric Fuses and Circuit Breakers,No fuses or breakers blown in last 3 months,"$20,000 to $29,999","12,814",12814.0,ok
2013,Electric Fuses and Circuit Breakers,No fuses or breakers blown in last 3 months,"$30,000 to $39,999","10,618",10618.0,ok
2013,Electric Fuses and Circuit Breakers,No fuses or breakers blown in last 3 months,"$40,000 to $49,999","9,367",9367.0,ok
2013,Electric Fuses and Circuit Breakers,No fuses or breakers blown in last 3 months,"$50,000 to $59,999","7,838",7838.0,ok
2013,Electric Fuses and Circuit Breakers,No fuses or breakers blown in last 3 months,"$60,000 to $79,999","13,083",13083.0,ok
2013,Electric Fuses and Circuit Breakers,No fuses or breakers blown in last 3 months,"$80,000 to $99,999","9,075",9075.0,ok
2013,Electric Fuses and Circuit Breakers,No fuses or breakers blown in last 3 months,"Less than $10,000","10,504",10504.0,ok
2013,Electric Fuses and Circuit Breakers,Number of times not reported,"$10,000 to $19,999",12,12.0,ok
2013,Electric Fuses and Circuit Breakers,Number of times not reported,"$100,000 to $119,999",2,2.0,ok
2013,Electric Fuses and Circuit Breakers,Number of times not reported,"$120,000 or more",10,10.0,ok
2013,Electric Fuses and Circuit Breakers,Number of times not reported,"$20,000 to $29,999",2,2.0,ok
2013,Electric Fuses and Circuit Breakers,Number of times not reported,"$30,000 to $39,999",7,7.0,ok
2013,Electric Fuses and Circuit Breakers,Number of times not reported,"$40,000 to $49,999",4,4.0,ok
2013,Electric Fuses and Circuit Breakers,Number of times not reported,"$50,000 to $59,999",5,5.0,ok
2013,Electric Fuses and Circuit Breakers,Number of times not reported,"$60,000 to $79,999",11,11.0,ok
2013,Electric Fuses and Circuit Breakers,Number of times not reported,"$80,000 to $99,999",4,4.0,ok
2013,Electric Fuses and Circuit Breakers,Number of times not reported,"Less than $10,000",3,3.0,ok
2013,Electric Fuses and Circuit Breakers,Problem not reported or don’t know,"$10,000 to $19,999",156,156.0,ok
2013,Electric Fuses and Circuit Breakers,Problem not reported or don’t know,"$100,000 to $119,999",86,86.0,ok
2013,Electric Fuses and Circuit Breakers,Problem not reported or don’t know,"$120,000 or more",139,139.0,ok
2013,Electric Fuses and Circuit Breakers,Problem not reported or don’t know,"$20,000 to $29,999",200,200.0,ok
2013,Electric Fuses and Circuit Breakers,Problem not reported or don’t know,"$30,000 to $39,999",137,137.0,ok
2013,Electric Fuses and Circuit Breakers,Problem not reported or don’t know,"$40,000 to $49,999",163,163.0,ok
2013,Electric Fuses and Circuit Breakers,Problem not reported or don’t know,"$50,000 to $59,999",90,90.0,ok
2013,Electric Fuses and Circuit Breakers,Problem not reported or don’t know,"$60,000 to $79,999",184,184.0,ok
2013,Electric Fuses and Circuit Breakers,Problem not reported or don’t know,"$80,000 to $99,999",113,113.0,ok
2013,Electric Fuses and Circuit Breakers,Problem not reported or don’t know,"Less than $10,000",232,232.0,ok
2013,Electric Fuses and Circuit Breakers,With electrical wiring,"$10,000 to $19,999","12,255",12255.0,ok
2013,Electric Fuses and Circuit Breakers,With electrical wiring,"$100,000 to $119,999","7,149",7149.0,ok
2013,Electric Fuses and Circuit Breakers,With electrical wiring,"$120,000 or more","16,476",16476.0,ok
2013,Electric Fuses and Circuit Breakers,With electrical wiring,"$20,000 to $29,999","13,934",13934.0,ok
2013,Electric Fuses and Circuit Breakers,With electrical wiring,"$30,000 to $39,999","11,465",11465.0,ok
2013,Electric Fuses and Circuit Breakers,With electrical wiring,"$40,000 to $49,999","10,201",10201.0,ok
2013,Electric Fuses and Circuit Breakers,With electrical wiring,"$50,000 to $59,999","8,569",8569.0,ok
2013,Electric Fuses and Circuit Breakers,With electrical wiring,"$60,000 to $79,999","14,247",14247.0,ok
2013,Electric Fuses and Circuit Breakers,With electrical wiring,"$80,000 to $99,999","9,998",9998.0,ok
2013,Electric Fuses and Circuit Breakers,With electrical wiring,"Less than $10,000","11,368",11368.0,ok
2013,Electric Fuses and Circuit Breakers,With fuses or breakers blown in last 3 months,"$10,000 to $19,999",713,713.0,ok
2013,Electric Fuses and Circuit Breakers,With fuses or breakers blown in last 3 months,"$100,000 to $119,999",563,563.0,ok
2013,Electric Fuses and Circuit Breakers,With fuses or breakers blown in last 3 months,"$120,000 or more","1,518",1518.0,ok
2013,Electric Fuses and Circuit Breakers,With fuses or breakers blown in last 3 months,"$20,000 to $29,999",920,920.0,ok
2013,Electric Fuses and Circuit Breakers,With fuses or breakers blown in last 3 months,"$30,000 to $39,999",710,710.0,ok
2013,Electric Fuses and Circuit Breakers,With fuses or breakers blown in last 3 months,"$40,000 to $49,999",671,671.0,ok
2013,Electric Fuses and Circuit Breakers,With fuses or breakers blown in last 3 months,"$50,000 to $59,999",640,640.0,ok
2013,Electric Fuses and Circuit Breakers,With fuses or breakers blown in last 3 months,"$60,000 to $79,999",981,981.0,ok
2013,Electric Fuses and Circuit Breakers,With fuses or breakers blown in last 3 months,"$80,000 to $99,999",810,810.0,ok
2013,Electric Fuses and Circuit Breakers,With fuses or breakers blown in last 3 months,"Less than $10,000",632,632.0,ok
2013,External Building Conditions,Bars on windows,"$10,000 to $19,999",369,369.0,ok
2013,External Building Conditions,Bars on windows,"$100,000 to $119,999",137,137.0,ok
2013,External Building Conditions,Bars on windows,"$120,000 or more",265,265.0,ok
2013,External Building Conditions,Bars on windows,"$20,000 to $29,999",391,391.0,ok
2013,External Building Conditions,Bars on windows,"$30,000 to $39,999",297,297.0,ok
2013,External Building Conditions,Bars on windows,"$40,000 to $49,999",238,238.0,ok
2013,External Building Conditions,Bars on windows,"$50,000 to $59,999",222,222.0,ok
2013,External Building Conditions,Bars on windows,"$60,000 to $79,999",283,283.0,ok
2013,External Building Conditions,Bars on windows,"$80,000 to $99,999",212,212.0,ok
2013,External Building Conditions,Bars on windows,"Less than $10,000",379,379.0,ok
2013,External Building Conditions,Boarded up windows,"$10,000 to $19,999",122,122.0,ok
2013,External Building Conditions,Boarded up windows,"$100,000 to $119,999",29,29.0,ok
2013,External Building Conditions,Boarded up windows,"$120,000 or more",28,28.0,ok
2013,External Building Conditions,Boarded up windows,"$20,000 to $29,999",111,111.0,ok
2013,External Building Conditions,Boarded up windows,"$30,000 to $39,999",80,80.0,ok
2013,External Building Conditions,Boarded up windows,"$40,000 to $49,999",59,59.0,ok
2013,External Building Conditions,Boarded up windows,"$50,000 to $59,999",23,23.0,ok
2013,External Building Conditions,Boarded up windows,"$60,000 to $79,999",106,106.0,ok
2013,External Building Conditions,Boarded up windows,"$80,000 to $99,999",67,67.0,ok
2013,External Building Conditions,Boarded up windows,"Less than $10,000",127,127.0,ok
2013,External Building Conditions,Broken windows,"$10,000 to $19,999",441,441.0,ok
2013,External Building Conditions,Broken windows,"$100,000 to $119,999",87,87.0,ok
2013,External Building Conditions,Broken windows,"$120,000 or more",260,260.0,ok
2013,External Building Conditions,Broken windows,"$20,000 to $29,999",448,448.0,ok
2013,External Building Conditions,Broken windows,"$30,000 to $39,999",339,339.0,ok
2013,External Building Conditions,Broken windows,"$40,000 to $49,999",272,272.0,ok
2013,External Building Conditions,Broken windows,"$50,000 to $59,999",195,195.0,ok
2013,External Building Conditions,Broken windows,"$60,000 to $79,999",323,323.0,ok
2013,External Building Conditions,Broken windows,"$80,000 to $99,999",199,199.0,ok
2013,External Building Conditions,Broken windows,"Less than $10,000",369,369.0,ok
2013,External Building Conditions,Foundation crumbling or has open crack or hole,"$10,000 to $19,999",407,407.0,ok
2013,External Building Conditions,Foundation crumbling or has open crack or hole,"$100,000 to $119,999",227,227.0,ok
2013,External Building Conditions,Foundation crumbling or has open crack or hole,"$120,000 or more",369,369.0,ok
2013,External Building Conditions,Foundation crumbling or has open crack or hole,"$20,000 to $29,999",434,434.0,ok
2013,External Building Conditions,Foundation crumbling or has open crack or hole,"$30,000 to $39,999",348,348.0,ok
2013,External Building Conditions,Foundation crumbling or has open crack or hole,"$40,000 to $49,999",294,294.0,ok
2013,External Building Conditions,Foundation crumbling or has open crack or hole,"$50,000 to $59,999",301,301.0,ok
2013,External Building Conditions,Foundation crumbling or has open crack or hole,"$60,000 to $79,999",462,462.0,ok
2013,External Building Conditions,Foundation crumbling or has open crack or hole,"$80,000 to $99,999",274,274.0,ok
2013,External Building Conditions,Foundation crumbling or has open crack or hole,"Less than $10,000",330,330.0,ok
2013,External Building Conditions,Hole in roof,"$10,000 to $19,999",176,176.0,ok
2013,External Building Conditions,Hole in roof,"$100,000 to $119,999",30,30.0,ok
2013,External Building Conditions,Hole in roof,"$120,000 or more",83,83.0,ok
2013,External Building Conditions,Hole in roof,"$20,000 to $29,999",128,128.0,ok
2013,External Building Conditions,Hole in roof,"$30,000 to $39,999",91,91.0,ok
2013,External Building Conditions,Hole in roof,"$40,000 to $49,999",79,79.0,ok
2013,External Building Conditions,Hole in roof,"$50,000 to $59,999",58,58.0,ok
2013,External Building Conditions,Hole in roof,"$60,000 to $79,999",96,96.0,ok
2013,External Building Conditions,Hole in roof,"$80,000 to $99,999",63,63.0,ok
2013,External Building Conditions,Hole in roof,"Less than $10,000",207,207.0,ok
2013,External Building Conditions,"Missing bricks, siding, or other outside wall material","$10,000 to $19,999",266,266.0,ok
2013,External Building Conditions,"Missing bricks, siding, or other outside wall material","$100,000 to $119,999",91,91.0,ok
2013,External Building Conditions,"Missing bricks, siding, or other outside wall material","$120,000 or more",199,199.0,ok
2013,External Building Conditions,"Missing bricks, siding, or other outside wall material","$20,000 to $29,999",227,227.0,ok
2013,External Building Conditions,"Missing bricks, siding, or other outside wall material","$30,000 to $39,999",253,253.0,ok
2013,External Building Conditions,"Missing bricks, siding, or other outside wall material","$40,000 to $49,999",162,162.0,ok
2013,External Building Conditions,"Missing bricks, siding, or other outside wall material","$50,000 to $59,999",143,143.0,ok
2013,External Building Conditions,"Missing bricks, siding, or other outside wall material","$60,000 to $79,999",199,199.0,ok
2013,External Building Conditions,"Missing bricks, siding, or other outside wall material","$80,000 to $99,999",151,151.0,ok
2013,External Building Conditions,"Missing bricks, siding, or other outside wall material","Less than $10,000",192,192.0,ok
2013,External Building Conditions,Missing roofing material,"$10,000 to $19,999",355,355.0,ok
2013,External Building Conditions,Missing roofing material,"$100,000 to $119,999",139,139.0,ok
2013,External Building Conditions,Missing roofing material,"$120,000 or more",345,345.0,ok
2013,External Building Conditions,Missing roofing material,"$20,000 to $29,999",356,356.0,ok
2013,External Building Conditions,Missing roofing material,"$30,000 to $39,999",313,313.0,ok
2013,External Building Conditions,Missing roofing material,"$40,000 to $49,999",242,242.0,ok
2013,External Building Conditions,Missing roofing material,"$50,000 to $59,999",205,205.0,ok
2013,External Building Conditions,Missing roofing material,"$60,000 to $79,999",393,393.0,ok
2013,External Building Conditions,Missing roofing material,"$80,000 to $99,999",226,226.0,ok
2013,External Building Conditions,Missing roofing material,"Less than $10,000",294,294.0,ok
2013,External Building Conditions,None of the above,"$10,000 to $19,999","5,998",5998.0,ok
2013,External Building Conditions,None of the above,"$100,000 to $119,999","5,579",5579.0,ok
2013,External Building Conditions,None of the above,"$120,000 or more","13,373",13373.0,ok
2013,External Building Conditions,None of the above,"$20,000 to $29,999","8,005",8005.0,ok
2013,External Building Conditions,None of the above,"$30,000 to $39,999","6,725",6725.0,ok
2013,External Building Conditions,None of the above,"$40,000 to $49,999","6,444",6444.0,ok
2013,External Building Conditions,None of the above,"$50,000 to $59,999","5,682",5682.0,ok
2013,External Building Conditions,None of the above,"$60,000 to $79,999","9,910",9910.0,ok
2013,External Building Conditions,None of the above,"$80,000 to $99,999","7,347",7347.0,ok
2013,External Building Conditions,None of the above,"Less than $10,000","4,846",4846.0,ok
2013,External Building Conditions,Not reported,"$10,000 to $19,999",34,34.0,ok
2013,External Building Conditions,Not reported,"$100,000 to $119,999",23,23.0,ok
2013,External Building Conditions,Not reported,"$120,000 or more",34,34.0,ok
2013,External Building Conditions,Not reported,"$20,000 to $29,999",40,40.0,ok
2013,External Building Conditions,Not reported,"$30,000 to $39,999",28,28.0,ok
2013,External Building Conditions,Not reported,"$40,000 to $49,999",29,29.0,ok
2013,External Building Conditions,Not reported,"$50,000 to $59,999",27,27.0,ok
2013,External Building Conditions,Not reported,"$60,000 to $79,999",34,34.0,ok
2013,External Building Conditions,Not reported,"$80,000 to $99,999",22,22.0,ok
2013,External Building Conditions,Not reported,"Less than $10,000",38,38.0,ok
2013,External Building Conditions,Sagging roof,"$10,000 to $19,999",260,260.0,ok
2013,External Building Conditions,Sagging roof,"$100,000 to $119,999",60,60.0,ok
2013,External Building Conditions,Sagging roof,"$120,000 or more",125,125.0,ok
2013,External Building Conditions,Sagging roof,"$20,000 to $29,999",230,230.0,ok
2013,External Building Conditions,Sagging roof,"$30,000 to $39,999",167,167.0,ok
2013,External Building Conditions,Sagging roof,"$40,000 to $49,999",79,79.0,ok
2013,External Building Conditions,Sagging roof,"$50,000 to $59,999",120,120.0,ok
2013,External Building Conditions,Sagging roof,"$60,000 to $79,999",166,166.0,ok
2013,External Building Conditions,Sagging roof,"$80,000 to $99,999",85,85.0,ok
2013,External Building Conditions,Sagging roof,"Less than $10,000",195,195.0,ok
2013,External Building Conditions,Sloping outside walls,"$10,000 to $19,999",150,150.0,ok
2013,External Building Conditions,Sloping outside walls,"$100,000 to $119,999",33,33.0,ok
2013,External Building Conditions,Sloping outside walls,"$120,000 or more",56,56.0,ok
2013,External Building Conditions,Sloping outside walls,"$20,000 to $29,999",104,104.0,ok
2013,External Building Conditions,Sloping outside walls,"$30,000 to $39,999",90,90.0,ok
2013,External Building Conditions,Sloping outside walls,"$40,000 to $49,999",75,75.0,ok
2013,External Building Conditions,Sloping outside walls,"$50,000 to $59,999",59,59.0,ok
2013,External Building Conditions,Sloping outside walls,"$60,000 to $79,999",80,80.0,ok
2013,External Building Conditions,Sloping outside walls,"$80,000 to $99,999",59,59.0,ok
2013,External Building Conditions,Sloping outside walls,"Less than $10,000",152,152.0,ok
2013,Flush Toilet Breakdowns,No breakdowns lasting 6 hours or more,"$10,000 to $19,999",73,73.0,ok
2013,Flush Toilet Breakdowns,No breakdowns lasting 6 hours or more,"$100,000 to $119,999",17,17.0,ok
2013,Flush Toilet Breakdowns,No breakdowns lasting 6 hours or more,"$120,000 or more",38,38.0,ok
2013,Flush Toilet Breakdowns,No breakdowns lasting 6 hours or more,"$20,000 to $29,999",64,64.0,ok
2013,Flush Toilet Breakdowns,No breakdowns lasting 6 hours or more,"$30,000 to $39,999",51,51.0,ok
2013,Flush Toilet Breakdowns,No breakdowns lasting 6 hours or more,"$40,000 to $49,999",27,27.0,ok
2013,Flush Toilet Breakdowns,No breakdowns lasting 6 hours or more,"$50,000 to $59,999",21,21.0,ok
2013,Flush Toilet Breakdowns,No breakdowns lasting 6 hours or more,"$60,000 to $79,999",39,39.0,ok
2013,Flush Toilet Breakdowns,No breakdowns lasting 6 hours or more,"$80,000 to $99,999",28,28.0,ok
2013,Flush Toilet Breakdowns,No breakdowns lasting 6 hours or more,"Less than $10,000",83,83.0,ok
2013,Flush Toilet Breakdowns,None working some time in last 3 months,"$10,000 to $19,999",306,306.0,ok
2013,Flush Toilet Breakdowns,None working some time in last 3 months,"$100,000 to $119,999",75,75.0,ok
2013,Flush Toilet Breakdowns,None working some time in last 3 months,"$120,000 or more",122,122.0,ok
2013,Flush Toilet Breakdowns,None working some time in last 3 months,"$20,000 to $29,999",306,306.0,ok
2013,Flush Toilet Breakdowns,None working some time in last 3 months,"$30,000 to $39,999",188,188.0,ok
2013,Flush Toilet Breakdowns,None working some time in last 3 months,"$40,000 to $49,999",189,189.0,ok
2013,Flush Toilet Breakdowns,None working some time in last 3 months,"$50,000 to $59,999",90,90.0,ok
2013,Flush Toilet Breakdowns,None working some time in last 3 months,"$60,000 to $79,999",186,186.0,ok
2013,Flush Toilet Breakdowns,None working some time in last 3 months,"$80,000 to $99,999",97,97.0,ok
2013,Flush Toilet Breakdowns,None working some time in last 3 months,"Less than $10,000",312,312.0,ok
2013,Flush Toilet Breakdowns,With at least one toilet working at all times in last 3 months,"$10,000 to $19,999","11,841",11841.0,ok
2013,Flush Toilet Breakdowns,With at least one toilet working at all times in last 3 months,"$100,000 to $119,999","7,005",7005.0,ok
2013,Flush Toilet Breakdowns,With at least one toilet working at all times in last 3 months,"$120,000 or more","16,238",16238.0,ok
2013,Flush Toilet Breakdowns,With at least one toilet working at all times in last 3 months,"$20,000 to $29,999","13,492",13492.0,ok
2013,Flush Toilet Breakdowns,With at least one toilet working at all times in last 3 months,"$30,000 to $39,999","11,170",11170.0,ok
2013,Flush Toilet Breakdowns,With at least one toilet working at all times in last 3 months,"$40,000 to $49,999","9,871",9871.0,ok
2013,Flush Toilet Breakdowns,With at least one toilet working at all times in last 3 months,"$50,000 to $59,999","8,424",8424.0,ok
2013,Flush Toilet Breakdowns,With at least one toilet working at all times in last 3 months,"$60,000 to $79,999","13,940",13940.0,ok
2013,Flush Toilet Breakdowns,With at least one toilet working at all times in last 3 months,"$80,000 to $99,999","9,815",9815.0,ok
2013,Flush Toilet Breakdowns,With at least one toilet working at all times in last 3 months,"Less than $10,000","10,842",10842.0,ok
2013,Flush Toilet Breakdowns,With one or more flush toilets,"$10,000 to $19,999","12,261",12261.0,ok
2013,Flush Toilet Breakdowns,With one or more flush toilets,"$100,000 to $119,999","7,153",7153.0,ok
2013,Flush Toilet Breakdowns,With one or more flush toilets,"$120,000 or more","16,492",16492.0,ok
2013,Flush Toilet Breakdowns,With one or more flush toilets,"$20,000 to $29,999","13,953",13953.0,ok
2013,Flush Toilet Breakdowns,With one or more flush toilets,"$30,000 to $39,999","11,471",11471.0,ok
2013,Flush Toilet Breakdowns,With one or more flush toilets,"$40,000 to $49,999","10,208",10208.0,ok
2013,Flush Toilet Breakdowns,With one or more flush toilets,"$50,000 to $59,999","8,571",8571.0,ok
2013,Flush Toilet Breakdowns,With one or more flush toilets,"$60,000 to $79,999","14,271",14271.0,ok
2013,Flush Toilet Breakdowns,With one or more flush toilets,"$80,000 to $99,999","10,006",10006.0,ok
2013,Flush Toilet Breakdowns,With one or more flush toilets,"Less than $10,000","11,372",11372.0,ok
2013,Heating Problems,Equipment breakdowns,"$10,000 to $19,999",267,267.0,ok
2013,Heating Problems,Equipment breakdowns,"$100,000 to $119,999",117,117.0,ok
2013,Heating Problems,Equipment breakdowns,"$120,000 or more",261,261.0,ok
2013,Heating Problems,Equipment breakdowns,"$20,000 to $29,999",324,324.0,ok
2013,Heating Problems,Equipment breakdowns,"$30,000 to $39,999",235,235.0,ok
2013,Heating Problems,Equipment breakdowns,"$40,000 to $49,999",215,215.0,ok
2013,Heating Problems,Equipment breakdowns,"$50,000 to $59,999",182,182.0,ok
2013,Heating Problems,Equipment breakdowns,"$60,000 to $79,999",205,205.0,ok
2013,Heating Problems,Equipment breakdowns,"$80,000 to $99,999",154,154.0,ok
2013,Heating Problems,Equipment breakdowns,"Less than $10,000",340,340.0,ok
2013,Heating Problems,No breakdowns lasting 6 hours or more,"$10,000 to $19,999",4,4.0,ok
2013,Heating Problems,No breakdowns lasting 6 hours or more,"$100,000 to $119,999",3,3.0,ok
2013,Heating Problems,No breakdowns lasting 6 hours or more,"$120,000 or more",2,2.0,ok
2013,Heating Problems,No breakdowns lasting 6 hours or more,"$20,000 to $29,999",3,3.0,ok
2013,Heating Problems,No breakdowns lasting 6 hours or more,"$30,000 to $39,999",3,3.0,ok
2013,Heating Problems,No breakdowns lasting 6 hours or more,"$40,000 to $49,999",7,7.0,ok
2013,Heating Problems,No breakdowns lasting 6 hours or more,"$50,000 to $59,999",2,2.0,ok
2013,Heating Problems,No breakdowns lasting 6 hours or more,"$60,000 to $79,999",7,7.0,ok
2013,Heating Problems,No breakdowns lasting 6 hours or more,"$80,000 to $99,999",2,2.0,ok
2013,Heating Problems,No breakdowns lasting 6 hours or more,"Less than $10,000",10,10.0,ok
2013,Heating Problems,Not uncomfortably cold for 24 hours or more,"$10,000 to $19,999","10,328",10328.0,ok
2013,Heating Problems,Not uncomfortably cold for 24 hours or more,"$100,000 to $119,999","6,291",6291.0,ok
2013,Heating Problems,Not uncomfortably cold for 24 hours or more,"$120,000 or more","14,650",14650.0,ok
2013,Heating Problems,Not uncomfortably cold for 24 hours or more,"$20,000 to $29,999","11,749",11749.0,ok
2013,Heating Problems,Not uncomfortably cold for 24 hours or more,"$30,000 to $39,999","9,797",9797.0,ok
2013,Heating Problems,Not uncomfortably cold for 24 hours or more,"$40,000 to $49,999","8,670",8670.0,ok
2013,Heating Problems,Not uncomfortably cold for 24 hours or more,"$50,000 to $59,999","7,501",7501.0,ok
2013,Heating Problems,Not uncomfortably cold for 24 hours or more,"$60,000 to $79,999","12,606",12606.0,ok
2013,Heating Problems,Not uncomfortably cold for 24 hours or more,"$80,000 to $99,999","8,812",8812.0,ok
2013,Heating Problems,Not uncomfortably cold for 24 hours or more,"Less than $10,000","9,141",9141.0,ok
2013,Heating Problems,Uncomfortably cold for 24 hours or more,"$10,000 to $19,999",908,908.0,ok
2013,Heating Problems,Uncomfortably cold for 24 hours or more,"$100,000 to $119,999",457,457.0,ok
2013,Heating Problems,Uncomfortably cold for 24 hours or more,"$120,000 or more","1,108",1108.0,ok
2013,Heating Problems,Uncomfortably cold for 24 hours or more,"$20,000 to $29,999","1,037",1037.0,ok
2013,Heating Problems,Uncomfortably cold for 24 hours or more,"$30,000 to $39,999",790,790.0,ok
2013,Heating Problems,Uncomfortably cold for 24 hours or more,"$40,000 to $49,999",661,661.0,ok
2013,Heating Problems,Uncomfortably cold for 24 hours or more,"$50,000 to $59,999",537,537.0,ok
2013,Heating Problems,Uncomfortably cold for 24 hours or more,"$60,000 to $79,999",755,755.0,ok
2013,Heating Problems,Uncomfortably cold for 24 hours or more,"$80,000 to $99,999",640,640.0,ok
2013,Heating Problems,Uncomfortably cold for 24 hours or more,"Less than $10,000",985,985.0,ok
2013,Heating Problems,With heating equipment and occupied last winter,"$10,000 to $19,999","11,535",11535.0,ok
2013,Heating Problems,With heating equipment and occupied last winter,"$100,000 to $119,999","6,875",6875.0,ok
2013,Heating Problems,With heating equipment and occupied last winter,"$120,000 or more","16,025",16025.0,ok
2013,Heating Problems,With heating equipment and occupied last winter,"$20,000 to $29,999","13,115",13115.0,ok
2013,Heating Problems,With heating equipment and occupied last winter,"$30,000 to $39,999","10,821",10821.0,ok
2013,Heating Problems,With heating equipment and occupied last winter,"$40,000 to $49,999","9,570",9570.0,ok
2013,Heating Problems,With heating equipment and occupied last winter,"$50,000 to $59,999","8,208",8208.0,ok
2013,Heating Problems,With heating equipment and occupied last winter,"$60,000 to $79,999","13,664",13664.0,ok
2013,Heating Problems,With heating equipment and occupied last winter,"$80,000 to $99,999","9,636",9636.0,ok
2013,Heating Problems,With heating equipment and occupied last winter,"Less than $10,000","10,515",10515.0,ok
2013,Number of breakdowns that lasted 6 hours or more:,1,"$10,000 to $19,999",133,133.0,ok
2013,Number of breakdowns that lasted 6 hours or more:,1,"$100,000 to $119,999",43,43.0,ok
2013,Number of breakdowns that lasted 6 hours or more:,1,"$120,000 or more",64,64.0,ok
2013,Number of breakdowns that lasted 6 hours or more:,1,"$20,000 to $29,999",140,140.0,ok
2013,Number of breakdowns that lasted 6 hours or more:,1,"$30,000 to $39,999",91,91.0,ok
2013,Number of breakdowns that lasted 6 hours or more:,1,"$40,000 to $49,999",107,107.0,ok
2013,Number of breakdowns that lasted 6 hours or more:,1,"$50,000 to $59,999",49,49.0,ok
2013,Number of breakdowns that lasted 6 hours or more:,1,"$60,000 to $79,999",108,108.0,ok
2013,Number of breakdowns that lasted 6 hours or more:,1,"$80,000 to $99,999",45,45.0,ok
2013,Number of breakdowns that lasted 6 hours or more:,1,"Less than $10,000",144,144.0,ok
2013,Number of breakdowns that lasted 6 hours or more:,2,"$10,000 to $19,999",49,49.0,ok
2013,Number of breakdowns that lasted 6 hours or more:,2,"$100,000 to $119,999",3,3.0,ok
2013,Number of breakdowns that lasted 6 hours or more:,2,"$120,000 or more",9,9.0,ok
2013,Number of breakdowns that lasted 6 hours or more:,2,"$20,000 to $29,999",39,39.0,ok
2013,Number of breakdowns that lasted 6 hours or more:,2,"$30,000 to $39,999",27,27.0,ok
2013,Number of breakdowns that lasted 6 hours or more:,2,"$40,000 to $49,999",27,27.0,ok
2013,Number of breakdowns that lasted 6 hours or more:,2,"$50,000 to $59,999",12,12.0,ok
2013,Number of breakdowns that lasted 6 hours or more:,2,"$60,000 to $79,999",19,19.0,ok
2013,Number of breakdowns that lasted 6 hours or more:,2,"$80,000 to $99,999",14,14.0,ok
2013,Number of breakdowns that lasted 6 hours or more:,2,"Less than $10,000",40,40.0,ok
2013,Number of breakdowns that lasted 6 hours or more:,3,"$10,000 to $19,999",19,19.0,ok
2013,Number of breakdowns that lasted 6 hours or more:,3,"$100,000 to $119,999",6,6.0,ok
2013,Number of breakdowns that lasted 6 hours or more:,3,"$120,000 or more",4,4.0,ok
2013,Number of breakdowns that lasted 6 hours or more:,3,"$20,000 to $29,999",11,11.0,ok
2013,Number of breakdowns that lasted 6 hours or more:,3,"$30,000 to $39,999",9,9.0,ok
2013,Number of breakdowns that lasted 6 hours or more:,3,"$40,000 to $49,999",7,7.0,ok
2013,Number of breakdowns that lasted 6 hours or more:,3,"$50,000 to $59,999",2,2.0,ok
2013,Number of breakdowns that lasted 6 hours or more:,3,"$60,000 to $79,999",7,7.0,ok
2013,Number of breakdowns that lasted 6 hours or more:,3,"$80,000 to $99,999",5,5.0,ok
2013,Number of breakdowns that lasted 6 hours or more:,3,"Less than $10,000",14,14.0,ok
2013,Number of breakdowns that lasted 6 hours or more:,4 or more,"$10,000 to $19,999",31,31.0,ok
2013,Number of breakdowns that lasted 6 hours or more:,4 or more,"$100,000 to $119,999",7,7.0,ok
2013,Number of breakdowns that lasted 6 hours or more:,4 or more,"$120,000 or more",7,7.0,ok
2013,Number of breakdowns that lasted 6 hours or more:,4 or more,"$20,000 to $29,999",50,50.0,ok
2013,Number of breakdowns that lasted 6 hours or more:,4 or more,"$30,000 to $39,999",8,8.0,ok
2013,Number of breakdowns that lasted 6 hours or more:,4 or more,"$40,000 to $49,999",15,15.0,ok
2013,Number of breakdowns that lasted 6 hours or more:,4 or more,"$50,000 to $59,999",1,1.0,ok
2013,Number of breakdowns that lasted 6 hours or more:,4 or more,"$60,000 to $79,999",10,10.0,ok
2013,Number of breakdowns that lasted 6 hours or more:,4 or more,"$80,000 to $99,999",6,6.0,ok
2013,Number of breakdowns that lasted 6 hours or more:,4 or more,"Less than $10,000",26,26.0,ok
2013,Number of breakdowns that lasted 6 hours or more:,Breakdowns not reported,"$10,000 to $19,999",114,114.0,ok
2013,Number of breakdowns that lasted 6 hours or more:,Breakdowns not reported,"$100,000 to $119,999",73,73.0,ok
2013,Number of breakdowns that lasted 6 hours or more:,Breakdowns not reported,"$120,000 or more",132,132.0,ok
2013,Number of breakdowns that lasted 6 hours or more:,Breakdowns not reported,"$20,000 to $29,999",155,155.0,ok
2013,Number of breakdowns that lasted 6 hours or more:,Breakdowns not reported,"$30,000 to $39,999",113,113.0,ok
2013,Number of breakdowns that lasted 6 hours or more:,Breakdowns not reported,"$40,000 to $49,999",148,148.0,ok
2013,Number of breakdowns that lasted 6 hours or more:,Breakdowns not reported,"$50,000 to $59,999",57,57.0,ok
2013,Number of breakdowns that lasted 6 hours or more:,Breakdowns not reported,"$60,000 to $79,999",145,145.0,ok
2013,Number of breakdowns that lasted 6 hours or more:,Breakdowns not reported,"$80,000 to $99,999",93,93.0,ok
2013,Number of breakdowns that lasted 6 hours or more:,Breakdowns not reported,"Less than $10,000",218,218.0,ok
2013,Number of breakdowns that lasted 6 hours or more:,Cost of heating,"$10,000 to $19,999",91,91.0,ok
2013,Number of breakdowns that lasted 6 hours or more:,Cost of heating,"$100,000 to $119,999",29,29.0,ok
2013,Number of breakdowns that lasted 6 hours or more:,Cost of heating,"$120,000 or more",50,50.0,ok
2013,Number of breakdowns that lasted 6 hours or more:,Cost of heating,"$20,000 to $29,999",94,94.0,ok
2013,Number of breakdowns that lasted 6 hours or more:,Cost of heating,"$30,000 to $39,999",71,71.0,ok
2013,Number of breakdowns that lasted 6 hours or more:,Cost of heating,"$40,000 to $49,999",67,67.0,ok
2013,Number of breakdowns that lasted 6 hours or more:,Cost of heating,"$50,000 to $59,999",55,55.0,ok
2013,Number of breakdowns that lasted 6 hours or more:,Cost of heating,"$60,000 to $79,999",80,80.0,ok
2013,Number of breakdowns that lasted 6 hours or more:,Cost of heating,"$80,000 to $99,999",35,35.0,ok
2013,Number of breakdowns that lasted 6 hours or more:,Cost of heating,"Less than $10,000",115,115.0,ok
2013,Number of breakdowns that lasted 6 hours or more:,Discomfort not reported,"$10,000 to $19,999",299,299.0,ok
2013,Number of breakdowns that lasted 6 hours or more:,Discomfort not reported,"$100,000 to $119,999",128,128.0,ok
2013,Number of breakdowns that lasted 6 hours or more:,Discomfort not reported,"$120,000 or more",267,267.0,ok
2013,Number of breakdowns that lasted 6 hours or more:,Discomfort not reported,"$20,000 to $29,999",329,329.0,ok
2013,Number of breakdowns that lasted 6 hours or more:,Discomfort not reported,"$30,000 to $39,999",235,235.0,ok
2013,Number of breakdowns that lasted 6 hours or more:,Discomfort not reported,"$40,000 to $49,999",238,238.0,ok
2013,Number of breakdowns that lasted 6 hours or more:,Discomfort not reported,"$50,000 to $59,999",170,170.0,ok
2013,Number of breakdowns that lasted 6 hours or more:,Discomfort not reported,"$60,000 to $79,999",302,302.0,ok
2013,Number of breakdowns that lasted 6 hours or more:,Discomfort not reported,"$80,000 to $99,999",183,183.0,ok
2013,Number of breakdowns that lasted 6 hours or more:,Discomfort not reported,"Less than $10,000",389,389.0,ok
2013,Number of breakdowns that lasted 6 hours or more:,Inadequate heating capacity,"$10,000 to $19,999",142,142.0,ok
2013,Number of breakdowns that lasted 6 hours or more:,Inadequate heating capacity,"$100,000 to $119,999",24,24.0,ok
2013,Number of breakdowns that lasted 6 hours or more:,Inadequate heating capacity,"$120,000 or more",47,47.0,ok
2013,Number of breakdowns that lasted 6 hours or more:,Inadequate heating capacity,"$20,000 to $29,999",143,143.0,ok
2013,Number of breakdowns that lasted 6 hours or more:,Inadequate heating capacity,"$30,000 to $39,999",96,96.0,ok
2013,Number of breakdowns that lasted 6 hours or more:,Inadequate heating capacity,"$40,000 to $49,999",72,72.0,ok
2013,Number of breakdowns that lasted 6 hours or more:,Inadequate heating capacity,"$50,000 to $59,999",53,53.0,ok
2013,Number of breakdowns that lasted 6 hours or more:,Inadequate heating capacity,"$60,000 to $79,999",50,50.0,ok
2013,Number of breakdowns that lasted 6 hours or more:,Inadequate heating capacity,"$80,000 to $99,999",55,55.0,ok
2013,Number of breakdowns that lasted 6 hours or more:,Inadequate heating capacity,"Less than $10,000",169,169.0,ok
2013,Number of breakdowns that lasted 6 hours or more:,Inadequate insulation,"$10,000 to $19,999",111,111.0,ok
2013,Number of breakdowns that lasted 6 hours or more:,Inadequate insulation,"$100,000 to $119,999",27,27.0,ok
2013,Number of breakdowns that lasted 6 hours or more:,Inadequate insulation,"$120,000 or more",22,22.0,ok
2013,Number of breakdowns that lasted 6 hours or more:,Inadequate insulation,"$20,000 to $29,999",141,141.0,ok
2013,Number of breakdowns that lasted 6 hours or more:,Inadequate insulation,"$30,000 to $39,999",117,117.0,ok
2013,Number of breakdowns that lasted 6 hours or more:,Inadequate insulation,"$40,000 to $49,999",62,62.0,ok
2013,Number of breakdowns that lasted 6 hours or more:,Inadequate insulation,"$50,000 to $59,999",46,46.0,ok
2013,Number of breakdowns that lasted 6 hours or more:,Inadequate insulation,"$60,000 to $79,999",68,68.0,ok
2013,Number of breakdowns that lasted 6 hours or more:,Inadequate insulation,"$80,000 to $99,999",46,46.0,ok
2013,Number of breakdowns that lasted 6 hours or more:,Inadequate insulation,"Less than $10,000",177,177.0,ok
2013,Number of breakdowns that lasted 6 hours or more:,No breakdowns in last 3 months,"$10,000 to $19,999","2,037",2037.0,ok
2013,Number of breakdowns that lasted 6 hours or more:,No breakdowns in last 3 months,"$100,000 to $119,999","1,432",1432.0,ok
2013,Number of breakdowns that lasted 6 hours or more:,No breakdowns in last 3 months,"$120,000 or more","3,175",3175.0,ok
2013,Number of breakdowns that lasted 6 hours or more:,No breakdowns in last 3 months,"$20,000 to $29,999","2,533",2533.0,ok
2013,Number of breakdowns that lasted 6 hours or more:,No breakdowns in last 3 months,"$30,000 to $39,999","2,245",2245.0,ok
2013,Number of breakdowns that lasted 6 hours or more:,No breakdowns in last 3 months,"$40,000 to $49,999","1,875",1875.0,ok
2013,Number of breakdowns that lasted 6 hours or more:,No breakdowns in last 3 months,"$50,000 to $59,999","1,710",1710.0,ok
2013,Number of breakdowns that lasted 6 hours or more:,No breakdowns in last 3 months,"$60,000 to $79,999","2,594",2594.0,ok
2013,Number of breakdowns that lasted 6 hours or more:,No breakdowns in last 3 months,"$80,000 to $99,999","2,145",2145.0,ok
2013,Number of breakdowns that lasted 6 hours or more:,No breakdowns in last 3 months,"Less than $10,000","1,482",1482.0,ok
2013,Number of breakdowns that lasted 6 hours or more:,No breakdowns lasting 6 hours or more,"$10,000 to $19,999",2,2.0,ok
2013,Number of breakdowns that lasted 6 hours or more:,No breakdowns lasting 6 hours or more,"$100,000 to $119,999",5,5.0,ok
2013,Number of breakdowns that lasted 6 hours or more:,No breakdowns lasting 6 hours or more,"$120,000 or more",15,15.0,ok
2013,Number of breakdowns that lasted 6 hours or more:,No breakdowns lasting 6 hours or more,"$20,000 to $29,999",10,10.0,ok
2013,Number of breakdowns that lasted 6 hours or more:,No breakdowns lasting 6 hours or more,"$30,000 to $39,999",2,2.0,ok
2013,Number of breakdowns that lasted 6 hours or more:,No breakdowns lasting 6 hours or more,"$40,000 to $49,999",.,,blank_or_na
2013,Number of breakdowns that lasted 6 hours or more:,No breakdowns lasting 6 hours or more,"$50,000 to $59,999",7,7.0,ok
2013,Number of breakdowns that lasted 6 hours or more:,No breakdowns lasting 6 hours or more,"$60,000 to $79,999",8,8.0,ok
2013,Number of breakdowns that lasted 6 hours or more:,No breakdowns lasting 6 hours or more,"$80,000 to $99,999",2,2.0,ok
2013,Number of breakdowns that lasted 6 hours or more:,No breakdowns lasting 6 hours or more,"Less than $10,000",.,,blank_or_na
2013,Number of breakdowns that lasted 6 hours or more:,Not reported,"$10,000 to $19,999",2,2.0,ok
2013,Number of breakdowns that lasted 6 hours or more:,Not reported,"$100,000 to $119,999",.,,blank_or_na
2013,Number of breakdowns that lasted 6 hours or more:,Not reported,"$120,000 or more",.,,blank_or_na
2013,Number of breakdowns that lasted 6 hours or more:,Not reported,"$20,000 to $29,999",3,3.0,ok
2013,Number of breakdowns that lasted 6 hours or more:,Not reported,"$30,000 to $39,999",.,,blank_or_na
2013,Number of breakdowns that lasted 6 hours or more:,Not reported,"$40,000 to $49,999",.,,blank_or_na
2013,Number of breakdowns that lasted 6 hours or more:,Not reported,"$50,000 to $59,999",.,,blank_or_na
2013,Number of breakdowns that lasted 6 hours or more:,Not reported,"$60,000 to $79,999",.,,blank_or_na
2013,Number of breakdowns that lasted 6 hours or more:,Not reported,"$80,000 to $99,999",.,,blank_or_na
2013,Number of breakdowns that lasted 6 hours or more:,Not reported,"Less than $10,000",Z,0.0,zero_round
2013,Number of breakdowns that lasted 6 hours or more:,Number of breakdowns not reported,"$10,000 to $19,999",Z,0.0,zero_round
2013,Number of breakdowns that lasted 6 hours or more:,Number of breakdowns not reported,"$100,000 to $119,999",.,,blank_or_na
2013,Number of breakdowns that lasted 6 hours or more:,Number of breakdowns not reported,"$120,000 or more",1,1.0,ok
2013,Number of breakdowns that lasted 6 hours or more:,Number of breakdowns not reported,"$20,000 to $29,999",2,2.0,ok
2013,Number of breakdowns that lasted 6 hours or more:,Number of breakdowns not reported,"$30,000 to $39,999",3,3.0,ok
2013,Number of breakdowns that lasted 6 hours or more:,Number of breakdowns not reported,"$40,000 to $49,999",7,7.0,ok
2013,Number of breakdowns that lasted 6 hours or more:,Number of breakdowns not reported,"$50,000 to $59,999",5,5.0,ok
2013,Number of breakdowns that lasted 6 hours or more:,Number of breakdowns not reported,"$60,000 to $79,999",2,2.0,ok
2013,Number of breakdowns that lasted 6 hours or more:,Number of breakdowns not reported,"$80,000 to $99,999",.,,blank_or_na
2013,Number of breakdowns that lasted 6 hours or more:,Number of breakdowns not reported,"Less than $10,000",5,5.0,ok
2013,Number of breakdowns that lasted 6 hours or more:,Other,"$10,000 to $19,999",195,195.0,ok
2013,Number of breakdowns that lasted 6 hours or more:,Other,"$100,000 to $119,999",89,89.0,ok
2013,Number of breakdowns that lasted 6 hours or more:,Other,"$120,000 or more",208,208.0,ok
2013,Number of breakdowns that lasted 6 hours or more:,Other,"$20,000 to $29,999",204,204.0,ok
2013,Number of breakdowns that lasted 6 hours or more:,Other,"$30,000 to $39,999",141,141.0,ok
2013,Number of breakdowns that lasted 6 hours or more:,Other,"$40,000 to $49,999",110,110.0,ok
2013,Number of breakdowns that lasted 6 hours or more:,Other,"$50,000 to $59,999",95,95.0,ok
2013,Number of breakdowns that lasted 6 hours or more:,Other,"$60,000 to $79,999",176,176.0,ok
2013,Number of breakdowns that lasted 6 hours or more:,Other,"$80,000 to $99,999",117,117.0,ok
2013,Number of breakdowns that lasted 6 hours or more:,Other,"Less than $10,000",133,133.0,ok
2013,Number of breakdowns that lasted 6 hours or more:,Other causes,"$10,000 to $19,999",656,656.0,ok
2013,Number of breakdowns that lasted 6 hours or more:,Other causes,"$100,000 to $119,999",341,341.0,ok
2013,Number of breakdowns that lasted 6 hours or more:,Other causes,"$120,000 or more",861,861.0,ok
2013,Number of breakdowns that lasted 6 hours or more:,Other causes,"$20,000 to $29,999",748,748.0,ok
2013,Number of breakdowns that lasted 6 hours or more:,Other causes,"$30,000 to $39,999",575,575.0,ok
2013,Number of breakdowns that lasted 6 hours or more:,Other causes,"$40,000 to $49,999",454,454.0,ok
2013,Number of breakdowns that lasted 6 hours or more:,Other causes,"$50,000 to $59,999",374,374.0,ok
2013,Number of breakdowns that lasted 6 hours or more:,Other causes,"$60,000 to $79,999",566,566.0,ok
2013,Number of breakdowns that lasted 6 hours or more:,Other causes,"$80,000 to $99,999",499,499.0,ok
2013,Number of breakdowns that lasted 6 hours or more:,Other causes,"Less than $10,000",683,683.0,ok
2013,Number of breakdowns that lasted 6 hours or more:,Reason for discomfort not reported,"$10,000 to $19,999",7,7.0,ok
2013,Number of breakdowns that lasted 6 hours or more:,Reason for discomfort not reported,"$100,000 to $119,999",9,9.0,ok
2013,Number of breakdowns that lasted 6 hours or more:,Reason for discomfort not reported,"$120,000 or more",7,7.0,ok
2013,Number of breakdowns that lasted 6 hours or more:,Reason for discomfort not reported,"$20,000 to $29,999",2,2.0,ok
2013,Number of breakdowns that lasted 6 hours or more:,Reason for discomfort not reported,"$30,000 to $39,999",5,5.0,ok
2013,Number of breakdowns that lasted 6 hours or more:,Reason for discomfort not reported,"$40,000 to $49,999",3,3.0,ok
2013,Number of breakdowns that lasted 6 hours or more:,Reason for discomfort not reported,"$50,000 to $59,999",.,,blank_or_na
2013,Number of breakdowns that lasted 6 hours or more:,Reason for discomfort not reported,"$60,000 to $79,999",1,1.0,ok
2013,Number of breakdowns that lasted 6 hours or more:,Reason for discomfort not reported,"$80,000 to $99,999",2,2.0,ok
2013,Number of breakdowns that lasted 6 hours or more:,Reason for discomfort not reported,"Less than $10,000",2,2.0,ok
2013,Number of breakdowns that lasted 6 hours or more:,Utility interruption,"$10,000 to $19,999",171,171.0,ok
2013,Number of breakdowns that lasted 6 hours or more:,Utility interruption,"$100,000 to $119,999",178,178.0,ok
2013,Number of breakdowns that lasted 6 hours or more:,Utility interruption,"$120,000 or more",551,551.0,ok
2013,Number of breakdowns that lasted 6 hours or more:,Utility interruption,"$20,000 to $29,999",231,231.0,ok
2013,Number of breakdowns that lasted 6 hours or more:,Utility interruption,"$30,000 to $39,999",187,187.0,ok
2013,Number of breakdowns that lasted 6 hours or more:,Utility interruption,"$40,000 to $49,999",173,173.0,ok
2013,Number of breakdowns that lasted 6 hours or more:,Utility interruption,"$50,000 to $59,999",138,138.0,ok
2013,Number of breakdowns that lasted 6 hours or more:,Utility interruption,"$60,000 to $79,999",223,223.0,ok
2013,Number of breakdowns that lasted 6 hours or more:,Utility interruption,"$80,000 to $99,999",269,269.0,ok
2013,Number of breakdowns that lasted 6 hours or more:,Utility interruption,"Less than $10,000",164,164.0,ok
2013,Number of breakdowns that lasted 6 hours or more:,With breakdown(s) in last 3 months,"$10,000 to $19,999",24,24.0,ok
2013,Number of breakdowns that lasted 6 hours or more:,With breakdown(s) in last 3 months,"$100,000 to $119,999",28,28.0,ok
2013,Number of breakdowns that lasted 6 hours or more:,With breakdown(s) in last 3 months,"$120,000 or more",43,43.0,ok
2013,Number of breakdowns that lasted 6 hours or more:,With breakdown(s) in last 3 months,"$20,000 to $29,999",61,61.0,ok
2013,Number of breakdowns that lasted 6 hours or more:,With breakdown(s) in last 3 months,"$30,000 to $39,999",22,22.0,ok
2013,Number of breakdowns that lasted 6 hours or more:,With breakdown(s) in last 3 months,"$40,000 to $49,999",17,17.0,ok
2013,Number of breakdowns that lasted 6 hours or more:,With breakdown(s) in last 3 months,"$50,000 to $59,999",22,22.0,ok
2013,Number of breakdowns that lasted 6 hours or more:,With breakdown(s) in last 3 months,"$60,000 to $79,999",24,24.0,ok
2013,Number of breakdowns that lasted 6 hours or more:,With breakdown(s) in last 3 months,"$80,000 to $99,999",22,22.0,ok
2013,Number of breakdowns that lasted 6 hours or more:,With breakdown(s) in last 3 months,"Less than $10,000",7,7.0,ok
2013,Number of breakdowns that lasted 6 hours or more:,With septic tank or cesspool,"$10,000 to $19,999","2,061",2061.0,ok
2013,Number of breakdowns that lasted 6 hours or more:,With septic tank or cesspool,"$100,000 to $119,999","1,460",1460.0,ok
2013,Number of breakdowns that lasted 6 hours or more:,With septic tank or cesspool,"$120,000 or more","3,219",3219.0,ok
2013,Number of breakdowns that lasted 6 hours or more:,With septic tank or cesspool,"$20,000 to $29,999","2,594",2594.0,ok
2013,Number of breakdowns that lasted 6 hours or more:,With septic tank or cesspool,"$30,000 to $39,999","2,267",2267.0,ok
2013,Number of breakdowns that lasted 6 hours or more:,With septic tank or cesspool,"$40,000 to $49,999","1,892",1892.0,ok
2013,Number of breakdowns that lasted 6 hours or more:,With septic tank or cesspool,"$50,000 to $59,999","1,732",1732.0,ok
2013,Number of breakdowns that lasted 6 hours or more:,With septic tank or cesspool,"$60,000 to $79,999","2,618",2618.0,ok
2013,Number of breakdowns that lasted 6 hours or more:,With septic tank or cesspool,"$80,000 to $99,999","2,167",2167.0,ok
2013,Number of breakdowns that lasted 6 hours or more:,With septic tank or cesspool,"Less than $10,000","1,489",1489.0,ok
2013,Number of stoppages that lasted 6 hours or more:,1,"$10,000 to $19,999",169,169.0,ok
2013,Number of stoppages that lasted 6 hours or more:,1,"$100,000 to $119,999",39,39.0,ok
2013,Number of stoppages that lasted 6 hours or more:,1,"$120,000 or more",159,159.0,ok
2013,Number of stoppages that lasted 6 hours or more:,1,"$20,000 to $29,999",152,152.0,ok
2013,Number of stoppages that lasted 6 hours or more:,1,"$30,000 to $39,999",150,150.0,ok
2013,Number of stoppages that lasted 6 hours or more:,1,"$40,000 to $49,999",135,135.0,ok
2013,Number of stoppages that lasted 6 hours or more:,1,"$50,000 to $59,999",130,130.0,ok
2013,Number of stoppages that lasted 6 hours or more:,1,"$60,000 to $79,999",176,176.0,ok
2013,Number of stoppages that lasted 6 hours or more:,1,"$80,000 to $99,999",127,127.0,ok
2013,Number of stoppages that lasted 6 hours or more:,1,"Less than $10,000",130,130.0,ok
2013,Number of stoppages that lasted 6 hours or more:,2,"$10,000 to $19,999",60,60.0,ok
2013,Number of stoppages that lasted 6 hours or more:,2,"$100,000 to $119,999",32,32.0,ok
2013,Number of stoppages that lasted 6 hours or more:,2,"$120,000 or more",24,24.0,ok
2013,Number of stoppages that lasted 6 hours or more:,2,"$20,000 to $29,999",67,67.0,ok
2013,Number of stoppages that lasted 6 hours or more:,2,"$30,000 to $39,999",51,51.0,ok
2013,Number of stoppages that lasted 6 hours or more:,2,"$40,000 to $49,999",51,51.0,ok
2013,Number of stoppages that lasted 6 hours or more:,2,"$50,000 to $59,999",31,31.0,ok
2013,Number of stoppages that lasted 6 hours or more:,2,"$60,000 to $79,999",42,42.0,ok
2013,Number of stoppages that lasted 6 hours or more:,2,"$80,000 to $99,999",35,35.0,ok
2013,Number of stoppages that lasted 6 hours or more:,2,"Less than $10,000",40,40.0,ok
2013,Number of stoppages that lasted 6 hours or more:,3,"$10,000 to $19,999",31,31.0,ok
2013,Number of stoppages that lasted 6 hours or more:,3,"$100,000 to $119,999",10,10.0,ok
2013,Number of stoppages that lasted 6 hours or more:,3,"$120,000 or more",19,19.0,ok
2013,Number of stoppages that lasted 6 hours or more:,3,"$20,000 to $29,999",21,21.0,ok
2013,Number of stoppages that lasted 6 hours or more:,3,"$30,000 to $39,999",11,11.0,ok
2013,Number of stoppages that lasted 6 hours or more:,3,"$40,000 to $49,999",12,12.0,ok
2013,Number of stoppages that lasted 6 hours or more:,3,"$50,000 to $59,999",9,9.0,ok
2013,Number of stoppages that lasted 6 hours or more:,3,"$60,000 to $79,999",19,19.0,ok
2013,Number of stoppages that lasted 6 hours or more:,3,"$80,000 to $99,999",21,21.0,ok
2013,Number of stoppages that lasted 6 hours or more:,3,"Less than $10,000",23,23.0,ok
2013,Number of stoppages that lasted 6 hours or more:,4 or more,"$10,000 to $19,999",39,39.0,ok
2013,Number of stoppages that lasted 6 hours or more:,4 or more,"$100,000 to $119,999",3,3.0,ok
2013,Number of stoppages that lasted 6 hours or more:,4 or more,"$120,000 or more",18,18.0,ok
2013,Number of stoppages that lasted 6 hours or more:,4 or more,"$20,000 to $29,999",49,49.0,ok
2013,Number of stoppages that lasted 6 hours or more:,4 or more,"$30,000 to $39,999",23,23.0,ok
2013,Number of stoppages that lasted 6 hours or more:,4 or more,"$40,000 to $49,999",18,18.0,ok
2013,Number of stoppages that lasted 6 hours or more:,4 or more,"$50,000 to $59,999",14,14.0,ok
2013,Number of stoppages that lasted 6 hours or more:,4 or more,"$60,000 to $79,999",22,22.0,ok
2013,Number of stoppages that lasted 6 hours or more:,4 or more,"$80,000 to $99,999",5,5.0,ok
2013,Number of stoppages that lasted 6 hours or more:,4 or more,"Less than $10,000",32,32.0,ok
2013,Number of stoppages that lasted 6 hours or more:,Number of stoppages not reported,"$10,000 to $19,999",4,4.0,ok
2013,Number of stoppages that lasted 6 hours or more:,Number of stoppages not reported,"$100,000 to $119,999",4,4.0,ok
2013,Number of stoppages that lasted 6 hours or more:,Number of stoppages not reported,"$120,000 or more",2,2.0,ok
2013,Number of stoppages that lasted 6 hours or more:,Number of stoppages not reported,"$20,000 to $29,999",1,1.0,ok
2013,Number of stoppages that lasted 6 hours or more:,Number of stoppages not reported,"$30,000 to $39,999",3,3.0,ok
2013,Number of stoppages that lasted 6 hours or more:,Number of stoppages not reported,"$40,000 to $49,999",3,3.0,ok
2013,Number of stoppages that lasted 6 hours or more:,Number of stoppages not reported,"$50,000 to $59,999",.,,blank_or_na
2013,Number of stoppages that lasted 6 hours or more:,Number of stoppages not reported,"$60,000 to $79,999",3,3.0,ok
2013,Number of stoppages that lasted 6 hours or more:,Number of stoppages not reported,"$80,000 to $99,999",1,1.0,ok
2013,Number of stoppages that lasted 6 hours or more:,Number of stoppages not reported,"Less than $10,000",3,3.0,ok
2013,Number of stoppages that lasted 6 hours or more:,Stoppage not reported,"$10,000 to $19,999",119,119.0,ok
2013,Number of stoppages that lasted 6 hours or more:,Stoppage not reported,"$100,000 to $119,999",73,73.0,ok
2013,Number of stoppages that lasted 6 hours or more:,Stoppage not reported,"$120,000 or more",127,127.0,ok
2013,Number of stoppages that lasted 6 hours or more:,Stoppage not reported,"$20,000 to $29,999",162,162.0,ok
2013,Number of stoppages that lasted 6 hours or more:,Stoppage not reported,"$30,000 to $39,999",118,118.0,ok
2013,Number of stoppages that lasted 6 hours or more:,Stoppage not reported,"$40,000 to $49,999",147,147.0,ok
2013,Number of stoppages that lasted 6 hours or more:,Stoppage not reported,"$50,000 to $59,999",62,62.0,ok
2013,Number of stoppages that lasted 6 hours or more:,Stoppage not reported,"$60,000 to $79,999",142,142.0,ok
2013,Number of stoppages that lasted 6 hours or more:,Stoppage not reported,"$80,000 to $99,999",101,101.0,ok
2013,Number of stoppages that lasted 6 hours or more:,Stoppage not reported,"Less than $10,000",214,214.0,ok
2013,Selected Deficiencies,Broken plaster or peeling paint (interior),"$10,000 to $19,999",300,300.0,ok
2013,Selected Deficiencies,Broken plaster or peeling paint (interior),"$100,000 to $119,999",79,79.0,ok
2013,Selected Deficiencies,Broken plaster or peeling paint (interior),"$120,000 or more",130,130.0,ok
2013,Selected Deficiencies,Broken plaster or peeling paint (interior),"$20,000 to $29,999",270,270.0,ok
2013,Selected Deficiencies,Broken plaster or peeling paint (interior),"$30,000 to $39,999",191,191.0,ok
2013,Selected Deficiencies,Broken plaster or peeling paint (interior),"$40,000 to $49,999",162,162.0,ok
2013,Selected Deficiencies,Broken plaster or peeling paint (interior),"$50,000 to $59,999",113,113.0,ok
2013,Selected Deficiencies,Broken plaster or peeling paint (interior),"$60,000 to $79,999",169,169.0,ok
2013,Selected Deficiencies,Broken plaster or peeling paint (interior),"$80,000 to $99,999",76,76.0,ok
2013,Selected Deficiencies,Broken plaster or peeling paint (interior),"Less than $10,000",344,344.0,ok
2013,Selected Deficiencies,Exposed wiring,"$10,000 to $19,999",234,234.0,ok
2013,Selected Deficiencies,Exposed wiring,"$100,000 to $119,999",93,93.0,ok
2013,Selected Deficiencies,Exposed wiring,"$120,000 or more",222,222.0,ok
2013,Selected Deficiencies,Exposed wiring,"$20,000 to $29,999",218,218.0,ok
2013,Selected Deficiencies,Exposed wiring,"$30,000 to $39,999",203,203.0,ok
2013,Selected Deficiencies,Exposed wiring,"$40,000 to $49,999",171,171.0,ok
2013,Selected Deficiencies,Exposed wiring,"$50,000 to $59,999",103,103.0,ok
2013,Selected Deficiencies,Exposed wiring,"$60,000 to $79,999",220,220.0,ok
2013,Selected Deficiencies,Exposed wiring,"$80,000 to $99,999",137,137.0,ok
2013,Selected Deficiencies,Exposed wiring,"Less than $10,000",291,291.0,ok
2013,Selected Deficiencies,Holes in floors,"$10,000 to $19,999",177,177.0,ok
2013,Selected Deficiencies,Holes in floors,"$100,000 to $119,999",23,23.0,ok
2013,Selected Deficiencies,Holes in floors,"$120,000 or more",64,64.0,ok
2013,Selected Deficiencies,Holes in floors,"$20,000 to $29,999",178,178.0,ok
2013,Selected Deficiencies,Holes in floors,"$30,000 to $39,999",122,122.0,ok
2013,Selected Deficiencies,Holes in floors,"$40,000 to $49,999",94,94.0,ok
2013,Selected Deficiencies,Holes in floors,"$50,000 to $59,999",58,58.0,ok
2013,Selected Deficiencies,Holes in floors,"$60,000 to $79,999",78,78.0,ok
2013,Selected Deficiencies,Holes in floors,"$80,000 to $99,999",48,48.0,ok
2013,Selected Deficiencies,Holes in floors,"Less than $10,000",222,222.0,ok
2013,Selected Deficiencies,No electrical wiring,"$10,000 to $19,999",24,24.0,ok
2013,Selected Deficiencies,No electrical wiring,"$100,000 to $119,999",3,3.0,ok
2013,Selected Deficiencies,No electrical wiring,"$120,000 or more",17,17.0,ok
2013,Selected Deficiencies,No electrical wiring,"$20,000 to $29,999",33,33.0,ok
2013,Selected Deficiencies,No electrical wiring,"$30,000 to $39,999",9,9.0,ok
2013,Selected Deficiencies,No electrical wiring,"$40,000 to $49,999",11,11.0,ok
2013,Selected Deficiencies,No electrical wiring,"$50,000 to $59,999",13,13.0,ok
2013,Selected Deficiencies,No electrical wiring,"$60,000 to $79,999",29,29.0,ok
2013,Selected Deficiencies,No electrical wiring,"$80,000 to $99,999",10,10.0,ok
2013,Selected Deficiencies,No electrical wiring,"Less than $10,000",41,41.0,ok
2013,Selected Deficiencies,Open cracks or holes (interior),"$10,000 to $19,999",774,774.0,ok
2013,Selected Deficiencies,Open cracks or holes (interior),"$100,000 to $119,999",230,230.0,ok
2013,Selected Deficiencies,Open cracks or holes (interior),"$120,000 or more",405,405.0,ok
2013,Selected Deficiencies,Open cracks or holes (interior),"$20,000 to $29,999",695,695.0,ok
2013,Selected Deficiencies,Open cracks or holes (interior),"$30,000 to $39,999",511,511.0,ok
2013,Selected Deficiencies,Open cracks or holes (interior),"$40,000 to $49,999",523,523.0,ok
2013,Selected Deficiencies,Open cracks or holes (interior),"$50,000 to $59,999",350,350.0,ok
2013,Selected Deficiencies,Open cracks or holes (interior),"$60,000 to $79,999",542,542.0,ok
2013,Selected Deficiencies,Open cracks or holes (interior),"$80,000 to $99,999",330,330.0,ok
2013,Selected Deficiencies,Open cracks or holes (interior),"Less than $10,000",733,733.0,ok
2013,Selected Deficiencies,Rooms without electric outlets,"$10,000 to $19,999",223,223.0,ok
2013,Selected Deficiencies,Rooms without electric outlets,"$100,000 to $119,999",85,85.0,ok
2013,Selected Deficiencies,Rooms without electric outlets,"$120,000 or more",158,158.0,ok
2013,Selected Deficiencies,Rooms without electric outlets,"$20,000 to $29,999",178,178.0,ok
2013,Selected Deficiencies,Rooms without electric outlets,"$30,000 to $39,999",145,145.0,ok
2013,Selected Deficiencies,Rooms without electric outlets,"$40,000 to $49,999",128,128.0,ok
2013,Selected Deficiencies,Rooms without electric outlets,"$50,000 to $59,999",114,114.0,ok
2013,Selected Deficiencies,Rooms without electric outlets,"$60,000 to $79,999",174,174.0,ok
2013,Selected Deficiencies,Rooms without electric outlets,"$80,000 to $99,999",163,163.0,ok
2013,Selected Deficiencies,Rooms without electric outlets,"Less than $10,000",252,252.0,ok
2013,Selected Deficiencies,Signs of cockroaches in last 12 months,"$10,000 to $19,999","1,714",1714.0,ok
2013,Selected Deficiencies,Signs of cockroaches in last 12 months,"$100,000 to $119,999",512,512.0,ok
2013,Selected Deficiencies,Signs of cockroaches in last 12 months,"$120,000 or more","1,228",1228.0,ok
2013,Selected Deficiencies,Signs of cockroaches in last 12 months,"$20,000 to $29,999","1,647",1647.0,ok
2013,Selected Deficiencies,Signs of cockroaches in last 12 months,"$30,000 to $39,999","1,253",1253.0,ok
2013,Selected Deficiencies,Signs of cockroaches in last 12 months,"$40,000 to $49,999","1,079",1079.0,ok
2013,Selected Deficiencies,Signs of cockroaches in last 12 months,"$50,000 to $59,999",776,776.0,ok
2013,Selected Deficiencies,Signs of cockroaches in last 12 months,"$60,000 to $79,999","1,260",1260.0,ok
2013,Selected Deficiencies,Signs of cockroaches in last 12 months,"$80,000 to $99,999",765,765.0,ok
2013,Selected Deficiencies,Signs of cockroaches in last 12 months,"Less than $10,000","1,655",1655.0,ok
2013,Selected Deficiencies,Signs of mice in last 12 months,"$10,000 to $19,999","1,177",1177.0,ok
2013,Selected Deficiencies,Signs of mice in last 12 months,"$100,000 to $119,999",632,632.0,ok
2013,Selected Deficiencies,Signs of mice in last 12 months,"$120,000 or more","1,475",1475.0,ok
2013,Selected Deficiencies,Signs of mice in last 12 months,"$20,000 to $29,999","1,289",1289.0,ok
2013,Selected Deficiencies,Signs of mice in last 12 months,"$30,000 to $39,999","1,062",1062.0,ok
2013,Selected Deficiencies,Signs of mice in last 12 months,"$40,000 to $49,999",852,852.0,ok
2013,Selected Deficiencies,Signs of mice in last 12 months,"$50,000 to $59,999",848,848.0,ok
2013,Selected Deficiencies,Signs of mice in last 12 months,"$60,000 to $79,999","1,215",1215.0,ok
2013,Selected Deficiencies,Signs of mice in last 12 months,"$80,000 to $99,999",939,939.0,ok
2013,Selected Deficiencies,Signs of mice in last 12 months,"Less than $10,000","1,108",1108.0,ok
2013,Selected Deficiencies,Signs of rats in last 12 months,"$10,000 to $19,999",143,143.0,ok
2013,Selected Deficiencies,Signs of rats in last 12 months,"$100,000 to $119,999",63,63.0,ok
2013,Selected Deficiencies,Signs of rats in last 12 months,"$120,000 or more",130,130.0,ok
2013,Selected Deficiencies,Signs of rats in last 12 months,"$20,000 to $29,999",121,121.0,ok
2013,Selected Deficiencies,Signs of rats in last 12 months,"$30,000 to $39,999",85,85.0,ok
2013,Selected Deficiencies,Signs of rats in last 12 months,"$40,000 to $49,999",96,96.0,ok
2013,Selected Deficiencies,Signs of rats in last 12 months,"$50,000 to $59,999",60,60.0,ok
2013,Selected Deficiencies,Signs of rats in last 12 months,"$60,000 to $79,999",129,129.0,ok
2013,Selected Deficiencies,Signs of rats in last 12 months,"$80,000 to $99,999",72,72.0,ok
2013,Selected Deficiencies,Signs of rats in last 12 months,"Less than $10,000",135,135.0,ok
2013,Selected Deficiencies,"Signs of rodents, not sure which kind in last 12 months","$10,000 to $19,999",86,86.0,ok
2013,Selected Deficiencies,"Signs of rodents, not sure which kind in last 12 months","$100,000 to $119,999",18,18.0,ok
2013,Selected Deficiencies,"Signs of rodents, not sure which kind in last 12 months","$120,000 or more",69,69.0,ok
2013,Selected Deficiencies,"Signs of rodents, not sure which kind in last 12 months","$20,000 to $29,999",111,111.0,ok
2013,Selected Deficiencies,"Signs of rodents, not sure which kind in last 12 months","$30,000 to $39,999",69,69.0,ok
2013,Selected Deficiencies,"Signs of rodents, not sure which kind in last 12 months","$40,000 to $49,999",41,41.0,ok
2013,Selected Deficiencies,"Signs of rodents, not sure which kind in last 12 months","$50,000 to $59,999",36,36.0,ok
2013,Selected Deficiencies,"Signs of rodents, not sure which kind in last 12 months","$60,000 to $79,999",71,71.0,ok
2013,Selected Deficiencies,"Signs of rodents, not sure which kind in last 12 months","$80,000 to $99,999",74,74.0,ok
2013,Selected Deficiencies,"Signs of rodents, not sure which kind in last 12 months","Less than $10,000",125,125.0,ok
2013,Selected Physical Problems,Electric,"$10,000 to $19,999",11,11.0,ok
2013,Selected Physical Problems,Electric,"$100,000 to $119,999",.,,blank_or_na
2013,Selected Physical Problems,Electric,"$120,000 or more",6,6.0,ok
2013,Selected Physical Problems,Electric,"$20,000 to $29,999",18,18.0,ok
2013,Selected Physical Problems,Electric,"$30,000 to $39,999",9,9.0,ok
2013,Selected Physical Problems,Electric,"$40,000 to $49,999",4,4.0,ok
2013,Selected Physical Problems,Electric,"$50,000 to $59,999",7,7.0,ok
2013,Selected Physical Problems,Electric,"$60,000 to $79,999",15,15.0,ok
2013,Selected Physical Problems,Electric,"$80,000 to $99,999",6,6.0,ok
2013,Selected Physical Problems,Electric,"Less than $10,000",17,17.0,ok
2013,Selected Physical Problems,Heating,"$10,000 to $19,999",79,79.0,ok
2013,Selected Physical Problems,Heating,"$100,000 to $119,999",23,23.0,ok
2013,Selected Physical Problems,Heating,"$120,000 or more",33,33.0,ok
2013,Selected Physical Problems,Heating,"$20,000 to $29,999",108,108.0,ok
2013,Selected Physical Problems,Heating,"$30,000 to $39,999",67,67.0,ok
2013,Selected Physical Problems,Heating,"$40,000 to $49,999",43,43.0,ok
2013,Selected Physical Problems,Heating,"$50,000 to $59,999",37,37.0,ok
2013,Selected Physical Problems,Heating,"$60,000 to $79,999",49,49.0,ok
2013,Selected Physical Problems,Heating,"$80,000 to $99,999",30,30.0,ok
2013,Selected Physical Problems,Heating,"Less than $10,000",102,102.0,ok
2013,Selected Physical Problems,Kitchen,"$10,000 to $19,999",278,278.0,ok
2013,Selected Physical Problems,Kitchen,"$100,000 to $119,999",57,57.0,ok
2013,Selected Physical Problems,Kitchen,"$120,000 or more",129,129.0,ok
2013,Selected Physical Problems,Kitchen,"$20,000 to $29,999",278,278.0,ok
2013,Selected Physical Problems,Kitchen,"$30,000 to $39,999",205,205.0,ok
2013,Selected Physical Problems,Kitchen,"$40,000 to $49,999",158,158.0,ok
2013,Selected Physical Problems,Kitchen,"$50,000 to $59,999",119,119.0,ok
2013,Selected Physical Problems,Kitchen,"$60,000 to $79,999",178,178.0,ok
2013,Selected Physical Problems,Kitchen,"$80,000 to $99,999",110,110.0,ok
2013,Selected Physical Problems,Kitchen,"Less than $10,000",355,355.0,ok
2013,Selected Physical Problems,Moderate physical problems,"$10,000 to $19,999",717,717.0,ok
2013,Selected Physical Problems,Moderate physical problems,"$100,000 to $119,999",104,104.0,ok
2013,Selected Physical Problems,Moderate physical problems,"$120,000 or more",224,224.0,ok
2013,Selected Physical Problems,Moderate physical problems,"$20,000 to $29,999",630,630.0,ok
2013,Selected Physical Problems,Moderate physical problems,"$30,000 to $39,999",434,434.0,ok
2013,Selected Physical Problems,Moderate physical problems,"$40,000 to $49,999",353,353.0,ok
2013,Selected Physical Problems,Moderate physical problems,"$50,000 to $59,999",225,225.0,ok
2013,Selected Physical Problems,Moderate physical problems,"$60,000 to $79,999",322,322.0,ok
2013,Selected Physical Problems,Moderate physical problems,"$80,000 to $99,999",186,186.0,ok
2013,Selected Physical Problems,Moderate physical problems,"Less than $10,000",751,751.0,ok
2013,Selected Physical Problems,Plumbing,"$10,000 to $19,999",195,195.0,ok
2013,Selected Physical Problems,Plumbing,"$100,000 to $119,999",29,29.0,ok
2013,Selected Physical Problems,Plumbing,"$120,000 or more",78,78.0,ok
2013,Selected Physical Problems,Plumbing,"$20,000 to $29,999",174,174.0,ok
2013,Selected Physical Problems,Plumbing,"$30,000 to $39,999",122,122.0,ok
2013,Selected Physical Problems,Plumbing,"$40,000 to $49,999",103,103.0,ok
2013,Selected Physical Problems,Plumbing,"$50,000 to $59,999",90,90.0,ok
2013,Selected Physical Problems,Plumbing,"$60,000 to $79,999",117,117.0,ok
2013,Selected Physical Problems,Plumbing,"$80,000 to $99,999",71,71.0,ok
2013,Selected Physical Problems,Plumbing,"Less than $10,000",274,274.0,ok
2013,Selected Physical Problems,Severe physical problems,"$10,000 to $19,999",293,293.0,ok
2013,Selected Physical Problems,Severe physical problems,"$100,000 to $119,999",55,55.0,ok
2013,Selected Physical Problems,Severe physical problems,"$120,000 or more",122,122.0,ok
2013,Selected Physical Problems,Severe physical problems,"$20,000 to $29,999",294,294.0,ok
2013,Selected Physical Problems,Severe physical problems,"$30,000 to $39,999",200,200.0,ok
2013,Selected Physical Problems,Severe physical problems,"$40,000 to $49,999",150,150.0,ok
2013,Selected Physical Problems,Severe physical problems,"$50,000 to $59,999",131,131.0,ok
2013,Selected Physical Problems,Severe physical problems,"$60,000 to $79,999",184,184.0,ok
2013,Selected Physical Problems,Severe physical problems,"$80,000 to $99,999",107,107.0,ok
2013,Selected Physical Problems,Severe physical problems,"Less than $10,000",404,404.0,ok
2013,Selected Physical Problems,Upkeep,"$10,000 to $19,999",11,11.0,ok
2013,Selected Physical Problems,Upkeep,"$100,000 to $119,999",3,3.0,ok
2013,Selected Physical Problems,Upkeep,"$120,000 or more",6,6.0,ok
2013,Selected Physical Problems,Upkeep,"$20,000 to $29,999",10,10.0,ok
2013,Selected Physical Problems,Upkeep,"$30,000 to $39,999",6,6.0,ok
2013,Selected Physical Problems,Upkeep,"$40,000 to $49,999",4,4.0,ok
2013,Selected Physical Problems,Upkeep,"$50,000 to $59,999",4,4.0,ok
2013,Selected Physical Problems,Upkeep,"$60,000 to $79,999",3,3.0,ok
2013,Selected Physical Problems,Upkeep,"$80,000 to $99,999",.,,blank_or_na
2013,Selected Physical Problems,Upkeep,"Less than $10,000",21,21.0,ok
2013,Sewage Disposal Breakdowns,No breakdowns in last 3 months,"$10,000 to $19,999","10,049",10049.0,ok
2013,Sewage Disposal Breakdowns,No breakdowns in last 3 months,"$100,000 to $119,999","5,638",5638.0,ok
2013,Sewage Disposal Breakdowns,No breakdowns in last 3 months,"$120,000 or more","13,188",13188.0,ok
2013,Sewage Disposal Breakdowns,No breakdowns in last 3 months,"$20,000 to $29,999","11,181",11181.0,ok
2013,Sewage Disposal Breakdowns,No breakdowns in last 3 months,"$30,000 to $39,999","9,083",9083.0,ok
2013,Sewage Disposal Breakdowns,No breakdowns in last 3 months,"$40,000 to $49,999","8,196",8196.0,ok
2013,Sewage Disposal Breakdowns,No breakdowns in last 3 months,"$50,000 to $59,999","6,759",6759.0,ok
2013,Sewage Disposal Breakdowns,No breakdowns in last 3 months,"$60,000 to $79,999","11,520",11520.0,ok
2013,Sewage Disposal Breakdowns,No breakdowns in last 3 months,"$80,000 to $99,999","7,753",7753.0,ok
2013,Sewage Disposal Breakdowns,No breakdowns in last 3 months,"Less than $10,000","9,768",9768.0,ok
2013,Sewage Disposal Breakdowns,No breakdowns lasting 6 hours or more,"$10,000 to $19,999",36,36.0,ok
2013,Sewage Disposal Breakdowns,No breakdowns lasting 6 hours or more,"$100,000 to $119,999",5,5.0,ok
2013,Sewage Disposal Breakdowns,No breakdowns lasting 6 hours or more,"$120,000 or more",19,19.0,ok
2013,Sewage Disposal Breakdowns,No breakdowns lasting 6 hours or more,"$20,000 to $29,999",27,27.0,ok
2013,Sewage Disposal Breakdowns,No breakdowns lasting 6 hours or more,"$30,000 to $39,999",27,27.0,ok
2013,Sewage Disposal Breakdowns,No breakdowns lasting 6 hours or more,"$40,000 to $49,999",23,23.0,ok
2013,Sewage Disposal Breakdowns,No breakdowns lasting 6 hours or more,"$50,000 to $59,999",25,25.0,ok
2013,Sewage Disposal Breakdowns,No breakdowns lasting 6 hours or more,"$60,000 to $79,999",22,22.0,ok
2013,Sewage Disposal Breakdowns,No breakdowns lasting 6 hours or more,"$80,000 to $99,999",23,23.0,ok
2013,Sewage Disposal Breakdowns,No breakdowns lasting 6 hours or more,"Less than $10,000",24,24.0,ok
2013,Sewage Disposal Breakdowns,With breakdown(s) in last 3 months,"$10,000 to $19,999",161,161.0,ok
2013,Sewage Disposal Breakdowns,With breakdown(s) in last 3 months,"$100,000 to $119,999",55,55.0,ok
2013,Sewage Disposal Breakdowns,With breakdown(s) in last 3 months,"$120,000 or more",87,87.0,ok
2013,Sewage Disposal Breakdowns,With breakdown(s) in last 3 months,"$20,000 to $29,999",185,185.0,ok
2013,Sewage Disposal Breakdowns,With breakdown(s) in last 3 months,"$30,000 to $39,999",123,123.0,ok
2013,Sewage Disposal Breakdowns,With breakdown(s) in last 3 months,"$40,000 to $49,999",124,124.0,ok
2013,Sewage Disposal Breakdowns,With breakdown(s) in last 3 months,"$50,000 to $59,999",84,84.0,ok
2013,Sewage Disposal Breakdowns,With breakdown(s) in last 3 months,"$60,000 to $79,999",138,138.0,ok
2013,Sewage Disposal Breakdowns,With breakdown(s) in last 3 months,"$80,000 to $99,999",88,88.0,ok
2013,Sewage Disposal Breakdowns,With breakdown(s) in last 3 months,"Less than $10,000",142,142.0,ok
2013,Sewage Disposal Breakdowns,With public sewer,"$10,000 to $19,999","10,210",10210.0,ok
2013,Sewage Disposal Breakdowns,With public sewer,"$100,000 to $119,999","5,693",5693.0,ok
2013,Sewage Disposal Breakdowns,With public sewer,"$120,000 or more","13,275",13275.0,ok
2013,Sewage Disposal Breakdowns,With public sewer,"$20,000 to $29,999","11,367",11367.0,ok
2013,Sewage Disposal Breakdowns,With public sewer,"$30,000 to $39,999","9,206",9206.0,ok
2013,Sewage Disposal Breakdowns,With public sewer,"$40,000 to $49,999","8,320",8320.0,ok
2013,Sewage Disposal Breakdowns,With public sewer,"$50,000 to $59,999","6,843",6843.0,ok
2013,Sewage Disposal Breakdowns,With public sewer,"$60,000 to $79,999","11,658",11658.0,ok
2013,Sewage Disposal Breakdowns,With public sewer,"$80,000 to $99,999","7,841",7841.0,ok
2013,Sewage Disposal Breakdowns,With public sewer,"Less than $10,000","9,910",9910.0,ok
2013,Water Leakage During Last 12 Months,Basement,"$10,000 to $19,999",203,203.0,ok
2013,Water Leakage During Last 12 Months,Basement,"$100,000 to $119,999",185,185.0,ok
2013,Water Leakage During Last 12 Months,Basement,"$120,000 or more",351,351.0,ok
2013,Water Leakage During Last 12 Months,Basement,"$20,000 to $29,999",223,223.0,ok
2013,Water Leakage During Last 12 Months,Basement,"$30,000 to $39,999",247,247.0,ok
2013,Water Leakage During Last 12 Months,Basement,"$40,000 to $49,999",230,230.0,ok
2013,Water Leakage During Last 12 Months,Basement,"$50,000 to $59,999",247,247.0,ok
2013,Water Leakage During Last 12 Months,Basement,"$60,000 to $79,999",341,341.0,ok
2013,Water Leakage During Last 12 Months,Basement,"$80,000 to $99,999",280,280.0,ok
2013,Water Leakage During Last 12 Months,Basement,"Less than $10,000",133,133.0,ok
2013,Water Leakage During Last 12 Months,Broken water heater,"$10,000 to $19,999",79,79.0,ok
2013,Water Leakage During Last 12 Months,Broken water heater,"$100,000 to $119,999",24,24.0,ok
2013,Water Leakage During Last 12 Months,Broken water heater,"$120,000 or more",130,130.0,ok
2013,Water Leakage During Last 12 Months,Broken water heater,"$20,000 to $29,999",102,102.0,ok
2013,Water Leakage During Last 12 Months,Broken water heater,"$30,000 to $39,999",76,76.0,ok
2013,Water Leakage During Last 12 Months,Broken water heater,"$40,000 to $49,999",99,99.0,ok
2013,Water Leakage During Last 12 Months,Broken water heater,"$50,000 to $59,999",71,71.0,ok
2013,Water Leakage During Last 12 Months,Broken water heater,"$60,000 to $79,999",117,117.0,ok
2013,Water Leakage During Last 12 Months,Broken water heater,"$80,000 to $99,999",76,76.0,ok
2013,Water Leakage During Last 12 Months,Broken water heater,"Less than $10,000",46,46.0,ok
2013,Water Leakage During Last 12 Months,Exterior leakage not reported,"$10,000 to $19,999",136,136.0,ok
2013,Water Leakage During Last 12 Months,Exterior leakage not reported,"$100,000 to $119,999",76,76.0,ok
2013,Water Leakage During Last 12 Months,Exterior leakage not reported,"$120,000 or more",131,131.0,ok
2013,Water Leakage During Last 12 Months,Exterior leakage not reported,"$20,000 to $29,999",157,157.0,ok
2013,Water Leakage During Last 12 Months,Exterior leakage not reported,"$30,000 to $39,999",113,113.0,ok
2013,Water Leakage During Last 12 Months,Exterior leakage not reported,"$40,000 to $49,999",154,154.0,ok
2013,Water Leakage During Last 12 Months,Exterior leakage not reported,"$50,000 to $59,999",73,73.0,ok
2013,Water Leakage During Last 12 Months,Exterior leakage not reported,"$60,000 to $79,999",163,163.0,ok
2013,Water Leakage During Last 12 Months,Exterior leakage not reported,"$80,000 to $99,999",104,104.0,ok
2013,Water Leakage During Last 12 Months,Exterior leakage not reported,"Less than $10,000",232,232.0,ok
2013,Water Leakage During Last 12 Months,Fixtures backed up or overflowed,"$10,000 to $19,999",168,168.0,ok
2013,Water Leakage During Last 12 Months,Fixtures backed up or overflowed,"$100,000 to $119,999",124,124.0,ok
2013,Water Leakage During Last 12 Months,Fixtures backed up or overflowed,"$120,000 or more",233,233.0,ok
2013,Water Leakage During Last 12 Months,Fixtures backed up or overflowed,"$20,000 to $29,999",250,250.0,ok
2013,Water Leakage During Last 12 Months,Fixtures backed up or overflowed,"$30,000 to $39,999",208,208.0,ok
2013,Water Leakage During Last 12 Months,Fixtures backed up or overflowed,"$40,000 to $49,999",219,219.0,ok
2013,Water Leakage During Last 12 Months,Fixtures backed up or overflowed,"$50,000 to $59,999",124,124.0,ok
2013,Water Leakage During Last 12 Months,Fixtures backed up or overflowed,"$60,000 to $79,999",194,194.0,ok
2013,Water Leakage During Last 12 Months,Fixtures backed up or overflowed,"$80,000 to $99,999",198,198.0,ok
2013,Water Leakage During Last 12 Months,Fixtures backed up or overflowed,"Less than $10,000",220,220.0,ok
2013,Water Leakage During Last 12 Months,Interior leakage not reported,"$10,000 to $19,999",136,136.0,ok
2013,Water Leakage During Last 12 Months,Interior leakage not reported,"$100,000 to $119,999",74,74.0,ok
2013,Water Leakage During Last 12 Months,Interior leakage not reported,"$120,000 or more",137,137.0,ok
2013,Water Leakage During Last 12 Months,Interior leakage not reported,"$20,000 to $29,999",163,163.0,ok
2013,Water Leakage During Last 12 Months,Interior leakage not reported,"$30,000 to $39,999",119,119.0,ok
2013,Water Leakage During Last 12 Months,Interior leakage not reported,"$40,000 to $49,999",155,155.0,ok
2013,Water Leakage During Last 12 Months,Interior leakage not reported,"$50,000 to $59,999",71,71.0,ok
2013,Water Leakage During Last 12 Months,Interior leakage not reported,"$60,000 to $79,999",159,159.0,ok
2013,Water Leakage During Last 12 Months,Interior leakage not reported,"$80,000 to $99,999",104,104.0,ok
2013,Water Leakage During Last 12 Months,Interior leakage not reported,"Less than $10,000",243,243.0,ok
2013,Water Leakage During Last 12 Months,No leakage from inside structure,"$10,000 to $19,999","11,280",11280.0,ok
2013,Water Leakage During Last 12 Months,No leakage from inside structure,"$100,000 to $119,999","6,631",6631.0,ok
2013,Water Leakage During Last 12 Months,No leakage from inside structure,"$120,000 or more","15,258",15258.0,ok
2013,Water Leakage During Last 12 Months,No leakage from inside structure,"$20,000 to $29,999","12,812",12812.0,ok
2013,Water Leakage During Last 12 Months,No leakage from inside structure,"$30,000 to $39,999","10,561",10561.0,ok
2013,Water Leakage During Last 12 Months,No leakage from inside structure,"$40,000 to $49,999","9,257",9257.0,ok
2013,Water Leakage During Last 12 Months,No leakage from inside structure,"$50,000 to $59,999","7,976",7976.0,ok
2013,Water Leakage During Last 12 Months,No leakage from inside structure,"$60,000 to $79,999","13,224",13224.0,ok
2013,Water Leakage During Last 12 Months,No leakage from inside structure,"$80,000 to $99,999","9,235",9235.0,ok
2013,Water Leakage During Last 12 Months,No leakage from inside structure,"Less than $10,000","10,329",10329.0,ok
2013,Water Leakage During Last 12 Months,No leakage from outside structure,"$10,000 to $19,999","11,104",11104.0,ok
2013,Water Leakage During Last 12 Months,No leakage from outside structure,"$100,000 to $119,999","6,515",6515.0,ok
2013,Water Leakage During Last 12 Months,No leakage from outside structure,"$120,000 or more","14,942",14942.0,ok
2013,Water Leakage During Last 12 Months,No leakage from outside structure,"$20,000 to $29,999","12,684",12684.0,ok
2013,Water Leakage During Last 12 Months,No leakage from outside structure,"$30,000 to $39,999","10,488",10488.0,ok
2013,Water Leakage During Last 12 Months,No leakage from outside structure,"$40,000 to $49,999","9,209",9209.0,ok
2013,Water Leakage During Last 12 Months,No leakage from outside structure,"$50,000 to $59,999","7,776",7776.0,ok
2013,Water Leakage During Last 12 Months,No leakage from outside structure,"$60,000 to $79,999","13,014",13014.0,ok
2013,Water Leakage During Last 12 Months,No leakage from outside structure,"$80,000 to $99,999","9,099",9099.0,ok
2013,Water Leakage During Last 12 Months,No leakage from outside structure,"Less than $10,000","10,230",10230.0,ok
2013,Water Leakage During Last 12 Months,Other or unknown (includes not reported),"$10,000 to $19,999",251,251.0,ok
2013,Water Leakage During Last 12 Months,Other or unknown (includes not reported),"$100,000 to $119,999",125,125.0,ok
2013,Water Leakage During Last 12 Months,Other or unknown (includes not reported),"$120,000 or more",318,318.0,ok
2013,Water Leakage During Last 12 Months,Other or unknown (includes not reported),"$20,000 to $29,999",246,246.0,ok
2013,Water Leakage During Last 12 Months,Other or unknown (includes not reported),"$30,000 to $39,999",248,248.0,ok
2013,Water Leakage During Last 12 Months,Other or unknown (includes not reported),"$40,000 to $49,999",213,213.0,ok
2013,Water Leakage During Last 12 Months,Other or unknown (includes not reported),"$50,000 to $59,999",172,172.0,ok
2013,Water Leakage During Last 12 Months,Other or unknown (includes not reported),"$60,000 to $79,999",241,241.0,ok
2013,Water Leakage During Last 12 Months,Other or unknown (includes not reported),"$80,000 to $99,999",185,185.0,ok
2013,Water Leakage During Last 12 Months,Other or unknown (includes not reported),"Less than $10,000",234,234.0,ok
2013,Water Leakage During Last 12 Months,Pipes leaked,"$10,000 to $19,999",423,423.0,ok
2013,Water Leakage During Last 12 Months,Pipes leaked,"$100,000 to $119,999",188,188.0,ok
2013,Water Leakage During Last 12 Months,Pipes leaked,"$120,000 or more",450,450.0,ok
2013,Water Leakage During Last 12 Months,Pipes leaked,"$20,000 to $29,999",443,443.0,ok
2013,Water Leakage During Last 12 Months,Pipes leaked,"$30,000 to $39,999",306,306.0,ok
2013,Water Leakage During Last 12 Months,Pipes leaked,"$40,000 to $49,999",298,298.0,ok
2013,Water Leakage During Last 12 Months,Pipes leaked,"$50,000 to $59,999",187,187.0,ok
2013,Water Leakage During Last 12 Months,Pipes leaked,"$60,000 to $79,999",376,376.0,ok
2013,Water Leakage During Last 12 Months,Pipes leaked,"$80,000 to $99,999",250,250.0,ok
2013,Water Leakage During Last 12 Months,Pipes leaked,"Less than $10,000",364,364.0,ok
2013,Water Leakage During Last 12 Months,Roof,"$10,000 to $19,999",610,610.0,ok
2013,Water Leakage During Last 12 Months,Roof,"$100,000 to $119,999",242,242.0,ok
2013,Water Leakage During Last 12 Months,Roof,"$120,000 or more",729,729.0,ok
2013,Water Leakage During Last 12 Months,Roof,"$20,000 to $29,999",601,601.0,ok
2013,Water Leakage During Last 12 Months,Roof,"$30,000 to $39,999",445,445.0,ok
2013,Water Leakage During Last 12 Months,Roof,"$40,000 to $49,999",426,426.0,ok
2013,Water Leakage During Last 12 Months,Roof,"$50,000 to $59,999",342,342.0,ok
2013,Water Leakage During Last 12 Months,Roof,"$60,000 to $79,999",525,525.0,ok
2013,Water Leakage During Last 12 Months,Roof,"$80,000 to $99,999",357,357.0,ok
2013,Water Leakage During Last 12 Months,Roof,"Less than $10,000",565,565.0,ok
2013,Water Leakage During Last 12 Months,"Walls, closed windows, or doors","$10,000 to $19,999",214,214.0,ok
2013,Water Leakage During Last 12 Months,"Walls, closed windows, or doors","$100,000 to $119,999",119,119.0,ok
2013,Water Leakage During Last 12 Months,"Walls, closed windows, or doors","$120,000 or more",284,284.0,ok
2013,Water Leakage During Last 12 Months,"Walls, closed windows, or doors","$20,000 to $29,999",208,208.0,ok
2013,Water Leakage During Last 12 Months,"Walls, closed windows, or doors","$30,000 to $39,999",180,180.0,ok
2013,Water Leakage During Last 12 Months,"Walls, closed windows, or doors","$40,000 to $49,999",163,163.0,ok
2013,Water Leakage During Last 12 Months,"Walls, closed windows, or doors","$50,000 to $59,999",134,134.0,ok
2013,Water Leakage During Last 12 Months,"Walls, closed windows, or doors","$60,000 to $79,999",194,194.0,ok
2013,Water Leakage During Last 12 Months,"Walls, closed windows, or doors","$80,000 to $99,999",144,144.0,ok
2013,Water Leakage During Last 12 Months,"Walls, closed windows, or doors","Less than $10,000",205,205.0,ok
2013,Water Leakage During Last 12 Months,With leakage from inside structure,"$10,000 to $19,999",862,862.0,ok
2013,Water Leakage During Last 12 Months,With leakage from inside structure,"$100,000 to $119,999",447,447.0,ok
2013,Water Leakage During Last 12 Months,With leakage from inside structure,"$120,000 or more","1,098",1098.0,ok
2013,Water Leakage During Last 12 Months,With leakage from inside structure,"$20,000 to $29,999",992,992.0,ok
2013,Water Leakage During Last 12 Months,With leakage from inside structure,"$30,000 to $39,999",794,794.0,ok
2013,Water Leakage During Last 12 Months,With leakage from inside structure,"$40,000 to $49,999",800,800.0,ok
2013,Water Leakage During Last 12 Months,With leakage from inside structure,"$50,000 to $59,999",535,535.0,ok
2013,Water Leakage During Last 12 Months,With leakage from inside structure,"$60,000 to $79,999",893,893.0,ok
2013,Water Leakage During Last 12 Months,With leakage from inside structure,"$80,000 to $99,999",668,668.0,ok
2013,Water Leakage During Last 12 Months,With leakage from inside structure,"Less than $10,000",838,838.0,ok
2013,Water Leakage During Last 12 Months,With leakage from outside structure,"$10,000 to $19,999","1,038",1038.0,ok
2013,Water Leakage During Last 12 Months,With leakage from outside structure,"$100,000 to $119,999",562,562.0,ok
2013,Water Leakage During Last 12 Months,With leakage from outside structure,"$120,000 or more","1,420",1420.0,ok
2013,Water Leakage During Last 12 Months,With leakage from outside structure,"$20,000 to $29,999","1,126",1126.0,ok
2013,Water Leakage During Last 12 Months,With leakage from outside structure,"$30,000 to $39,999",872,872.0,ok
2013,Water Leakage During Last 12 Months,With leakage from outside structure,"$40,000 to $49,999",850,850.0,ok
2013,Water Leakage During Last 12 Months,With leakage from outside structure,"$50,000 to $59,999",734,734.0,ok
2013,Water Leakage During Last 12 Months,With leakage from outside structure,"$60,000 to $79,999","1,099",1099.0,ok
2013,Water Leakage During Last 12 Months,With leakage from outside structure,"$80,000 to $99,999",806,806.0,ok
2013,Water Leakage During Last 12 Months,With leakage from outside structure,"Less than $10,000",947,947.0,ok
2013,Water Supply Stoppage,No stoppage in last 3 months,"$10,000 to $19,999","11,764",11764.0,ok
2013,Water Supply Stoppage,No stoppage in last 3 months,"$100,000 to $119,999","6,964",6964.0,ok
2013,Water Supply Stoppage,No stoppage in last 3 months,"$120,000 or more","16,087",16087.0,ok
2013,Water Supply Stoppage,No stoppage in last 3 months,"$20,000 to $29,999","13,400",13400.0,ok
2013,Water Supply Stoppage,No stoppage in last 3 months,"$30,000 to $39,999","11,043",11043.0,ok
2013,Water Supply Stoppage,No stoppage in last 3 months,"$40,000 to $49,999","9,789",9789.0,ok
2013,Water Supply Stoppage,No stoppage in last 3 months,"$50,000 to $59,999","8,274",8274.0,ok
2013,Water Supply Stoppage,No stoppage in last 3 months,"$60,000 to $79,999","13,766",13766.0,ok
2013,Water Supply Stoppage,No stoppage in last 3 months,"$80,000 to $99,999","9,675",9675.0,ok
2013,Water Supply Stoppage,No stoppage in last 3 months,"Less than $10,000","10,833",10833.0,ok
2013,Water Supply Stoppage,No stoppage lasting 6 hours or more,"$10,000 to $19,999",77,77.0,ok
2013,Water Supply Stoppage,No stoppage lasting 6 hours or more,"$100,000 to $119,999",29,29.0,ok
2013,Water Supply Stoppage,No stoppage lasting 6 hours or more,"$120,000 or more",57,57.0,ok
2013,Water Supply Stoppage,No stoppage lasting 6 hours or more,"$20,000 to $29,999",108,108.0,ok
2013,Water Supply Stoppage,No stoppage lasting 6 hours or more,"$30,000 to $39,999",73,73.0,ok
2013,Water Supply Stoppage,No stoppage lasting 6 hours or more,"$40,000 to $49,999",50,50.0,ok
2013,Water Supply Stoppage,No stoppage lasting 6 hours or more,"$50,000 to $59,999",54,54.0,ok
2013,Water Supply Stoppage,No stoppage lasting 6 hours or more,"$60,000 to $79,999",103,103.0,ok
2013,Water Supply Stoppage,No stoppage lasting 6 hours or more,"$80,000 to $99,999",43,43.0,ok
2013,Water Supply Stoppage,No stoppage lasting 6 hours or more,"Less than $10,000",72,72.0,ok
2013,Water Supply Stoppage,With hot and cold piped water,"$10,000 to $19,999","12,264",12264.0,ok
2013,Water Supply Stoppage,With hot and cold piped water,"$100,000 to $119,999","7,153",7153.0,ok
2013,Water Supply Stoppage,With hot and cold piped water,"$120,000 or more","16,493",16493.0,ok
2013,Water Supply Stoppage,With hot and cold piped water,"$20,000 to $29,999","13,959",13959.0,ok
2013,Water Supply Stoppage,With hot and cold piped water,"$30,000 to $39,999","11,473",11473.0,ok
2013,Water Supply Stoppage,With hot and cold piped water,"$40,000 to $49,999","10,204",10204.0,ok
2013,Water Supply Stoppage,With hot and cold piped water,"$50,000 to $59,999","8,574",8574.0,ok
2013,Water Supply Stoppage,With hot and cold piped water,"$60,000 to $79,999","14,273",14273.0,ok
2013,Water Supply Stoppage,With hot and cold piped water,"$80,000 to $99,999","10,006",10006.0,ok
2013,Water Supply Stoppage,With hot and cold piped water,"Less than $10,000","11,346",11346.0,ok
2013,Water Supply Stoppage,With stoppage in last 3 months,"$10,000 to $19,999",380,380.0,ok
2013,Water Supply Stoppage,With stoppage in last 3 months,"$100,000 to $119,999",116,116.0,ok
2013,Water Supply Stoppage,With stoppage in last 3 months,"$120,000 or more",279,279.0,ok
2013,Water Supply Stoppage,With stoppage in last 3 months,"$20,000 to $29,999",397,397.0,ok
2013,Water Supply Stoppage,With stoppage in last 3 months,"$30,000 to $39,999",312,312.0,ok
2013,Water Supply Stoppage,With stoppage in last 3 months,"$40,000 to $49,999",269,269.0,ok
2013,Water Supply Stoppage,With stoppage in last 3 months,"$50,000 to $59,999",238,238.0,ok
2013,Water Supply Stoppage,With stoppage in last 3 months,"$60,000 to $79,999",366,366.0,ok
2013,Water Supply Stoppage,With stoppage in last 3 months,"$80,000 to $99,999",231,231.0,ok
2013,Water Supply Stoppage,With stoppage in last 3 months,"Less than $10,000",300,300.0,ok
2015,Electric Fuses and Circuit Breakers,1 time,"$10,000 to $19,999",444,444.0,ok
2015,Electric Fuses and Circuit Breakers,1 time,"$100,000 to $119,999",390,390.0,ok
2015,Electric Fuses and Circuit Breakers,1 time,"$120,000 or more","1,106",1106.0,ok
2015,Electric Fuses and Circuit Breakers,1 time,"$20,000 to $29,999",494,494.0,ok
2015,Electric Fuses and Circuit Breakers,1 time,"$30,000 to $39,999",510,510.0,ok
2015,Electric Fuses and Circuit Breakers,1 time,"$40,000 to $49,999",410,410.0,ok
2015,Electric Fuses and Circuit Breakers,1 time,"$50,000 to $59,999",430,430.0,ok
2015,Electric Fuses and Circuit Breakers,1 time,"$60,000 to $79,999",707,707.0,ok
2015,Electric Fuses and Circuit Breakers,1 time,"$80,000 to $99,999",487,487.0,ok
2015,Electric Fuses and Circuit Breakers,1 time,"Less than $10,000",315,315.0,ok
2015,Electric Fuses and Circuit Breakers,2 times,"$10,000 to $19,999",184,184.0,ok
2015,Electric Fuses and Circuit Breakers,2 times,"$100,000 to $119,999",154,154.0,ok
2015,Electric Fuses and Circuit Breakers,2 times,"$120,000 or more",551,551.0,ok
2015,Electric Fuses and Circuit Breakers,2 times,"$20,000 to $29,999",182,182.0,ok
2015,Electric Fuses and Circuit Breakers,2 times,"$30,000 to $39,999",209,209.0,ok
2015,Electric Fuses and Circuit Breakers,2 times,"$40,000 to $49,999",205,205.0,ok
2015,Electric Fuses and Circuit Breakers,2 times,"$50,000 to $59,999",146,146.0,ok
2015,Electric Fuses and Circuit Breakers,2 times,"$60,000 to $79,999",313,313.0,ok
2015,Electric Fuses and Circuit Breakers,2 times,"$80,000 to $99,999",227,227.0,ok
2015,Electric Fuses and Circuit Breakers,2 times,"Less than $10,000",154,154.0,ok
2015,Electric Fuses and Circuit Breakers,3 times,"$10,000 to $19,999",93,93.0,ok
2015,Electric Fuses and Circuit Breakers,3 times,"$100,000 to $119,999",61,61.0,ok
2015,Electric Fuses and Circuit Breakers,3 times,"$120,000 or more",175,175.0,ok
2015,Electric Fuses and Circuit Breakers,3 times,"$20,000 to $29,999",81,81.0,ok
2015,Electric Fuses and Circuit Breakers,3 times,"$30,000 to $39,999",92,92.0,ok
2015,Electric Fuses and Circuit Breakers,3 times,"$40,000 to $49,999",66,66.0,ok
2015,Electric Fuses and Circuit Breakers,3 times,"$50,000 to $59,999",77,77.0,ok
2015,Electric Fuses and Circuit Breakers,3 times,"$60,000 to $79,999",118,118.0,ok
2015,Electric Fuses and Circuit Breakers,3 times,"$80,000 to $99,999",111,111.0,ok
2015,Electric Fuses and Circuit Breakers,3 times,"Less than $10,000",74,74.0,ok
2015,Electric Fuses and Circuit Breakers,4 times or more,"$10,000 to $19,999",134,134.0,ok
2015,Electric Fuses and Circuit Breakers,4 times or more,"$100,000 to $119,999",81,81.0,ok
2015,Electric Fuses and Circuit Breakers,4 times or more,"$120,000 or more",213,213.0,ok
2015,Electric Fuses and Circuit Breakers,4 times or more,"$20,000 to $29,999",181,181.0,ok
2015,Electric Fuses and Circuit Breakers,4 times or more,"$30,000 to $39,999",122,122.0,ok
2015,Electric Fuses and Circuit Breakers,4 times or more,"$40,000 to $49,999",149,149.0,ok
2015,Electric Fuses and Circuit Breakers,4 times or more,"$50,000 to $59,999",127,127.0,ok
2015,Electric Fuses and Circuit Breakers,4 times or more,"$60,000 to $79,999",147,147.0,ok
2015,Electric Fuses and Circuit Breakers,4 times or more,"$80,000 to $99,999",99,99.0,ok
2015,Electric Fuses and Circuit Breakers,4 times or more,"Less than $10,000",119,119.0,ok
2015,Electric Fuses and Circuit Breakers,No fuses or breakers blown in last 3 months,"$10,000 to $19,999","11,249",11249.0,ok
2015,Electric Fuses and Circuit Breakers,No fuses or breakers blown in last 3 months,"$100,000 to $119,999","7,194",7194.0,ok
2015,Electric Fuses and Circuit Breakers,No fuses or breakers blown in last 3 months,"$120,000 or more","16,536",16536.0,ok
2015,Electric Fuses and Circuit Breakers,No fuses or breakers blown in last 3 months,"$20,000 to $29,999","11,318",11318.0,ok
2015,Electric Fuses and Circuit Breakers,No fuses or breakers blown in last 3 months,"$30,000 to $39,999","10,568",10568.0,ok
2015,Electric Fuses and Circuit Breakers,No fuses or breakers blown in last 3 months,"$40,000 to $49,999","9,208",9208.0,ok
2015,Electric Fuses and Circuit Breakers,No fuses or breakers blown in last 3 months,"$50,000 to $59,999","8,007",8007.0,ok
2015,Electric Fuses and Circuit Breakers,No fuses or breakers blown in last 3 months,"$60,000 to $79,999","13,372",13372.0,ok
2015,Electric Fuses and Circuit Breakers,No fuses or breakers blown in last 3 months,"$80,000 to $99,999","9,539",9539.0,ok
2015,Electric Fuses and Circuit Breakers,No fuses or breakers blown in last 3 months,"Less than $10,000","9,839",9839.0,ok
2015,Electric Fuses and Circuit Breakers,Number of times not reported,"$10,000 to $19,999",S,,suppressed
2015,Electric Fuses and Circuit Breakers,Number of times not reported,"$100,000 to $119,999",S,,suppressed
2015,Electric Fuses and Circuit Breakers,Number of times not reported,"$120,000 or more",S,,suppressed
2015,Electric Fuses and Circuit Breakers,Number of times not reported,"$20,000 to $29,999",S,,suppressed
2015,Electric Fuses and Circuit Breakers,Number of times not reported,"$30,000 to $39,999",S,,suppressed
2015,Electric Fuses and Circuit Breakers,Number of times not reported,"$40,000 to $49,999",S,,suppressed
2015,Electric Fuses and Circuit Breakers,Number of times not reported,"$50,000 to $59,999",S,,suppressed
2015,Electric Fuses and Circuit Breakers,Number of times not reported,"$60,000 to $79,999",.,,blank_or_na
2015,Electric Fuses and Circuit Breakers,Number of times not reported,"$80,000 to $99,999",.,,blank_or_na
2015,Electric Fuses and Circuit Breakers,Number of times not reported,"Less than $10,000",S,,suppressed
2015,Electric Fuses and Circuit Breakers,Problem not reported or don’t know,"$10,000 to $19,999",121,121.0,ok
2015,Electric Fuses and Circuit Breakers,Problem not reported or don’t know,"$100,000 to $119,999",87,87.0,ok
2015,Electric Fuses and Circuit Breakers,Problem not reported or don’t know,"$120,000 or more",173,173.0,ok
2015,Electric Fuses and Circuit Breakers,Problem not reported or don’t know,"$20,000 to $29,999",103,103.0,ok
2015,Electric Fuses and Circuit Breakers,Problem not reported or don’t know,"$30,000 to $39,999",123,123.0,ok
2015,Electric Fuses and Circuit Breakers,Problem not reported or don’t know,"$40,000 to $49,999",115,115.0,ok
2015,Electric Fuses and Circuit Breakers,Problem not reported or don’t know,"$50,000 to $59,999",101,101.0,ok
2015,Electric Fuses and Circuit Breakers,Problem not reported or don’t know,"$60,000 to $79,999",158,158.0,ok
2015,Electric Fuses and Circuit Breakers,Problem not reported or don’t know,"$80,000 to $99,999",104,104.0,ok
2015,Electric Fuses and Circuit Breakers,Problem not reported or don’t know,"Less than $10,000",189,189.0,ok
2015,Electric Fuses and Circuit Breakers,With electrical wiring,"$10,000 to $19,999","12,229",12229.0,ok
2015,Electric Fuses and Circuit Breakers,With electrical wiring,"$100,000 to $119,999","7,976",7976.0,ok
2015,Electric Fuses and Circuit Breakers,With electrical wiring,"$120,000 or more","18,765",18765.0,ok
2015,Electric Fuses and Circuit Breakers,With electrical wiring,"$20,000 to $29,999","12,373",12373.0,ok
2015,Electric Fuses and Circuit Breakers,With electrical wiring,"$30,000 to $39,999","11,629",11629.0,ok
2015,Electric Fuses and Circuit Breakers,With electrical wiring,"$40,000 to $49,999","10,157",10157.0,ok
2015,Electric Fuses and Circuit Breakers,With electrical wiring,"$50,000 to $59,999","8,890",8890.0,ok
2015,Electric Fuses and Circuit Breakers,With electrical wiring,"$60,000 to $79,999","14,814",14814.0,ok
2015,Electric Fuses and Circuit Breakers,With electrical wiring,"$80,000 to $99,999","10,568",10568.0,ok
2015,Electric Fuses and Circuit Breakers,With electrical wiring,"Less than $10,000","10,704",10704.0,ok
2015,Electric Fuses and Circuit Breakers,With fuses or breakers blown in last 3 months,"$10,000 to $19,999",859,859.0,ok
2015,Electric Fuses and Circuit Breakers,With fuses or breakers blown in last 3 months,"$100,000 to $119,999",695,695.0,ok
2015,Electric Fuses and Circuit Breakers,With fuses or breakers blown in last 3 months,"$120,000 or more","2,055",2055.0,ok
2015,Electric Fuses and Circuit Breakers,With fuses or breakers blown in last 3 months,"$20,000 to $29,999",952,952.0,ok
2015,Electric Fuses and Circuit Breakers,With fuses or breakers blown in last 3 months,"$30,000 to $39,999",938,938.0,ok
2015,Electric Fuses and Circuit Breakers,With fuses or breakers blown in last 3 months,"$40,000 to $49,999",834,834.0,ok
2015,Electric Fuses and Circuit Breakers,With fuses or breakers blown in last 3 months,"$50,000 to $59,999",782,782.0,ok
2015,Electric Fuses and Circuit Breakers,With fuses or breakers blown in last 3 months,"$60,000 to $79,999","1,285",1285.0,ok
2015,Electric Fuses and Circuit Breakers,With fuses or breakers blown in last 3 months,"$80,000 to $99,999",925,925.0,ok
2015,Electric Fuses and Circuit Breakers,With fuses or breakers blown in last 3 months,"Less than $10,000",676,676.0,ok
2015,External Building Conditions,Bars on windows,"$10,000 to $19,999",357,357.0,ok
2015,External Building Conditions,Bars on windows,"$100,000 to $119,999",147,147.0,ok
2015,External Building Conditions,Bars on windows,"$120,000 or more",326,326.0,ok
2015,External Building Conditions,Bars on windows,"$20,000 to $29,999",316,316.0,ok
2015,External Building Conditions,Bars on windows,"$30,000 to $39,999",300,300.0,ok
2015,External Building Conditions,Bars on windows,"$40,000 to $49,999",201,201.0,ok
2015,External Building Conditions,Bars on windows,"$50,000 to $59,999",203,203.0,ok
2015,External Building Conditions,Bars on windows,"$60,000 to $79,999",330,330.0,ok
2015,External Building Conditions,Bars on windows,"$80,000 to $99,999",179,179.0,ok
2015,External Building Conditions,Bars on windows,"Less than $10,000",301,301.0,ok
2015,External Building Conditions,Boarded up windows,"$10,000 to $19,999",159,159.0,ok
2015,External Building Conditions,Boarded up windows,"$100,000 to $119,999",49,49.0,ok
2015,External Building Conditions,Boarded up windows,"$120,000 or more",66,66.0,ok
2015,External Building Conditions,Boarded up windows,"$20,000 to $29,999",176,176.0,ok
2015,External Building Conditions,Boarded up windows,"$30,000 to $39,999",138,138.0,ok
2015,External Building Conditions,Boarded up windows,"$40,000 to $49,999",109,109.0,ok
2015,External Building Conditions,Boarded up windows,"$50,000 to $59,999",67,67.0,ok
2015,External Building Conditions,Boarded up windows,"$60,000 to $79,999",124,124.0,ok
2015,External Building Conditions,Boarded up windows,"$80,000 to $99,999",84,84.0,ok
2015,External Building Conditions,Boarded up windows,"Less than $10,000",215,215.0,ok
2015,External Building Conditions,Broken windows,"$10,000 to $19,999",580,580.0,ok
2015,External Building Conditions,Broken windows,"$100,000 to $119,999",218,218.0,ok
2015,External Building Conditions,Broken windows,"$120,000 or more",458,458.0,ok
2015,External Building Conditions,Broken windows,"$20,000 to $29,999",544,544.0,ok
2015,External Building Conditions,Broken windows,"$30,000 to $39,999",453,453.0,ok
2015,External Building Conditions,Broken windows,"$40,000 to $49,999",367,367.0,ok
2015,External Building Conditions,Broken windows,"$50,000 to $59,999",304,304.0,ok
2015,External Building Conditions,Broken windows,"$60,000 to $79,999",547,547.0,ok
2015,External Building Conditions,Broken windows,"$80,000 to $99,999",305,305.0,ok
2015,External Building Conditions,Broken windows,"Less than $10,000",537,537.0,ok
2015,External Building Conditions,Foundation crumbling or has open crack or hole,"$10,000 to $19,999",597,597.0,ok
2015,External Building Conditions,Foundation crumbling or has open crack or hole,"$100,000 to $119,999",405,405.0,ok
2015,External Building Conditions,Foundation crumbling or has open crack or hole,"$120,000 or more",844,844.0,ok
2015,External Building Conditions,Foundation crumbling or has open crack or hole,"$20,000 to $29,999",735,735.0,ok
2015,External Building Conditions,Foundation crumbling or has open crack or hole,"$30,000 to $39,999",630,630.0,ok
2015,External Building Conditions,Foundation crumbling or has open crack or hole,"$40,000 to $49,999",571,571.0,ok
2015,External Building Conditions,Foundation crumbling or has open crack or hole,"$50,000 to $59,999",463,463.0,ok
2015,External Building Conditions,Foundation crumbling or has open crack or hole,"$60,000 to $79,999",752,752.0,ok
2015,External Building Conditions,Foundation crumbling or has open crack or hole,"$80,000 to $99,999",524,524.0,ok
2015,External Building Conditions,Foundation crumbling or has open crack or hole,"Less than $10,000",574,574.0,ok
2015,External Building Conditions,Hole in roof,"$10,000 to $19,999",247,247.0,ok
2015,External Building Conditions,Hole in roof,"$100,000 to $119,999",71,71.0,ok
2015,External Building Conditions,Hole in roof,"$120,000 or more",140,140.0,ok
2015,External Building Conditions,Hole in roof,"$20,000 to $29,999",207,207.0,ok
2015,External Building Conditions,Hole in roof,"$30,000 to $39,999",153,153.0,ok
2015,External Building Conditions,Hole in roof,"$40,000 to $49,999",124,124.0,ok
2015,External Building Conditions,Hole in roof,"$50,000 to $59,999",91,91.0,ok
2015,External Building Conditions,Hole in roof,"$60,000 to $79,999",145,145.0,ok
2015,External Building Conditions,Hole in roof,"$80,000 to $99,999",49,49.0,ok
2015,External Building Conditions,Hole in roof,"Less than $10,000",298,298.0,ok
2015,External Building Conditions,"Missing bricks, siding, or other outside wall material","$10,000 to $19,999",345,345.0,ok
2015,External Building Conditions,"Missing bricks, siding, or other outside wall material","$100,000 to $119,999",166,166.0,ok
2015,External Building Conditions,"Missing bricks, siding, or other outside wall material","$120,000 or more",246,246.0,ok
2015,External Building Conditions,"Missing bricks, siding, or other outside wall material","$20,000 to $29,999",300,300.0,ok
2015,External Building Conditions,"Missing bricks, siding, or other outside wall material","$30,000 to $39,999",275,275.0,ok
2015,External Building Conditions,"Missing bricks, siding, or other outside wall material","$40,000 to $49,999",218,218.0,ok
2015,External Building Conditions,"Missing bricks, siding, or other outside wall material","$50,000 to $59,999",153,153.0,ok
2015,External Building Conditions,"Missing bricks, siding, or other outside wall material","$60,000 to $79,999",294,294.0,ok
2015,External Building Conditions,"Missing bricks, siding, or other outside wall material","$80,000 to $99,999",237,237.0,ok
2015,External Building Conditions,"Missing bricks, siding, or other outside wall material","Less than $10,000",408,408.0,ok
2015,External Building Conditions,Missing roofing material,"$10,000 to $19,999",404,404.0,ok
2015,External Building Conditions,Missing roofing material,"$100,000 to $119,999",218,218.0,ok
2015,External Building Conditions,Missing roofing material,"$120,000 or more",387,387.0,ok
2015,External Building Conditions,Missing roofing material,"$20,000 to $29,999",398,398.0,ok
2015,External Building Conditions,Missing roofing material,"$30,000 to $39,999",269,269.0,ok
2015,External Building Conditions,Missing roofing material,"$40,000 to $49,999",307,307.0,ok
2015,External Building Conditions,Missing roofing material,"$50,000 to $59,999",239,239.0,ok
2015,External Building Conditions,Missing roofing material,"$60,000 to $79,999",407,407.0,ok
2015,External Building Conditions,Missing roofing material,"$80,000 to $99,999",263,263.0,ok
2015,External Building Conditions,Missing roofing material,"Less than $10,000",391,391.0,ok
2015,External Building Conditions,None of the above,"$10,000 to $19,999","5,781",5781.0,ok
2015,External Building Conditions,None of the above,"$100,000 to $119,999","5,861",5861.0,ok
2015,External Building Conditions,None of the above,"$120,000 or more","14,519",14519.0,ok
2015,External Building Conditions,None of the above,"$20,000 to $29,999","6,421",6421.0,ok
2015,External Building Conditions,None of the above,"$30,000 to $39,999","6,451",6451.0,ok
2015,External Building Conditions,None of the above,"$40,000 to $49,999","6,088",6088.0,ok
2015,External Building Conditions,None of the above,"$50,000 to $59,999","5,580",5580.0,ok
2015,External Building Conditions,None of the above,"$60,000 to $79,999","9,619",9619.0,ok
2015,External Building Conditions,None of the above,"$80,000 to $99,999","7,412",7412.0,ok
2015,External Building Conditions,None of the above,"Less than $10,000","4,418",4418.0,ok
2015,External Building Conditions,Not reported,"$10,000 to $19,999",S,,suppressed
2015,External Building Conditions,Not reported,"$100,000 to $119,999",S,,suppressed
2015,External Building Conditions,Not reported,"$120,000 or more",47,47.0,ok
2015,External Building Conditions,Not reported,"$20,000 to $29,999",S,,suppressed
2015,External Building Conditions,Not reported,"$30,000 to $39,999",S,,suppressed
2015,External Building Conditions,Not reported,"$40,000 to $49,999",S,,suppressed
2015,External Building Conditions,Not reported,"$50,000 to $59,999",S,,suppressed
2015,External Building Conditions,Not reported,"$60,000 to $79,999",31,31.0,ok
2015,External Building Conditions,Not reported,"$80,000 to $99,999",S,,suppressed
2015,External Building Conditions,Not reported,"Less than $10,000",S,,suppressed
2015,External Building Conditions,Sagging roof,"$10,000 to $19,999",303,303.0,ok
2015,External Building Conditions,Sagging roof,"$100,000 to $119,999",99,99.0,ok
2015,External Building Conditions,Sagging roof,"$120,000 or more",200,200.0,ok
2015,External Building Conditions,Sagging roof,"$20,000 to $29,999",289,289.0,ok
2015,External Building Conditions,Sagging roof,"$30,000 to $39,999",229,229.0,ok
2015,External Building Conditions,Sagging roof,"$40,000 to $49,999",188,188.0,ok
2015,External Building Conditions,Sagging roof,"$50,000 to $59,999",122,122.0,ok
2015,External Building Conditions,Sagging roof,"$60,000 to $79,999",254,254.0,ok
2015,External Building Conditions,Sagging roof,"$80,000 to $99,999",158,158.0,ok
2015,External Building Conditions,Sagging roof,"Less than $10,000",323,323.0,ok
2015,External Building Conditions,Sloping outside walls,"$10,000 to $19,999",200,200.0,ok
2015,External Building Conditions,Sloping outside walls,"$100,000 to $119,999",48,48.0,ok
2015,External Building Conditions,Sloping outside walls,"$120,000 or more",92,92.0,ok
2015,External Building Conditions,Sloping outside walls,"$20,000 to $29,999",145,145.0,ok
2015,External Building Conditions,Sloping outside walls,"$30,000 to $39,999",127,127.0,ok
2015,External Building Conditions,Sloping outside walls,"$40,000 to $49,999",99,99.0,ok
2015,External Building Conditions,Sloping outside walls,"$50,000 to $59,999",79,79.0,ok
2015,External Building Conditions,Sloping outside walls,"$60,000 to $79,999",145,145.0,ok
2015,External Building Conditions,Sloping outside walls,"$80,000 to $99,999",89,89.0,ok
2015,External Building Conditions,Sloping outside walls,"Less than $10,000",231,231.0,ok
2015,Flush Toilet Breakdowns,No breakdowns lasting 6 hours or more,"$10,000 to $19,999",107,107.0,ok
2015,Flush Toilet Breakdowns,No breakdowns lasting 6 hours or more,"$100,000 to $119,999",S,,suppressed
2015,Flush Toilet Breakdowns,No breakdowns lasting 6 hours or more,"$120,000 or more",S,,suppressed
2015,Flush Toilet Breakdowns,No breakdowns lasting 6 hours or more,"$20,000 to $29,999",76,76.0,ok
2015,Flush Toilet Breakdowns,No breakdowns lasting 6 hours or more,"$30,000 to $39,999",51,51.0,ok
2015,Flush Toilet Breakdowns,No breakdowns lasting 6 hours or more,"$40,000 to $49,999",73,73.0,ok
2015,Flush Toilet Breakdowns,No breakdowns lasting 6 hours or more,"$50,000 to $59,999",43,43.0,ok
2015,Flush Toilet Breakdowns,No breakdowns lasting 6 hours or more,"$60,000 to $79,999",43,43.0,ok
2015,Flush Toilet Breakdowns,No breakdowns lasting 6 hours or more,"$80,000 to $99,999",37,37.0,ok
2015,Flush Toilet Breakdowns,No breakdowns lasting 6 hours or more,"Less than $10,000",76,76.0,ok
2015,Flush Toilet Breakdowns,None working some time in last 3 months,"$10,000 to $19,999",421,421.0,ok
2015,Flush Toilet Breakdowns,None working some time in last 3 months,"$100,000 to $119,999",82,82.0,ok
2015,Flush Toilet Breakdowns,None working some time in last 3 months,"$120,000 or more",154,154.0,ok
2015,Flush Toilet Breakdowns,None working some time in last 3 months,"$20,000 to $29,999",342,342.0,ok
2015,Flush Toilet Breakdowns,None working some time in last 3 months,"$30,000 to $39,999",274,274.0,ok
2015,Flush Toilet Breakdowns,None working some time in last 3 months,"$40,000 to $49,999",259,259.0,ok
2015,Flush Toilet Breakdowns,None working some time in last 3 months,"$50,000 to $59,999",164,164.0,ok
2015,Flush Toilet Breakdowns,None working some time in last 3 months,"$60,000 to $79,999",202,202.0,ok
2015,Flush Toilet Breakdowns,None working some time in last 3 months,"$80,000 to $99,999",154,154.0,ok
2015,Flush Toilet Breakdowns,None working some time in last 3 months,"Less than $10,000",396,396.0,ok
2015,Flush Toilet Breakdowns,With at least one toilet working at all times in last 3 months,"$10,000 to $19,999","11,687",11687.0,ok
2015,Flush Toilet Breakdowns,With at least one toilet working at all times in last 3 months,"$100,000 to $119,999","7,817",7817.0,ok
2015,Flush Toilet Breakdowns,With at least one toilet working at all times in last 3 months,"$120,000 or more","18,486",18486.0,ok
2015,Flush Toilet Breakdowns,With at least one toilet working at all times in last 3 months,"$20,000 to $29,999","11,940",11940.0,ok
2015,Flush Toilet Breakdowns,With at least one toilet working at all times in last 3 months,"$30,000 to $39,999","11,264",11264.0,ok
2015,Flush Toilet Breakdowns,With at least one toilet working at all times in last 3 months,"$40,000 to $49,999","9,798",9798.0,ok
2015,Flush Toilet Breakdowns,With at least one toilet working at all times in last 3 months,"$50,000 to $59,999","8,648",8648.0,ok
2015,Flush Toilet Breakdowns,With at least one toilet working at all times in last 3 months,"$60,000 to $79,999","14,497",14497.0,ok
2015,Flush Toilet Breakdowns,With at least one toilet working at all times in last 3 months,"$80,000 to $99,999","10,344",10344.0,ok
2015,Flush Toilet Breakdowns,With at least one toilet working at all times in last 3 months,"Less than $10,000","10,144",10144.0,ok
2015,Flush Toilet Breakdowns,With one or more flush toilets,"$10,000 to $19,999","12,204",12204.0,ok
2015,Flush Toilet Breakdowns,With one or more flush toilets,"$100,000 to $119,999","7,982",7982.0,ok
2015,Flush Toilet Breakdowns,With one or more flush toilets,"$120,000 or more","18,781",18781.0,ok
2015,Flush Toilet Breakdowns,With one or more flush toilets,"$20,000 to $29,999","12,368",12368.0,ok
2015,Flush Toilet Breakdowns,With one or more flush toilets,"$30,000 to $39,999","11,638",11638.0,ok
2015,Flush Toilet Breakdowns,With one or more flush toilets,"$40,000 to $49,999","10,162",10162.0,ok
2015,Flush Toilet Breakdowns,With one or more flush toilets,"$50,000 to $59,999","8,904",8904.0,ok
2015,Flush Toilet Breakdowns,With one or more flush toilets,"$60,000 to $79,999","14,829",14829.0,ok
2015,Flush Toilet Breakdowns,With one or more flush toilets,"$80,000 to $99,999","10,586",10586.0,ok
2015,Flush Toilet Breakdowns,With one or more flush toilets,"Less than $10,000","10,708",10708.0,ok
2015,Heating Problems,Equipment breakdowns,"$10,000 to $19,999",457,457.0,ok
2015,Heating Problems,Equipment breakdowns,"$100,000 to $119,999",169,169.0,ok
2015,Heating Problems,Equipment breakdowns,"$120,000 or more",388,388.0,ok
2015,Heating Problems,Equipment breakdowns,"$20,000 to $29,999",386,386.0,ok
2015,Heating Problems,Equipment breakdowns,"$30,000 to $39,999",371,371.0,ok
2015,Heating Problems,Equipment breakdowns,"$40,000 to $49,999",325,325.0,ok
2015,Heating Problems,Equipment breakdowns,"$50,000 to $59,999",219,219.0,ok
2015,Heating Problems,Equipment breakdowns,"$60,000 to $79,999",424,424.0,ok
2015,Heating Problems,Equipment breakdowns,"$80,000 to $99,999",220,220.0,ok
2015,Heating Problems,Equipment breakdowns,"Less than $10,000",434,434.0,ok
2015,Heating Problems,No breakdowns lasting 6 hours or more,"$10,000 to $19,999",S,,suppressed
2015,Heating Problems,No breakdowns lasting 6 hours or more,"$100,000 to $119,999",S,,suppressed
2015,Heating Problems,No breakdowns lasting 6 hours or more,"$120,000 or more",S,,suppressed
2015,Heating Problems,No breakdowns lasting 6 hours or more,"$20,000 to $29,999",S,,suppressed
2015,Heating Problems,No breakdowns lasting 6 hours or more,"$30,000 to $39,999",S,,suppressed
2015,Heating Problems,No breakdowns lasting 6 hours or more,"$40,000 to $49,999",S,,suppressed
2015,Heating Problems,No breakdowns lasting 6 hours or more,"$50,000 to $59,999",S,,suppressed
2015,Heating Problems,No breakdowns lasting 6 hours or more,"$60,000 to $79,999",S,,suppressed
2015,Heating Problems,No breakdowns lasting 6 hours or more,"$80,000 to $99,999",S,,suppressed
2015,Heating Problems,No breakdowns lasting 6 hours or more,"Less than $10,000",S,,suppressed
2015,Heating Problems,Not uncomfortably cold for 24 hours or more,"$10,000 to $19,999","9,948",9948.0,ok
2015,Heating Problems,Not uncomfortably cold for 24 hours or more,"$100,000 to $119,999","7,071",7071.0,ok
2015,Heating Problems,Not uncomfortably cold for 24 hours or more,"$120,000 or more","16,890",16890.0,ok
2015,Heating Problems,Not uncomfortably cold for 24 hours or more,"$20,000 to $29,999","10,383",10383.0,ok
2015,Heating Problems,Not uncomfortably cold for 24 hours or more,"$30,000 to $39,999","9,740",9740.0,ok
2015,Heating Problems,Not uncomfortably cold for 24 hours or more,"$40,000 to $49,999","8,612",8612.0,ok
2015,Heating Problems,Not uncomfortably cold for 24 hours or more,"$50,000 to $59,999","7,709",7709.0,ok
2015,Heating Problems,Not uncomfortably cold for 24 hours or more,"$60,000 to $79,999","12,838",12838.0,ok
2015,Heating Problems,Not uncomfortably cold for 24 hours or more,"$80,000 to $99,999","9,271",9271.0,ok
2015,Heating Problems,Not uncomfortably cold for 24 hours or more,"Less than $10,000","8,459",8459.0,ok
2015,Heating Problems,Uncomfortably cold for 24 hours or more,"$10,000 to $19,999","1,308",1308.0,ok
2015,Heating Problems,Uncomfortably cold for 24 hours or more,"$100,000 to $119,999",488,488.0,ok
2015,Heating Problems,Uncomfortably cold for 24 hours or more,"$120,000 or more","1,081",1081.0,ok
2015,Heating Problems,Uncomfortably cold for 24 hours or more,"$20,000 to $29,999","1,137",1137.0,ok
2015,Heating Problems,Uncomfortably cold for 24 hours or more,"$30,000 to $39,999","1,070",1070.0,ok
2015,Heating Problems,Uncomfortably cold for 24 hours or more,"$40,000 to $49,999",927,927.0,ok
2015,Heating Problems,Uncomfortably cold for 24 hours or more,"$50,000 to $59,999",668,668.0,ok
2015,Heating Problems,Uncomfortably cold for 24 hours or more,"$60,000 to $79,999","1,063",1063.0,ok
2015,Heating Problems,Uncomfortably cold for 24 hours or more,"$80,000 to $99,999",698,698.0,ok
2015,Heating Problems,Uncomfortably cold for 24 hours or more,"Less than $10,000","1,213",1213.0,ok
2015,Heating Problems,With heating equipment and occupied last winter,"$10,000 to $19,999","11,429",11429.0,ok
2015,Heating Problems,With heating equipment and occupied last winter,"$100,000 to $119,999","7,661",7661.0,ok
2015,Heating Problems,With heating equipment and occupied last winter,"$120,000 or more","18,153",18153.0,ok
2015,Heating Problems,With heating equipment and occupied last winter,"$20,000 to $29,999","11,660",11660.0,ok
2015,Heating Problems,With heating equipment and occupied last winter,"$30,000 to $39,999","10,957",10957.0,ok
2015,Heating Problems,With heating equipment and occupied last winter,"$40,000 to $49,999","9,686",9686.0,ok
2015,Heating Problems,With heating equipment and occupied last winter,"$50,000 to $59,999","8,479",8479.0,ok
2015,Heating Problems,With heating equipment and occupied last winter,"$60,000 to $79,999","14,063",14063.0,ok
2015,Heating Problems,With heating equipment and occupied last winter,"$80,000 to $99,999","10,109",10109.0,ok
2015,Heating Problems,With heating equipment and occupied last winter,"Less than $10,000","9,894",9894.0,ok
2015,Housing Adequacy,Adequate,"$10,000 to $19,999","11,149",11149.0,ok
2015,Housing Adequacy,Adequate,"$100,000 to $119,999","7,740",7740.0,ok
2015,Housing Adequacy,Adequate,"$120,000 or more","18,310",18310.0,ok
2015,Housing Adequacy,Adequate,"$20,000 to $29,999","11,469",11469.0,ok
2015,Housing Adequacy,Adequate,"$30,000 to $39,999","10,895",10895.0,ok
2015,Housing Adequacy,Adequate,"$40,000 to $49,999","9,602",9602.0,ok
2015,Housing Adequacy,Adequate,"$50,000 to $59,999","8,482",8482.0,ok
2015,Housing Adequacy,Adequate,"$60,000 to $79,999","14,184",14184.0,ok
2015,Housing Adequacy,Adequate,"$80,000 to $99,999","10,213",10213.0,ok
2015,Housing Adequacy,Adequate,"Less than $10,000","9,567",9567.0,ok
2015,Housing Adequacy,Electric,"$10,000 to $19,999",S,,suppressed
2015,Housing Adequacy,Electric,"$100,000 to $119,999",S,,suppressed
2015,Housing Adequacy,Electric,"$120,000 or more",S,,suppressed
2015,Housing Adequacy,Electric,"$20,000 to $29,999",S,,suppressed
2015,Housing Adequacy,Electric,"$30,000 to $39,999",S,,suppressed
2015,Housing Adequacy,Electric,"$40,000 to $49,999",S,,suppressed
2015,Housing Adequacy,Electric,"$50,000 to $59,999",S,,suppressed
2015,Housing Adequacy,Electric,"$60,000 to $79,999",S,,suppressed
2015,Housing Adequacy,Electric,"$80,000 to $99,999",S,,suppressed
2015,Housing Adequacy,Electric,"Less than $10,000",S,,suppressed
2015,Housing Adequacy,Heating,"$10,000 to $19,999",140,140.0,ok
2015,Housing Adequacy,Heating,"$100,000 to $119,999",S,,suppressed
2015,Housing Adequacy,Heating,"$120,000 or more",79,79.0,ok
2015,Housing Adequacy,Heating,"$20,000 to $29,999",111,111.0,ok
2015,Housing Adequacy,Heating,"$30,000 to $39,999",79,79.0,ok
2015,Housing Adequacy,Heating,"$40,000 to $49,999",78,78.0,ok
2015,Housing Adequacy,Heating,"$50,000 to $59,999",52,52.0,ok
2015,Housing Adequacy,Heating,"$60,000 to $79,999",96,96.0,ok
2015,Housing Adequacy,Heating,"$80,000 to $99,999",37,37.0,ok
2015,Housing Adequacy,Heating,"Less than $10,000",158,158.0,ok
2015,Housing Adequacy,Moderately inadequate,"$10,000 to $19,999",800,800.0,ok
2015,Housing Adequacy,Moderately inadequate,"$100,000 to $119,999",203,203.0,ok
2015,Housing Adequacy,Moderately inadequate,"$120,000 or more",371,371.0,ok
2015,Housing Adequacy,Moderately inadequate,"$20,000 to $29,999",718,718.0,ok
2015,Housing Adequacy,Moderately inadequate,"$30,000 to $39,999",619,619.0,ok
2015,Housing Adequacy,Moderately inadequate,"$40,000 to $49,999",438,438.0,ok
2015,Housing Adequacy,Moderately inadequate,"$50,000 to $59,999",349,349.0,ok
2015,Housing Adequacy,Moderately inadequate,"$60,000 to $79,999",512,512.0,ok
2015,Housing Adequacy,Moderately inadequate,"$80,000 to $99,999",308,308.0,ok
2015,Housing Adequacy,Moderately inadequate,"Less than $10,000",859,859.0,ok
2015,Housing Adequacy,Other,"$10,000 to $19,999",438,438.0,ok
2015,Housing Adequacy,Other,"$100,000 to $119,999",88,88.0,ok
2015,Housing Adequacy,Other,"$120,000 or more",149,149.0,ok
2015,Housing Adequacy,Other,"$20,000 to $29,999",397,397.0,ok
2015,Housing Adequacy,Other,"$30,000 to $39,999",324,324.0,ok
2015,Housing Adequacy,Other,"$40,000 to $49,999",204,204.0,ok
2015,Housing Adequacy,Other,"$50,000 to $59,999",165,165.0,ok
2015,Housing Adequacy,Other,"$60,000 to $79,999",235,235.0,ok
2015,Housing Adequacy,Other,"$80,000 to $99,999",140,140.0,ok
2015,Housing Adequacy,Other,"Less than $10,000",528,528.0,ok
2015,Housing Adequacy,Plumbing,"$10,000 to $19,999",100,100.0,ok
2015,Housing Adequacy,Plumbing,"$100,000 to $119,999",S,,suppressed
2015,Housing Adequacy,Plumbing,"$120,000 or more",S,,suppressed
2015,Housing Adequacy,Plumbing,"$20,000 to $29,999",44,44.0,ok
2015,Housing Adequacy,Plumbing,"$30,000 to $39,999",S,,suppressed
2015,Housing Adequacy,Plumbing,"$40,000 to $49,999",S,,suppressed
2015,Housing Adequacy,Plumbing,"$50,000 to $59,999",S,,suppressed
2015,Housing Adequacy,Plumbing,"$60,000 to $79,999",S,,suppressed
2015,Housing Adequacy,Plumbing,"$80,000 to $99,999",S,,suppressed
2015,Housing Adequacy,Plumbing,"Less than $10,000",59,59.0,ok
2015,Housing Adequacy,Severely inadequate,"$10,000 to $19,999",296,296.0,ok
2015,Housing Adequacy,Severely inadequate,"$100,000 to $119,999",40,40.0,ok
2015,Housing Adequacy,Severely inadequate,"$120,000 or more",103,103.0,ok
2015,Housing Adequacy,Severely inadequate,"$20,000 to $29,999",210,210.0,ok
2015,Housing Adequacy,Severely inadequate,"$30,000 to $39,999",125,125.0,ok
2015,Housing Adequacy,Severely inadequate,"$40,000 to $49,999",135,135.0,ok
2015,Housing Adequacy,Severely inadequate,"$50,000 to $59,999",78,78.0,ok
2015,Housing Adequacy,Severely inadequate,"$60,000 to $79,999",133,133.0,ok
2015,Housing Adequacy,Severely inadequate,"$80,000 to $99,999",65,65.0,ok
2015,Housing Adequacy,Severely inadequate,"Less than $10,000",314,314.0,ok
2015,Housing Adequacy,Upkeep,"$10,000 to $19,999",62,62.0,ok
2015,Housing Adequacy,Upkeep,"$100,000 to $119,999",S,,suppressed
2015,Housing Adequacy,Upkeep,"$120,000 or more",S,,suppressed
2015,Housing Adequacy,Upkeep,"$20,000 to $29,999",40,40.0,ok
2015,Housing Adequacy,Upkeep,"$30,000 to $39,999",S,,suppressed
2015,Housing Adequacy,Upkeep,"$40,000 to $49,999",S,,suppressed
2015,Housing Adequacy,Upkeep,"$50,000 to $59,999",S,,suppressed
2015,Housing Adequacy,Upkeep,"$60,000 to $79,999",S,,suppressed
2015,Housing Adequacy,Upkeep,"$80,000 to $99,999",S,,suppressed
2015,Housing Adequacy,Upkeep,"Less than $10,000",98,98.0,ok
2015,Housing Adequacy,Wiring,"$10,000 to $19,999",S,,suppressed
2015,Housing Adequacy,Wiring,"$100,000 to $119,999",.,,blank_or_na
2015,Housing Adequacy,Wiring,"$120,000 or more",.,,blank_or_na
2015,Housing Adequacy,Wiring,"$20,000 to $29,999",S,,suppressed
2015,Housing Adequacy,Wiring,"$30,000 to $39,999",S,,suppressed
2015,Housing Adequacy,Wiring,"$40,000 to $49,999",S,,suppressed
2015,Housing Adequacy,Wiring,"$50,000 to $59,999",S,,suppressed
2015,Housing Adequacy,Wiring,"$60,000 to $79,999",.,,blank_or_na
2015,Housing Adequacy,Wiring,"$80,000 to $99,999",.,,blank_or_na
2015,Housing Adequacy,Wiring,"Less than $10,000",S,,suppressed
2015,Mold,Basement,"$10,000 to $19,999",66,66.0,ok
2015,Mold,Basement,"$100,000 to $119,999",46,46.0,ok
2015,Mold,Basement,"$120,000 or more",97,97.0,ok
2015,Mold,Basement,"$20,000 to $29,999",98,98.0,ok
2015,Mold,Basement,"$30,000 to $39,999",63,63.0,ok
2015,Mold,Basement,"$40,000 to $49,999",60,60.0,ok
2015,Mold,Basement,"$50,000 to $59,999",52,52.0,ok
2015,Mold,Basement,"$60,000 to $79,999",100,100.0,ok
2015,Mold,Basement,"$80,000 to $99,999",59,59.0,ok
2015,Mold,Basement,"Less than $10,000",73,73.0,ok
2015,Mold,Bathroom(s),"$10,000 to $19,999",331,331.0,ok
2015,Mold,Bathroom(s),"$100,000 to $119,999",78,78.0,ok
2015,Mold,Bathroom(s),"$120,000 or more",146,146.0,ok
2015,Mold,Bathroom(s),"$20,000 to $29,999",283,283.0,ok
2015,Mold,Bathroom(s),"$30,000 to $39,999",239,239.0,ok
2015,Mold,Bathroom(s),"$40,000 to $49,999",166,166.0,ok
2015,Mold,Bathroom(s),"$50,000 to $59,999",123,123.0,ok
2015,Mold,Bathroom(s),"$60,000 to $79,999",157,157.0,ok
2015,Mold,Bathroom(s),"$80,000 to $99,999",111,111.0,ok
2015,Mold,Bathroom(s),"Less than $10,000",305,305.0,ok
2015,Mold,Bedroom(s),"$10,000 to $19,999",178,178.0,ok
2015,Mold,Bedroom(s),"$100,000 to $119,999",49,49.0,ok
2015,Mold,Bedroom(s),"$120,000 or more",81,81.0,ok
2015,Mold,Bedroom(s),"$20,000 to $29,999",165,165.0,ok
2015,Mold,Bedroom(s),"$30,000 to $39,999",146,146.0,ok
2015,Mold,Bedroom(s),"$40,000 to $49,999",95,95.0,ok
2015,Mold,Bedroom(s),"$50,000 to $59,999",68,68.0,ok
2015,Mold,Bedroom(s),"$60,000 to $79,999",100,100.0,ok
2015,Mold,Bedroom(s),"$80,000 to $99,999",59,59.0,ok
2015,Mold,Bedroom(s),"Less than $10,000",182,182.0,ok
2015,Mold,Housing units with mold in last 12 months,"$10,000 to $19,999",650,650.0,ok
2015,Mold,Housing units with mold in last 12 months,"$100,000 to $119,999",205,205.0,ok
2015,Mold,Housing units with mold in last 12 months,"$120,000 or more",401,401.0,ok
2015,Mold,Housing units with mold in last 12 months,"$20,000 to $29,999",569,569.0,ok
2015,Mold,Housing units with mold in last 12 months,"$30,000 to $39,999",471,471.0,ok
2015,Mold,Housing units with mold in last 12 months,"$40,000 to $49,999",378,378.0,ok
2015,Mold,Housing units with mold in last 12 months,"$50,000 to $59,999",279,279.0,ok
2015,Mold,Housing units with mold in last 12 months,"$60,000 to $79,999",458,458.0,ok
2015,Mold,Housing units with mold in last 12 months,"$80,000 to $99,999",281,281.0,ok
2015,Mold,Housing units with mold in last 12 months,"Less than $10,000",612,612.0,ok
2015,Mold,Kitchen,"$10,000 to $19,999",149,149.0,ok
2015,Mold,Kitchen,"$100,000 to $119,999",45,45.0,ok
2015,Mold,Kitchen,"$120,000 or more",44,44.0,ok
2015,Mold,Kitchen,"$20,000 to $29,999",102,102.0,ok
2015,Mold,Kitchen,"$30,000 to $39,999",69,69.0,ok
2015,Mold,Kitchen,"$40,000 to $49,999",38,38.0,ok
2015,Mold,Kitchen,"$50,000 to $59,999",35,35.0,ok
2015,Mold,Kitchen,"$60,000 to $79,999",48,48.0,ok
2015,Mold,Kitchen,"$80,000 to $99,999",39,39.0,ok
2015,Mold,Kitchen,"Less than $10,000",111,111.0,ok
2015,Mold,Living room,"$10,000 to $19,999",82,82.0,ok
2015,Mold,Living room,"$100,000 to $119,999",32,32.0,ok
2015,Mold,Living room,"$120,000 or more",S,,suppressed
2015,Mold,Living room,"$20,000 to $29,999",93,93.0,ok
2015,Mold,Living room,"$30,000 to $39,999",47,47.0,ok
2015,Mold,Living room,"$40,000 to $49,999",51,51.0,ok
2015,Mold,Living room,"$50,000 to $59,999",S,,suppressed
2015,Mold,Living room,"$60,000 to $79,999",50,50.0,ok
2015,Mold,Living room,"$80,000 to $99,999",S,,suppressed
2015,Mold,Living room,"Less than $10,000",125,125.0,ok
2015,Mold,Not reported,"$10,000 to $19,999",108,108.0,ok
2015,Mold,Not reported,"$100,000 to $119,999",86,86.0,ok
2015,Mold,Not reported,"$120,000 or more",150,150.0,ok
2015,Mold,Not reported,"$20,000 to $29,999",102,102.0,ok
2015,Mold,Not reported,"$30,000 to $39,999",109,109.0,ok
2015,Mold,Not reported,"$40,000 to $49,999",116,116.0,ok
2015,Mold,Not reported,"$50,000 to $59,999",100,100.0,ok
2015,Mold,Not reported,"$60,000 to $79,999",137,137.0,ok
2015,Mold,Not reported,"$80,000 to $99,999",95,95.0,ok
2015,Mold,Not reported,"Less than $10,000",201,201.0,ok
2015,Mold,Other room,"$10,000 to $19,999",67,67.0,ok
2015,Mold,Other room,"$100,000 to $119,999",S,,suppressed
2015,Mold,Other room,"$120,000 or more",71,71.0,ok
2015,Mold,Other room,"$20,000 to $29,999",61,61.0,ok
2015,Mold,Other room,"$30,000 to $39,999",42,42.0,ok
2015,Mold,Other room,"$40,000 to $49,999",51,51.0,ok
2015,Mold,Other room,"$50,000 to $59,999",36,36.0,ok
2015,Mold,Other room,"$60,000 to $79,999",80,80.0,ok
2015,Mold,Other room,"$80,000 to $99,999",45,45.0,ok
2015,Mold,Other room,"Less than $10,000",65,65.0,ok
2015,Number of breakdowns that lasted 6 hours or more:,1,"$10,000 to $19,999",200,200.0,ok
2015,Number of breakdowns that lasted 6 hours or more:,1,"$100,000 to $119,999",45,45.0,ok
2015,Number of breakdowns that lasted 6 hours or more:,1,"$120,000 or more",92,92.0,ok
2015,Number of breakdowns that lasted 6 hours or more:,1,"$20,000 to $29,999",168,168.0,ok
2015,Number of breakdowns that lasted 6 hours or more:,1,"$30,000 to $39,999",146,146.0,ok
2015,Number of breakdowns that lasted 6 hours or more:,1,"$40,000 to $49,999",121,121.0,ok
2015,Number of breakdowns that lasted 6 hours or more:,1,"$50,000 to $59,999",74,74.0,ok
2015,Number of breakdowns that lasted 6 hours or more:,1,"$60,000 to $79,999",111,111.0,ok
2015,Number of breakdowns that lasted 6 hours or more:,1,"$80,000 to $99,999",88,88.0,ok
2015,Number of breakdowns that lasted 6 hours or more:,1,"Less than $10,000",156,156.0,ok
2015,Number of breakdowns that lasted 6 hours or more:,2,"$10,000 to $19,999",47,47.0,ok
2015,Number of breakdowns that lasted 6 hours or more:,2,"$100,000 to $119,999",S,,suppressed
2015,Number of breakdowns that lasted 6 hours or more:,2,"$120,000 or more",S,,suppressed
2015,Number of breakdowns that lasted 6 hours or more:,2,"$20,000 to $29,999",S,,suppressed
2015,Number of breakdowns that lasted 6 hours or more:,2,"$30,000 to $39,999",S,,suppressed
2015,Number of breakdowns that lasted 6 hours or more:,2,"$40,000 to $49,999",S,,suppressed
2015,Number of breakdowns that lasted 6 hours or more:,2,"$50,000 to $59,999",S,,suppressed
2015,Number of breakdowns that lasted 6 hours or more:,2,"$60,000 to $79,999",S,,suppressed
2015,Number of breakdowns that lasted 6 hours or more:,2,"$80,000 to $99,999",S,,suppressed
2015,Number of breakdowns that lasted 6 hours or more:,2,"Less than $10,000",51,51.0,ok
2015,Number of breakdowns that lasted 6 hours or more:,3,"$10,000 to $19,999",S,,suppressed
2015,Number of breakdowns that lasted 6 hours or more:,3,"$100,000 to $119,999",.,,blank_or_na
2015,Number of breakdowns that lasted 6 hours or more:,3,"$120,000 or more",S,,suppressed
2015,Number of breakdowns that lasted 6 hours or more:,3,"$20,000 to $29,999",18,18.0,ok
2015,Number of breakdowns that lasted 6 hours or more:,3,"$30,000 to $39,999",S,,suppressed
2015,Number of breakdowns that lasted 6 hours or more:,3,"$40,000 to $49,999",S,,suppressed
2015,Number of breakdowns that lasted 6 hours or more:,3,"$50,000 to $59,999",S,,suppressed
2015,Number of breakdowns that lasted 6 hours or more:,3,"$60,000 to $79,999",S,,suppressed
2015,Number of breakdowns that lasted 6 hours or more:,3,"$80,000 to $99,999",S,,suppressed
2015,Number of breakdowns that lasted 6 hours or more:,3,"Less than $10,000",S,,suppressed
2015,Number of breakdowns that lasted 6 hours or more:,4 or more,"$10,000 to $19,999",46,46.0,ok
2015,Number of breakdowns that lasted 6 hours or more:,4 or more,"$100,000 to $119,999",S,,suppressed
2015,Number of breakdowns that lasted 6 hours or more:,4 or more,"$120,000 or more",S,,suppressed
2015,Number of breakdowns that lasted 6 hours or more:,4 or more,"$20,000 to $29,999",52,52.0,ok
2015,Number of breakdowns that lasted 6 hours or more:,4 or more,"$30,000 to $39,999",S,,suppressed
2015,Number of breakdowns that lasted 6 hours or more:,4 or more,"$40,000 to $49,999",S,,suppressed
2015,Number of breakdowns that lasted 6 hours or more:,4 or more,"$50,000 to $59,999",S,,suppressed
2015,Number of breakdowns that lasted 6 hours or more:,4 or more,"$60,000 to $79,999",S,,suppressed
2015,Number of breakdowns that lasted 6 hours or more:,4 or more,"$80,000 to $99,999",S,,suppressed
2015,Number of breakdowns that lasted 6 hours or more:,4 or more,"Less than $10,000",100,100.0,ok
2015,Number of breakdowns that lasted 6 hours or more:,Breakdowns not reported,"$10,000 to $19,999",96,96.0,ok
2015,Number of breakdowns that lasted 6 hours or more:,Breakdowns not reported,"$100,000 to $119,999",83,83.0,ok
2015,Number of breakdowns that lasted 6 hours or more:,Breakdowns not reported,"$120,000 or more",140,140.0,ok
2015,Number of breakdowns that lasted 6 hours or more:,Breakdowns not reported,"$20,000 to $29,999",87,87.0,ok
2015,Number of breakdowns that lasted 6 hours or more:,Breakdowns not reported,"$30,000 to $39,999",101,101.0,ok
2015,Number of breakdowns that lasted 6 hours or more:,Breakdowns not reported,"$40,000 to $49,999",105,105.0,ok
2015,Number of breakdowns that lasted 6 hours or more:,Breakdowns not reported,"$50,000 to $59,999",93,93.0,ok
2015,Number of breakdowns that lasted 6 hours or more:,Breakdowns not reported,"$60,000 to $79,999",129,129.0,ok
2015,Number of breakdowns that lasted 6 hours or more:,Breakdowns not reported,"$80,000 to $99,999",88,88.0,ok
2015,Number of breakdowns that lasted 6 hours or more:,Breakdowns not reported,"Less than $10,000",168,168.0,ok
2015,Number of breakdowns that lasted 6 hours or more:,Cost of heating,"$10,000 to $19,999",146,146.0,ok
2015,Number of breakdowns that lasted 6 hours or more:,Cost of heating,"$100,000 to $119,999",36,36.0,ok
2015,Number of breakdowns that lasted 6 hours or more:,Cost of heating,"$120,000 or more",78,78.0,ok
2015,Number of breakdowns that lasted 6 hours or more:,Cost of heating,"$20,000 to $29,999",142,142.0,ok
2015,Number of breakdowns that lasted 6 hours or more:,Cost of heating,"$30,000 to $39,999",120,120.0,ok
2015,Number of breakdowns that lasted 6 hours or more:,Cost of heating,"$40,000 to $49,999",111,111.0,ok
2015,Number of breakdowns that lasted 6 hours or more:,Cost of heating,"$50,000 to $59,999",65,65.0,ok
2015,Number of breakdowns that lasted 6 hours or more:,Cost of heating,"$60,000 to $79,999",113,113.0,ok
2015,Number of breakdowns that lasted 6 hours or more:,Cost of heating,"$80,000 to $99,999",83,83.0,ok
2015,Number of breakdowns that lasted 6 hours or more:,Cost of heating,"Less than $10,000",125,125.0,ok
2015,Number of breakdowns that lasted 6 hours or more:,Discomfort not reported,"$10,000 to $19,999",172,172.0,ok
2015,Number of breakdowns that lasted 6 hours or more:,Discomfort not reported,"$100,000 to $119,999",102,102.0,ok
2015,Number of breakdowns that lasted 6 hours or more:,Discomfort not reported,"$120,000 or more",181,181.0,ok
2015,Number of breakdowns that lasted 6 hours or more:,Discomfort not reported,"$20,000 to $29,999",140,140.0,ok
2015,Number of breakdowns that lasted 6 hours or more:,Discomfort not reported,"$30,000 to $39,999",147,147.0,ok
2015,Number of breakdowns that lasted 6 hours or more:,Discomfort not reported,"$40,000 to $49,999",146,146.0,ok
2015,Number of breakdowns that lasted 6 hours or more:,Discomfort not reported,"$50,000 to $59,999",102,102.0,ok
2015,Number of breakdowns that lasted 6 hours or more:,Discomfort not reported,"$60,000 to $79,999",163,163.0,ok
2015,Number of breakdowns that lasted 6 hours or more:,Discomfort not reported,"$80,000 to $99,999",140,140.0,ok
2015,Number of breakdowns that lasted 6 hours or more:,Discomfort not reported,"Less than $10,000",222,222.0,ok
2015,Number of breakdowns that lasted 6 hours or more:,Inadequate heating capacity,"$10,000 to $19,999",270,270.0,ok
2015,Number of breakdowns that lasted 6 hours or more:,Inadequate heating capacity,"$100,000 to $119,999",47,47.0,ok
2015,Number of breakdowns that lasted 6 hours or more:,Inadequate heating capacity,"$120,000 or more",109,109.0,ok
2015,Number of breakdowns that lasted 6 hours or more:,Inadequate heating capacity,"$20,000 to $29,999",194,194.0,ok
2015,Number of breakdowns that lasted 6 hours or more:,Inadequate heating capacity,"$30,000 to $39,999",141,141.0,ok
2015,Number of breakdowns that lasted 6 hours or more:,Inadequate heating capacity,"$40,000 to $49,999",135,135.0,ok
2015,Number of breakdowns that lasted 6 hours or more:,Inadequate heating capacity,"$50,000 to $59,999",104,104.0,ok
2015,Number of breakdowns that lasted 6 hours or more:,Inadequate heating capacity,"$60,000 to $79,999",123,123.0,ok
2015,Number of breakdowns that lasted 6 hours or more:,Inadequate heating capacity,"$80,000 to $99,999",119,119.0,ok
2015,Number of breakdowns that lasted 6 hours or more:,Inadequate heating capacity,"Less than $10,000",252,252.0,ok
2015,Number of breakdowns that lasted 6 hours or more:,Inadequate insulation,"$10,000 to $19,999",227,227.0,ok
2015,Number of breakdowns that lasted 6 hours or more:,Inadequate insulation,"$100,000 to $119,999",49,49.0,ok
2015,Number of breakdowns that lasted 6 hours or more:,Inadequate insulation,"$120,000 or more",131,131.0,ok
2015,Number of breakdowns that lasted 6 hours or more:,Inadequate insulation,"$20,000 to $29,999",215,215.0,ok
2015,Number of breakdowns that lasted 6 hours or more:,Inadequate insulation,"$30,000 to $39,999",191,191.0,ok
2015,Number of breakdowns that lasted 6 hours or more:,Inadequate insulation,"$40,000 to $49,999",151,151.0,ok
2015,Number of breakdowns that lasted 6 hours or more:,Inadequate insulation,"$50,000 to $59,999",101,101.0,ok
2015,Number of breakdowns that lasted 6 hours or more:,Inadequate insulation,"$60,000 to $79,999",151,151.0,ok
2015,Number of breakdowns that lasted 6 hours or more:,Inadequate insulation,"$80,000 to $99,999",103,103.0,ok
2015,Number of breakdowns that lasted 6 hours or more:,Inadequate insulation,"Less than $10,000",195,195.0,ok
2015,Number of breakdowns that lasted 6 hours or more:,No breakdowns in last 3 months,"$10,000 to $19,999","2,152",2152.0,ok
2015,Number of breakdowns that lasted 6 hours or more:,No breakdowns in last 3 months,"$100,000 to $119,999","1,600",1600.0,ok
2015,Number of breakdowns that lasted 6 hours or more:,No breakdowns in last 3 months,"$120,000 or more","3,743",3743.0,ok
2015,Number of breakdowns that lasted 6 hours or more:,No breakdowns in last 3 months,"$20,000 to $29,999","2,311",2311.0,ok
2015,Number of breakdowns that lasted 6 hours or more:,No breakdowns in last 3 months,"$30,000 to $39,999","2,317",2317.0,ok
2015,Number of breakdowns that lasted 6 hours or more:,No breakdowns in last 3 months,"$40,000 to $49,999","2,024",2024.0,ok
2015,Number of breakdowns that lasted 6 hours or more:,No breakdowns in last 3 months,"$50,000 to $59,999","1,818",1818.0,ok
2015,Number of breakdowns that lasted 6 hours or more:,No breakdowns in last 3 months,"$60,000 to $79,999","3,166",3166.0,ok
2015,Number of breakdowns that lasted 6 hours or more:,No breakdowns in last 3 months,"$80,000 to $99,999","2,240",2240.0,ok
2015,Number of breakdowns that lasted 6 hours or more:,No breakdowns in last 3 months,"Less than $10,000","1,455",1455.0,ok
2015,Number of breakdowns that lasted 6 hours or more:,No breakdowns lasting 6 hours or more,"$10,000 to $19,999",.,,blank_or_na
2015,Number of breakdowns that lasted 6 hours or more:,No breakdowns lasting 6 hours or more,"$100,000 to $119,999",S,,suppressed
2015,Number of breakdowns that lasted 6 hours or more:,No breakdowns lasting 6 hours or more,"$120,000 or more",S,,suppressed
2015,Number of breakdowns that lasted 6 hours or more:,No breakdowns lasting 6 hours or more,"$20,000 to $29,999",S,,suppressed
2015,Number of breakdowns that lasted 6 hours or more:,No breakdowns lasting 6 hours or more,"$30,000 to $39,999",S,,suppressed
2015,Number of breakdowns that lasted 6 hours or more:,No breakdowns lasting 6 hours or more,"$40,000 to $49,999",S,,suppressed
2015,Number of breakdowns that lasted 6 hours or more:,No breakdowns lasting 6 hours or more,"$50,000 to $59,999",S,,suppressed
2015,Number of breakdowns that lasted 6 hours or more:,No breakdowns lasting 6 hours or more,"$60,000 to $79,999",.,,blank_or_na
2015,Number of breakdowns that lasted 6 hours or more:,No breakdowns lasting 6 hours or more,"$80,000 to $99,999",S,,suppressed
2015,Number of breakdowns that lasted 6 hours or more:,No breakdowns lasting 6 hours or more,"Less than $10,000",S,,suppressed
2015,Number of breakdowns that lasted 6 hours or more:,Not reported,"$10,000 to $19,999",S,,suppressed
2015,Number of breakdowns that lasted 6 hours or more:,Not reported,"$100,000 to $119,999",S,,suppressed
2015,Number of breakdowns that lasted 6 hours or more:,Not reported,"$120,000 or more",.,,blank_or_na
2015,Number of breakdowns that lasted 6 hours or more:,Not reported,"$20,000 to $29,999",S,,suppressed
2015,Number of breakdowns that lasted 6 hours or more:,Not reported,"$30,000 to $39,999",S,,suppressed
2015,Number of breakdowns that lasted 6 hours or more:,Not reported,"$40,000 to $49,999",.,,blank_or_na
2015,Number of breakdowns that lasted 6 hours or more:,Not reported,"$50,000 to $59,999",S,,suppressed
2015,Number of breakdowns that lasted 6 hours or more:,Not reported,"$60,000 to $79,999",.,,blank_or_na
2015,Number of breakdowns that lasted 6 hours or more:,Not reported,"$80,000 to $99,999",S,,suppressed
2015,Number of breakdowns that lasted 6 hours or more:,Not reported,"Less than $10,000",S,,suppressed
2015,Number of breakdowns that lasted 6 hours or more:,Number of breakdowns not reported,"$10,000 to $19,999",S,,suppressed
2015,Number of breakdowns that lasted 6 hours or more:,Number of breakdowns not reported,"$100,000 to $119,999",.,,blank_or_na
2015,Number of breakdowns that lasted 6 hours or more:,Number of breakdowns not reported,"$120,000 or more",S,,suppressed
2015,Number of breakdowns that lasted 6 hours or more:,Number of breakdowns not reported,"$20,000 to $29,999",.,,blank_or_na
2015,Number of breakdowns that lasted 6 hours or more:,Number of breakdowns not reported,"$30,000 to $39,999",S,,suppressed
2015,Number of breakdowns that lasted 6 hours or more:,Number of breakdowns not reported,"$40,000 to $49,999",.,,blank_or_na
2015,Number of breakdowns that lasted 6 hours or more:,Number of breakdowns not reported,"$50,000 to $59,999",S,,suppressed
2015,Number of breakdowns that lasted 6 hours or more:,Number of breakdowns not reported,"$60,000 to $79,999",S,,suppressed
2015,Number of breakdowns that lasted 6 hours or more:,Number of breakdowns not reported,"$80,000 to $99,999",.,,blank_or_na
2015,Number of breakdowns that lasted 6 hours or more:,Number of breakdowns not reported,"Less than $10,000",S,,suppressed
2015,Number of breakdowns that lasted 6 hours or more:,Other,"$10,000 to $19,999",130,130.0,ok
2015,Number of breakdowns that lasted 6 hours or more:,Other,"$100,000 to $119,999",78,78.0,ok
2015,Number of breakdowns that lasted 6 hours or more:,Other,"$120,000 or more",199,199.0,ok
2015,Number of breakdowns that lasted 6 hours or more:,Other,"$20,000 to $29,999",149,149.0,ok
2015,Number of breakdowns that lasted 6 hours or more:,Other,"$30,000 to $39,999",173,173.0,ok
2015,Number of breakdowns that lasted 6 hours or more:,Other,"$40,000 to $49,999",118,118.0,ok
2015,Number of breakdowns that lasted 6 hours or more:,Other,"$50,000 to $59,999",116,116.0,ok
2015,Number of breakdowns that lasted 6 hours or more:,Other,"$60,000 to $79,999",163,163.0,ok
2015,Number of breakdowns that lasted 6 hours or more:,Other,"$80,000 to $99,999",94,94.0,ok
2015,Number of breakdowns that lasted 6 hours or more:,Other,"Less than $10,000",159,159.0,ok
2015,Number of breakdowns that lasted 6 hours or more:,Other causes,"$10,000 to $19,999",849,849.0,ok
2015,Number of breakdowns that lasted 6 hours or more:,Other causes,"$100,000 to $119,999",319,319.0,ok
2015,Number of breakdowns that lasted 6 hours or more:,Other causes,"$120,000 or more",694,694.0,ok
2015,Number of breakdowns that lasted 6 hours or more:,Other causes,"$20,000 to $29,999",751,751.0,ok
2015,Number of breakdowns that lasted 6 hours or more:,Other causes,"$30,000 to $39,999",698,698.0,ok
2015,Number of breakdowns that lasted 6 hours or more:,Other causes,"$40,000 to $49,999",597,597.0,ok
2015,Number of breakdowns that lasted 6 hours or more:,Other causes,"$50,000 to $59,999",448,448.0,ok
2015,Number of breakdowns that lasted 6 hours or more:,Other causes,"$60,000 to $79,999",638,638.0,ok
2015,Number of breakdowns that lasted 6 hours or more:,Other causes,"$80,000 to $99,999",477,477.0,ok
2015,Number of breakdowns that lasted 6 hours or more:,Other causes,"Less than $10,000",754,754.0,ok
2015,Number of breakdowns that lasted 6 hours or more:,Reason for discomfort not reported,"$10,000 to $19,999",S,,suppressed
2015,Number of breakdowns that lasted 6 hours or more:,Reason for discomfort not reported,"$100,000 to $119,999",.,,blank_or_na
2015,Number of breakdowns that lasted 6 hours or more:,Reason for discomfort not reported,"$120,000 or more",.,,blank_or_na
2015,Number of breakdowns that lasted 6 hours or more:,Reason for discomfort not reported,"$20,000 to $29,999",S,,suppressed
2015,Number of breakdowns that lasted 6 hours or more:,Reason for discomfort not reported,"$30,000 to $39,999",.,,blank_or_na
2015,Number of breakdowns that lasted 6 hours or more:,Reason for discomfort not reported,"$40,000 to $49,999",S,,suppressed
2015,Number of breakdowns that lasted 6 hours or more:,Reason for discomfort not reported,"$50,000 to $59,999",S,,suppressed
2015,Number of breakdowns that lasted 6 hours or more:,Reason for discomfort not reported,"$60,000 to $79,999",.,,blank_or_na
2015,Number of breakdowns that lasted 6 hours or more:,Reason for discomfort not reported,"$80,000 to $99,999",.,,blank_or_na
2015,Number of breakdowns that lasted 6 hours or more:,Reason for discomfort not reported,"Less than $10,000",S,,suppressed
2015,Number of breakdowns that lasted 6 hours or more:,Utility interruption,"$10,000 to $19,999",174,174.0,ok
2015,Number of breakdowns that lasted 6 hours or more:,Utility interruption,"$100,000 to $119,999",117,117.0,ok
2015,Number of breakdowns that lasted 6 hours or more:,Utility interruption,"$120,000 or more",216,216.0,ok
2015,Number of breakdowns that lasted 6 hours or more:,Utility interruption,"$20,000 to $29,999",145,145.0,ok
2015,Number of breakdowns that lasted 6 hours or more:,Utility interruption,"$30,000 to $39,999",121,121.0,ok
2015,Number of breakdowns that lasted 6 hours or more:,Utility interruption,"$40,000 to $49,999",125,125.0,ok
2015,Number of breakdowns that lasted 6 hours or more:,Utility interruption,"$50,000 to $59,999",96,96.0,ok
2015,Number of breakdowns that lasted 6 hours or more:,Utility interruption,"$60,000 to $79,999",166,166.0,ok
2015,Number of breakdowns that lasted 6 hours or more:,Utility interruption,"$80,000 to $99,999",145,145.0,ok
2015,Number of breakdowns that lasted 6 hours or more:,Utility interruption,"Less than $10,000",94,94.0,ok
2015,Number of breakdowns that lasted 6 hours or more:,With breakdown(s) in last 3 months,"$10,000 to $19,999",S,,suppressed
2015,Number of breakdowns that lasted 6 hours or more:,With breakdown(s) in last 3 months,"$100,000 to $119,999",S,,suppressed
2015,Number of breakdowns that lasted 6 hours or more:,With breakdown(s) in last 3 months,"$120,000 or more",50,50.0,ok
2015,Number of breakdowns that lasted 6 hours or more:,With breakdown(s) in last 3 months,"$20,000 to $29,999",57,57.0,ok
2015,Number of breakdowns that lasted 6 hours or more:,With breakdown(s) in last 3 months,"$30,000 to $39,999",76,76.0,ok
2015,Number of breakdowns that lasted 6 hours or more:,With breakdown(s) in last 3 months,"$40,000 to $49,999",S,,suppressed
2015,Number of breakdowns that lasted 6 hours or more:,With breakdown(s) in last 3 months,"$50,000 to $59,999",S,,suppressed
2015,Number of breakdowns that lasted 6 hours or more:,With breakdown(s) in last 3 months,"$60,000 to $79,999",48,48.0,ok
2015,Number of breakdowns that lasted 6 hours or more:,With breakdown(s) in last 3 months,"$80,000 to $99,999",35,35.0,ok
2015,Number of breakdowns that lasted 6 hours or more:,With breakdown(s) in last 3 months,"Less than $10,000",48,48.0,ok
2015,Number of breakdowns that lasted 6 hours or more:,With septic tank or cesspool,"$10,000 to $19,999","2,173",2173.0,ok
2015,Number of breakdowns that lasted 6 hours or more:,With septic tank or cesspool,"$100,000 to $119,999","1,618",1618.0,ok
2015,Number of breakdowns that lasted 6 hours or more:,With septic tank or cesspool,"$120,000 or more","3,793",3793.0,ok
2015,Number of breakdowns that lasted 6 hours or more:,With septic tank or cesspool,"$20,000 to $29,999","2,368",2368.0,ok
2015,Number of breakdowns that lasted 6 hours or more:,With septic tank or cesspool,"$30,000 to $39,999","2,393",2393.0,ok
2015,Number of breakdowns that lasted 6 hours or more:,With septic tank or cesspool,"$40,000 to $49,999","2,051",2051.0,ok
2015,Number of breakdowns that lasted 6 hours or more:,With septic tank or cesspool,"$50,000 to $59,999","1,829",1829.0,ok
2015,Number of breakdowns that lasted 6 hours or more:,With septic tank or cesspool,"$60,000 to $79,999","3,214",3214.0,ok
2015,Number of breakdowns that lasted 6 hours or more:,With septic tank or cesspool,"$80,000 to $99,999","2,275",2275.0,ok
2015,Number of breakdowns that lasted 6 hours or more:,With septic tank or cesspool,"Less than $10,000","1,503",1503.0,ok
2015,Number of stoppages that lasted 6 hours or more:,1,"$10,000 to $19,999",206,206.0,ok
2015,Number of stoppages that lasted 6 hours or more:,1,"$100,000 to $119,999",95,95.0,ok
2015,Number of stoppages that lasted 6 hours or more:,1,"$120,000 or more",241,241.0,ok
2015,Number of stoppages that lasted 6 hours or more:,1,"$20,000 to $29,999",185,185.0,ok
2015,Number of stoppages that lasted 6 hours or more:,1,"$30,000 to $39,999",189,189.0,ok
2015,Number of stoppages that lasted 6 hours or more:,1,"$40,000 to $49,999",162,162.0,ok
2015,Number of stoppages that lasted 6 hours or more:,1,"$50,000 to $59,999",154,154.0,ok
2015,Number of stoppages that lasted 6 hours or more:,1,"$60,000 to $79,999",236,236.0,ok
2015,Number of stoppages that lasted 6 hours or more:,1,"$80,000 to $99,999",175,175.0,ok
2015,Number of stoppages that lasted 6 hours or more:,1,"Less than $10,000",220,220.0,ok
2015,Number of stoppages that lasted 6 hours or more:,2,"$10,000 to $19,999",94,94.0,ok
2015,Number of stoppages that lasted 6 hours or more:,2,"$100,000 to $119,999",S,,suppressed
2015,Number of stoppages that lasted 6 hours or more:,2,"$120,000 or more",63,63.0,ok
2015,Number of stoppages that lasted 6 hours or more:,2,"$20,000 to $29,999",83,83.0,ok
2015,Number of stoppages that lasted 6 hours or more:,2,"$30,000 to $39,999",77,77.0,ok
2015,Number of stoppages that lasted 6 hours or more:,2,"$40,000 to $49,999",54,54.0,ok
2015,Number of stoppages that lasted 6 hours or more:,2,"$50,000 to $59,999",45,45.0,ok
2015,Number of stoppages that lasted 6 hours or more:,2,"$60,000 to $79,999",38,38.0,ok
2015,Number of stoppages that lasted 6 hours or more:,2,"$80,000 to $99,999",34,34.0,ok
2015,Number of stoppages that lasted 6 hours or more:,2,"Less than $10,000",59,59.0,ok
2015,Number of stoppages that lasted 6 hours or more:,3,"$10,000 to $19,999",20,20.0,ok
2015,Number of stoppages that lasted 6 hours or more:,3,"$100,000 to $119,999",S,,suppressed
2015,Number of stoppages that lasted 6 hours or more:,3,"$120,000 or more",S,,suppressed
2015,Number of stoppages that lasted 6 hours or more:,3,"$20,000 to $29,999",47,47.0,ok
2015,Number of stoppages that lasted 6 hours or more:,3,"$30,000 to $39,999",S,,suppressed
2015,Number of stoppages that lasted 6 hours or more:,3,"$40,000 to $49,999",S,,suppressed
2015,Number of stoppages that lasted 6 hours or more:,3,"$50,000 to $59,999",S,,suppressed
2015,Number of stoppages that lasted 6 hours or more:,3,"$60,000 to $79,999",S,,suppressed
2015,Number of stoppages that lasted 6 hours or more:,3,"$80,000 to $99,999",S,,suppressed
2015,Number of stoppages that lasted 6 hours or more:,3,"Less than $10,000",S,,suppressed
2015,Number of stoppages that lasted 6 hours or more:,4 or more,"$10,000 to $19,999",65,65.0,ok
2015,Number of stoppages that lasted 6 hours or more:,4 or more,"$100,000 to $119,999",S,,suppressed
2015,Number of stoppages that lasted 6 hours or more:,4 or more,"$120,000 or more",S,,suppressed
2015,Number of stoppages that lasted 6 hours or more:,4 or more,"$20,000 to $29,999",64,64.0,ok
2015,Number of stoppages that lasted 6 hours or more:,4 or more,"$30,000 to $39,999",35,35.0,ok
2015,Number of stoppages that lasted 6 hours or more:,4 or more,"$40,000 to $49,999",S,,suppressed
2015,Number of stoppages that lasted 6 hours or more:,4 or more,"$50,000 to $59,999",S,,suppressed
2015,Number of stoppages that lasted 6 hours or more:,4 or more,"$60,000 to $79,999",37,37.0,ok
2015,Number of stoppages that lasted 6 hours or more:,4 or more,"$80,000 to $99,999",S,,suppressed
2015,Number of stoppages that lasted 6 hours or more:,4 or more,"Less than $10,000",72,72.0,ok
2015,Number of stoppages that lasted 6 hours or more:,Number of stoppages not reported,"$10,000 to $19,999",S,,suppressed
2015,Number of stoppages that lasted 6 hours or more:,Number of stoppages not reported,"$100,000 to $119,999",S,,suppressed
2015,Number of stoppages that lasted 6 hours or more:,Number of stoppages not reported,"$120,000 or more",S,,suppressed
2015,Number of stoppages that lasted 6 hours or more:,Number of stoppages not reported,"$20,000 to $29,999",.,,blank_or_na
2015,Number of stoppages that lasted 6 hours or more:,Number of stoppages not reported,"$30,000 to $39,999",S,,suppressed
2015,Number of stoppages that lasted 6 hours or more:,Number of stoppages not reported,"$40,000 to $49,999",S,,suppressed
2015,Number of stoppages that lasted 6 hours or more:,Number of stoppages not reported,"$50,000 to $59,999",.,,blank_or_na
2015,Number of stoppages that lasted 6 hours or more:,Number of stoppages not reported,"$60,000 to $79,999",S,,suppressed
2015,Number of stoppages that lasted 6 hours or more:,Number of stoppages not reported,"$80,000 to $99,999",S,,suppressed
2015,Number of stoppages that lasted 6 hours or more:,Number of stoppages not reported,"Less than $10,000",S,,suppressed
2015,Number of stoppages that lasted 6 hours or more:,Stoppage not reported,"$10,000 to $19,999",94,94.0,ok
2015,Number of stoppages that lasted 6 hours or more:,Stoppage not reported,"$100,000 to $119,999",86,86.0,ok
2015,Number of stoppages that lasted 6 hours or more:,Stoppage not reported,"$120,000 or more",142,142.0,ok
2015,Number of stoppages that lasted 6 hours or more:,Stoppage not reported,"$20,000 to $29,999",83,83.0,ok
2015,Number of stoppages that lasted 6 hours or more:,Stoppage not reported,"$30,000 to $39,999",101,101.0,ok
2015,Number of stoppages that lasted 6 hours or more:,Stoppage not reported,"$40,000 to $49,999",99,99.0,ok
2015,Number of stoppages that lasted 6 hours or more:,Stoppage not reported,"$50,000 to $59,999",88,88.0,ok
2015,Number of stoppages that lasted 6 hours or more:,Stoppage not reported,"$60,000 to $79,999",133,133.0,ok
2015,Number of stoppages that lasted 6 hours or more:,Stoppage not reported,"$80,000 to $99,999",92,92.0,ok
2015,Number of stoppages that lasted 6 hours or more:,Stoppage not reported,"Less than $10,000",169,169.0,ok
2015,Selected Deficiencies,Broken plaster or peeling paint (interior),"$10,000 to $19,999",451,451.0,ok
2015,Selected Deficiencies,Broken plaster or peeling paint (interior),"$100,000 to $119,999",124,124.0,ok
2015,Selected Deficiencies,Broken plaster or peeling paint (interior),"$120,000 or more",244,244.0,ok
2015,Selected Deficiencies,Broken plaster or peeling paint (interior),"$20,000 to $29,999",379,379.0,ok
2015,Selected Deficiencies,Broken plaster or peeling paint (interior),"$30,000 to $39,999",293,293.0,ok
2015,Selected Deficiencies,Broken plaster or peeling paint (interior),"$40,000 to $49,999",271,271.0,ok
2015,Selected Deficiencies,Broken plaster or peeling paint (interior),"$50,000 to $59,999",180,180.0,ok
2015,Selected Deficiencies,Broken plaster or peeling paint (interior),"$60,000 to $79,999",313,313.0,ok
2015,Selected Deficiencies,Broken plaster or peeling paint (interior),"$80,000 to $99,999",218,218.0,ok
2015,Selected Deficiencies,Broken plaster or peeling paint (interior),"Less than $10,000",418,418.0,ok
2015,Selected Deficiencies,Exposed wiring,"$10,000 to $19,999",416,416.0,ok
2015,Selected Deficiencies,Exposed wiring,"$100,000 to $119,999",208,208.0,ok
2015,Selected Deficiencies,Exposed wiring,"$120,000 or more",397,397.0,ok
2015,Selected Deficiencies,Exposed wiring,"$20,000 to $29,999",411,411.0,ok
2015,Selected Deficiencies,Exposed wiring,"$30,000 to $39,999",321,321.0,ok
2015,Selected Deficiencies,Exposed wiring,"$40,000 to $49,999",252,252.0,ok
2015,Selected Deficiencies,Exposed wiring,"$50,000 to $59,999",257,257.0,ok
2015,Selected Deficiencies,Exposed wiring,"$60,000 to $79,999",366,366.0,ok
2015,Selected Deficiencies,Exposed wiring,"$80,000 to $99,999",224,224.0,ok
2015,Selected Deficiencies,Exposed wiring,"Less than $10,000",524,524.0,ok
2015,Selected Deficiencies,Holes in floors,"$10,000 to $19,999",312,312.0,ok
2015,Selected Deficiencies,Holes in floors,"$100,000 to $119,999",54,54.0,ok
2015,Selected Deficiencies,Holes in floors,"$120,000 or more",96,96.0,ok
2015,Selected Deficiencies,Holes in floors,"$20,000 to $29,999",288,288.0,ok
2015,Selected Deficiencies,Holes in floors,"$30,000 to $39,999",204,204.0,ok
2015,Selected Deficiencies,Holes in floors,"$40,000 to $49,999",139,139.0,ok
2015,Selected Deficiencies,Holes in floors,"$50,000 to $59,999",108,108.0,ok
2015,Selected Deficiencies,Holes in floors,"$60,000 to $79,999",96,96.0,ok
2015,Selected Deficiencies,Holes in floors,"$80,000 to $99,999",94,94.0,ok
2015,Selected Deficiencies,Holes in floors,"Less than $10,000",324,324.0,ok
2015,Selected Deficiencies,No electrical wiring,"$10,000 to $19,999",16,16.0,ok
2015,Selected Deficiencies,No electrical wiring,"$100,000 to $119,999",S,,suppressed
2015,Selected Deficiencies,No electrical wiring,"$120,000 or more",S,,suppressed
2015,Selected Deficiencies,No electrical wiring,"$20,000 to $29,999",S,,suppressed
2015,Selected Deficiencies,No electrical wiring,"$30,000 to $39,999",S,,suppressed
2015,Selected Deficiencies,No electrical wiring,"$40,000 to $49,999",S,,suppressed
2015,Selected Deficiencies,No electrical wiring,"$50,000 to $59,999",S,,suppressed
2015,Selected Deficiencies,No electrical wiring,"$60,000 to $79,999",S,,suppressed
2015,Selected Deficiencies,No electrical wiring,"$80,000 to $99,999",S,,suppressed
2015,Selected Deficiencies,No electrical wiring,"Less than $10,000",36,36.0,ok
2015,Selected Deficiencies,Open cracks or holes (interior),"$10,000 to $19,999","1,026",1026.0,ok
2015,Selected Deficiencies,Open cracks or holes (interior),"$100,000 to $119,999",405,405.0,ok
2015,Selected Deficiencies,Open cracks or holes (interior),"$120,000 or more",744,744.0,ok
2015,Selected Deficiencies,Open cracks or holes (interior),"$20,000 to $29,999",912,912.0,ok
2015,Selected Deficiencies,Open cracks or holes (interior),"$30,000 to $39,999",796,796.0,ok
2015,Selected Deficiencies,Open cracks or holes (interior),"$40,000 to $49,999",706,706.0,ok
2015,Selected Deficiencies,Open cracks or holes (interior),"$50,000 to $59,999",509,509.0,ok
2015,Selected Deficiencies,Open cracks or holes (interior),"$60,000 to $79,999",825,825.0,ok
2015,Selected Deficiencies,Open cracks or holes (interior),"$80,000 to $99,999",528,528.0,ok
2015,Selected Deficiencies,Open cracks or holes (interior),"Less than $10,000",943,943.0,ok
2015,Selected Deficiencies,Rooms without electric outlets,"$10,000 to $19,999",380,380.0,ok
2015,Selected Deficiencies,Rooms without electric outlets,"$100,000 to $119,999",100,100.0,ok
2015,Selected Deficiencies,Rooms without electric outlets,"$120,000 or more",302,302.0,ok
2015,Selected Deficiencies,Rooms without electric outlets,"$20,000 to $29,999",362,362.0,ok
2015,Selected Deficiencies,Rooms without electric outlets,"$30,000 to $39,999",317,317.0,ok
2015,Selected Deficiencies,Rooms without electric outlets,"$40,000 to $49,999",218,218.0,ok
2015,Selected Deficiencies,Rooms without electric outlets,"$50,000 to $59,999",216,216.0,ok
2015,Selected Deficiencies,Rooms without electric outlets,"$60,000 to $79,999",304,304.0,ok
2015,Selected Deficiencies,Rooms without electric outlets,"$80,000 to $99,999",140,140.0,ok
2015,Selected Deficiencies,Rooms without electric outlets,"Less than $10,000",401,401.0,ok
2015,Selected Deficiencies,Signs of cockroaches in last 12 months,"$10,000 to $19,999","1,903",1903.0,ok
2015,Selected Deficiencies,Signs of cockroaches in last 12 months,"$100,000 to $119,999",660,660.0,ok
2015,Selected Deficiencies,Signs of cockroaches in last 12 months,"$120,000 or more","1,461",1461.0,ok
2015,Selected Deficiencies,Signs of cockroaches in last 12 months,"$20,000 to $29,999","1,690",1690.0,ok
2015,Selected Deficiencies,Signs of cockroaches in last 12 months,"$30,000 to $39,999","1,616",1616.0,ok
2015,Selected Deficiencies,Signs of cockroaches in last 12 months,"$40,000 to $49,999","1,307",1307.0,ok
2015,Selected Deficiencies,Signs of cockroaches in last 12 months,"$50,000 to $59,999",970,970.0,ok
2015,Selected Deficiencies,Signs of cockroaches in last 12 months,"$60,000 to $79,999","1,553",1553.0,ok
2015,Selected Deficiencies,Signs of cockroaches in last 12 months,"$80,000 to $99,999",990,990.0,ok
2015,Selected Deficiencies,Signs of cockroaches in last 12 months,"Less than $10,000","1,860",1860.0,ok
2015,Selected Deficiencies,Signs of mice or rats inside home in last 12 months,"$10,000 to $19,999","1,485",1485.0,ok
2015,Selected Deficiencies,Signs of mice or rats inside home in last 12 months,"$100,000 to $119,999",818,818.0,ok
2015,Selected Deficiencies,Signs of mice or rats inside home in last 12 months,"$120,000 or more","1,975",1975.0,ok
2015,Selected Deficiencies,Signs of mice or rats inside home in last 12 months,"$20,000 to $29,999","1,408",1408.0,ok
2015,Selected Deficiencies,Signs of mice or rats inside home in last 12 months,"$30,000 to $39,999","1,337",1337.0,ok
2015,Selected Deficiencies,Signs of mice or rats inside home in last 12 months,"$40,000 to $49,999","1,245",1245.0,ok
2015,Selected Deficiencies,Signs of mice or rats inside home in last 12 months,"$50,000 to $59,999",930,930.0,ok
2015,Selected Deficiencies,Signs of mice or rats inside home in last 12 months,"$60,000 to $79,999","1,627",1627.0,ok
2015,Selected Deficiencies,Signs of mice or rats inside home in last 12 months,"$80,000 to $99,999","1,138",1138.0,ok
2015,Selected Deficiencies,Signs of mice or rats inside home in last 12 months,"Less than $10,000","1,294",1294.0,ok
2015,Sewage Disposal Breakdowns,No breakdowns in last 3 months,"$10,000 to $19,999","9,747",9747.0,ok
2015,Sewage Disposal Breakdowns,No breakdowns in last 3 months,"$100,000 to $119,999","6,216",6216.0,ok
2015,Sewage Disposal Breakdowns,No breakdowns in last 3 months,"$120,000 or more","14,700",14700.0,ok
2015,Sewage Disposal Breakdowns,No breakdowns in last 3 months,"$20,000 to $29,999","9,835",9835.0,ok
2015,Sewage Disposal Breakdowns,No breakdowns in last 3 months,"$30,000 to $39,999","9,025",9025.0,ok
2015,Sewage Disposal Breakdowns,No breakdowns in last 3 months,"$40,000 to $49,999","7,936",7936.0,ok
2015,Sewage Disposal Breakdowns,No breakdowns in last 3 months,"$50,000 to $59,999","6,920",6920.0,ok
2015,Sewage Disposal Breakdowns,No breakdowns in last 3 months,"$60,000 to $79,999","11,324",11324.0,ok
2015,Sewage Disposal Breakdowns,No breakdowns in last 3 months,"$80,000 to $99,999","8,162",8162.0,ok
2015,Sewage Disposal Breakdowns,No breakdowns in last 3 months,"Less than $10,000","8,815",8815.0,ok
2015,Sewage Disposal Breakdowns,No breakdowns lasting 6 hours or more,"$10,000 to $19,999",39,39.0,ok
2015,Sewage Disposal Breakdowns,No breakdowns lasting 6 hours or more,"$100,000 to $119,999",S,,suppressed
2015,Sewage Disposal Breakdowns,No breakdowns lasting 6 hours or more,"$120,000 or more",S,,suppressed
2015,Sewage Disposal Breakdowns,No breakdowns lasting 6 hours or more,"$20,000 to $29,999",S,,suppressed
2015,Sewage Disposal Breakdowns,No breakdowns lasting 6 hours or more,"$30,000 to $39,999",S,,suppressed
2015,Sewage Disposal Breakdowns,No breakdowns lasting 6 hours or more,"$40,000 to $49,999",S,,suppressed
2015,Sewage Disposal Breakdowns,No breakdowns lasting 6 hours or more,"$50,000 to $59,999",S,,suppressed
2015,Sewage Disposal Breakdowns,No breakdowns lasting 6 hours or more,"$60,000 to $79,999",22,22.0,ok
2015,Sewage Disposal Breakdowns,No breakdowns lasting 6 hours or more,"$80,000 to $99,999",S,,suppressed
2015,Sewage Disposal Breakdowns,No breakdowns lasting 6 hours or more,"Less than $10,000",29,29.0,ok
2015,Sewage Disposal Breakdowns,With breakdown(s) in last 3 months,"$10,000 to $19,999",220,220.0,ok
2015,Sewage Disposal Breakdowns,With breakdown(s) in last 3 months,"$100,000 to $119,999",84,84.0,ok
2015,Sewage Disposal Breakdowns,With breakdown(s) in last 3 months,"$120,000 or more",150,150.0,ok
2015,Sewage Disposal Breakdowns,With breakdown(s) in last 3 months,"$20,000 to $29,999",150,150.0,ok
2015,Sewage Disposal Breakdowns,With breakdown(s) in last 3 months,"$30,000 to $39,999",126,126.0,ok
2015,Sewage Disposal Breakdowns,With breakdown(s) in last 3 months,"$40,000 to $49,999",121,121.0,ok
2015,Sewage Disposal Breakdowns,With breakdown(s) in last 3 months,"$50,000 to $59,999",85,85.0,ok
2015,Sewage Disposal Breakdowns,With breakdown(s) in last 3 months,"$60,000 to $79,999",160,160.0,ok
2015,Sewage Disposal Breakdowns,With breakdown(s) in last 3 months,"$80,000 to $99,999",65,65.0,ok
2015,Sewage Disposal Breakdowns,With breakdown(s) in last 3 months,"Less than $10,000",220,220.0,ok
2015,Sewage Disposal Breakdowns,With public sewer,"$10,000 to $19,999","9,967",9967.0,ok
2015,Sewage Disposal Breakdowns,With public sewer,"$100,000 to $119,999","6,301",6301.0,ok
2015,Sewage Disposal Breakdowns,With public sewer,"$120,000 or more","14,850",14850.0,ok
2015,Sewage Disposal Breakdowns,With public sewer,"$20,000 to $29,999","9,985",9985.0,ok
2015,Sewage Disposal Breakdowns,With public sewer,"$30,000 to $39,999","9,151",9151.0,ok
2015,Sewage Disposal Breakdowns,With public sewer,"$40,000 to $49,999","8,057",8057.0,ok
2015,Sewage Disposal Breakdowns,With public sewer,"$50,000 to $59,999","7,005",7005.0,ok
2015,Sewage Disposal Breakdowns,With public sewer,"$60,000 to $79,999","11,484",11484.0,ok
2015,Sewage Disposal Breakdowns,With public sewer,"$80,000 to $99,999","8,228",8228.0,ok
2015,Sewage Disposal Breakdowns,With public sewer,"Less than $10,000","9,035",9035.0,ok
2015,Water Leakage During Last 12 Months,Basement,"$10,000 to $19,999",186,186.0,ok
2015,Water Leakage During Last 12 Months,Basement,"$100,000 to $119,999",200,200.0,ok
2015,Water Leakage During Last 12 Months,Basement,"$120,000 or more",488,488.0,ok
2015,Water Leakage During Last 12 Months,Basement,"$20,000 to $29,999",203,203.0,ok
2015,Water Leakage During Last 12 Months,Basement,"$30,000 to $39,999",214,214.0,ok
2015,Water Leakage During Last 12 Months,Basement,"$40,000 to $49,999",188,188.0,ok
2015,Water Leakage During Last 12 Months,Basement,"$50,000 to $59,999",226,226.0,ok
2015,Water Leakage During Last 12 Months,Basement,"$60,000 to $79,999",392,392.0,ok
2015,Water Leakage During Last 12 Months,Basement,"$80,000 to $99,999",300,300.0,ok
2015,Water Leakage During Last 12 Months,Basement,"Less than $10,000",138,138.0,ok
2015,Water Leakage During Last 12 Months,Broken water heater,"$10,000 to $19,999",103,103.0,ok
2015,Water Leakage During Last 12 Months,Broken water heater,"$100,000 to $119,999",55,55.0,ok
2015,Water Leakage During Last 12 Months,Broken water heater,"$120,000 or more",132,132.0,ok
2015,Water Leakage During Last 12 Months,Broken water heater,"$20,000 to $29,999",131,131.0,ok
2015,Water Leakage During Last 12 Months,Broken water heater,"$30,000 to $39,999",87,87.0,ok
2015,Water Leakage During Last 12 Months,Broken water heater,"$40,000 to $49,999",70,70.0,ok
2015,Water Leakage During Last 12 Months,Broken water heater,"$50,000 to $59,999",97,97.0,ok
2015,Water Leakage During Last 12 Months,Broken water heater,"$60,000 to $79,999",159,159.0,ok
2015,Water Leakage During Last 12 Months,Broken water heater,"$80,000 to $99,999",92,92.0,ok
2015,Water Leakage During Last 12 Months,Broken water heater,"Less than $10,000",119,119.0,ok
2015,Water Leakage During Last 12 Months,Exterior leakage not reported,"$10,000 to $19,999",103,103.0,ok
2015,Water Leakage During Last 12 Months,Exterior leakage not reported,"$100,000 to $119,999",85,85.0,ok
2015,Water Leakage During Last 12 Months,Exterior leakage not reported,"$120,000 or more",150,150.0,ok
2015,Water Leakage During Last 12 Months,Exterior leakage not reported,"$20,000 to $29,999",91,91.0,ok
2015,Water Leakage During Last 12 Months,Exterior leakage not reported,"$30,000 to $39,999",107,107.0,ok
2015,Water Leakage During Last 12 Months,Exterior leakage not reported,"$40,000 to $49,999",102,102.0,ok
2015,Water Leakage During Last 12 Months,Exterior leakage not reported,"$50,000 to $59,999",104,104.0,ok
2015,Water Leakage During Last 12 Months,Exterior leakage not reported,"$60,000 to $79,999",137,137.0,ok
2015,Water Leakage During Last 12 Months,Exterior leakage not reported,"$80,000 to $99,999",95,95.0,ok
2015,Water Leakage During Last 12 Months,Exterior leakage not reported,"Less than $10,000",170,170.0,ok
2015,Water Leakage During Last 12 Months,Fixtures backed up or overflowed,"$10,000 to $19,999",268,268.0,ok
2015,Water Leakage During Last 12 Months,Fixtures backed up or overflowed,"$100,000 to $119,999",136,136.0,ok
2015,Water Leakage During Last 12 Months,Fixtures backed up or overflowed,"$120,000 or more",342,342.0,ok
2015,Water Leakage During Last 12 Months,Fixtures backed up or overflowed,"$20,000 to $29,999",256,256.0,ok
2015,Water Leakage During Last 12 Months,Fixtures backed up or overflowed,"$30,000 to $39,999",218,218.0,ok
2015,Water Leakage During Last 12 Months,Fixtures backed up or overflowed,"$40,000 to $49,999",208,208.0,ok
2015,Water Leakage During Last 12 Months,Fixtures backed up or overflowed,"$50,000 to $59,999",183,183.0,ok
2015,Water Leakage During Last 12 Months,Fixtures backed up or overflowed,"$60,000 to $79,999",357,357.0,ok
2015,Water Leakage During Last 12 Months,Fixtures backed up or overflowed,"$80,000 to $99,999",225,225.0,ok
2015,Water Leakage During Last 12 Months,Fixtures backed up or overflowed,"Less than $10,000",216,216.0,ok
2015,Water Leakage During Last 12 Months,Interior leakage not reported,"$10,000 to $19,999",95,95.0,ok
2015,Water Leakage During Last 12 Months,Interior leakage not reported,"$100,000 to $119,999",85,85.0,ok
2015,Water Leakage During Last 12 Months,Interior leakage not reported,"$120,000 or more",153,153.0,ok
2015,Water Leakage During Last 12 Months,Interior leakage not reported,"$20,000 to $29,999",84,84.0,ok
2015,Water Leakage During Last 12 Months,Interior leakage not reported,"$30,000 to $39,999",100,100.0,ok
2015,Water Leakage During Last 12 Months,Interior leakage not reported,"$40,000 to $49,999",110,110.0,ok
2015,Water Leakage During Last 12 Months,Interior leakage not reported,"$50,000 to $59,999",97,97.0,ok
2015,Water Leakage During Last 12 Months,Interior leakage not reported,"$60,000 to $79,999",137,137.0,ok
2015,Water Leakage During Last 12 Months,Interior leakage not reported,"$80,000 to $99,999",94,94.0,ok
2015,Water Leakage During Last 12 Months,Interior leakage not reported,"Less than $10,000",176,176.0,ok
2015,Water Leakage During Last 12 Months,No leakage from inside structure,"$10,000 to $19,999","11,003",11003.0,ok
2015,Water Leakage During Last 12 Months,No leakage from inside structure,"$100,000 to $119,999","7,316",7316.0,ok
2015,Water Leakage During Last 12 Months,No leakage from inside structure,"$120,000 or more","17,267",17267.0,ok
2015,Water Leakage During Last 12 Months,No leakage from inside structure,"$20,000 to $29,999","11,208",11208.0,ok
2015,Water Leakage During Last 12 Months,No leakage from inside structure,"$30,000 to $39,999","10,541",10541.0,ok
2015,Water Leakage During Last 12 Months,No leakage from inside structure,"$40,000 to $49,999","9,257",9257.0,ok
2015,Water Leakage During Last 12 Months,No leakage from inside structure,"$50,000 to $59,999","8,004",8004.0,ok
2015,Water Leakage During Last 12 Months,No leakage from inside structure,"$60,000 to $79,999","13,380",13380.0,ok
2015,Water Leakage During Last 12 Months,No leakage from inside structure,"$80,000 to $99,999","9,581",9581.0,ok
2015,Water Leakage During Last 12 Months,No leakage from inside structure,"Less than $10,000","9,588",9588.0,ok
2015,Water Leakage During Last 12 Months,No leakage from outside structure,"$10,000 to $19,999","10,948",10948.0,ok
2015,Water Leakage During Last 12 Months,No leakage from outside structure,"$100,000 to $119,999","7,115",7115.0,ok
2015,Water Leakage During Last 12 Months,No leakage from outside structure,"$120,000 or more","16,701",16701.0,ok
2015,Water Leakage During Last 12 Months,No leakage from outside structure,"$20,000 to $29,999","11,046",11046.0,ok
2015,Water Leakage During Last 12 Months,No leakage from outside structure,"$30,000 to $39,999","10,307",10307.0,ok
2015,Water Leakage During Last 12 Months,No leakage from outside structure,"$40,000 to $49,999","9,104",9104.0,ok
2015,Water Leakage During Last 12 Months,No leakage from outside structure,"$50,000 to $59,999","7,913",7913.0,ok
2015,Water Leakage During Last 12 Months,No leakage from outside structure,"$60,000 to $79,999","13,223",13223.0,ok
2015,Water Leakage During Last 12 Months,No leakage from outside structure,"$80,000 to $99,999","9,508",9508.0,ok
2015,Water Leakage During Last 12 Months,No leakage from outside structure,"Less than $10,000","9,514",9514.0,ok
2015,Water Leakage During Last 12 Months,Other or unknown (includes not reported),"$10,000 to $19,999",275,275.0,ok
2015,Water Leakage During Last 12 Months,Other or unknown (includes not reported),"$100,000 to $119,999",191,191.0,ok
2015,Water Leakage During Last 12 Months,Other or unknown (includes not reported),"$120,000 or more",374,374.0,ok
2015,Water Leakage During Last 12 Months,Other or unknown (includes not reported),"$20,000 to $29,999",273,273.0,ok
2015,Water Leakage During Last 12 Months,Other or unknown (includes not reported),"$30,000 to $39,999",278,278.0,ok
2015,Water Leakage During Last 12 Months,Other or unknown (includes not reported),"$40,000 to $49,999",244,244.0,ok
2015,Water Leakage During Last 12 Months,Other or unknown (includes not reported),"$50,000 to $59,999",198,198.0,ok
2015,Water Leakage During Last 12 Months,Other or unknown (includes not reported),"$60,000 to $79,999",358,358.0,ok
2015,Water Leakage During Last 12 Months,Other or unknown (includes not reported),"$80,000 to $99,999",201,201.0,ok
2015,Water Leakage During Last 12 Months,Other or unknown (includes not reported),"Less than $10,000",269,269.0,ok
2015,Water Leakage During Last 12 Months,Pipes leaked,"$10,000 to $19,999",609,609.0,ok
2015,Water Leakage During Last 12 Months,Pipes leaked,"$100,000 to $119,999",224,224.0,ok
2015,Water Leakage During Last 12 Months,Pipes leaked,"$120,000 or more",548,548.0,ok
2015,Water Leakage During Last 12 Months,Pipes leaked,"$20,000 to $29,999",516,516.0,ok
2015,Water Leakage During Last 12 Months,Pipes leaked,"$30,000 to $39,999",478,478.0,ok
2015,Water Leakage During Last 12 Months,Pipes leaked,"$40,000 to $49,999",336,336.0,ok
2015,Water Leakage During Last 12 Months,Pipes leaked,"$50,000 to $59,999",366,366.0,ok
2015,Water Leakage During Last 12 Months,Pipes leaked,"$60,000 to $79,999",548,548.0,ok
2015,Water Leakage During Last 12 Months,Pipes leaked,"$80,000 to $99,999",442,442.0,ok
2015,Water Leakage During Last 12 Months,Pipes leaked,"Less than $10,000",472,472.0,ok
2015,Water Leakage During Last 12 Months,Roof,"$10,000 to $19,999",728,728.0,ok
2015,Water Leakage During Last 12 Months,Roof,"$100,000 to $119,999",448,448.0,ok
2015,Water Leakage During Last 12 Months,Roof,"$120,000 or more","1,081",1081.0,ok
2015,Water Leakage During Last 12 Months,Roof,"$20,000 to $29,999",729,729.0,ok
2015,Water Leakage During Last 12 Months,Roof,"$30,000 to $39,999",698,698.0,ok
2015,Water Leakage During Last 12 Months,Roof,"$40,000 to $49,999",550,550.0,ok
2015,Water Leakage During Last 12 Months,Roof,"$50,000 to $59,999",478,478.0,ok
2015,Water Leakage During Last 12 Months,Roof,"$60,000 to $79,999",738,738.0,ok
2015,Water Leakage During Last 12 Months,Roof,"$80,000 to $99,999",524,524.0,ok
2015,Water Leakage During Last 12 Months,Roof,"Less than $10,000",642,642.0,ok
2015,Water Leakage During Last 12 Months,"Walls, closed windows, or doors","$10,000 to $19,999",261,261.0,ok
2015,Water Leakage During Last 12 Months,"Walls, closed windows, or doors","$100,000 to $119,999",153,153.0,ok
2015,Water Leakage During Last 12 Months,"Walls, closed windows, or doors","$120,000 or more",366,366.0,ok
2015,Water Leakage During Last 12 Months,"Walls, closed windows, or doors","$20,000 to $29,999",285,285.0,ok
2015,Water Leakage During Last 12 Months,"Walls, closed windows, or doors","$30,000 to $39,999",264,264.0,ok
2015,Water Leakage During Last 12 Months,"Walls, closed windows, or doors","$40,000 to $49,999",222,222.0,ok
2015,Water Leakage During Last 12 Months,"Walls, closed windows, or doors","$50,000 to $59,999",184,184.0,ok
2015,Water Leakage During Last 12 Months,"Walls, closed windows, or doors","$60,000 to $79,999",271,271.0,ok
2015,Water Leakage During Last 12 Months,"Walls, closed windows, or doors","$80,000 to $99,999",151,151.0,ok
2015,Water Leakage During Last 12 Months,"Walls, closed windows, or doors","Less than $10,000",237,237.0,ok
2015,Water Leakage During Last 12 Months,With leakage from inside structure,"$10,000 to $19,999","1,147",1147.0,ok
2015,Water Leakage During Last 12 Months,With leakage from inside structure,"$100,000 to $119,999",582,582.0,ok
2015,Water Leakage During Last 12 Months,With leakage from inside structure,"$120,000 or more","1,364",1364.0,ok
2015,Water Leakage During Last 12 Months,With leakage from inside structure,"$20,000 to $29,999","1,106",1106.0,ok
2015,Water Leakage During Last 12 Months,With leakage from inside structure,"$30,000 to $39,999",999,999.0,ok
2015,Water Leakage During Last 12 Months,With leakage from inside structure,"$40,000 to $49,999",809,809.0,ok
2015,Water Leakage During Last 12 Months,With leakage from inside structure,"$50,000 to $59,999",808,808.0,ok
2015,Water Leakage During Last 12 Months,With leakage from inside structure,"$60,000 to $79,999","1,312",1312.0,ok
2015,Water Leakage During Last 12 Months,With leakage from inside structure,"$80,000 to $99,999",912,912.0,ok
2015,Water Leakage During Last 12 Months,With leakage from inside structure,"Less than $10,000",977,977.0,ok
2015,Water Leakage During Last 12 Months,With leakage from outside structure,"$10,000 to $19,999","1,195",1195.0,ok
2015,Water Leakage During Last 12 Months,With leakage from outside structure,"$100,000 to $119,999",782,782.0,ok
2015,Water Leakage During Last 12 Months,With leakage from outside structure,"$120,000 or more","1,934",1934.0,ok
2015,Water Leakage During Last 12 Months,With leakage from outside structure,"$20,000 to $29,999","1,261",1261.0,ok
2015,Water Leakage During Last 12 Months,With leakage from outside structure,"$30,000 to $39,999","1,225",1225.0,ok
2015,Water Leakage During Last 12 Months,With leakage from outside structure,"$40,000 to $49,999",970,970.0,ok
2015,Water Leakage During Last 12 Months,With leakage from outside structure,"$50,000 to $59,999",891,891.0,ok
2015,Water Leakage During Last 12 Months,With leakage from outside structure,"$60,000 to $79,999","1,469",1469.0,ok
2015,Water Leakage During Last 12 Months,With leakage from outside structure,"$80,000 to $99,999",984,984.0,ok
2015,Water Leakage During Last 12 Months,With leakage from outside structure,"Less than $10,000","1,055",1055.0,ok
2015,Water Supply Stoppage,No stoppage in last 3 months,"$10,000 to $19,999","11,605",11605.0,ok
2015,Water Supply Stoppage,No stoppage in last 3 months,"$100,000 to $119,999","7,712",7712.0,ok
2015,Water Supply Stoppage,No stoppage in last 3 months,"$120,000 or more","18,161",18161.0,ok
2015,Water Supply Stoppage,No stoppage in last 3 months,"$20,000 to $29,999","11,817",11817.0,ok
2015,Water Supply Stoppage,No stoppage in last 3 months,"$30,000 to $39,999","11,133",11133.0,ok
2015,Water Supply Stoppage,No stoppage in last 3 months,"$40,000 to $49,999","9,767",9767.0,ok
2015,Water Supply Stoppage,No stoppage in last 3 months,"$50,000 to $59,999","8,518",8518.0,ok
2015,Water Supply Stoppage,No stoppage in last 3 months,"$60,000 to $79,999","14,251",14251.0,ok
2015,Water Supply Stoppage,No stoppage in last 3 months,"$80,000 to $99,999","10,183",10183.0,ok
2015,Water Supply Stoppage,No stoppage in last 3 months,"Less than $10,000","10,085",10085.0,ok
2015,Water Supply Stoppage,No stoppage lasting 6 hours or more,"$10,000 to $19,999",108,108.0,ok
2015,Water Supply Stoppage,No stoppage lasting 6 hours or more,"$100,000 to $119,999",31,31.0,ok
2015,Water Supply Stoppage,No stoppage lasting 6 hours or more,"$120,000 or more",117,117.0,ok
2015,Water Supply Stoppage,No stoppage lasting 6 hours or more,"$20,000 to $29,999",82,82.0,ok
2015,Water Supply Stoppage,No stoppage lasting 6 hours or more,"$30,000 to $39,999",73,73.0,ok
2015,Water Supply Stoppage,No stoppage lasting 6 hours or more,"$40,000 to $49,999",56,56.0,ok
2015,Water Supply Stoppage,No stoppage lasting 6 hours or more,"$50,000 to $59,999",57,57.0,ok
2015,Water Supply Stoppage,No stoppage lasting 6 hours or more,"$60,000 to $79,999",109,109.0,ok
2015,Water Supply Stoppage,No stoppage lasting 6 hours or more,"$80,000 to $99,999",76,76.0,ok
2015,Water Supply Stoppage,No stoppage lasting 6 hours or more,"Less than $10,000",61,61.0,ok
2015,Water Supply Stoppage,With hot and cold piped water,"$10,000 to $19,999","12,196",12196.0,ok
2015,Water Supply Stoppage,With hot and cold piped water,"$100,000 to $119,999","7,980",7980.0,ok
2015,Water Supply Stoppage,With hot and cold piped water,"$120,000 or more","18,783",18783.0,ok
2015,Water Supply Stoppage,With hot and cold piped water,"$20,000 to $29,999","12,362",12362.0,ok
2015,Water Supply Stoppage,With hot and cold piped water,"$30,000 to $39,999","11,629",11629.0,ok
2015,Water Supply Stoppage,With hot and cold piped water,"$40,000 to $49,999","10,171",10171.0,ok
2015,Water Supply Stoppage,With hot and cold piped water,"$50,000 to $59,999","8,896",8896.0,ok
2015,Water Supply Stoppage,With hot and cold piped water,"$60,000 to $79,999","14,827",14827.0,ok
2015,Water Supply Stoppage,With hot and cold piped water,"$80,000 to $99,999","10,583",10583.0,ok
2015,Water Supply Stoppage,With hot and cold piped water,"Less than $10,000","10,699",10699.0,ok
2015,Water Supply Stoppage,With stoppage in last 3 months,"$10,000 to $19,999",497,497.0,ok
2015,Water Supply Stoppage,With stoppage in last 3 months,"$100,000 to $119,999",183,183.0,ok
2015,Water Supply Stoppage,With stoppage in last 3 months,"$120,000 or more",479,479.0,ok
2015,Water Supply Stoppage,With stoppage in last 3 months,"$20,000 to $29,999",462,462.0,ok
2015,Water Supply Stoppage,With stoppage in last 3 months,"$30,000 to $39,999",395,395.0,ok
2015,Water Supply Stoppage,With stoppage in last 3 months,"$40,000 to $49,999",304,304.0,ok
2015,Water Supply Stoppage,With stoppage in last 3 months,"$50,000 to $59,999",291,291.0,ok
2015,Water Supply Stoppage,With stoppage in last 3 months,"$60,000 to $79,999",443,443.0,ok
2015,Water Supply Stoppage,With stoppage in last 3 months,"$80,000 to $99,999",309,309.0,ok
2015,Water Supply Stoppage,With stoppage in last 3 months,"Less than $10,000",446,446.0,ok
2017,Electric Fuses and Circuit Breakers,1 time,"$10,000 to $19,999",415,415.0,ok
2017,Electric Fuses and Circuit Breakers,1 time,"$100,000 to $119,999",403,403.0,ok
2017,Electric Fuses and Circuit Breakers,1 time,"$120,000 or more","1,310",1310.0,ok
2017,Electric Fuses and Circuit Breakers,1 time,"$20,000 to $29,999",440,440.0,ok
2017,Electric Fuses and Circuit Breakers,1 time,"$30,000 to $39,999",440,440.0,ok
2017,Electric Fuses and Circuit Breakers,1 time,"$40,000 to $49,999",458,458.0,ok
2017,Electric Fuses and Circuit Breakers,1 time,"$50,000 to $59,999",380,380.0,ok
2017,Electric Fuses and Circuit Breakers,1 time,"$60,000 to $79,999",678,678.0,ok
2017,Electric Fuses and Circuit Breakers,1 time,"$80,000 to $99,999",538,538.0,ok
2017,Electric Fuses and Circuit Breakers,1 time,"Less than $10,000",335,335.0,ok
2017,Electric Fuses and Circuit Breakers,2 times,"$10,000 to $19,999",165,165.0,ok
2017,Electric Fuses and Circuit Breakers,2 times,"$100,000 to $119,999",203,203.0,ok
2017,Electric Fuses and Circuit Breakers,2 times,"$120,000 or more",519,519.0,ok
2017,Electric Fuses and Circuit Breakers,2 times,"$20,000 to $29,999",213,213.0,ok
2017,Electric Fuses and Circuit Breakers,2 times,"$30,000 to $39,999",214,214.0,ok
2017,Electric Fuses and Circuit Breakers,2 times,"$40,000 to $49,999",131,131.0,ok
2017,Electric Fuses and Circuit Breakers,2 times,"$50,000 to $59,999",187,187.0,ok
2017,Electric Fuses and Circuit Breakers,2 times,"$60,000 to $79,999",277,277.0,ok
2017,Electric Fuses and Circuit Breakers,2 times,"$80,000 to $99,999",181,181.0,ok
2017,Electric Fuses and Circuit Breakers,2 times,"Less than $10,000",142,142.0,ok
2017,Electric Fuses and Circuit Breakers,3 times,"$10,000 to $19,999",63,63.0,ok
2017,Electric Fuses and Circuit Breakers,3 times,"$100,000 to $119,999",45,45.0,ok
2017,Electric Fuses and Circuit Breakers,3 times,"$120,000 or more",193,193.0,ok
2017,Electric Fuses and Circuit Breakers,3 times,"$20,000 to $29,999",55,55.0,ok
2017,Electric Fuses and Circuit Breakers,3 times,"$30,000 to $39,999",58,58.0,ok
2017,Electric Fuses and Circuit Breakers,3 times,"$40,000 to $49,999",66,66.0,ok
2017,Electric Fuses and Circuit Breakers,3 times,"$50,000 to $59,999",90,90.0,ok
2017,Electric Fuses and Circuit Breakers,3 times,"$60,000 to $79,999",99,99.0,ok
2017,Electric Fuses and Circuit Breakers,3 times,"$80,000 to $99,999",85,85.0,ok
2017,Electric Fuses and Circuit Breakers,3 times,"Less than $10,000",75,75.0,ok
2017,Electric Fuses and Circuit Breakers,4 times or more,"$10,000 to $19,999",136,136.0,ok
2017,Electric Fuses and Circuit Breakers,4 times or more,"$100,000 to $119,999",62,62.0,ok
2017,Electric Fuses and Circuit Breakers,4 times or more,"$120,000 or more",254,254.0,ok
2017,Electric Fuses and Circuit Breakers,4 times or more,"$20,000 to $29,999",98,98.0,ok
2017,Electric Fuses and Circuit Breakers,4 times or more,"$30,000 to $39,999",118,118.0,ok
2017,Electric Fuses and Circuit Breakers,4 times or more,"$40,000 to $49,999",105,105.0,ok
2017,Electric Fuses and Circuit Breakers,4 times or more,"$50,000 to $59,999",92,92.0,ok
2017,Electric Fuses and Circuit Breakers,4 times or more,"$60,000 to $79,999",154,154.0,ok
2017,Electric Fuses and Circuit Breakers,4 times or more,"$80,000 to $99,999",113,113.0,ok
2017,Electric Fuses and Circuit Breakers,4 times or more,"Less than $10,000",112,112.0,ok
2017,Electric Fuses and Circuit Breakers,No fuses or breakers blown in last 3 months,"$10,000 to $19,999","10,354",10354.0,ok
2017,Electric Fuses and Circuit Breakers,No fuses or breakers blown in last 3 months,"$100,000 to $119,999","8,022",8022.0,ok
2017,Electric Fuses and Circuit Breakers,No fuses or breakers blown in last 3 months,"$120,000 or more","20,083",20083.0,ok
2017,Electric Fuses and Circuit Breakers,No fuses or breakers blown in last 3 months,"$20,000 to $29,999","10,960",10960.0,ok
2017,Electric Fuses and Circuit Breakers,No fuses or breakers blown in last 3 months,"$30,000 to $39,999","10,330",10330.0,ok
2017,Electric Fuses and Circuit Breakers,No fuses or breakers blown in last 3 months,"$40,000 to $49,999","9,502",9502.0,ok
2017,Electric Fuses and Circuit Breakers,No fuses or breakers blown in last 3 months,"$50,000 to $59,999","8,257",8257.0,ok
2017,Electric Fuses and Circuit Breakers,No fuses or breakers blown in last 3 months,"$60,000 to $79,999","14,029",14029.0,ok
2017,Electric Fuses and Circuit Breakers,No fuses or breakers blown in last 3 months,"$80,000 to $99,999","10,406",10406.0,ok
2017,Electric Fuses and Circuit Breakers,No fuses or breakers blown in last 3 months,"Less than $10,000","9,799",9799.0,ok
2017,Electric Fuses and Circuit Breakers,With electrical wiring,"$10,000 to $19,999","11,132",11132.0,ok
2017,Electric Fuses and Circuit Breakers,With electrical wiring,"$100,000 to $119,999","8,734",8734.0,ok
2017,Electric Fuses and Circuit Breakers,With electrical wiring,"$120,000 or more","22,359",22359.0,ok
2017,Electric Fuses and Circuit Breakers,With electrical wiring,"$20,000 to $29,999","11,765",11765.0,ok
2017,Electric Fuses and Circuit Breakers,With electrical wiring,"$30,000 to $39,999","11,160",11160.0,ok
2017,Electric Fuses and Circuit Breakers,With electrical wiring,"$40,000 to $49,999","10,263",10263.0,ok
2017,Electric Fuses and Circuit Breakers,With electrical wiring,"$50,000 to $59,999","9,005",9005.0,ok
2017,Electric Fuses and Circuit Breakers,With electrical wiring,"$60,000 to $79,999","15,236",15236.0,ok
2017,Electric Fuses and Circuit Breakers,With electrical wiring,"$80,000 to $99,999","11,323",11323.0,ok
2017,Electric Fuses and Circuit Breakers,With electrical wiring,"Less than $10,000","10,463",10463.0,ok
2017,Electric Fuses and Circuit Breakers,With fuses or breakers blown in last 3 months,"$10,000 to $19,999",778,778.0,ok
2017,Electric Fuses and Circuit Breakers,With fuses or breakers blown in last 3 months,"$100,000 to $119,999",712,712.0,ok
2017,Electric Fuses and Circuit Breakers,With fuses or breakers blown in last 3 months,"$120,000 or more","2,276",2276.0,ok
2017,Electric Fuses and Circuit Breakers,With fuses or breakers blown in last 3 months,"$20,000 to $29,999",805,805.0,ok
2017,Electric Fuses and Circuit Breakers,With fuses or breakers blown in last 3 months,"$30,000 to $39,999",830,830.0,ok
2017,Electric Fuses and Circuit Breakers,With fuses or breakers blown in last 3 months,"$40,000 to $49,999",760,760.0,ok
2017,Electric Fuses and Circuit Breakers,With fuses or breakers blown in last 3 months,"$50,000 to $59,999",748,748.0,ok
2017,Electric Fuses and Circuit Breakers,With fuses or breakers blown in last 3 months,"$60,000 to $79,999","1,207",1207.0,ok
2017,Electric Fuses and Circuit Breakers,With fuses or breakers blown in last 3 months,"$80,000 to $99,999",918,918.0,ok
2017,Electric Fuses and Circuit Breakers,With fuses or breakers blown in last 3 months,"Less than $10,000",664,664.0,ok
2017,External Building Conditions,Bars on windows,"$10,000 to $19,999",218,218.0,ok
2017,External Building Conditions,Bars on windows,"$100,000 to $119,999",89,89.0,ok
2017,External Building Conditions,Bars on windows,"$120,000 or more",250,250.0,ok
2017,External Building Conditions,Bars on windows,"$20,000 to $29,999",325,325.0,ok
2017,External Building Conditions,Bars on windows,"$30,000 to $39,999",236,236.0,ok
2017,External Building Conditions,Bars on windows,"$40,000 to $49,999",213,213.0,ok
2017,External Building Conditions,Bars on windows,"$50,000 to $59,999",196,196.0,ok
2017,External Building Conditions,Bars on windows,"$60,000 to $79,999",304,304.0,ok
2017,External Building Conditions,Bars on windows,"$80,000 to $99,999",209,209.0,ok
2017,External Building Conditions,Bars on windows,"Less than $10,000",280,280.0,ok
2017,External Building Conditions,Boarded up windows,"$10,000 to $19,999",155,155.0,ok
2017,External Building Conditions,Boarded up windows,"$100,000 to $119,999",35,35.0,ok
2017,External Building Conditions,Boarded up windows,"$120,000 or more",71,71.0,ok
2017,External Building Conditions,Boarded up windows,"$20,000 to $29,999",156,156.0,ok
2017,External Building Conditions,Boarded up windows,"$30,000 to $39,999",132,132.0,ok
2017,External Building Conditions,Boarded up windows,"$40,000 to $49,999",104,104.0,ok
2017,External Building Conditions,Boarded up windows,"$50,000 to $59,999",71,71.0,ok
2017,External Building Conditions,Boarded up windows,"$60,000 to $79,999",100,100.0,ok
2017,External Building Conditions,Boarded up windows,"$80,000 to $99,999",90,90.0,ok
2017,External Building Conditions,Boarded up windows,"Less than $10,000",147,147.0,ok
2017,External Building Conditions,Broken windows,"$10,000 to $19,999",480,480.0,ok
2017,External Building Conditions,Broken windows,"$100,000 to $119,999",248,248.0,ok
2017,External Building Conditions,Broken windows,"$120,000 or more",448,448.0,ok
2017,External Building Conditions,Broken windows,"$20,000 to $29,999",490,490.0,ok
2017,External Building Conditions,Broken windows,"$30,000 to $39,999",410,410.0,ok
2017,External Building Conditions,Broken windows,"$40,000 to $49,999",433,433.0,ok
2017,External Building Conditions,Broken windows,"$50,000 to $59,999",294,294.0,ok
2017,External Building Conditions,Broken windows,"$60,000 to $79,999",466,466.0,ok
2017,External Building Conditions,Broken windows,"$80,000 to $99,999",277,277.0,ok
2017,External Building Conditions,Broken windows,"Less than $10,000",366,366.0,ok
2017,External Building Conditions,Foundation crumbling or has open crack or hole,"$10,000 to $19,999",548,548.0,ok
2017,External Building Conditions,Foundation crumbling or has open crack or hole,"$100,000 to $119,999",305,305.0,ok
2017,External Building Conditions,Foundation crumbling or has open crack or hole,"$120,000 or more",837,837.0,ok
2017,External Building Conditions,Foundation crumbling or has open crack or hole,"$20,000 to $29,999",587,587.0,ok
2017,External Building Conditions,Foundation crumbling or has open crack or hole,"$30,000 to $39,999",414,414.0,ok
2017,External Building Conditions,Foundation crumbling or has open crack or hole,"$40,000 to $49,999",407,407.0,ok
2017,External Building Conditions,Foundation crumbling or has open crack or hole,"$50,000 to $59,999",355,355.0,ok
2017,External Building Conditions,Foundation crumbling or has open crack or hole,"$60,000 to $79,999",577,577.0,ok
2017,External Building Conditions,Foundation crumbling or has open crack or hole,"$80,000 to $99,999",460,460.0,ok
2017,External Building Conditions,Foundation crumbling or has open crack or hole,"Less than $10,000",480,480.0,ok
2017,External Building Conditions,Hole in roof,"$10,000 to $19,999",206,206.0,ok
2017,External Building Conditions,Hole in roof,"$100,000 to $119,999",49,49.0,ok
2017,External Building Conditions,Hole in roof,"$120,000 or more",120,120.0,ok
2017,External Building Conditions,Hole in roof,"$20,000 to $29,999",181,181.0,ok
2017,External Building Conditions,Hole in roof,"$30,000 to $39,999",117,117.0,ok
2017,External Building Conditions,Hole in roof,"$40,000 to $49,999",173,173.0,ok
2017,External Building Conditions,Hole in roof,"$50,000 to $59,999",92,92.0,ok
2017,External Building Conditions,Hole in roof,"$60,000 to $79,999",145,145.0,ok
2017,External Building Conditions,Hole in roof,"$80,000 to $99,999",97,97.0,ok
2017,External Building Conditions,Hole in roof,"Less than $10,000",172,172.0,ok
2017,External Building Conditions,"Missing bricks, siding, or other outside wall material","$10,000 to $19,999",313,313.0,ok
2017,External Building Conditions,"Missing bricks, siding, or other outside wall material","$100,000 to $119,999",126,126.0,ok
2017,External Building Conditions,"Missing bricks, siding, or other outside wall material","$120,000 or more",358,358.0,ok
2017,External Building Conditions,"Missing bricks, siding, or other outside wall material","$20,000 to $29,999",280,280.0,ok
2017,External Building Conditions,"Missing bricks, siding, or other outside wall material","$30,000 to $39,999",198,198.0,ok
2017,External Building Conditions,"Missing bricks, siding, or other outside wall material","$40,000 to $49,999",243,243.0,ok
2017,External Building Conditions,"Missing bricks, siding, or other outside wall material","$50,000 to $59,999",171,171.0,ok
2017,External Building Conditions,"Missing bricks, siding, or other outside wall material","$60,000 to $79,999",327,327.0,ok
2017,External Building Conditions,"Missing bricks, siding, or other outside wall material","$80,000 to $99,999",239,239.0,ok
2017,External Building Conditions,"Missing bricks, siding, or other outside wall material","Less than $10,000",303,303.0,ok
2017,External Building Conditions,Missing roofing material,"$10,000 to $19,999",347,347.0,ok
2017,External Building Conditions,Missing roofing material,"$100,000 to $119,999",219,219.0,ok
2017,External Building Conditions,Missing roofing material,"$120,000 or more",426,426.0,ok
2017,External Building Conditions,Missing roofing material,"$20,000 to $29,999",436,436.0,ok
2017,External Building Conditions,Missing roofing material,"$30,000 to $39,999",273,273.0,ok
2017,External Building Conditions,Missing roofing material,"$40,000 to $49,999",304,304.0,ok
2017,External Building Conditions,Missing roofing material,"$50,000 to $59,999",262,262.0,ok
2017,External Building Conditions,Missing roofing material,"$60,000 to $79,999",449,449.0,ok
2017,External Building Conditions,Missing roofing material,"$80,000 to $99,999",280,280.0,ok
2017,External Building Conditions,Missing roofing material,"Less than $10,000",331,331.0,ok
2017,External Building Conditions,Sagging roof,"$10,000 to $19,999",289,289.0,ok
2017,External Building Conditions,Sagging roof,"$100,000 to $119,999",106,106.0,ok
2017,External Building Conditions,Sagging roof,"$120,000 or more",173,173.0,ok
2017,External Building Conditions,Sagging roof,"$20,000 to $29,999",210,210.0,ok
2017,External Building Conditions,Sagging roof,"$30,000 to $39,999",158,158.0,ok
2017,External Building Conditions,Sagging roof,"$40,000 to $49,999",190,190.0,ok
2017,External Building Conditions,Sagging roof,"$50,000 to $59,999",125,125.0,ok
2017,External Building Conditions,Sagging roof,"$60,000 to $79,999",149,149.0,ok
2017,External Building Conditions,Sagging roof,"$80,000 to $99,999",135,135.0,ok
2017,External Building Conditions,Sagging roof,"Less than $10,000",203,203.0,ok
2017,External Building Conditions,Sloping outside walls,"$10,000 to $19,999",197,197.0,ok
2017,External Building Conditions,Sloping outside walls,"$100,000 to $119,999",66,66.0,ok
2017,External Building Conditions,Sloping outside walls,"$120,000 or more",132,132.0,ok
2017,External Building Conditions,Sloping outside walls,"$20,000 to $29,999",151,151.0,ok
2017,External Building Conditions,Sloping outside walls,"$30,000 to $39,999",111,111.0,ok
2017,External Building Conditions,Sloping outside walls,"$40,000 to $49,999",111,111.0,ok
2017,External Building Conditions,Sloping outside walls,"$50,000 to $59,999",88,88.0,ok
2017,External Building Conditions,Sloping outside walls,"$60,000 to $79,999",85,85.0,ok
2017,External Building Conditions,Sloping outside walls,"$80,000 to $99,999",82,82.0,ok
2017,External Building Conditions,Sloping outside walls,"Less than $10,000",161,161.0,ok
2017,Flush Toilet Breakdowns,No breakdowns lasting 6 hours or more,"$10,000 to $19,999",89,89.0,ok
2017,Flush Toilet Breakdowns,No breakdowns lasting 6 hours or more,"$100,000 to $119,999",36,36.0,ok
2017,Flush Toilet Breakdowns,No breakdowns lasting 6 hours or more,"$120,000 or more",54,54.0,ok
2017,Flush Toilet Breakdowns,No breakdowns lasting 6 hours or more,"$20,000 to $29,999",71,71.0,ok
2017,Flush Toilet Breakdowns,No breakdowns lasting 6 hours or more,"$30,000 to $39,999",36,36.0,ok
2017,Flush Toilet Breakdowns,No breakdowns lasting 6 hours or more,"$40,000 to $49,999",31,31.0,ok
2017,Flush Toilet Breakdowns,No breakdowns lasting 6 hours or more,"$50,000 to $59,999",43,43.0,ok
2017,Flush Toilet Breakdowns,No breakdowns lasting 6 hours or more,"$60,000 to $79,999",49,49.0,ok
2017,Flush Toilet Breakdowns,No breakdowns lasting 6 hours or more,"$80,000 to $99,999",37,37.0,ok
2017,Flush Toilet Breakdowns,No breakdowns lasting 6 hours or more,"Less than $10,000",80,80.0,ok
2017,Flush Toilet Breakdowns,None working some time in last 3 months,"$10,000 to $19,999",318,318.0,ok
2017,Flush Toilet Breakdowns,None working some time in last 3 months,"$100,000 to $119,999",120,120.0,ok
2017,Flush Toilet Breakdowns,None working some time in last 3 months,"$120,000 or more",213,213.0,ok
2017,Flush Toilet Breakdowns,None working some time in last 3 months,"$20,000 to $29,999",305,305.0,ok
2017,Flush Toilet Breakdowns,None working some time in last 3 months,"$30,000 to $39,999",228,228.0,ok
2017,Flush Toilet Breakdowns,None working some time in last 3 months,"$40,000 to $49,999",207,207.0,ok
2017,Flush Toilet Breakdowns,None working some time in last 3 months,"$50,000 to $59,999",167,167.0,ok
2017,Flush Toilet Breakdowns,None working some time in last 3 months,"$60,000 to $79,999",257,257.0,ok
2017,Flush Toilet Breakdowns,None working some time in last 3 months,"$80,000 to $99,999",155,155.0,ok
2017,Flush Toilet Breakdowns,None working some time in last 3 months,"Less than $10,000",349,349.0,ok
2017,Flush Toilet Breakdowns,With at least one toilet working at all times in last 3 months,"$10,000 to $19,999","10,783",10783.0,ok
2017,Flush Toilet Breakdowns,With at least one toilet working at all times in last 3 months,"$100,000 to $119,999","8,614",8614.0,ok
2017,Flush Toilet Breakdowns,With at least one toilet working at all times in last 3 months,"$120,000 or more","22,156",22156.0,ok
2017,Flush Toilet Breakdowns,With at least one toilet working at all times in last 3 months,"$20,000 to $29,999","11,452",11452.0,ok
2017,Flush Toilet Breakdowns,With at least one toilet working at all times in last 3 months,"$30,000 to $39,999","10,946",10946.0,ok
2017,Flush Toilet Breakdowns,With at least one toilet working at all times in last 3 months,"$40,000 to $49,999","10,059",10059.0,ok
2017,Flush Toilet Breakdowns,With at least one toilet working at all times in last 3 months,"$50,000 to $59,999","8,831",8831.0,ok
2017,Flush Toilet Breakdowns,With at least one toilet working at all times in last 3 months,"$60,000 to $79,999","14,983",14983.0,ok
2017,Flush Toilet Breakdowns,With at least one toilet working at all times in last 3 months,"$80,000 to $99,999","11,172",11172.0,ok
2017,Flush Toilet Breakdowns,With at least one toilet working at all times in last 3 months,"Less than $10,000","10,125",10125.0,ok
2017,Flush Toilet Breakdowns,With one or more flush toilets,"$10,000 to $19,999","11,101",11101.0,ok
2017,Flush Toilet Breakdowns,With one or more flush toilets,"$100,000 to $119,999","8,734",8734.0,ok
2017,Flush Toilet Breakdowns,With one or more flush toilets,"$120,000 or more","22,369",22369.0,ok
2017,Flush Toilet Breakdowns,With one or more flush toilets,"$20,000 to $29,999","11,757",11757.0,ok
2017,Flush Toilet Breakdowns,With one or more flush toilets,"$30,000 to $39,999","11,174",11174.0,ok
2017,Flush Toilet Breakdowns,With one or more flush toilets,"$40,000 to $49,999","10,266",10266.0,ok
2017,Flush Toilet Breakdowns,With one or more flush toilets,"$50,000 to $59,999","8,998",8998.0,ok
2017,Flush Toilet Breakdowns,With one or more flush toilets,"$60,000 to $79,999","15,240",15240.0,ok
2017,Flush Toilet Breakdowns,With one or more flush toilets,"$80,000 to $99,999","11,327",11327.0,ok
2017,Flush Toilet Breakdowns,With one or more flush toilets,"Less than $10,000","10,474",10474.0,ok
2017,Heating Problems,Equipment breakdowns,"$10,000 to $19,999",337,337.0,ok
2017,Heating Problems,Equipment breakdowns,"$100,000 to $119,999",141,141.0,ok
2017,Heating Problems,Equipment breakdowns,"$120,000 or more",314,314.0,ok
2017,Heating Problems,Equipment breakdowns,"$20,000 to $29,999",270,270.0,ok
2017,Heating Problems,Equipment breakdowns,"$30,000 to $39,999",265,265.0,ok
2017,Heating Problems,Equipment breakdowns,"$40,000 to $49,999",233,233.0,ok
2017,Heating Problems,Equipment breakdowns,"$50,000 to $59,999",175,175.0,ok
2017,Heating Problems,Equipment breakdowns,"$60,000 to $79,999",247,247.0,ok
2017,Heating Problems,Equipment breakdowns,"$80,000 to $99,999",216,216.0,ok
2017,Heating Problems,Equipment breakdowns,"Less than $10,000",318,318.0,ok
2017,Heating Problems,No breakdowns lasting 6 hours or more,"$10,000 to $19,999",S,,suppressed
2017,Heating Problems,No breakdowns lasting 6 hours or more,"$100,000 to $119,999",.,,blank_or_na
2017,Heating Problems,No breakdowns lasting 6 hours or more,"$120,000 or more",S,,suppressed
2017,Heating Problems,No breakdowns lasting 6 hours or more,"$20,000 to $29,999",S,,suppressed
2017,Heating Problems,No breakdowns lasting 6 hours or more,"$30,000 to $39,999",S,,suppressed
2017,Heating Problems,No breakdowns lasting 6 hours or more,"$40,000 to $49,999",.,,blank_or_na
2017,Heating Problems,No breakdowns lasting 6 hours or more,"$50,000 to $59,999",S,,suppressed
2017,Heating Problems,No breakdowns lasting 6 hours or more,"$60,000 to $79,999",S,,suppressed
2017,Heating Problems,No breakdowns lasting 6 hours or more,"$80,000 to $99,999",S,,suppressed
2017,Heating Problems,No breakdowns lasting 6 hours or more,"Less than $10,000",S,,suppressed
2017,Heating Problems,Not uncomfortably cold for 24 hours or more,"$10,000 to $19,999","9,227",9227.0,ok
2017,Heating Problems,Not uncomfortably cold for 24 hours or more,"$100,000 to $119,999","7,818",7818.0,ok
2017,Heating Problems,Not uncomfortably cold for 24 hours or more,"$120,000 or more","20,083",20083.0,ok
2017,Heating Problems,Not uncomfortably cold for 24 hours or more,"$20,000 to $29,999","10,070",10070.0,ok
2017,Heating Problems,Not uncomfortably cold for 24 hours or more,"$30,000 to $39,999","9,527",9527.0,ok
2017,Heating Problems,Not uncomfortably cold for 24 hours or more,"$40,000 to $49,999","8,841",8841.0,ok
2017,Heating Problems,Not uncomfortably cold for 24 hours or more,"$50,000 to $59,999","7,789",7789.0,ok
2017,Heating Problems,Not uncomfortably cold for 24 hours or more,"$60,000 to $79,999","13,205",13205.0,ok
2017,Heating Problems,Not uncomfortably cold for 24 hours or more,"$80,000 to $99,999","10,008",10008.0,ok
2017,Heating Problems,Not uncomfortably cold for 24 hours or more,"Less than $10,000","8,505",8505.0,ok
2017,Heating Problems,Uncomfortably cold for 24 hours or more,"$10,000 to $19,999",929,929.0,ok
2017,Heating Problems,Uncomfortably cold for 24 hours or more,"$100,000 to $119,999",342,342.0,ok
2017,Heating Problems,Uncomfortably cold for 24 hours or more,"$120,000 or more",897,897.0,ok
2017,Heating Problems,Uncomfortably cold for 24 hours or more,"$20,000 to $29,999",788,788.0,ok
2017,Heating Problems,Uncomfortably cold for 24 hours or more,"$30,000 to $39,999",703,703.0,ok
2017,Heating Problems,Uncomfortably cold for 24 hours or more,"$40,000 to $49,999",614,614.0,ok
2017,Heating Problems,Uncomfortably cold for 24 hours or more,"$50,000 to $59,999",442,442.0,ok
2017,Heating Problems,Uncomfortably cold for 24 hours or more,"$60,000 to $79,999",803,803.0,ok
2017,Heating Problems,Uncomfortably cold for 24 hours or more,"$80,000 to $99,999",541,541.0,ok
2017,Heating Problems,Uncomfortably cold for 24 hours or more,"Less than $10,000",928,928.0,ok
2017,Heating Problems,With heating equipment and occupied last winter,"$10,000 to $19,999","10,156",10156.0,ok
2017,Heating Problems,With heating equipment and occupied last winter,"$100,000 to $119,999","8,160",8160.0,ok
2017,Heating Problems,With heating equipment and occupied last winter,"$120,000 or more","20,981",20981.0,ok
2017,Heating Problems,With heating equipment and occupied last winter,"$20,000 to $29,999","10,858",10858.0,ok
2017,Heating Problems,With heating equipment and occupied last winter,"$30,000 to $39,999","10,230",10230.0,ok
2017,Heating Problems,With heating equipment and occupied last winter,"$40,000 to $49,999","9,454",9454.0,ok
2017,Heating Problems,With heating equipment and occupied last winter,"$50,000 to $59,999","8,231",8231.0,ok
2017,Heating Problems,With heating equipment and occupied last winter,"$60,000 to $79,999","14,008",14008.0,ok
2017,Heating Problems,With heating equipment and occupied last winter,"$80,000 to $99,999","10,549",10549.0,ok
2017,Heating Problems,With heating equipment and occupied last winter,"Less than $10,000","9,433",9433.0,ok
2017,Housing Adequacy,Adequate,"$10,000 to $19,999","10,160",10160.0,ok
2017,Housing Adequacy,Adequate,"$100,000 to $119,999","8,466",8466.0,ok
2017,Housing Adequacy,Adequate,"$120,000 or more","21,790",21790.0,ok
2017,Housing Adequacy,Adequate,"$20,000 to $29,999","10,963",10963.0,ok
2017,Housing Adequacy,Adequate,"$30,000 to $39,999","10,535",10535.0,ok
2017,Housing Adequacy,Adequate,"$40,000 to $49,999","9,783",9783.0,ok
2017,Housing Adequacy,Adequate,"$50,000 to $59,999","8,652",8652.0,ok
2017,Housing Adequacy,Adequate,"$60,000 to $79,999","14,693",14693.0,ok
2017,Housing Adequacy,Adequate,"$80,000 to $99,999","10,962",10962.0,ok
2017,Housing Adequacy,Adequate,"Less than $10,000","9,559",9559.0,ok
2017,Housing Adequacy,Electric,"$10,000 to $19,999",S,,suppressed
2017,Housing Adequacy,Electric,"$100,000 to $119,999",S,,suppressed
2017,Housing Adequacy,Electric,"$120,000 or more",20,20.0,ok
2017,Housing Adequacy,Electric,"$20,000 to $29,999",S,,suppressed
2017,Housing Adequacy,Electric,"$30,000 to $39,999",S,,suppressed
2017,Housing Adequacy,Electric,"$40,000 to $49,999",S,,suppressed
2017,Housing Adequacy,Electric,"$50,000 to $59,999",S,,suppressed
2017,Housing Adequacy,Electric,"$60,000 to $79,999",S,,suppressed
2017,Housing Adequacy,Electric,"$80,000 to $99,999",S,,suppressed
2017,Housing Adequacy,Electric,"Less than $10,000",S,,suppressed
2017,Housing Adequacy,Heating,"$10,000 to $19,999",105,105.0,ok
2017,Housing Adequacy,Heating,"$100,000 to $119,999",S,,suppressed
2017,Housing Adequacy,Heating,"$120,000 or more",42,42.0,ok
2017,Housing Adequacy,Heating,"$20,000 to $29,999",66,66.0,ok
2017,Housing Adequacy,Heating,"$30,000 to $39,999",75,75.0,ok
2017,Housing Adequacy,Heating,"$40,000 to $49,999",61,61.0,ok
2017,Housing Adequacy,Heating,"$50,000 to $59,999",33,33.0,ok
2017,Housing Adequacy,Heating,"$60,000 to $79,999",49,49.0,ok
2017,Housing Adequacy,Heating,"$80,000 to $99,999",S,,suppressed
2017,Housing Adequacy,Heating,"Less than $10,000",102,102.0,ok
2017,Housing Adequacy,Moderately inadequate,"$10,000 to $19,999",703,703.0,ok
2017,Housing Adequacy,Moderately inadequate,"$100,000 to $119,999",235,235.0,ok
2017,Housing Adequacy,Moderately inadequate,"$120,000 or more",480,480.0,ok
2017,Housing Adequacy,Moderately inadequate,"$20,000 to $29,999",633,633.0,ok
2017,Housing Adequacy,Moderately inadequate,"$30,000 to $39,999",508,508.0,ok
2017,Housing Adequacy,Moderately inadequate,"$40,000 to $49,999",369,369.0,ok
2017,Housing Adequacy,Moderately inadequate,"$50,000 to $59,999",278,278.0,ok
2017,Housing Adequacy,Moderately inadequate,"$60,000 to $79,999",453,453.0,ok
2017,Housing Adequacy,Moderately inadequate,"$80,000 to $99,999",292,292.0,ok
2017,Housing Adequacy,Moderately inadequate,"Less than $10,000",699,699.0,ok
2017,Housing Adequacy,Other,"$10,000 to $19,999",390,390.0,ok
2017,Housing Adequacy,Other,"$100,000 to $119,999",101,101.0,ok
2017,Housing Adequacy,Other,"$120,000 or more",186,186.0,ok
2017,Housing Adequacy,Other,"$20,000 to $29,999",302,302.0,ok
2017,Housing Adequacy,Other,"$30,000 to $39,999",269,269.0,ok
2017,Housing Adequacy,Other,"$40,000 to $49,999",197,197.0,ok
2017,Housing Adequacy,Other,"$50,000 to $59,999",133,133.0,ok
2017,Housing Adequacy,Other,"$60,000 to $79,999",169,169.0,ok
2017,Housing Adequacy,Other,"$80,000 to $99,999",129,129.0,ok
2017,Housing Adequacy,Other,"Less than $10,000",401,401.0,ok
2017,Housing Adequacy,Plumbing,"$10,000 to $19,999",111,111.0,ok
2017,Housing Adequacy,Plumbing,"$100,000 to $119,999",S,,suppressed
2017,Housing Adequacy,Plumbing,"$120,000 or more",S,,suppressed
2017,Housing Adequacy,Plumbing,"$20,000 to $29,999",62,62.0,ok
2017,Housing Adequacy,Plumbing,"$30,000 to $39,999",32,32.0,ok
2017,Housing Adequacy,Plumbing,"$40,000 to $49,999",S,,suppressed
2017,Housing Adequacy,Plumbing,"$50,000 to $59,999",S,,suppressed
2017,Housing Adequacy,Plumbing,"$60,000 to $79,999",37,37.0,ok
2017,Housing Adequacy,Plumbing,"$80,000 to $99,999",S,,suppressed
2017,Housing Adequacy,Plumbing,"Less than $10,000",92,92.0,ok
2017,Housing Adequacy,Severely inadequate,"$10,000 to $19,999",281,281.0,ok
2017,Housing Adequacy,Severely inadequate,"$100,000 to $119,999",36,36.0,ok
2017,Housing Adequacy,Severely inadequate,"$120,000 or more",100,100.0,ok
2017,Housing Adequacy,Severely inadequate,"$20,000 to $29,999",183,183.0,ok
2017,Housing Adequacy,Severely inadequate,"$30,000 to $39,999",132,132.0,ok
2017,Housing Adequacy,Severely inadequate,"$40,000 to $49,999",115,115.0,ok
2017,Housing Adequacy,Severely inadequate,"$50,000 to $59,999",75,75.0,ok
2017,Housing Adequacy,Severely inadequate,"$60,000 to $79,999",107,107.0,ok
2017,Housing Adequacy,Severely inadequate,"$80,000 to $99,999",74,74.0,ok
2017,Housing Adequacy,Severely inadequate,"Less than $10,000",245,245.0,ok
2017,Housing Adequacy,Upkeep,"$10,000 to $19,999",57,57.0,ok
2017,Housing Adequacy,Upkeep,"$100,000 to $119,999",S,,suppressed
2017,Housing Adequacy,Upkeep,"$120,000 or more",S,,suppressed
2017,Housing Adequacy,Upkeep,"$20,000 to $29,999",47,47.0,ok
2017,Housing Adequacy,Upkeep,"$30,000 to $39,999",16,16.0,ok
2017,Housing Adequacy,Upkeep,"$40,000 to $49,999",S,,suppressed
2017,Housing Adequacy,Upkeep,"$50,000 to $59,999",S,,suppressed
2017,Housing Adequacy,Upkeep,"$60,000 to $79,999",S,,suppressed
2017,Housing Adequacy,Upkeep,"$80,000 to $99,999",S,,suppressed
2017,Housing Adequacy,Upkeep,"Less than $10,000",42,42.0,ok
2017,Housing Adequacy,Wiring,"$10,000 to $19,999",S,,suppressed
2017,Housing Adequacy,Wiring,"$100,000 to $119,999",.,,blank_or_na
2017,Housing Adequacy,Wiring,"$120,000 or more",S,,suppressed
2017,Housing Adequacy,Wiring,"$20,000 to $29,999",.,,blank_or_na
2017,Housing Adequacy,Wiring,"$30,000 to $39,999",S,,suppressed
2017,Housing Adequacy,Wiring,"$40,000 to $49,999",S,,suppressed
2017,Housing Adequacy,Wiring,"$50,000 to $59,999",.,,blank_or_na
2017,Housing Adequacy,Wiring,"$60,000 to $79,999",S,,suppressed
2017,Housing Adequacy,Wiring,"$80,000 to $99,999",S,,suppressed
2017,Housing Adequacy,Wiring,"Less than $10,000",S,,suppressed
2017,Mold,Basement,"$10,000 to $19,999",35,35.0,ok
2017,Mold,Basement,"$100,000 to $119,999",53,53.0,ok
2017,Mold,Basement,"$120,000 or more",101,101.0,ok
2017,Mold,Basement,"$20,000 to $29,999",56,56.0,ok
2017,Mold,Basement,"$30,000 to $39,999",47,47.0,ok
2017,Mold,Basement,"$40,000 to $49,999",54,54.0,ok
2017,Mold,Basement,"$50,000 to $59,999",43,43.0,ok
2017,Mold,Basement,"$60,000 to $79,999",80,80.0,ok
2017,Mold,Basement,"$80,000 to $99,999",63,63.0,ok
2017,Mold,Basement,"Less than $10,000",59,59.0,ok
2017,Mold,Bathroom(s),"$10,000 to $19,999",228,228.0,ok
2017,Mold,Bathroom(s),"$100,000 to $119,999",70,70.0,ok
2017,Mold,Bathroom(s),"$120,000 or more",157,157.0,ok
2017,Mold,Bathroom(s),"$20,000 to $29,999",200,200.0,ok
2017,Mold,Bathroom(s),"$30,000 to $39,999",205,205.0,ok
2017,Mold,Bathroom(s),"$40,000 to $49,999",149,149.0,ok
2017,Mold,Bathroom(s),"$50,000 to $59,999",120,120.0,ok
2017,Mold,Bathroom(s),"$60,000 to $79,999",128,128.0,ok
2017,Mold,Bathroom(s),"$80,000 to $99,999",118,118.0,ok
2017,Mold,Bathroom(s),"Less than $10,000",254,254.0,ok
2017,Mold,Bedroom(s),"$10,000 to $19,999",150,150.0,ok
2017,Mold,Bedroom(s),"$100,000 to $119,999",28,28.0,ok
2017,Mold,Bedroom(s),"$120,000 or more",93,93.0,ok
2017,Mold,Bedroom(s),"$20,000 to $29,999",133,133.0,ok
2017,Mold,Bedroom(s),"$30,000 to $39,999",87,87.0,ok
2017,Mold,Bedroom(s),"$40,000 to $49,999",85,85.0,ok
2017,Mold,Bedroom(s),"$50,000 to $59,999",49,49.0,ok
2017,Mold,Bedroom(s),"$60,000 to $79,999",73,73.0,ok
2017,Mold,Bedroom(s),"$80,000 to $99,999",62,62.0,ok
2017,Mold,Bedroom(s),"Less than $10,000",163,163.0,ok
2017,Mold,Housing units with mold in last 12 months,"$10,000 to $19,999",492,492.0,ok
2017,Mold,Housing units with mold in last 12 months,"$100,000 to $119,999",196,196.0,ok
2017,Mold,Housing units with mold in last 12 months,"$120,000 or more",448,448.0,ok
2017,Mold,Housing units with mold in last 12 months,"$20,000 to $29,999",486,486.0,ok
2017,Mold,Housing units with mold in last 12 months,"$30,000 to $39,999",416,416.0,ok
2017,Mold,Housing units with mold in last 12 months,"$40,000 to $49,999",318,318.0,ok
2017,Mold,Housing units with mold in last 12 months,"$50,000 to $59,999",245,245.0,ok
2017,Mold,Housing units with mold in last 12 months,"$60,000 to $79,999",353,353.0,ok
2017,Mold,Housing units with mold in last 12 months,"$80,000 to $99,999",309,309.0,ok
2017,Mold,Housing units with mold in last 12 months,"Less than $10,000",512,512.0,ok
2017,Mold,Kitchen,"$10,000 to $19,999",107,107.0,ok
2017,Mold,Kitchen,"$100,000 to $119,999",S,,suppressed
2017,Mold,Kitchen,"$120,000 or more",75,75.0,ok
2017,Mold,Kitchen,"$20,000 to $29,999",75,75.0,ok
2017,Mold,Kitchen,"$30,000 to $39,999",80,80.0,ok
2017,Mold,Kitchen,"$40,000 to $49,999",42,42.0,ok
2017,Mold,Kitchen,"$50,000 to $59,999",47,47.0,ok
2017,Mold,Kitchen,"$60,000 to $79,999",81,81.0,ok
2017,Mold,Kitchen,"$80,000 to $99,999",S,,suppressed
2017,Mold,Kitchen,"Less than $10,000",102,102.0,ok
2017,Mold,Living room,"$10,000 to $19,999",93,93.0,ok
2017,Mold,Living room,"$100,000 to $119,999",S,,suppressed
2017,Mold,Living room,"$120,000 or more",44,44.0,ok
2017,Mold,Living room,"$20,000 to $29,999",57,57.0,ok
2017,Mold,Living room,"$30,000 to $39,999",79,79.0,ok
2017,Mold,Living room,"$40,000 to $49,999",S,,suppressed
2017,Mold,Living room,"$50,000 to $59,999",35,35.0,ok
2017,Mold,Living room,"$60,000 to $79,999",49,49.0,ok
2017,Mold,Living room,"$80,000 to $99,999",36,36.0,ok
2017,Mold,Living room,"Less than $10,000",92,92.0,ok
2017,Mold,Not reported,"$10,000 to $19,999",88,88.0,ok
2017,Mold,Not reported,"$100,000 to $119,999",43,43.0,ok
2017,Mold,Not reported,"$120,000 or more",138,138.0,ok
2017,Mold,Not reported,"$20,000 to $29,999",107,107.0,ok
2017,Mold,Not reported,"$30,000 to $39,999",58,58.0,ok
2017,Mold,Not reported,"$40,000 to $49,999",60,60.0,ok
2017,Mold,Not reported,"$50,000 to $59,999",60,60.0,ok
2017,Mold,Not reported,"$60,000 to $79,999",99,99.0,ok
2017,Mold,Not reported,"$80,000 to $99,999",76,76.0,ok
2017,Mold,Not reported,"Less than $10,000",118,118.0,ok
2017,Mold,Other room,"$10,000 to $19,999",65,65.0,ok
2017,Mold,Other room,"$100,000 to $119,999",33,33.0,ok
2017,Mold,Other room,"$120,000 or more",87,87.0,ok
2017,Mold,Other room,"$20,000 to $29,999",87,87.0,ok
2017,Mold,Other room,"$30,000 to $39,999",48,48.0,ok
2017,Mold,Other room,"$40,000 to $49,999",54,54.0,ok
2017,Mold,Other room,"$50,000 to $59,999",S,,suppressed
2017,Mold,Other room,"$60,000 to $79,999",58,58.0,ok
2017,Mold,Other room,"$80,000 to $99,999",53,53.0,ok
2017,Mold,Other room,"Less than $10,000",53,53.0,ok
2017,Number of breakdowns that lasted 6 hours or more:,1,"$10,000 to $19,999",137,137.0,ok
2017,Number of breakdowns that lasted 6 hours or more:,1,"$100,000 to $119,999",47,47.0,ok
2017,Number of breakdowns that lasted 6 hours or more:,1,"$120,000 or more",106,106.0,ok
2017,Number of breakdowns that lasted 6 hours or more:,1,"$20,000 to $29,999",127,127.0,ok
2017,Number of breakdowns that lasted 6 hours or more:,1,"$30,000 to $39,999",112,112.0,ok
2017,Number of breakdowns that lasted 6 hours or more:,1,"$40,000 to $49,999",110,110.0,ok
2017,Number of breakdowns that lasted 6 hours or more:,1,"$50,000 to $59,999",93,93.0,ok
2017,Number of breakdowns that lasted 6 hours or more:,1,"$60,000 to $79,999",150,150.0,ok
2017,Number of breakdowns that lasted 6 hours or more:,1,"$80,000 to $99,999",62,62.0,ok
2017,Number of breakdowns that lasted 6 hours or more:,1,"Less than $10,000",149,149.0,ok
2017,Number of breakdowns that lasted 6 hours or more:,2,"$10,000 to $19,999",41,41.0,ok
2017,Number of breakdowns that lasted 6 hours or more:,2,"$100,000 to $119,999",S,,suppressed
2017,Number of breakdowns that lasted 6 hours or more:,2,"$120,000 or more",S,,suppressed
2017,Number of breakdowns that lasted 6 hours or more:,2,"$20,000 to $29,999",59,59.0,ok
2017,Number of breakdowns that lasted 6 hours or more:,2,"$30,000 to $39,999",S,,suppressed
2017,Number of breakdowns that lasted 6 hours or more:,2,"$40,000 to $49,999",S,,suppressed
2017,Number of breakdowns that lasted 6 hours or more:,2,"$50,000 to $59,999",S,,suppressed
2017,Number of breakdowns that lasted 6 hours or more:,2,"$60,000 to $79,999",36,36.0,ok
2017,Number of breakdowns that lasted 6 hours or more:,2,"$80,000 to $99,999",S,,suppressed
2017,Number of breakdowns that lasted 6 hours or more:,2,"Less than $10,000",58,58.0,ok
2017,Number of breakdowns that lasted 6 hours or more:,3,"$10,000 to $19,999",S,,suppressed
2017,Number of breakdowns that lasted 6 hours or more:,3,"$100,000 to $119,999",S,,suppressed
2017,Number of breakdowns that lasted 6 hours or more:,3,"$120,000 or more",S,,suppressed
2017,Number of breakdowns that lasted 6 hours or more:,3,"$20,000 to $29,999",S,,suppressed
2017,Number of breakdowns that lasted 6 hours or more:,3,"$30,000 to $39,999",S,,suppressed
2017,Number of breakdowns that lasted 6 hours or more:,3,"$40,000 to $49,999",S,,suppressed
2017,Number of breakdowns that lasted 6 hours or more:,3,"$50,000 to $59,999",S,,suppressed
2017,Number of breakdowns that lasted 6 hours or more:,3,"$60,000 to $79,999",S,,suppressed
2017,Number of breakdowns that lasted 6 hours or more:,3,"$80,000 to $99,999",S,,suppressed
2017,Number of breakdowns that lasted 6 hours or more:,3,"Less than $10,000",S,,suppressed
2017,Number of breakdowns that lasted 6 hours or more:,4 or more,"$10,000 to $19,999",S,,suppressed
2017,Number of breakdowns that lasted 6 hours or more:,4 or more,"$100,000 to $119,999",S,,suppressed
2017,Number of breakdowns that lasted 6 hours or more:,4 or more,"$120,000 or more",S,,suppressed
2017,Number of breakdowns that lasted 6 hours or more:,4 or more,"$20,000 to $29,999",S,,suppressed
2017,Number of breakdowns that lasted 6 hours or more:,4 or more,"$30,000 to $39,999",42,42.0,ok
2017,Number of breakdowns that lasted 6 hours or more:,4 or more,"$40,000 to $49,999",S,,suppressed
2017,Number of breakdowns that lasted 6 hours or more:,4 or more,"$50,000 to $59,999",S,,suppressed
2017,Number of breakdowns that lasted 6 hours or more:,4 or more,"$60,000 to $79,999",S,,suppressed
2017,Number of breakdowns that lasted 6 hours or more:,4 or more,"$80,000 to $99,999",S,,suppressed
2017,Number of breakdowns that lasted 6 hours or more:,4 or more,"Less than $10,000",40,40.0,ok
2017,Number of breakdowns that lasted 6 hours or more:,Cost of heating,"$10,000 to $19,999",99,99.0,ok
2017,Number of breakdowns that lasted 6 hours or more:,Cost of heating,"$100,000 to $119,999",S,,suppressed
2017,Number of breakdowns that lasted 6 hours or more:,Cost of heating,"$120,000 or more",70,70.0,ok
2017,Number of breakdowns that lasted 6 hours or more:,Cost of heating,"$20,000 to $29,999",59,59.0,ok
2017,Number of breakdowns that lasted 6 hours or more:,Cost of heating,"$30,000 to $39,999",41,41.0,ok
2017,Number of breakdowns that lasted 6 hours or more:,Cost of heating,"$40,000 to $49,999",57,57.0,ok
2017,Number of breakdowns that lasted 6 hours or more:,Cost of heating,"$50,000 to $59,999",35,35.0,ok
2017,Number of breakdowns that lasted 6 hours or more:,Cost of heating,"$60,000 to $79,999",77,77.0,ok
2017,Number of breakdowns that lasted 6 hours or more:,Cost of heating,"$80,000 to $99,999",49,49.0,ok
2017,Number of breakdowns that lasted 6 hours or more:,Cost of heating,"Less than $10,000",97,97.0,ok
2017,Number of breakdowns that lasted 6 hours or more:,Inadequate heating capacity,"$10,000 to $19,999",175,175.0,ok
2017,Number of breakdowns that lasted 6 hours or more:,Inadequate heating capacity,"$100,000 to $119,999",35,35.0,ok
2017,Number of breakdowns that lasted 6 hours or more:,Inadequate heating capacity,"$120,000 or more",103,103.0,ok
2017,Number of breakdowns that lasted 6 hours or more:,Inadequate heating capacity,"$20,000 to $29,999",110,110.0,ok
2017,Number of breakdowns that lasted 6 hours or more:,Inadequate heating capacity,"$30,000 to $39,999",94,94.0,ok
2017,Number of breakdowns that lasted 6 hours or more:,Inadequate heating capacity,"$40,000 to $49,999",83,83.0,ok
2017,Number of breakdowns that lasted 6 hours or more:,Inadequate heating capacity,"$50,000 to $59,999",45,45.0,ok
2017,Number of breakdowns that lasted 6 hours or more:,Inadequate heating capacity,"$60,000 to $79,999",82,82.0,ok
2017,Number of breakdowns that lasted 6 hours or more:,Inadequate heating capacity,"$80,000 to $99,999",53,53.0,ok
2017,Number of breakdowns that lasted 6 hours or more:,Inadequate heating capacity,"Less than $10,000",158,158.0,ok
2017,Number of breakdowns that lasted 6 hours or more:,Inadequate insulation,"$10,000 to $19,999",140,140.0,ok
2017,Number of breakdowns that lasted 6 hours or more:,Inadequate insulation,"$100,000 to $119,999",S,,suppressed
2017,Number of breakdowns that lasted 6 hours or more:,Inadequate insulation,"$120,000 or more",86,86.0,ok
2017,Number of breakdowns that lasted 6 hours or more:,Inadequate insulation,"$20,000 to $29,999",143,143.0,ok
2017,Number of breakdowns that lasted 6 hours or more:,Inadequate insulation,"$30,000 to $39,999",115,115.0,ok
2017,Number of breakdowns that lasted 6 hours or more:,Inadequate insulation,"$40,000 to $49,999",93,93.0,ok
2017,Number of breakdowns that lasted 6 hours or more:,Inadequate insulation,"$50,000 to $59,999",63,63.0,ok
2017,Number of breakdowns that lasted 6 hours or more:,Inadequate insulation,"$60,000 to $79,999",118,118.0,ok
2017,Number of breakdowns that lasted 6 hours or more:,Inadequate insulation,"$80,000 to $99,999",50,50.0,ok
2017,Number of breakdowns that lasted 6 hours or more:,Inadequate insulation,"Less than $10,000",166,166.0,ok
2017,Number of breakdowns that lasted 6 hours or more:,No breakdowns in last 3 months,"$10,000 to $19,999","1,736",1736.0,ok
2017,Number of breakdowns that lasted 6 hours or more:,No breakdowns in last 3 months,"$100,000 to $119,999","1,683",1683.0,ok
2017,Number of breakdowns that lasted 6 hours or more:,No breakdowns in last 3 months,"$120,000 or more","3,830",3830.0,ok
2017,Number of breakdowns that lasted 6 hours or more:,No breakdowns in last 3 months,"$20,000 to $29,999","2,009",2009.0,ok
2017,Number of breakdowns that lasted 6 hours or more:,No breakdowns in last 3 months,"$30,000 to $39,999","2,107",2107.0,ok
2017,Number of breakdowns that lasted 6 hours or more:,No breakdowns in last 3 months,"$40,000 to $49,999","1,870",1870.0,ok
2017,Number of breakdowns that lasted 6 hours or more:,No breakdowns in last 3 months,"$50,000 to $59,999","1,642",1642.0,ok
2017,Number of breakdowns that lasted 6 hours or more:,No breakdowns in last 3 months,"$60,000 to $79,999","2,874",2874.0,ok
2017,Number of breakdowns that lasted 6 hours or more:,No breakdowns in last 3 months,"$80,000 to $99,999","2,260",2260.0,ok
2017,Number of breakdowns that lasted 6 hours or more:,No breakdowns in last 3 months,"Less than $10,000","1,410",1410.0,ok
2017,Number of breakdowns that lasted 6 hours or more:,No breakdowns lasting 6 hours or more,"$10,000 to $19,999",S,,suppressed
2017,Number of breakdowns that lasted 6 hours or more:,No breakdowns lasting 6 hours or more,"$100,000 to $119,999",S,,suppressed
2017,Number of breakdowns that lasted 6 hours or more:,No breakdowns lasting 6 hours or more,"$120,000 or more",S,,suppressed
2017,Number of breakdowns that lasted 6 hours or more:,No breakdowns lasting 6 hours or more,"$20,000 to $29,999",S,,suppressed
2017,Number of breakdowns that lasted 6 hours or more:,No breakdowns lasting 6 hours or more,"$30,000 to $39,999",S,,suppressed
2017,Number of breakdowns that lasted 6 hours or more:,No breakdowns lasting 6 hours or more,"$40,000 to $49,999",S,,suppressed
2017,Number of breakdowns that lasted 6 hours or more:,No breakdowns lasting 6 hours or more,"$50,000 to $59,999",S,,suppressed
2017,Number of breakdowns that lasted 6 hours or more:,No breakdowns lasting 6 hours or more,"$60,000 to $79,999",S,,suppressed
2017,Number of breakdowns that lasted 6 hours or more:,No breakdowns lasting 6 hours or more,"$80,000 to $99,999",S,,suppressed
2017,Number of breakdowns that lasted 6 hours or more:,No breakdowns lasting 6 hours or more,"Less than $10,000",.,,blank_or_na
2017,Number of breakdowns that lasted 6 hours or more:,Not reported,"$10,000 to $19,999",S,,suppressed
2017,Number of breakdowns that lasted 6 hours or more:,Not reported,"$100,000 to $119,999",S,,suppressed
2017,Number of breakdowns that lasted 6 hours or more:,Not reported,"$120,000 or more",S,,suppressed
2017,Number of breakdowns that lasted 6 hours or more:,Not reported,"$20,000 to $29,999",S,,suppressed
2017,Number of breakdowns that lasted 6 hours or more:,Not reported,"$30,000 to $39,999",S,,suppressed
2017,Number of breakdowns that lasted 6 hours or more:,Not reported,"$40,000 to $49,999",.,,blank_or_na
2017,Number of breakdowns that lasted 6 hours or more:,Not reported,"$50,000 to $59,999",.,,blank_or_na
2017,Number of breakdowns that lasted 6 hours or more:,Not reported,"$60,000 to $79,999",S,,suppressed
2017,Number of breakdowns that lasted 6 hours or more:,Not reported,"$80,000 to $99,999",S,,suppressed
2017,Number of breakdowns that lasted 6 hours or more:,Not reported,"Less than $10,000",S,,suppressed
2017,Number of breakdowns that lasted 6 hours or more:,Other,"$10,000 to $19,999",121,121.0,ok
2017,Number of breakdowns that lasted 6 hours or more:,Other,"$100,000 to $119,999",51,51.0,ok
2017,Number of breakdowns that lasted 6 hours or more:,Other,"$120,000 or more",144,144.0,ok
2017,Number of breakdowns that lasted 6 hours or more:,Other,"$20,000 to $29,999",102,102.0,ok
2017,Number of breakdowns that lasted 6 hours or more:,Other,"$30,000 to $39,999",92,92.0,ok
2017,Number of breakdowns that lasted 6 hours or more:,Other,"$40,000 to $49,999",81,81.0,ok
2017,Number of breakdowns that lasted 6 hours or more:,Other,"$50,000 to $59,999",67,67.0,ok
2017,Number of breakdowns that lasted 6 hours or more:,Other,"$60,000 to $79,999",115,115.0,ok
2017,Number of breakdowns that lasted 6 hours or more:,Other,"$80,000 to $99,999",78,78.0,ok
2017,Number of breakdowns that lasted 6 hours or more:,Other,"Less than $10,000",108,108.0,ok
2017,Number of breakdowns that lasted 6 hours or more:,Other causes,"$10,000 to $19,999",592,592.0,ok
2017,Number of breakdowns that lasted 6 hours or more:,Other causes,"$100,000 to $119,999",201,201.0,ok
2017,Number of breakdowns that lasted 6 hours or more:,Other causes,"$120,000 or more",583,583.0,ok
2017,Number of breakdowns that lasted 6 hours or more:,Other causes,"$20,000 to $29,999",517,517.0,ok
2017,Number of breakdowns that lasted 6 hours or more:,Other causes,"$30,000 to $39,999",438,438.0,ok
2017,Number of breakdowns that lasted 6 hours or more:,Other causes,"$40,000 to $49,999",381,381.0,ok
2017,Number of breakdowns that lasted 6 hours or more:,Other causes,"$50,000 to $59,999",267,267.0,ok
2017,Number of breakdowns that lasted 6 hours or more:,Other causes,"$60,000 to $79,999",557,557.0,ok
2017,Number of breakdowns that lasted 6 hours or more:,Other causes,"$80,000 to $99,999",325,325.0,ok
2017,Number of breakdowns that lasted 6 hours or more:,Other causes,"Less than $10,000",610,610.0,ok
2017,Number of breakdowns that lasted 6 hours or more:,Utility interruption,"$10,000 to $19,999",104,104.0,ok
2017,Number of breakdowns that lasted 6 hours or more:,Utility interruption,"$100,000 to $119,999",88,88.0,ok
2017,Number of breakdowns that lasted 6 hours or more:,Utility interruption,"$120,000 or more",198,198.0,ok
2017,Number of breakdowns that lasted 6 hours or more:,Utility interruption,"$20,000 to $29,999",139,139.0,ok
2017,Number of breakdowns that lasted 6 hours or more:,Utility interruption,"$30,000 to $39,999",135,135.0,ok
2017,Number of breakdowns that lasted 6 hours or more:,Utility interruption,"$40,000 to $49,999",101,101.0,ok
2017,Number of breakdowns that lasted 6 hours or more:,Utility interruption,"$50,000 to $59,999",75,75.0,ok
2017,Number of breakdowns that lasted 6 hours or more:,Utility interruption,"$60,000 to $79,999",174,174.0,ok
2017,Number of breakdowns that lasted 6 hours or more:,Utility interruption,"$80,000 to $99,999",114,114.0,ok
2017,Number of breakdowns that lasted 6 hours or more:,Utility interruption,"Less than $10,000",140,140.0,ok
2017,Number of breakdowns that lasted 6 hours or more:,With breakdown(s) in last 3 months,"$10,000 to $19,999",48,48.0,ok
2017,Number of breakdowns that lasted 6 hours or more:,With breakdown(s) in last 3 months,"$100,000 to $119,999",S,,suppressed
2017,Number of breakdowns that lasted 6 hours or more:,With breakdown(s) in last 3 months,"$120,000 or more",34,34.0,ok
2017,Number of breakdowns that lasted 6 hours or more:,With breakdown(s) in last 3 months,"$20,000 to $29,999",S,,suppressed
2017,Number of breakdowns that lasted 6 hours or more:,With breakdown(s) in last 3 months,"$30,000 to $39,999",S,,suppressed
2017,Number of breakdowns that lasted 6 hours or more:,With breakdown(s) in last 3 months,"$40,000 to $49,999",S,,suppressed
2017,Number of breakdowns that lasted 6 hours or more:,With breakdown(s) in last 3 months,"$50,000 to $59,999",29,29.0,ok
2017,Number of breakdowns that lasted 6 hours or more:,With breakdown(s) in last 3 months,"$60,000 to $79,999",50,50.0,ok
2017,Number of breakdowns that lasted 6 hours or more:,With breakdown(s) in last 3 months,"$80,000 to $99,999",S,,suppressed
2017,Number of breakdowns that lasted 6 hours or more:,With breakdown(s) in last 3 months,"Less than $10,000",S,,suppressed
2017,Number of breakdowns that lasted 6 hours or more:,With septic tank or cesspool,"$10,000 to $19,999","1,785",1785.0,ok
2017,Number of breakdowns that lasted 6 hours or more:,With septic tank or cesspool,"$100,000 to $119,999","1,692",1692.0,ok
2017,Number of breakdowns that lasted 6 hours or more:,With septic tank or cesspool,"$120,000 or more","3,865",3865.0,ok
2017,Number of breakdowns that lasted 6 hours or more:,With septic tank or cesspool,"$20,000 to $29,999","2,035",2035.0,ok
2017,Number of breakdowns that lasted 6 hours or more:,With septic tank or cesspool,"$30,000 to $39,999","2,132",2132.0,ok
2017,Number of breakdowns that lasted 6 hours or more:,With septic tank or cesspool,"$40,000 to $49,999","1,899",1899.0,ok
2017,Number of breakdowns that lasted 6 hours or more:,With septic tank or cesspool,"$50,000 to $59,999","1,671",1671.0,ok
2017,Number of breakdowns that lasted 6 hours or more:,With septic tank or cesspool,"$60,000 to $79,999","2,924",2924.0,ok
2017,Number of breakdowns that lasted 6 hours or more:,With septic tank or cesspool,"$80,000 to $99,999","2,272",2272.0,ok
2017,Number of breakdowns that lasted 6 hours or more:,With septic tank or cesspool,"Less than $10,000","1,443",1443.0,ok
2017,Number of stoppages that lasted 6 hours or more:,1,"$10,000 to $19,999",212,212.0,ok
2017,Number of stoppages that lasted 6 hours or more:,1,"$100,000 to $119,999",90,90.0,ok
2017,Number of stoppages that lasted 6 hours or more:,1,"$120,000 or more",290,290.0,ok
2017,Number of stoppages that lasted 6 hours or more:,1,"$20,000 to $29,999",186,186.0,ok
2017,Number of stoppages that lasted 6 hours or more:,1,"$30,000 to $39,999",187,187.0,ok
2017,Number of stoppages that lasted 6 hours or more:,1,"$40,000 to $49,999",153,153.0,ok
2017,Number of stoppages that lasted 6 hours or more:,1,"$50,000 to $59,999",149,149.0,ok
2017,Number of stoppages that lasted 6 hours or more:,1,"$60,000 to $79,999",253,253.0,ok
2017,Number of stoppages that lasted 6 hours or more:,1,"$80,000 to $99,999",150,150.0,ok
2017,Number of stoppages that lasted 6 hours or more:,1,"Less than $10,000",179,179.0,ok
2017,Number of stoppages that lasted 6 hours or more:,2,"$10,000 to $19,999",59,59.0,ok
2017,Number of stoppages that lasted 6 hours or more:,2,"$100,000 to $119,999",S,,suppressed
2017,Number of stoppages that lasted 6 hours or more:,2,"$120,000 or more",45,45.0,ok
2017,Number of stoppages that lasted 6 hours or more:,2,"$20,000 to $29,999",41,41.0,ok
2017,Number of stoppages that lasted 6 hours or more:,2,"$30,000 to $39,999",52,52.0,ok
2017,Number of stoppages that lasted 6 hours or more:,2,"$40,000 to $49,999",65,65.0,ok
2017,Number of stoppages that lasted 6 hours or more:,2,"$50,000 to $59,999",41,41.0,ok
2017,Number of stoppages that lasted 6 hours or more:,2,"$60,000 to $79,999",67,67.0,ok
2017,Number of stoppages that lasted 6 hours or more:,2,"$80,000 to $99,999",47,47.0,ok
2017,Number of stoppages that lasted 6 hours or more:,2,"Less than $10,000",52,52.0,ok
2017,Number of stoppages that lasted 6 hours or more:,3,"$10,000 to $19,999",S,,suppressed
2017,Number of stoppages that lasted 6 hours or more:,3,"$100,000 to $119,999",S,,suppressed
2017,Number of stoppages that lasted 6 hours or more:,3,"$120,000 or more",S,,suppressed
2017,Number of stoppages that lasted 6 hours or more:,3,"$20,000 to $29,999",23,23.0,ok
2017,Number of stoppages that lasted 6 hours or more:,3,"$30,000 to $39,999",S,,suppressed
2017,Number of stoppages that lasted 6 hours or more:,3,"$40,000 to $49,999",S,,suppressed
2017,Number of stoppages that lasted 6 hours or more:,3,"$50,000 to $59,999",S,,suppressed
2017,Number of stoppages that lasted 6 hours or more:,3,"$60,000 to $79,999",S,,suppressed
2017,Number of stoppages that lasted 6 hours or more:,3,"$80,000 to $99,999",S,,suppressed
2017,Number of stoppages that lasted 6 hours or more:,3,"Less than $10,000",33,33.0,ok
2017,Number of stoppages that lasted 6 hours or more:,4 or more,"$10,000 to $19,999",32,32.0,ok
2017,Number of stoppages that lasted 6 hours or more:,4 or more,"$100,000 to $119,999",S,,suppressed
2017,Number of stoppages that lasted 6 hours or more:,4 or more,"$120,000 or more",S,,suppressed
2017,Number of stoppages that lasted 6 hours or more:,4 or more,"$20,000 to $29,999",25,25.0,ok
2017,Number of stoppages that lasted 6 hours or more:,4 or more,"$30,000 to $39,999",S,,suppressed
2017,Number of stoppages that lasted 6 hours or more:,4 or more,"$40,000 to $49,999",38,38.0,ok
2017,Number of stoppages that lasted 6 hours or more:,4 or more,"$50,000 to $59,999",S,,suppressed
2017,Number of stoppages that lasted 6 hours or more:,4 or more,"$60,000 to $79,999",S,,suppressed
2017,Number of stoppages that lasted 6 hours or more:,4 or more,"$80,000 to $99,999",S,,suppressed
2017,Number of stoppages that lasted 6 hours or more:,4 or more,"Less than $10,000",43,43.0,ok
2017,Number of stoppages that lasted 6 hours or more:,Number of stoppages not reported,"$10,000 to $19,999",S,,suppressed
2017,Number of stoppages that lasted 6 hours or more:,Number of stoppages not reported,"$100,000 to $119,999",.,,blank_or_na
2017,Number of stoppages that lasted 6 hours or more:,Number of stoppages not reported,"$120,000 or more",S,,suppressed
2017,Number of stoppages that lasted 6 hours or more:,Number of stoppages not reported,"$20,000 to $29,999",S,,suppressed
2017,Number of stoppages that lasted 6 hours or more:,Number of stoppages not reported,"$30,000 to $39,999",S,,suppressed
2017,Number of stoppages that lasted 6 hours or more:,Number of stoppages not reported,"$40,000 to $49,999",S,,suppressed
2017,Number of stoppages that lasted 6 hours or more:,Number of stoppages not reported,"$50,000 to $59,999",.,,blank_or_na
2017,Number of stoppages that lasted 6 hours or more:,Number of stoppages not reported,"$60,000 to $79,999",S,,suppressed
2017,Number of stoppages that lasted 6 hours or more:,Number of stoppages not reported,"$80,000 to $99,999",.,,blank_or_na
2017,Number of stoppages that lasted 6 hours or more:,Number of stoppages not reported,"Less than $10,000",S,,suppressed
2017,Number of stoppages that lasted 6 hours or more:,Stoppage not reported,"$10,000 to $19,999",76,76.0,ok
2017,Number of stoppages that lasted 6 hours or more:,Stoppage not reported,"$100,000 to $119,999",36,36.0,ok
2017,Number of stoppages that lasted 6 hours or more:,Stoppage not reported,"$120,000 or more",137,137.0,ok
2017,Number of stoppages that lasted 6 hours or more:,Stoppage not reported,"$20,000 to $29,999",100,100.0,ok
2017,Number of stoppages that lasted 6 hours or more:,Stoppage not reported,"$30,000 to $39,999",56,56.0,ok
2017,Number of stoppages that lasted 6 hours or more:,Stoppage not reported,"$40,000 to $49,999",66,66.0,ok
2017,Number of stoppages that lasted 6 hours or more:,Stoppage not reported,"$50,000 to $59,999",57,57.0,ok
2017,Number of stoppages that lasted 6 hours or more:,Stoppage not reported,"$60,000 to $79,999",82,82.0,ok
2017,Number of stoppages that lasted 6 hours or more:,Stoppage not reported,"$80,000 to $99,999",75,75.0,ok
2017,Number of stoppages that lasted 6 hours or more:,Stoppage not reported,"Less than $10,000",109,109.0,ok
2017,Selected Deficiencies,Broken plaster or peeling paint (interior),"$10,000 to $19,999",343,343.0,ok
2017,Selected Deficiencies,Broken plaster or peeling paint (interior),"$100,000 to $119,999",140,140.0,ok
2017,Selected Deficiencies,Broken plaster or peeling paint (interior),"$120,000 or more",293,293.0,ok
2017,Selected Deficiencies,Broken plaster or peeling paint (interior),"$20,000 to $29,999",303,303.0,ok
2017,Selected Deficiencies,Broken plaster or peeling paint (interior),"$30,000 to $39,999",257,257.0,ok
2017,Selected Deficiencies,Broken plaster or peeling paint (interior),"$40,000 to $49,999",244,244.0,ok
2017,Selected Deficiencies,Broken plaster or peeling paint (interior),"$50,000 to $59,999",170,170.0,ok
2017,Selected Deficiencies,Broken plaster or peeling paint (interior),"$60,000 to $79,999",254,254.0,ok
2017,Selected Deficiencies,Broken plaster or peeling paint (interior),"$80,000 to $99,999",182,182.0,ok
2017,Selected Deficiencies,Broken plaster or peeling paint (interior),"Less than $10,000",339,339.0,ok
2017,Selected Deficiencies,Exposed wiring,"$10,000 to $19,999",393,393.0,ok
2017,Selected Deficiencies,Exposed wiring,"$100,000 to $119,999",183,183.0,ok
2017,Selected Deficiencies,Exposed wiring,"$120,000 or more",498,498.0,ok
2017,Selected Deficiencies,Exposed wiring,"$20,000 to $29,999",360,360.0,ok
2017,Selected Deficiencies,Exposed wiring,"$30,000 to $39,999",322,322.0,ok
2017,Selected Deficiencies,Exposed wiring,"$40,000 to $49,999",267,267.0,ok
2017,Selected Deficiencies,Exposed wiring,"$50,000 to $59,999",260,260.0,ok
2017,Selected Deficiencies,Exposed wiring,"$60,000 to $79,999",385,385.0,ok
2017,Selected Deficiencies,Exposed wiring,"$80,000 to $99,999",208,208.0,ok
2017,Selected Deficiencies,Exposed wiring,"Less than $10,000",391,391.0,ok
2017,Selected Deficiencies,Holes in floors,"$10,000 to $19,999",240,240.0,ok
2017,Selected Deficiencies,Holes in floors,"$100,000 to $119,999",55,55.0,ok
2017,Selected Deficiencies,Holes in floors,"$120,000 or more",124,124.0,ok
2017,Selected Deficiencies,Holes in floors,"$20,000 to $29,999",222,222.0,ok
2017,Selected Deficiencies,Holes in floors,"$30,000 to $39,999",141,141.0,ok
2017,Selected Deficiencies,Holes in floors,"$40,000 to $49,999",120,120.0,ok
2017,Selected Deficiencies,Holes in floors,"$50,000 to $59,999",90,90.0,ok
2017,Selected Deficiencies,Holes in floors,"$60,000 to $79,999",152,152.0,ok
2017,Selected Deficiencies,Holes in floors,"$80,000 to $99,999",78,78.0,ok
2017,Selected Deficiencies,Holes in floors,"Less than $10,000",227,227.0,ok
2017,Selected Deficiencies,No electrical wiring,"$10,000 to $19,999",S,,suppressed
2017,Selected Deficiencies,No electrical wiring,"$100,000 to $119,999",S,,suppressed
2017,Selected Deficiencies,No electrical wiring,"$120,000 or more",S,,suppressed
2017,Selected Deficiencies,No electrical wiring,"$20,000 to $29,999",S,,suppressed
2017,Selected Deficiencies,No electrical wiring,"$30,000 to $39,999",S,,suppressed
2017,Selected Deficiencies,No electrical wiring,"$40,000 to $49,999",S,,suppressed
2017,Selected Deficiencies,No electrical wiring,"$50,000 to $59,999",S,,suppressed
2017,Selected Deficiencies,No electrical wiring,"$60,000 to $79,999",S,,suppressed
2017,Selected Deficiencies,No electrical wiring,"$80,000 to $99,999",S,,suppressed
2017,Selected Deficiencies,No electrical wiring,"Less than $10,000",40,40.0,ok
2017,Selected Deficiencies,Open cracks or holes (interior),"$10,000 to $19,999",803,803.0,ok
2017,Selected Deficiencies,Open cracks or holes (interior),"$100,000 to $119,999",348,348.0,ok
2017,Selected Deficiencies,Open cracks or holes (interior),"$120,000 or more",838,838.0,ok
2017,Selected Deficiencies,Open cracks or holes (interior),"$20,000 to $29,999",793,793.0,ok
2017,Selected Deficiencies,Open cracks or holes (interior),"$30,000 to $39,999",614,614.0,ok
2017,Selected Deficiencies,Open cracks or holes (interior),"$40,000 to $49,999",587,587.0,ok
2017,Selected Deficiencies,Open cracks or holes (interior),"$50,000 to $59,999",493,493.0,ok
2017,Selected Deficiencies,Open cracks or holes (interior),"$60,000 to $79,999",746,746.0,ok
2017,Selected Deficiencies,Open cracks or holes (interior),"$80,000 to $99,999",514,514.0,ok
2017,Selected Deficiencies,Open cracks or holes (interior),"Less than $10,000",864,864.0,ok
2017,Selected Deficiencies,Rooms without electric outlets,"$10,000 to $19,999",271,271.0,ok
2017,Selected Deficiencies,Rooms without electric outlets,"$100,000 to $119,999",94,94.0,ok
2017,Selected Deficiencies,Rooms without electric outlets,"$120,000 or more",316,316.0,ok
2017,Selected Deficiencies,Rooms without electric outlets,"$20,000 to $29,999",231,231.0,ok
2017,Selected Deficiencies,Rooms without electric outlets,"$30,000 to $39,999",202,202.0,ok
2017,Selected Deficiencies,Rooms without electric outlets,"$40,000 to $49,999",146,146.0,ok
2017,Selected Deficiencies,Rooms without electric outlets,"$50,000 to $59,999",149,149.0,ok
2017,Selected Deficiencies,Rooms without electric outlets,"$60,000 to $79,999",214,214.0,ok
2017,Selected Deficiencies,Rooms without electric outlets,"$80,000 to $99,999",131,131.0,ok
2017,Selected Deficiencies,Rooms without electric outlets,"Less than $10,000",340,340.0,ok
2017,Selected Deficiencies,Signs of cockroaches in last 12 months,"$10,000 to $19,999","1,844",1844.0,ok
2017,Selected Deficiencies,Signs of cockroaches in last 12 months,"$100,000 to $119,999",816,816.0,ok
2017,Selected Deficiencies,Signs of cockroaches in last 12 months,"$120,000 or more","1,990",1990.0,ok
2017,Selected Deficiencies,Signs of cockroaches in last 12 months,"$20,000 to $29,999","1,802",1802.0,ok
2017,Selected Deficiencies,Signs of cockroaches in last 12 months,"$30,000 to $39,999","1,586",1586.0,ok
2017,Selected Deficiencies,Signs of cockroaches in last 12 months,"$40,000 to $49,999","1,381",1381.0,ok
2017,Selected Deficiencies,Signs of cockroaches in last 12 months,"$50,000 to $59,999","1,160",1160.0,ok
2017,Selected Deficiencies,Signs of cockroaches in last 12 months,"$60,000 to $79,999","1,744",1744.0,ok
2017,Selected Deficiencies,Signs of cockroaches in last 12 months,"$80,000 to $99,999","1,131",1131.0,ok
2017,Selected Deficiencies,Signs of cockroaches in last 12 months,"Less than $10,000","1,847",1847.0,ok
2017,Selected Deficiencies,Signs of mice or rats inside home in last 12 months,"$10,000 to $19,999","1,571",1571.0,ok
2017,Selected Deficiencies,Signs of mice or rats inside home in last 12 months,"$100,000 to $119,999",994,994.0,ok
2017,Selected Deficiencies,Signs of mice or rats inside home in last 12 months,"$120,000 or more","2,564",2564.0,ok
2017,Selected Deficiencies,Signs of mice or rats inside home in last 12 months,"$20,000 to $29,999","1,548",1548.0,ok
2017,Selected Deficiencies,Signs of mice or rats inside home in last 12 months,"$30,000 to $39,999","1,564",1564.0,ok
2017,Selected Deficiencies,Signs of mice or rats inside home in last 12 months,"$40,000 to $49,999","1,385",1385.0,ok
2017,Selected Deficiencies,Signs of mice or rats inside home in last 12 months,"$50,000 to $59,999","1,103",1103.0,ok
2017,Selected Deficiencies,Signs of mice or rats inside home in last 12 months,"$60,000 to $79,999","1,976",1976.0,ok
2017,Selected Deficiencies,Signs of mice or rats inside home in last 12 months,"$80,000 to $99,999","1,406",1406.0,ok
2017,Selected Deficiencies,Signs of mice or rats inside home in last 12 months,"Less than $10,000","1,503",1503.0,ok
2017,Sewage Disposal Breakdowns,No breakdowns in last 3 months,"$10,000 to $19,999","9,190",9190.0,ok
2017,Sewage Disposal Breakdowns,No breakdowns in last 3 months,"$100,000 to $119,999","6,965",6965.0,ok
2017,Sewage Disposal Breakdowns,No breakdowns in last 3 months,"$120,000 or more","18,315",18315.0,ok
2017,Sewage Disposal Breakdowns,No breakdowns in last 3 months,"$20,000 to $29,999","9,585",9585.0,ok
2017,Sewage Disposal Breakdowns,No breakdowns in last 3 months,"$30,000 to $39,999","8,904",8904.0,ok
2017,Sewage Disposal Breakdowns,No breakdowns in last 3 months,"$40,000 to $49,999","8,233",8233.0,ok
2017,Sewage Disposal Breakdowns,No breakdowns in last 3 months,"$50,000 to $59,999","7,225",7225.0,ok
2017,Sewage Disposal Breakdowns,No breakdowns in last 3 months,"$60,000 to $79,999","12,158",12158.0,ok
2017,Sewage Disposal Breakdowns,No breakdowns in last 3 months,"$80,000 to $99,999","8,943",8943.0,ok
2017,Sewage Disposal Breakdowns,No breakdowns in last 3 months,"Less than $10,000","8,871",8871.0,ok
2017,Sewage Disposal Breakdowns,No breakdowns lasting 6 hours or more,"$10,000 to $19,999",S,,suppressed
2017,Sewage Disposal Breakdowns,No breakdowns lasting 6 hours or more,"$100,000 to $119,999",S,,suppressed
2017,Sewage Disposal Breakdowns,No breakdowns lasting 6 hours or more,"$120,000 or more",S,,suppressed
2017,Sewage Disposal Breakdowns,No breakdowns lasting 6 hours or more,"$20,000 to $29,999",S,,suppressed
2017,Sewage Disposal Breakdowns,No breakdowns lasting 6 hours or more,"$30,000 to $39,999",S,,suppressed
2017,Sewage Disposal Breakdowns,No breakdowns lasting 6 hours or more,"$40,000 to $49,999",S,,suppressed
2017,Sewage Disposal Breakdowns,No breakdowns lasting 6 hours or more,"$50,000 to $59,999",S,,suppressed
2017,Sewage Disposal Breakdowns,No breakdowns lasting 6 hours or more,"$60,000 to $79,999",S,,suppressed
2017,Sewage Disposal Breakdowns,No breakdowns lasting 6 hours or more,"$80,000 to $99,999",S,,suppressed
2017,Sewage Disposal Breakdowns,No breakdowns lasting 6 hours or more,"Less than $10,000",28,28.0,ok
2017,Sewage Disposal Breakdowns,With breakdown(s) in last 3 months,"$10,000 to $19,999",162,162.0,ok
2017,Sewage Disposal Breakdowns,With breakdown(s) in last 3 months,"$100,000 to $119,999",82,82.0,ok
2017,Sewage Disposal Breakdowns,With breakdown(s) in last 3 months,"$120,000 or more",165,165.0,ok
2017,Sewage Disposal Breakdowns,With breakdown(s) in last 3 months,"$20,000 to $29,999",162,162.0,ok
2017,Sewage Disposal Breakdowns,With breakdown(s) in last 3 months,"$30,000 to $39,999",132,132.0,ok
2017,Sewage Disposal Breakdowns,With breakdown(s) in last 3 months,"$40,000 to $49,999",138,138.0,ok
2017,Sewage Disposal Breakdowns,With breakdown(s) in last 3 months,"$50,000 to $59,999",108,108.0,ok
2017,Sewage Disposal Breakdowns,With breakdown(s) in last 3 months,"$60,000 to $79,999",157,157.0,ok
2017,Sewage Disposal Breakdowns,With breakdown(s) in last 3 months,"$80,000 to $99,999",107,107.0,ok
2017,Sewage Disposal Breakdowns,With breakdown(s) in last 3 months,"Less than $10,000",179,179.0,ok
2017,Sewage Disposal Breakdowns,With public sewer,"$10,000 to $19,999","9,352",9352.0,ok
2017,Sewage Disposal Breakdowns,With public sewer,"$100,000 to $119,999","7,047",7047.0,ok
2017,Sewage Disposal Breakdowns,With public sewer,"$120,000 or more","18,480",18480.0,ok
2017,Sewage Disposal Breakdowns,With public sewer,"$20,000 to $29,999","9,746",9746.0,ok
2017,Sewage Disposal Breakdowns,With public sewer,"$30,000 to $39,999","9,035",9035.0,ok
2017,Sewage Disposal Breakdowns,With public sewer,"$40,000 to $49,999","8,371",8371.0,ok
2017,Sewage Disposal Breakdowns,With public sewer,"$50,000 to $59,999","7,332",7332.0,ok
2017,Sewage Disposal Breakdowns,With public sewer,"$60,000 to $79,999","12,315",12315.0,ok
2017,Sewage Disposal Breakdowns,With public sewer,"$80,000 to $99,999","9,050",9050.0,ok
2017,Sewage Disposal Breakdowns,With public sewer,"Less than $10,000","9,051",9051.0,ok
2017,Water Leakage During Last 12 Months,Basement,"$10,000 to $19,999",196,196.0,ok
2017,Water Leakage During Last 12 Months,Basement,"$100,000 to $119,999",294,294.0,ok
2017,Water Leakage During Last 12 Months,Basement,"$120,000 or more",562,562.0,ok
2017,Water Leakage During Last 12 Months,Basement,"$20,000 to $29,999",249,249.0,ok
2017,Water Leakage During Last 12 Months,Basement,"$30,000 to $39,999",235,235.0,ok
2017,Water Leakage During Last 12 Months,Basement,"$40,000 to $49,999",236,236.0,ok
2017,Water Leakage During Last 12 Months,Basement,"$50,000 to $59,999",284,284.0,ok
2017,Water Leakage During Last 12 Months,Basement,"$60,000 to $79,999",510,510.0,ok
2017,Water Leakage During Last 12 Months,Basement,"$80,000 to $99,999",431,431.0,ok
2017,Water Leakage During Last 12 Months,Basement,"Less than $10,000",169,169.0,ok
2017,Water Leakage During Last 12 Months,Broken water heater,"$10,000 to $19,999",81,81.0,ok
2017,Water Leakage During Last 12 Months,Broken water heater,"$100,000 to $119,999",63,63.0,ok
2017,Water Leakage During Last 12 Months,Broken water heater,"$120,000 or more",177,177.0,ok
2017,Water Leakage During Last 12 Months,Broken water heater,"$20,000 to $29,999",104,104.0,ok
2017,Water Leakage During Last 12 Months,Broken water heater,"$30,000 to $39,999",96,96.0,ok
2017,Water Leakage During Last 12 Months,Broken water heater,"$40,000 to $49,999",89,89.0,ok
2017,Water Leakage During Last 12 Months,Broken water heater,"$50,000 to $59,999",86,86.0,ok
2017,Water Leakage During Last 12 Months,Broken water heater,"$60,000 to $79,999",103,103.0,ok
2017,Water Leakage During Last 12 Months,Broken water heater,"$80,000 to $99,999",94,94.0,ok
2017,Water Leakage During Last 12 Months,Broken water heater,"Less than $10,000",84,84.0,ok
2017,Water Leakage During Last 12 Months,Fixtures backed up or overflowed,"$10,000 to $19,999",227,227.0,ok
2017,Water Leakage During Last 12 Months,Fixtures backed up or overflowed,"$100,000 to $119,999",157,157.0,ok
2017,Water Leakage During Last 12 Months,Fixtures backed up or overflowed,"$120,000 or more",399,399.0,ok
2017,Water Leakage During Last 12 Months,Fixtures backed up or overflowed,"$20,000 to $29,999",214,214.0,ok
2017,Water Leakage During Last 12 Months,Fixtures backed up or overflowed,"$30,000 to $39,999",168,168.0,ok
2017,Water Leakage During Last 12 Months,Fixtures backed up or overflowed,"$40,000 to $49,999",182,182.0,ok
2017,Water Leakage During Last 12 Months,Fixtures backed up or overflowed,"$50,000 to $59,999",182,182.0,ok
2017,Water Leakage During Last 12 Months,Fixtures backed up or overflowed,"$60,000 to $79,999",273,273.0,ok
2017,Water Leakage During Last 12 Months,Fixtures backed up or overflowed,"$80,000 to $99,999",246,246.0,ok
2017,Water Leakage During Last 12 Months,Fixtures backed up or overflowed,"Less than $10,000",258,258.0,ok
2017,Water Leakage During Last 12 Months,No leakage from inside structure,"$10,000 to $19,999","10,223",10223.0,ok
2017,Water Leakage During Last 12 Months,No leakage from inside structure,"$100,000 to $119,999","8,016",8016.0,ok
2017,Water Leakage During Last 12 Months,No leakage from inside structure,"$120,000 or more","20,571",20571.0,ok
2017,Water Leakage During Last 12 Months,No leakage from inside structure,"$20,000 to $29,999","10,773",10773.0,ok
2017,Water Leakage During Last 12 Months,No leakage from inside structure,"$30,000 to $39,999","10,237",10237.0,ok
2017,Water Leakage During Last 12 Months,No leakage from inside structure,"$40,000 to $49,999","9,396",9396.0,ok
2017,Water Leakage During Last 12 Months,No leakage from inside structure,"$50,000 to $59,999","8,318",8318.0,ok
2017,Water Leakage During Last 12 Months,No leakage from inside structure,"$60,000 to $79,999","14,056",14056.0,ok
2017,Water Leakage During Last 12 Months,No leakage from inside structure,"$80,000 to $99,999","10,447",10447.0,ok
2017,Water Leakage During Last 12 Months,No leakage from inside structure,"Less than $10,000","9,573",9573.0,ok
2017,Water Leakage During Last 12 Months,No leakage from outside structure,"$10,000 to $19,999","10,050",10050.0,ok
2017,Water Leakage During Last 12 Months,No leakage from outside structure,"$100,000 to $119,999","7,811",7811.0,ok
2017,Water Leakage During Last 12 Months,No leakage from outside structure,"$120,000 or more","20,281",20281.0,ok
2017,Water Leakage During Last 12 Months,No leakage from outside structure,"$20,000 to $29,999","10,511",10511.0,ok
2017,Water Leakage During Last 12 Months,No leakage from outside structure,"$30,000 to $39,999","10,061",10061.0,ok
2017,Water Leakage During Last 12 Months,No leakage from outside structure,"$40,000 to $49,999","9,169",9169.0,ok
2017,Water Leakage During Last 12 Months,No leakage from outside structure,"$50,000 to $59,999","8,094",8094.0,ok
2017,Water Leakage During Last 12 Months,No leakage from outside structure,"$60,000 to $79,999","13,624",13624.0,ok
2017,Water Leakage During Last 12 Months,No leakage from outside structure,"$80,000 to $99,999","10,150",10150.0,ok
2017,Water Leakage During Last 12 Months,No leakage from outside structure,"Less than $10,000","9,487",9487.0,ok
2017,Water Leakage During Last 12 Months,Other or unknown (includes not reported),"$10,000 to $19,999",302,302.0,ok
2017,Water Leakage During Last 12 Months,Other or unknown (includes not reported),"$100,000 to $119,999",220,220.0,ok
2017,Water Leakage During Last 12 Months,Other or unknown (includes not reported),"$120,000 or more",592,592.0,ok
2017,Water Leakage During Last 12 Months,Other or unknown (includes not reported),"$20,000 to $29,999",334,334.0,ok
2017,Water Leakage During Last 12 Months,Other or unknown (includes not reported),"$30,000 to $39,999",278,278.0,ok
2017,Water Leakage During Last 12 Months,Other or unknown (includes not reported),"$40,000 to $49,999",267,267.0,ok
2017,Water Leakage During Last 12 Months,Other or unknown (includes not reported),"$50,000 to $59,999",158,158.0,ok
2017,Water Leakage During Last 12 Months,Other or unknown (includes not reported),"$60,000 to $79,999",377,377.0,ok
2017,Water Leakage During Last 12 Months,Other or unknown (includes not reported),"$80,000 to $99,999",274,274.0,ok
2017,Water Leakage During Last 12 Months,Other or unknown (includes not reported),"Less than $10,000",285,285.0,ok
2017,Water Leakage During Last 12 Months,Pipes leaked,"$10,000 to $19,999",376,376.0,ok
2017,Water Leakage During Last 12 Months,Pipes leaked,"$100,000 to $119,999",298,298.0,ok
2017,Water Leakage During Last 12 Months,Pipes leaked,"$120,000 or more",720,720.0,ok
2017,Water Leakage During Last 12 Months,Pipes leaked,"$20,000 to $29,999",425,425.0,ok
2017,Water Leakage During Last 12 Months,Pipes leaked,"$30,000 to $39,999",441,441.0,ok
2017,Water Leakage During Last 12 Months,Pipes leaked,"$40,000 to $49,999",381,381.0,ok
2017,Water Leakage During Last 12 Months,Pipes leaked,"$50,000 to $59,999",309,309.0,ok
2017,Water Leakage During Last 12 Months,Pipes leaked,"$60,000 to $79,999",495,495.0,ok
2017,Water Leakage During Last 12 Months,Pipes leaked,"$80,000 to $99,999",309,309.0,ok
2017,Water Leakage During Last 12 Months,Pipes leaked,"Less than $10,000",385,385.0,ok
2017,Water Leakage During Last 12 Months,Roof,"$10,000 to $19,999",579,579.0,ok
2017,Water Leakage During Last 12 Months,Roof,"$100,000 to $119,999",429,429.0,ok
2017,Water Leakage During Last 12 Months,Roof,"$120,000 or more","1,043",1043.0,ok
2017,Water Leakage During Last 12 Months,Roof,"$20,000 to $29,999",674,674.0,ok
2017,Water Leakage During Last 12 Months,Roof,"$30,000 to $39,999",546,546.0,ok
2017,Water Leakage During Last 12 Months,Roof,"$40,000 to $49,999",591,591.0,ok
2017,Water Leakage During Last 12 Months,Roof,"$50,000 to $59,999",434,434.0,ok
2017,Water Leakage During Last 12 Months,Roof,"$60,000 to $79,999",762,762.0,ok
2017,Water Leakage During Last 12 Months,Roof,"$80,000 to $99,999",525,525.0,ok
2017,Water Leakage During Last 12 Months,Roof,"Less than $10,000",524,524.0,ok
2017,Water Leakage During Last 12 Months,"Walls, closed windows, or doors","$10,000 to $19,999",253,253.0,ok
2017,Water Leakage During Last 12 Months,"Walls, closed windows, or doors","$100,000 to $119,999",163,163.0,ok
2017,Water Leakage During Last 12 Months,"Walls, closed windows, or doors","$120,000 or more",425,425.0,ok
2017,Water Leakage During Last 12 Months,"Walls, closed windows, or doors","$20,000 to $29,999",264,264.0,ok
2017,Water Leakage During Last 12 Months,"Walls, closed windows, or doors","$30,000 to $39,999",242,242.0,ok
2017,Water Leakage During Last 12 Months,"Walls, closed windows, or doors","$40,000 to $49,999",261,261.0,ok
2017,Water Leakage During Last 12 Months,"Walls, closed windows, or doors","$50,000 to $59,999",148,148.0,ok
2017,Water Leakage During Last 12 Months,"Walls, closed windows, or doors","$60,000 to $79,999",268,268.0,ok
2017,Water Leakage During Last 12 Months,"Walls, closed windows, or doors","$80,000 to $99,999",176,176.0,ok
2017,Water Leakage During Last 12 Months,"Walls, closed windows, or doors","Less than $10,000",277,277.0,ok
2017,Water Leakage During Last 12 Months,With leakage from inside structure,"$10,000 to $19,999",922,922.0,ok
2017,Water Leakage During Last 12 Months,With leakage from inside structure,"$100,000 to $119,999",722,722.0,ok
2017,Water Leakage During Last 12 Months,With leakage from inside structure,"$120,000 or more","1,798",1798.0,ok
2017,Water Leakage During Last 12 Months,With leakage from inside structure,"$20,000 to $29,999","1,006",1006.0,ok
2017,Water Leakage During Last 12 Months,With leakage from inside structure,"$30,000 to $39,999",937,937.0,ok
2017,Water Leakage During Last 12 Months,With leakage from inside structure,"$40,000 to $49,999",871,871.0,ok
2017,Water Leakage During Last 12 Months,With leakage from inside structure,"$50,000 to $59,999",687,687.0,ok
2017,Water Leakage During Last 12 Months,With leakage from inside structure,"$60,000 to $79,999","1,197",1197.0,ok
2017,Water Leakage During Last 12 Months,With leakage from inside structure,"$80,000 to $99,999",881,881.0,ok
2017,Water Leakage During Last 12 Months,With leakage from inside structure,"Less than $10,000",931,931.0,ok
2017,Water Leakage During Last 12 Months,With leakage from outside structure,"$10,000 to $19,999","1,095",1095.0,ok
2017,Water Leakage During Last 12 Months,With leakage from outside structure,"$100,000 to $119,999",926,926.0,ok
2017,Water Leakage During Last 12 Months,With leakage from outside structure,"$120,000 or more","2,089",2089.0,ok
2017,Water Leakage During Last 12 Months,With leakage from outside structure,"$20,000 to $29,999","1,269",1269.0,ok
2017,Water Leakage During Last 12 Months,With leakage from outside structure,"$30,000 to $39,999","1,113",1113.0,ok
2017,Water Leakage During Last 12 Months,With leakage from outside structure,"$40,000 to $49,999","1,097",1097.0,ok
2017,Water Leakage During Last 12 Months,With leakage from outside structure,"$50,000 to $59,999",911,911.0,ok
2017,Water Leakage During Last 12 Months,With leakage from outside structure,"$60,000 to $79,999","1,628",1628.0,ok
2017,Water Leakage During Last 12 Months,With leakage from outside structure,"$80,000 to $99,999","1,178",1178.0,ok
2017,Water Leakage During Last 12 Months,With leakage from outside structure,"Less than $10,000","1,016",1016.0,ok
2017,Water Supply Stoppage,No stoppage in last 3 months,"$10,000 to $19,999","10,589",10589.0,ok
2017,Water Supply Stoppage,No stoppage in last 3 months,"$100,000 to $119,999","8,503",8503.0,ok
2017,Water Supply Stoppage,No stoppage in last 3 months,"$120,000 or more","21,719",21719.0,ok
2017,Water Supply Stoppage,No stoppage in last 3 months,"$20,000 to $29,999","11,276",11276.0,ok
2017,Water Supply Stoppage,No stoppage in last 3 months,"$30,000 to $39,999","10,718",10718.0,ok
2017,Water Supply Stoppage,No stoppage in last 3 months,"$40,000 to $49,999","9,839",9839.0,ok
2017,Water Supply Stoppage,No stoppage in last 3 months,"$50,000 to $59,999","8,636",8636.0,ok
2017,Water Supply Stoppage,No stoppage in last 3 months,"$60,000 to $79,999","14,652",14652.0,ok
2017,Water Supply Stoppage,No stoppage in last 3 months,"$80,000 to $99,999","10,954",10954.0,ok
2017,Water Supply Stoppage,No stoppage in last 3 months,"Less than $10,000","9,949",9949.0,ok
2017,Water Supply Stoppage,No stoppage lasting 6 hours or more,"$10,000 to $19,999",76,76.0,ok
2017,Water Supply Stoppage,No stoppage lasting 6 hours or more,"$100,000 to $119,999",49,49.0,ok
2017,Water Supply Stoppage,No stoppage lasting 6 hours or more,"$120,000 or more",110,110.0,ok
2017,Water Supply Stoppage,No stoppage lasting 6 hours or more,"$20,000 to $29,999",78,78.0,ok
2017,Water Supply Stoppage,No stoppage lasting 6 hours or more,"$30,000 to $39,999",71,71.0,ok
2017,Water Supply Stoppage,No stoppage lasting 6 hours or more,"$40,000 to $49,999",53,53.0,ok
2017,Water Supply Stoppage,No stoppage lasting 6 hours or more,"$50,000 to $59,999",55,55.0,ok
2017,Water Supply Stoppage,No stoppage lasting 6 hours or more,"$60,000 to $79,999",102,102.0,ok
2017,Water Supply Stoppage,No stoppage lasting 6 hours or more,"$80,000 to $99,999",64,64.0,ok
2017,Water Supply Stoppage,No stoppage lasting 6 hours or more,"Less than $10,000",66,66.0,ok
2017,Water Supply Stoppage,With hot and cold piped water,"$10,000 to $19,999","11,066",11066.0,ok
2017,Water Supply Stoppage,With hot and cold piped water,"$100,000 to $119,999","8,737",8737.0,ok
2017,Water Supply Stoppage,With hot and cold piped water,"$120,000 or more","22,358",22358.0,ok
2017,Water Supply Stoppage,With hot and cold piped water,"$20,000 to $29,999","11,730",11730.0,ok
2017,Water Supply Stoppage,With hot and cold piped water,"$30,000 to $39,999","11,142",11142.0,ok
2017,Water Supply Stoppage,With hot and cold piped water,"$40,000 to $49,999","10,238",10238.0,ok
2017,Water Supply Stoppage,With hot and cold piped water,"$50,000 to $59,999","8,985",8985.0,ok
2017,Water Supply Stoppage,With hot and cold piped water,"$60,000 to $79,999","15,218",15218.0,ok
2017,Water Supply Stoppage,With hot and cold piped water,"$80,000 to $99,999","11,322",11322.0,ok
2017,Water Supply Stoppage,With hot and cold piped water,"Less than $10,000","10,434",10434.0,ok
2017,Water Supply Stoppage,With stoppage in last 3 months,"$10,000 to $19,999",402,402.0,ok
2017,Water Supply Stoppage,With stoppage in last 3 months,"$100,000 to $119,999",199,199.0,ok
2017,Water Supply Stoppage,With stoppage in last 3 months,"$120,000 or more",503,503.0,ok
2017,Water Supply Stoppage,With stoppage in last 3 months,"$20,000 to $29,999",354,354.0,ok
2017,Water Supply Stoppage,With stoppage in last 3 months,"$30,000 to $39,999",368,368.0,ok
2017,Water Supply Stoppage,With stoppage in last 3 months,"$40,000 to $49,999",333,333.0,ok
2017,Water Supply Stoppage,With stoppage in last 3 months,"$50,000 to $59,999",293,293.0,ok
2017,Water Supply Stoppage,With stoppage in last 3 months,"$60,000 to $79,999",483,483.0,ok
2017,Water Supply Stoppage,With stoppage in last 3 months,"$80,000 to $99,999",293,293.0,ok
2017,Water Supply Stoppage,With stoppage in last 3 months,"Less than $10,000",376,376.0,ok
2019,Electric Fuses and Circuit Breakers,1 time,"$10,000 to $19,999",346,346.0,ok
2019,Electric Fuses and Circuit Breakers,1 time,"$100,000 to $119,999",381,381.0,ok
2019,Electric Fuses and Circuit Breakers,1 time,"$120,000 or more","1,384",1384.0,ok
2019,Electric Fuses and Circuit Breakers,1 time,"$20,000 to $29,999",373,373.0,ok
2019,Electric Fuses and Circuit Breakers,1 time,"$30,000 to $39,999",368,368.0,ok
2019,Electric Fuses and Circuit Breakers,1 time,"$40,000 to $49,999",370,370.0,ok
2019,Electric Fuses and Circuit Breakers,1 time,"$50,000 to $59,999",367,367.0,ok
2019,Electric Fuses and Circuit Breakers,1 time,"$60,000 to $79,999",725,725.0,ok
2019,Electric Fuses and Circuit Breakers,1 time,"$80,000 to $99,999",459,459.0,ok
2019,Electric Fuses and Circuit Breakers,1 time,"Less than $10,000",336,336.0,ok
2019,Electric Fuses and Circuit Breakers,2 times,"$10,000 to $19,999",102,102.0,ok
2019,Electric Fuses and Circuit Breakers,2 times,"$100,000 to $119,999",201,201.0,ok
2019,Electric Fuses and Circuit Breakers,2 times,"$120,000 or more",567,567.0,ok
2019,Electric Fuses and Circuit Breakers,2 times,"$20,000 to $29,999",156,156.0,ok
2019,Electric Fuses and Circuit Breakers,2 times,"$30,000 to $39,999",201,201.0,ok
2019,Electric Fuses and Circuit Breakers,2 times,"$40,000 to $49,999",154,154.0,ok
2019,Electric Fuses and Circuit Breakers,2 times,"$50,000 to $59,999",139,139.0,ok
2019,Electric Fuses and Circuit Breakers,2 times,"$60,000 to $79,999",304,304.0,ok
2019,Electric Fuses and Circuit Breakers,2 times,"$80,000 to $99,999",172,172.0,ok
2019,Electric Fuses and Circuit Breakers,2 times,"Less than $10,000",139,139.0,ok
2019,Electric Fuses and Circuit Breakers,3 times,"$10,000 to $19,999",68,68.0,ok
2019,Electric Fuses and Circuit Breakers,3 times,"$100,000 to $119,999",75,75.0,ok
2019,Electric Fuses and Circuit Breakers,3 times,"$120,000 or more",206,206.0,ok
2019,Electric Fuses and Circuit Breakers,3 times,"$20,000 to $29,999",60,60.0,ok
2019,Electric Fuses and Circuit Breakers,3 times,"$30,000 to $39,999",77,77.0,ok
2019,Electric Fuses and Circuit Breakers,3 times,"$40,000 to $49,999",85,85.0,ok
2019,Electric Fuses and Circuit Breakers,3 times,"$50,000 to $59,999",45,45.0,ok
2019,Electric Fuses and Circuit Breakers,3 times,"$60,000 to $79,999",106,106.0,ok
2019,Electric Fuses and Circuit Breakers,3 times,"$80,000 to $99,999",78,78.0,ok
2019,Electric Fuses and Circuit Breakers,3 times,"Less than $10,000",52,52.0,ok
2019,Electric Fuses and Circuit Breakers,4 times or more,"$10,000 to $19,999",144,144.0,ok
2019,Electric Fuses and Circuit Breakers,4 times or more,"$100,000 to $119,999",98,98.0,ok
2019,Electric Fuses and Circuit Breakers,4 times or more,"$120,000 or more",322,322.0,ok
2019,Electric Fuses and Circuit Breakers,4 times or more,"$20,000 to $29,999",123,123.0,ok
2019,Electric Fuses and Circuit Breakers,4 times or more,"$30,000 to $39,999",109,109.0,ok
2019,Electric Fuses and Circuit Breakers,4 times or more,"$40,000 to $49,999",72,72.0,ok
2019,Electric Fuses and Circuit Breakers,4 times or more,"$50,000 to $59,999",78,78.0,ok
2019,Electric Fuses and Circuit Breakers,4 times or more,"$60,000 to $79,999",138,138.0,ok
2019,Electric Fuses and Circuit Breakers,4 times or more,"$80,000 to $99,999",93,93.0,ok
2019,Electric Fuses and Circuit Breakers,4 times or more,"Less than $10,000",88,88.0,ok
2019,Electric Fuses and Circuit Breakers,No fuses or breakers blown in last 3 months,"$10,000 to $19,999","9,642",9642.0,ok
2019,Electric Fuses and Circuit Breakers,No fuses or breakers blown in last 3 months,"$100,000 to $119,999","8,432",8432.0,ok
2019,Electric Fuses and Circuit Breakers,No fuses or breakers blown in last 3 months,"$120,000 or more","24,013",24013.0,ok
2019,Electric Fuses and Circuit Breakers,No fuses or breakers blown in last 3 months,"$20,000 to $29,999","9,766",9766.0,ok
2019,Electric Fuses and Circuit Breakers,No fuses or breakers blown in last 3 months,"$30,000 to $39,999","10,248",10248.0,ok
2019,Electric Fuses and Circuit Breakers,No fuses or breakers blown in last 3 months,"$40,000 to $49,999","8,975",8975.0,ok
2019,Electric Fuses and Circuit Breakers,No fuses or breakers blown in last 3 months,"$50,000 to $59,999","8,651",8651.0,ok
2019,Electric Fuses and Circuit Breakers,No fuses or breakers blown in last 3 months,"$60,000 to $79,999","14,528",14528.0,ok
2019,Electric Fuses and Circuit Breakers,No fuses or breakers blown in last 3 months,"$80,000 to $99,999","10,782",10782.0,ok
2019,Electric Fuses and Circuit Breakers,No fuses or breakers blown in last 3 months,"Less than $10,000","9,680",9680.0,ok
2019,Electric Fuses and Circuit Breakers,With electrical wiring,"$10,000 to $19,999","10,303",10303.0,ok
2019,Electric Fuses and Circuit Breakers,With electrical wiring,"$100,000 to $119,999","9,188",9188.0,ok
2019,Electric Fuses and Circuit Breakers,With electrical wiring,"$120,000 or more","26,492",26492.0,ok
2019,Electric Fuses and Circuit Breakers,With electrical wiring,"$20,000 to $29,999","10,477",10477.0,ok
2019,Electric Fuses and Circuit Breakers,With electrical wiring,"$30,000 to $39,999","11,004",11004.0,ok
2019,Electric Fuses and Circuit Breakers,With electrical wiring,"$40,000 to $49,999","9,656",9656.0,ok
2019,Electric Fuses and Circuit Breakers,With electrical wiring,"$50,000 to $59,999","9,280",9280.0,ok
2019,Electric Fuses and Circuit Breakers,With electrical wiring,"$60,000 to $79,999","15,802",15802.0,ok
2019,Electric Fuses and Circuit Breakers,With electrical wiring,"$80,000 to $99,999","11,585",11585.0,ok
2019,Electric Fuses and Circuit Breakers,With electrical wiring,"Less than $10,000","10,295",10295.0,ok
2019,Electric Fuses and Circuit Breakers,With fuses or breakers blown in last 3 months,"$10,000 to $19,999",661,661.0,ok
2019,Electric Fuses and Circuit Breakers,With fuses or breakers blown in last 3 months,"$100,000 to $119,999",755,755.0,ok
2019,Electric Fuses and Circuit Breakers,With fuses or breakers blown in last 3 months,"$120,000 or more","2,479",2479.0,ok
2019,Electric Fuses and Circuit Breakers,With fuses or breakers blown in last 3 months,"$20,000 to $29,999",712,712.0,ok
2019,Electric Fuses and Circuit Breakers,With fuses or breakers blown in last 3 months,"$30,000 to $39,999",756,756.0,ok
2019,Electric Fuses and Circuit Breakers,With fuses or breakers blown in last 3 months,"$40,000 to $49,999",681,681.0,ok
2019,Electric Fuses and Circuit Breakers,With fuses or breakers blown in last 3 months,"$50,000 to $59,999",629,629.0,ok
2019,Electric Fuses and Circuit Breakers,With fuses or breakers blown in last 3 months,"$60,000 to $79,999","1,274",1274.0,ok
2019,Electric Fuses and Circuit Breakers,With fuses or breakers blown in last 3 months,"$80,000 to $99,999",803,803.0,ok
2019,Electric Fuses and Circuit Breakers,With fuses or breakers blown in last 3 months,"Less than $10,000",616,616.0,ok
2019,External Building Conditions,Bars on windows,"$10,000 to $19,999",211,211.0,ok
2019,External Building Conditions,Bars on windows,"$100,000 to $119,999",116,116.0,ok
2019,External Building Conditions,Bars on windows,"$120,000 or more",315,315.0,ok
2019,External Building Conditions,Bars on windows,"$20,000 to $29,999",223,223.0,ok
2019,External Building Conditions,Bars on windows,"$30,000 to $39,999",189,189.0,ok
2019,External Building Conditions,Bars on windows,"$40,000 to $49,999",240,240.0,ok
2019,External Building Conditions,Bars on windows,"$50,000 to $59,999",199,199.0,ok
2019,External Building Conditions,Bars on windows,"$60,000 to $79,999",245,245.0,ok
2019,External Building Conditions,Bars on windows,"$80,000 to $99,999",168,168.0,ok
2019,External Building Conditions,Bars on windows,"Less than $10,000",262,262.0,ok
2019,External Building Conditions,Boarded up windows,"$10,000 to $19,999",144,144.0,ok
2019,External Building Conditions,Boarded up windows,"$100,000 to $119,999",S,,suppressed
2019,External Building Conditions,Boarded up windows,"$120,000 or more",115,115.0,ok
2019,External Building Conditions,Boarded up windows,"$20,000 to $29,999",131,131.0,ok
2019,External Building Conditions,Boarded up windows,"$30,000 to $39,999",107,107.0,ok
2019,External Building Conditions,Boarded up windows,"$40,000 to $49,999",84,84.0,ok
2019,External Building Conditions,Boarded up windows,"$50,000 to $59,999",73,73.0,ok
2019,External Building Conditions,Boarded up windows,"$60,000 to $79,999",121,121.0,ok
2019,External Building Conditions,Boarded up windows,"$80,000 to $99,999",46,46.0,ok
2019,External Building Conditions,Boarded up windows,"Less than $10,000",135,135.0,ok
2019,External Building Conditions,Broken windows,"$10,000 to $19,999",392,392.0,ok
2019,External Building Conditions,Broken windows,"$100,000 to $119,999",180,180.0,ok
2019,External Building Conditions,Broken windows,"$120,000 or more",527,527.0,ok
2019,External Building Conditions,Broken windows,"$20,000 to $29,999",361,361.0,ok
2019,External Building Conditions,Broken windows,"$30,000 to $39,999",417,417.0,ok
2019,External Building Conditions,Broken windows,"$40,000 to $49,999",305,305.0,ok
2019,External Building Conditions,Broken windows,"$50,000 to $59,999",293,293.0,ok
2019,External Building Conditions,Broken windows,"$60,000 to $79,999",453,453.0,ok
2019,External Building Conditions,Broken windows,"$80,000 to $99,999",272,272.0,ok
2019,External Building Conditions,Broken windows,"Less than $10,000",382,382.0,ok
2019,External Building Conditions,Foundation crumbling or has open crack or hole,"$10,000 to $19,999",463,463.0,ok
2019,External Building Conditions,Foundation crumbling or has open crack or hole,"$100,000 to $119,999",354,354.0,ok
2019,External Building Conditions,Foundation crumbling or has open crack or hole,"$120,000 or more",877,877.0,ok
2019,External Building Conditions,Foundation crumbling or has open crack or hole,"$20,000 to $29,999",407,407.0,ok
2019,External Building Conditions,Foundation crumbling or has open crack or hole,"$30,000 to $39,999",399,399.0,ok
2019,External Building Conditions,Foundation crumbling or has open crack or hole,"$40,000 to $49,999",362,362.0,ok
2019,External Building Conditions,Foundation crumbling or has open crack or hole,"$50,000 to $59,999",391,391.0,ok
2019,External Building Conditions,Foundation crumbling or has open crack or hole,"$60,000 to $79,999",672,672.0,ok
2019,External Building Conditions,Foundation crumbling or has open crack or hole,"$80,000 to $99,999",385,385.0,ok
2019,External Building Conditions,Foundation crumbling or has open crack or hole,"Less than $10,000",464,464.0,ok
2019,External Building Conditions,Hole in roof,"$10,000 to $19,999",185,185.0,ok
2019,External Building Conditions,Hole in roof,"$100,000 to $119,999",68,68.0,ok
2019,External Building Conditions,Hole in roof,"$120,000 or more",124,124.0,ok
2019,External Building Conditions,Hole in roof,"$20,000 to $29,999",153,153.0,ok
2019,External Building Conditions,Hole in roof,"$30,000 to $39,999",163,163.0,ok
2019,External Building Conditions,Hole in roof,"$40,000 to $49,999",91,91.0,ok
2019,External Building Conditions,Hole in roof,"$50,000 to $59,999",61,61.0,ok
2019,External Building Conditions,Hole in roof,"$60,000 to $79,999",157,157.0,ok
2019,External Building Conditions,Hole in roof,"$80,000 to $99,999",75,75.0,ok
2019,External Building Conditions,Hole in roof,"Less than $10,000",236,236.0,ok
2019,External Building Conditions,"Missing bricks, siding, or other outside wall material","$10,000 to $19,999",298,298.0,ok
2019,External Building Conditions,"Missing bricks, siding, or other outside wall material","$100,000 to $119,999",182,182.0,ok
2019,External Building Conditions,"Missing bricks, siding, or other outside wall material","$120,000 or more",359,359.0,ok
2019,External Building Conditions,"Missing bricks, siding, or other outside wall material","$20,000 to $29,999",216,216.0,ok
2019,External Building Conditions,"Missing bricks, siding, or other outside wall material","$30,000 to $39,999",290,290.0,ok
2019,External Building Conditions,"Missing bricks, siding, or other outside wall material","$40,000 to $49,999",218,218.0,ok
2019,External Building Conditions,"Missing bricks, siding, or other outside wall material","$50,000 to $59,999",203,203.0,ok
2019,External Building Conditions,"Missing bricks, siding, or other outside wall material","$60,000 to $79,999",325,325.0,ok
2019,External Building Conditions,"Missing bricks, siding, or other outside wall material","$80,000 to $99,999",231,231.0,ok
2019,External Building Conditions,"Missing bricks, siding, or other outside wall material","Less than $10,000",256,256.0,ok
2019,External Building Conditions,Missing roofing material,"$10,000 to $19,999",356,356.0,ok
2019,External Building Conditions,Missing roofing material,"$100,000 to $119,999",184,184.0,ok
2019,External Building Conditions,Missing roofing material,"$120,000 or more",490,490.0,ok
2019,External Building Conditions,Missing roofing material,"$20,000 to $29,999",361,361.0,ok
2019,External Building Conditions,Missing roofing material,"$30,000 to $39,999",349,349.0,ok
2019,External Building Conditions,Missing roofing material,"$40,000 to $49,999",254,254.0,ok
2019,External Building Conditions,Missing roofing material,"$50,000 to $59,999",233,233.0,ok
2019,External Building Conditions,Missing roofing material,"$60,000 to $79,999",468,468.0,ok
2019,External Building Conditions,Missing roofing material,"$80,000 to $99,999",270,270.0,ok
2019,External Building Conditions,Missing roofing material,"Less than $10,000",352,352.0,ok
2019,External Building Conditions,Sagging roof,"$10,000 to $19,999",209,209.0,ok
2019,External Building Conditions,Sagging roof,"$100,000 to $119,999",114,114.0,ok
2019,External Building Conditions,Sagging roof,"$120,000 or more",148,148.0,ok
2019,External Building Conditions,Sagging roof,"$20,000 to $29,999",177,177.0,ok
2019,External Building Conditions,Sagging roof,"$30,000 to $39,999",229,229.0,ok
2019,External Building Conditions,Sagging roof,"$40,000 to $49,999",145,145.0,ok
2019,External Building Conditions,Sagging roof,"$50,000 to $59,999",134,134.0,ok
2019,External Building Conditions,Sagging roof,"$60,000 to $79,999",168,168.0,ok
2019,External Building Conditions,Sagging roof,"$80,000 to $99,999",112,112.0,ok
2019,External Building Conditions,Sagging roof,"Less than $10,000",237,237.0,ok
2019,External Building Conditions,Sloping outside walls,"$10,000 to $19,999",143,143.0,ok
2019,External Building Conditions,Sloping outside walls,"$100,000 to $119,999",62,62.0,ok
2019,External Building Conditions,Sloping outside walls,"$120,000 or more",61,61.0,ok
2019,External Building Conditions,Sloping outside walls,"$20,000 to $29,999",106,106.0,ok
2019,External Building Conditions,Sloping outside walls,"$30,000 to $39,999",97,97.0,ok
2019,External Building Conditions,Sloping outside walls,"$40,000 to $49,999",109,109.0,ok
2019,External Building Conditions,Sloping outside walls,"$50,000 to $59,999",87,87.0,ok
2019,External Building Conditions,Sloping outside walls,"$60,000 to $79,999",140,140.0,ok
2019,External Building Conditions,Sloping outside walls,"$80,000 to $99,999",46,46.0,ok
2019,External Building Conditions,Sloping outside walls,"Less than $10,000",195,195.0,ok
2019,Flush Toilet Breakdowns,No breakdowns lasting 6 hours or more,"$10,000 to $19,999",88,88.0,ok
2019,Flush Toilet Breakdowns,No breakdowns lasting 6 hours or more,"$100,000 to $119,999",S,,suppressed
2019,Flush Toilet Breakdowns,No breakdowns lasting 6 hours or more,"$120,000 or more",54,54.0,ok
2019,Flush Toilet Breakdowns,No breakdowns lasting 6 hours or more,"$20,000 to $29,999",73,73.0,ok
2019,Flush Toilet Breakdowns,No breakdowns lasting 6 hours or more,"$30,000 to $39,999",95,95.0,ok
2019,Flush Toilet Breakdowns,No breakdowns lasting 6 hours or more,"$40,000 to $49,999",S,,suppressed
2019,Flush Toilet Breakdowns,No breakdowns lasting 6 hours or more,"$50,000 to $59,999",S,,suppressed
2019,Flush Toilet Breakdowns,No breakdowns lasting 6 hours or more,"$60,000 to $79,999",58,58.0,ok
2019,Flush Toilet Breakdowns,No breakdowns lasting 6 hours or more,"$80,000 to $99,999",S,,suppressed
2019,Flush Toilet Breakdowns,No breakdowns lasting 6 hours or more,"Less than $10,000",50,50.0,ok
2019,Flush Toilet Breakdowns,None working some time in last 3 months,"$10,000 to $19,999",264,264.0,ok
2019,Flush Toilet Breakdowns,None working some time in last 3 months,"$100,000 to $119,999",105,105.0,ok
2019,Flush Toilet Breakdowns,None working some time in last 3 months,"$120,000 or more",259,259.0,ok
2019,Flush Toilet Breakdowns,None working some time in last 3 months,"$20,000 to $29,999",254,254.0,ok
2019,Flush Toilet Breakdowns,None working some time in last 3 months,"$30,000 to $39,999",270,270.0,ok
2019,Flush Toilet Breakdowns,None working some time in last 3 months,"$40,000 to $49,999",209,209.0,ok
2019,Flush Toilet Breakdowns,None working some time in last 3 months,"$50,000 to $59,999",141,141.0,ok
2019,Flush Toilet Breakdowns,None working some time in last 3 months,"$60,000 to $79,999",249,249.0,ok
2019,Flush Toilet Breakdowns,None working some time in last 3 months,"$80,000 to $99,999",103,103.0,ok
2019,Flush Toilet Breakdowns,None working some time in last 3 months,"Less than $10,000",276,276.0,ok
2019,Flush Toilet Breakdowns,With at least one toilet working at all times in last 3 months,"$10,000 to $19,999","10,034",10034.0,ok
2019,Flush Toilet Breakdowns,With at least one toilet working at all times in last 3 months,"$100,000 to $119,999","9,087",9087.0,ok
2019,Flush Toilet Breakdowns,With at least one toilet working at all times in last 3 months,"$120,000 or more","26,227",26227.0,ok
2019,Flush Toilet Breakdowns,With at least one toilet working at all times in last 3 months,"$20,000 to $29,999","10,218",10218.0,ok
2019,Flush Toilet Breakdowns,With at least one toilet working at all times in last 3 months,"$30,000 to $39,999","10,739",10739.0,ok
2019,Flush Toilet Breakdowns,With at least one toilet working at all times in last 3 months,"$40,000 to $49,999","9,438",9438.0,ok
2019,Flush Toilet Breakdowns,With at least one toilet working at all times in last 3 months,"$50,000 to $59,999","9,134",9134.0,ok
2019,Flush Toilet Breakdowns,With at least one toilet working at all times in last 3 months,"$60,000 to $79,999","15,553",15553.0,ok
2019,Flush Toilet Breakdowns,With at least one toilet working at all times in last 3 months,"$80,000 to $99,999","11,479",11479.0,ok
2019,Flush Toilet Breakdowns,With at least one toilet working at all times in last 3 months,"Less than $10,000","10,008",10008.0,ok
2019,Flush Toilet Breakdowns,With one or more flush toilets,"$10,000 to $19,999","10,298",10298.0,ok
2019,Flush Toilet Breakdowns,With one or more flush toilets,"$100,000 to $119,999","9,192",9192.0,ok
2019,Flush Toilet Breakdowns,With one or more flush toilets,"$120,000 or more","26,485",26485.0,ok
2019,Flush Toilet Breakdowns,With one or more flush toilets,"$20,000 to $29,999","10,472",10472.0,ok
2019,Flush Toilet Breakdowns,With one or more flush toilets,"$30,000 to $39,999","11,009",11009.0,ok
2019,Flush Toilet Breakdowns,With one or more flush toilets,"$40,000 to $49,999","9,647",9647.0,ok
2019,Flush Toilet Breakdowns,With one or more flush toilets,"$50,000 to $59,999","9,276",9276.0,ok
2019,Flush Toilet Breakdowns,With one or more flush toilets,"$60,000 to $79,999","15,802",15802.0,ok
2019,Flush Toilet Breakdowns,With one or more flush toilets,"$80,000 to $99,999","11,582",11582.0,ok
2019,Flush Toilet Breakdowns,With one or more flush toilets,"Less than $10,000","10,283",10283.0,ok
2019,Heating Problems,Equipment breakdowns,"$10,000 to $19,999",333,333.0,ok
2019,Heating Problems,Equipment breakdowns,"$100,000 to $119,999",165,165.0,ok
2019,Heating Problems,Equipment breakdowns,"$120,000 or more",460,460.0,ok
2019,Heating Problems,Equipment breakdowns,"$20,000 to $29,999",301,301.0,ok
2019,Heating Problems,Equipment breakdowns,"$30,000 to $39,999",270,270.0,ok
2019,Heating Problems,Equipment breakdowns,"$40,000 to $49,999",240,240.0,ok
2019,Heating Problems,Equipment breakdowns,"$50,000 to $59,999",170,170.0,ok
2019,Heating Problems,Equipment breakdowns,"$60,000 to $79,999",374,374.0,ok
2019,Heating Problems,Equipment breakdowns,"$80,000 to $99,999",222,222.0,ok
2019,Heating Problems,Equipment breakdowns,"Less than $10,000",358,358.0,ok
2019,Heating Problems,No breakdowns lasting 6 hours or more,"$10,000 to $19,999",S,,suppressed
2019,Heating Problems,No breakdowns lasting 6 hours or more,"$100,000 to $119,999",S,,suppressed
2019,Heating Problems,No breakdowns lasting 6 hours or more,"$120,000 or more",S,,suppressed
2019,Heating Problems,No breakdowns lasting 6 hours or more,"$20,000 to $29,999",S,,suppressed
2019,Heating Problems,No breakdowns lasting 6 hours or more,"$30,000 to $39,999",S,,suppressed
2019,Heating Problems,No breakdowns lasting 6 hours or more,"$40,000 to $49,999",S,,suppressed
2019,Heating Problems,No breakdowns lasting 6 hours or more,"$50,000 to $59,999",S,,suppressed
2019,Heating Problems,No breakdowns lasting 6 hours or more,"$60,000 to $79,999",S,,suppressed
2019,Heating Problems,No breakdowns lasting 6 hours or more,"$80,000 to $99,999",.,,blank_or_na
2019,Heating Problems,No breakdowns lasting 6 hours or more,"Less than $10,000",.,,blank_or_na
2019,Heating Problems,Not uncomfortably cold for 24 hours or more,"$10,000 to $19,999","8,524",8524.0,ok
2019,Heating Problems,Not uncomfortably cold for 24 hours or more,"$100,000 to $119,999","8,059",8059.0,ok
2019,Heating Problems,Not uncomfortably cold for 24 hours or more,"$120,000 or more","23,776",23776.0,ok
2019,Heating Problems,Not uncomfortably cold for 24 hours or more,"$20,000 to $29,999","8,750",8750.0,ok
2019,Heating Problems,Not uncomfortably cold for 24 hours or more,"$30,000 to $39,999","9,318",9318.0,ok
2019,Heating Problems,Not uncomfortably cold for 24 hours or more,"$40,000 to $49,999","8,387",8387.0,ok
2019,Heating Problems,Not uncomfortably cold for 24 hours or more,"$50,000 to $59,999","7,969",7969.0,ok
2019,Heating Problems,Not uncomfortably cold for 24 hours or more,"$60,000 to $79,999","13,725",13725.0,ok
2019,Heating Problems,Not uncomfortably cold for 24 hours or more,"$80,000 to $99,999","10,159",10159.0,ok
2019,Heating Problems,Not uncomfortably cold for 24 hours or more,"Less than $10,000","8,373",8373.0,ok
2019,Heating Problems,Uncomfortably cold for 24 hours or more,"$10,000 to $19,999",905,905.0,ok
2019,Heating Problems,Uncomfortably cold for 24 hours or more,"$100,000 to $119,999",483,483.0,ok
2019,Heating Problems,Uncomfortably cold for 24 hours or more,"$120,000 or more","1,124",1124.0,ok
2019,Heating Problems,Uncomfortably cold for 24 hours or more,"$20,000 to $29,999",862,862.0,ok
2019,Heating Problems,Uncomfortably cold for 24 hours or more,"$30,000 to $39,999",799,799.0,ok
2019,Heating Problems,Uncomfortably cold for 24 hours or more,"$40,000 to $49,999",521,521.0,ok
2019,Heating Problems,Uncomfortably cold for 24 hours or more,"$50,000 to $59,999",555,555.0,ok
2019,Heating Problems,Uncomfortably cold for 24 hours or more,"$60,000 to $79,999",818,818.0,ok
2019,Heating Problems,Uncomfortably cold for 24 hours or more,"$80,000 to $99,999",582,582.0,ok
2019,Heating Problems,Uncomfortably cold for 24 hours or more,"Less than $10,000",865,865.0,ok
2019,Heating Problems,With heating equipment and occupied last winter,"$10,000 to $19,999","9,429",9429.0,ok
2019,Heating Problems,With heating equipment and occupied last winter,"$100,000 to $119,999","8,541",8541.0,ok
2019,Heating Problems,With heating equipment and occupied last winter,"$120,000 or more","24,899",24899.0,ok
2019,Heating Problems,With heating equipment and occupied last winter,"$20,000 to $29,999","9,612",9612.0,ok
2019,Heating Problems,With heating equipment and occupied last winter,"$30,000 to $39,999","10,117",10117.0,ok
2019,Heating Problems,With heating equipment and occupied last winter,"$40,000 to $49,999","8,908",8908.0,ok
2019,Heating Problems,With heating equipment and occupied last winter,"$50,000 to $59,999","8,524",8524.0,ok
2019,Heating Problems,With heating equipment and occupied last winter,"$60,000 to $79,999","14,543",14543.0,ok
2019,Heating Problems,With heating equipment and occupied last winter,"$80,000 to $99,999","10,741",10741.0,ok
2019,Heating Problems,With heating equipment and occupied last winter,"Less than $10,000","9,239",9239.0,ok
2019,Housing Adequacy,Adequate,"$10,000 to $19,999","9,405",9405.0,ok
2019,Housing Adequacy,Adequate,"$100,000 to $119,999","8,914",8914.0,ok
2019,Housing Adequacy,Adequate,"$120,000 or more","25,900",25900.0,ok
2019,Housing Adequacy,Adequate,"$20,000 to $29,999","9,740",9740.0,ok
2019,Housing Adequacy,Adequate,"$30,000 to $39,999","10,345",10345.0,ok
2019,Housing Adequacy,Adequate,"$40,000 to $49,999","9,132",9132.0,ok
2019,Housing Adequacy,Adequate,"$50,000 to $59,999","8,888",8888.0,ok
2019,Housing Adequacy,Adequate,"$60,000 to $79,999","15,204",15204.0,ok
2019,Housing Adequacy,Adequate,"$80,000 to $99,999","11,290",11290.0,ok
2019,Housing Adequacy,Adequate,"Less than $10,000","9,359",9359.0,ok
2019,Housing Adequacy,Electric,"$10,000 to $19,999",S,,suppressed
2019,Housing Adequacy,Electric,"$100,000 to $119,999",S,,suppressed
2019,Housing Adequacy,Electric,"$120,000 or more",S,,suppressed
2019,Housing Adequacy,Electric,"$20,000 to $29,999",S,,suppressed
2019,Housing Adequacy,Electric,"$30,000 to $39,999",S,,suppressed
2019,Housing Adequacy,Electric,"$40,000 to $49,999",S,,suppressed
2019,Housing Adequacy,Electric,"$50,000 to $59,999",S,,suppressed
2019,Housing Adequacy,Electric,"$60,000 to $79,999",S,,suppressed
2019,Housing Adequacy,Electric,"$80,000 to $99,999",S,,suppressed
2019,Housing Adequacy,Electric,"Less than $10,000",S,,suppressed
2019,Housing Adequacy,Heating,"$10,000 to $19,999",116,116.0,ok
2019,Housing Adequacy,Heating,"$100,000 to $119,999",37,37.0,ok
2019,Housing Adequacy,Heating,"$120,000 or more",82,82.0,ok
2019,Housing Adequacy,Heating,"$20,000 to $29,999",83,83.0,ok
2019,Housing Adequacy,Heating,"$30,000 to $39,999",79,79.0,ok
2019,Housing Adequacy,Heating,"$40,000 to $49,999",80,80.0,ok
2019,Housing Adequacy,Heating,"$50,000 to $59,999",S,,suppressed
2019,Housing Adequacy,Heating,"$60,000 to $79,999",85,85.0,ok
2019,Housing Adequacy,Heating,"$80,000 to $99,999",43,43.0,ok
2019,Housing Adequacy,Heating,"Less than $10,000",132,132.0,ok
2019,Housing Adequacy,Moderately inadequate,"$10,000 to $19,999",680,680.0,ok
2019,Housing Adequacy,Moderately inadequate,"$100,000 to $119,999",231,231.0,ok
2019,Housing Adequacy,Moderately inadequate,"$120,000 or more",459,459.0,ok
2019,Housing Adequacy,Moderately inadequate,"$20,000 to $29,999",582,582.0,ok
2019,Housing Adequacy,Moderately inadequate,"$30,000 to $39,999",518,518.0,ok
2019,Housing Adequacy,Moderately inadequate,"$40,000 to $49,999",396,396.0,ok
2019,Housing Adequacy,Moderately inadequate,"$50,000 to $59,999",290,290.0,ok
2019,Housing Adequacy,Moderately inadequate,"$60,000 to $79,999",477,477.0,ok
2019,Housing Adequacy,Moderately inadequate,"$80,000 to $99,999",218,218.0,ok
2019,Housing Adequacy,Moderately inadequate,"Less than $10,000",649,649.0,ok
2019,Housing Adequacy,Other,"$10,000 to $19,999",401,401.0,ok
2019,Housing Adequacy,Other,"$100,000 to $119,999",74,74.0,ok
2019,Housing Adequacy,Other,"$120,000 or more",195,195.0,ok
2019,Housing Adequacy,Other,"$20,000 to $29,999",301,301.0,ok
2019,Housing Adequacy,Other,"$30,000 to $39,999",221,221.0,ok
2019,Housing Adequacy,Other,"$40,000 to $49,999",169,169.0,ok
2019,Housing Adequacy,Other,"$50,000 to $59,999",159,159.0,ok
2019,Housing Adequacy,Other,"$60,000 to $79,999",209,209.0,ok
2019,Housing Adequacy,Other,"$80,000 to $99,999",96,96.0,ok
2019,Housing Adequacy,Other,"Less than $10,000",385,385.0,ok
2019,Housing Adequacy,Plumbing,"$10,000 to $19,999",78,78.0,ok
2019,Housing Adequacy,Plumbing,"$100,000 to $119,999",S,,suppressed
2019,Housing Adequacy,Plumbing,"$120,000 or more",S,,suppressed
2019,Housing Adequacy,Plumbing,"$20,000 to $29,999",48,48.0,ok
2019,Housing Adequacy,Plumbing,"$30,000 to $39,999",S,,suppressed
2019,Housing Adequacy,Plumbing,"$40,000 to $49,999",S,,suppressed
2019,Housing Adequacy,Plumbing,"$50,000 to $59,999",S,,suppressed
2019,Housing Adequacy,Plumbing,"$60,000 to $79,999",S,,suppressed
2019,Housing Adequacy,Plumbing,"$80,000 to $99,999",S,,suppressed
2019,Housing Adequacy,Plumbing,"Less than $10,000",130,130.0,ok
2019,Housing Adequacy,Severely inadequate,"$10,000 to $19,999",227,227.0,ok
2019,Housing Adequacy,Severely inadequate,"$100,000 to $119,999",48,48.0,ok
2019,Housing Adequacy,Severely inadequate,"$120,000 or more",135,135.0,ok
2019,Housing Adequacy,Severely inadequate,"$20,000 to $29,999",159,159.0,ok
2019,Housing Adequacy,Severely inadequate,"$30,000 to $39,999",145,145.0,ok
2019,Housing Adequacy,Severely inadequate,"$40,000 to $49,999",128,128.0,ok
2019,Housing Adequacy,Severely inadequate,"$50,000 to $59,999",102,102.0,ok
2019,Housing Adequacy,Severely inadequate,"$60,000 to $79,999",122,122.0,ok
2019,Housing Adequacy,Severely inadequate,"$80,000 to $99,999",82,82.0,ok
2019,Housing Adequacy,Severely inadequate,"Less than $10,000",308,308.0,ok
2019,Housing Adequacy,Upkeep,"$10,000 to $19,999",45,45.0,ok
2019,Housing Adequacy,Upkeep,"$100,000 to $119,999",S,,suppressed
2019,Housing Adequacy,Upkeep,"$120,000 or more",S,,suppressed
2019,Housing Adequacy,Upkeep,"$20,000 to $29,999",35,35.0,ok
2019,Housing Adequacy,Upkeep,"$30,000 to $39,999",S,,suppressed
2019,Housing Adequacy,Upkeep,"$40,000 to $49,999",S,,suppressed
2019,Housing Adequacy,Upkeep,"$50,000 to $59,999",S,,suppressed
2019,Housing Adequacy,Upkeep,"$60,000 to $79,999",S,,suppressed
2019,Housing Adequacy,Upkeep,"$80,000 to $99,999",S,,suppressed
2019,Housing Adequacy,Upkeep,"Less than $10,000",51,51.0,ok
2019,Housing Adequacy,Wiring,"$10,000 to $19,999",S,,suppressed
2019,Housing Adequacy,Wiring,"$100,000 to $119,999",.,,blank_or_na
2019,Housing Adequacy,Wiring,"$120,000 or more",S,,suppressed
2019,Housing Adequacy,Wiring,"$20,000 to $29,999",S,,suppressed
2019,Housing Adequacy,Wiring,"$30,000 to $39,999",S,,suppressed
2019,Housing Adequacy,Wiring,"$40,000 to $49,999",.,,blank_or_na
2019,Housing Adequacy,Wiring,"$50,000 to $59,999",.,,blank_or_na
2019,Housing Adequacy,Wiring,"$60,000 to $79,999",S,,suppressed
2019,Housing Adequacy,Wiring,"$80,000 to $99,999",.,,blank_or_na
2019,Housing Adequacy,Wiring,"Less than $10,000",S,,suppressed
2019,Mold,Basement,"$10,000 to $19,999",S,,suppressed
2019,Mold,Basement,"$100,000 to $119,999",47,47.0,ok
2019,Mold,Basement,"$120,000 or more",171,171.0,ok
2019,Mold,Basement,"$20,000 to $29,999",76,76.0,ok
2019,Mold,Basement,"$30,000 to $39,999",44,44.0,ok
2019,Mold,Basement,"$40,000 to $49,999",52,52.0,ok
2019,Mold,Basement,"$50,000 to $59,999",54,54.0,ok
2019,Mold,Basement,"$60,000 to $79,999",54,54.0,ok
2019,Mold,Basement,"$80,000 to $99,999",63,63.0,ok
2019,Mold,Basement,"Less than $10,000",62,62.0,ok
2019,Mold,Bathroom(s),"$10,000 to $19,999",255,255.0,ok
2019,Mold,Bathroom(s),"$100,000 to $119,999",49,49.0,ok
2019,Mold,Bathroom(s),"$120,000 or more",182,182.0,ok
2019,Mold,Bathroom(s),"$20,000 to $29,999",192,192.0,ok
2019,Mold,Bathroom(s),"$30,000 to $39,999",194,194.0,ok
2019,Mold,Bathroom(s),"$40,000 to $49,999",150,150.0,ok
2019,Mold,Bathroom(s),"$50,000 to $59,999",125,125.0,ok
2019,Mold,Bathroom(s),"$60,000 to $79,999",193,193.0,ok
2019,Mold,Bathroom(s),"$80,000 to $99,999",99,99.0,ok
2019,Mold,Bathroom(s),"Less than $10,000",207,207.0,ok
2019,Mold,Bedroom(s),"$10,000 to $19,999",151,151.0,ok
2019,Mold,Bedroom(s),"$100,000 to $119,999",S,,suppressed
2019,Mold,Bedroom(s),"$120,000 or more",96,96.0,ok
2019,Mold,Bedroom(s),"$20,000 to $29,999",139,139.0,ok
2019,Mold,Bedroom(s),"$30,000 to $39,999",110,110.0,ok
2019,Mold,Bedroom(s),"$40,000 to $49,999",51,51.0,ok
2019,Mold,Bedroom(s),"$50,000 to $59,999",58,58.0,ok
2019,Mold,Bedroom(s),"$60,000 to $79,999",69,69.0,ok
2019,Mold,Bedroom(s),"$80,000 to $99,999",46,46.0,ok
2019,Mold,Bedroom(s),"Less than $10,000",140,140.0,ok
2019,Mold,Housing units with mold in last 12 months,"$10,000 to $19,999",469,469.0,ok
2019,Mold,Housing units with mold in last 12 months,"$100,000 to $119,999",151,151.0,ok
2019,Mold,Housing units with mold in last 12 months,"$120,000 or more",554,554.0,ok
2019,Mold,Housing units with mold in last 12 months,"$20,000 to $29,999",443,443.0,ok
2019,Mold,Housing units with mold in last 12 months,"$30,000 to $39,999",393,393.0,ok
2019,Mold,Housing units with mold in last 12 months,"$40,000 to $49,999",299,299.0,ok
2019,Mold,Housing units with mold in last 12 months,"$50,000 to $59,999",275,275.0,ok
2019,Mold,Housing units with mold in last 12 months,"$60,000 to $79,999",398,398.0,ok
2019,Mold,Housing units with mold in last 12 months,"$80,000 to $99,999",245,245.0,ok
2019,Mold,Housing units with mold in last 12 months,"Less than $10,000",435,435.0,ok
2019,Mold,Kitchen,"$10,000 to $19,999",131,131.0,ok
2019,Mold,Kitchen,"$100,000 to $119,999",S,,suppressed
2019,Mold,Kitchen,"$120,000 or more",81,81.0,ok
2019,Mold,Kitchen,"$20,000 to $29,999",64,64.0,ok
2019,Mold,Kitchen,"$30,000 to $39,999",80,80.0,ok
2019,Mold,Kitchen,"$40,000 to $49,999",51,51.0,ok
2019,Mold,Kitchen,"$50,000 to $59,999",42,42.0,ok
2019,Mold,Kitchen,"$60,000 to $79,999",62,62.0,ok
2019,Mold,Kitchen,"$80,000 to $99,999",S,,suppressed
2019,Mold,Kitchen,"Less than $10,000",96,96.0,ok
2019,Mold,Living room,"$10,000 to $19,999",83,83.0,ok
2019,Mold,Living room,"$100,000 to $119,999",S,,suppressed
2019,Mold,Living room,"$120,000 or more",43,43.0,ok
2019,Mold,Living room,"$20,000 to $29,999",51,51.0,ok
2019,Mold,Living room,"$30,000 to $39,999",59,59.0,ok
2019,Mold,Living room,"$40,000 to $49,999",S,,suppressed
2019,Mold,Living room,"$50,000 to $59,999",34,34.0,ok
2019,Mold,Living room,"$60,000 to $79,999",66,66.0,ok
2019,Mold,Living room,"$80,000 to $99,999",S,,suppressed
2019,Mold,Living room,"Less than $10,000",77,77.0,ok
2019,Mold,Not reported,"$10,000 to $19,999",146,146.0,ok
2019,Mold,Not reported,"$100,000 to $119,999",93,93.0,ok
2019,Mold,Not reported,"$120,000 or more",232,232.0,ok
2019,Mold,Not reported,"$20,000 to $29,999",148,148.0,ok
2019,Mold,Not reported,"$30,000 to $39,999",108,108.0,ok
2019,Mold,Not reported,"$40,000 to $49,999",135,135.0,ok
2019,Mold,Not reported,"$50,000 to $59,999",98,98.0,ok
2019,Mold,Not reported,"$60,000 to $79,999",129,129.0,ok
2019,Mold,Not reported,"$80,000 to $99,999",124,124.0,ok
2019,Mold,Not reported,"Less than $10,000",161,161.0,ok
2019,Mold,Other room,"$10,000 to $19,999",47,47.0,ok
2019,Mold,Other room,"$100,000 to $119,999",S,,suppressed
2019,Mold,Other room,"$120,000 or more",122,122.0,ok
2019,Mold,Other room,"$20,000 to $29,999",40,40.0,ok
2019,Mold,Other room,"$30,000 to $39,999",43,43.0,ok
2019,Mold,Other room,"$40,000 to $49,999",S,,suppressed
2019,Mold,Other room,"$50,000 to $59,999",S,,suppressed
2019,Mold,Other room,"$60,000 to $79,999",92,92.0,ok
2019,Mold,Other room,"$80,000 to $99,999",42,42.0,ok
2019,Mold,Other room,"Less than $10,000",55,55.0,ok
2019,Number of breakdowns that lasted 6 hours or more:,1,"$10,000 to $19,999",111,111.0,ok
2019,Number of breakdowns that lasted 6 hours or more:,1,"$100,000 to $119,999",54,54.0,ok
2019,Number of breakdowns that lasted 6 hours or more:,1,"$120,000 or more",163,163.0,ok
2019,Number of breakdowns that lasted 6 hours or more:,1,"$20,000 to $29,999",109,109.0,ok
2019,Number of breakdowns that lasted 6 hours or more:,1,"$30,000 to $39,999",129,129.0,ok
2019,Number of breakdowns that lasted 6 hours or more:,1,"$40,000 to $49,999",90,90.0,ok
2019,Number of breakdowns that lasted 6 hours or more:,1,"$50,000 to $59,999",67,67.0,ok
2019,Number of breakdowns that lasted 6 hours or more:,1,"$60,000 to $79,999",127,127.0,ok
2019,Number of breakdowns that lasted 6 hours or more:,1,"$80,000 to $99,999",46,46.0,ok
2019,Number of breakdowns that lasted 6 hours or more:,1,"Less than $10,000",138,138.0,ok
2019,Number of breakdowns that lasted 6 hours or more:,2,"$10,000 to $19,999",S,,suppressed
2019,Number of breakdowns that lasted 6 hours or more:,2,"$100,000 to $119,999",S,,suppressed
2019,Number of breakdowns that lasted 6 hours or more:,2,"$120,000 or more",S,,suppressed
2019,Number of breakdowns that lasted 6 hours or more:,2,"$20,000 to $29,999",S,,suppressed
2019,Number of breakdowns that lasted 6 hours or more:,2,"$30,000 to $39,999",S,,suppressed
2019,Number of breakdowns that lasted 6 hours or more:,2,"$40,000 to $49,999",55,55.0,ok
2019,Number of breakdowns that lasted 6 hours or more:,2,"$50,000 to $59,999",S,,suppressed
2019,Number of breakdowns that lasted 6 hours or more:,2,"$60,000 to $79,999",S,,suppressed
2019,Number of breakdowns that lasted 6 hours or more:,2,"$80,000 to $99,999",S,,suppressed
2019,Number of breakdowns that lasted 6 hours or more:,2,"Less than $10,000",37,37.0,ok
2019,Number of breakdowns that lasted 6 hours or more:,3,"$10,000 to $19,999",S,,suppressed
2019,Number of breakdowns that lasted 6 hours or more:,3,"$100,000 to $119,999",S,,suppressed
2019,Number of breakdowns that lasted 6 hours or more:,3,"$120,000 or more",S,,suppressed
2019,Number of breakdowns that lasted 6 hours or more:,3,"$20,000 to $29,999",S,,suppressed
2019,Number of breakdowns that lasted 6 hours or more:,3,"$30,000 to $39,999",S,,suppressed
2019,Number of breakdowns that lasted 6 hours or more:,3,"$40,000 to $49,999",S,,suppressed
2019,Number of breakdowns that lasted 6 hours or more:,3,"$50,000 to $59,999",S,,suppressed
2019,Number of breakdowns that lasted 6 hours or more:,3,"$60,000 to $79,999",S,,suppressed
2019,Number of breakdowns that lasted 6 hours or more:,3,"$80,000 to $99,999",S,,suppressed
2019,Number of breakdowns that lasted 6 hours or more:,3,"Less than $10,000",S,,suppressed
2019,Number of breakdowns that lasted 6 hours or more:,4 or more,"$10,000 to $19,999",S,,suppressed
2019,Number of breakdowns that lasted 6 hours or more:,4 or more,"$100,000 to $119,999",S,,suppressed
2019,Number of breakdowns that lasted 6 hours or more:,4 or more,"$120,000 or more",S,,suppressed
2019,Number of breakdowns that lasted 6 hours or more:,4 or more,"$20,000 to $29,999",35,35.0,ok
2019,Number of breakdowns that lasted 6 hours or more:,4 or more,"$30,000 to $39,999",S,,suppressed
2019,Number of breakdowns that lasted 6 hours or more:,4 or more,"$40,000 to $49,999",S,,suppressed
2019,Number of breakdowns that lasted 6 hours or more:,4 or more,"$50,000 to $59,999",S,,suppressed
2019,Number of breakdowns that lasted 6 hours or more:,4 or more,"$60,000 to $79,999",S,,suppressed
2019,Number of breakdowns that lasted 6 hours or more:,4 or more,"$80,000 to $99,999",S,,suppressed
2019,Number of breakdowns that lasted 6 hours or more:,4 or more,"Less than $10,000",S,,suppressed
2019,Number of breakdowns that lasted 6 hours or more:,Cost of heating,"$10,000 to $19,999",83,83.0,ok
2019,Number of breakdowns that lasted 6 hours or more:,Cost of heating,"$100,000 to $119,999",S,,suppressed
2019,Number of breakdowns that lasted 6 hours or more:,Cost of heating,"$120,000 or more",49,49.0,ok
2019,Number of breakdowns that lasted 6 hours or more:,Cost of heating,"$20,000 to $29,999",63,63.0,ok
2019,Number of breakdowns that lasted 6 hours or more:,Cost of heating,"$30,000 to $39,999",70,70.0,ok
2019,Number of breakdowns that lasted 6 hours or more:,Cost of heating,"$40,000 to $49,999",24,24.0,ok
2019,Number of breakdowns that lasted 6 hours or more:,Cost of heating,"$50,000 to $59,999",S,,suppressed
2019,Number of breakdowns that lasted 6 hours or more:,Cost of heating,"$60,000 to $79,999",68,68.0,ok
2019,Number of breakdowns that lasted 6 hours or more:,Cost of heating,"$80,000 to $99,999",S,,suppressed
2019,Number of breakdowns that lasted 6 hours or more:,Cost of heating,"Less than $10,000",89,89.0,ok
2019,Number of breakdowns that lasted 6 hours or more:,Inadequate heating capacity,"$10,000 to $19,999",150,150.0,ok
2019,Number of breakdowns that lasted 6 hours or more:,Inadequate heating capacity,"$100,000 to $119,999",43,43.0,ok
2019,Number of breakdowns that lasted 6 hours or more:,Inadequate heating capacity,"$120,000 or more",87,87.0,ok
2019,Number of breakdowns that lasted 6 hours or more:,Inadequate heating capacity,"$20,000 to $29,999",123,123.0,ok
2019,Number of breakdowns that lasted 6 hours or more:,Inadequate heating capacity,"$30,000 to $39,999",120,120.0,ok
2019,Number of breakdowns that lasted 6 hours or more:,Inadequate heating capacity,"$40,000 to $49,999",71,71.0,ok
2019,Number of breakdowns that lasted 6 hours or more:,Inadequate heating capacity,"$50,000 to $59,999",52,52.0,ok
2019,Number of breakdowns that lasted 6 hours or more:,Inadequate heating capacity,"$60,000 to $79,999",72,72.0,ok
2019,Number of breakdowns that lasted 6 hours or more:,Inadequate heating capacity,"$80,000 to $99,999",31,31.0,ok
2019,Number of breakdowns that lasted 6 hours or more:,Inadequate heating capacity,"Less than $10,000",111,111.0,ok
2019,Number of breakdowns that lasted 6 hours or more:,Inadequate insulation,"$10,000 to $19,999",167,167.0,ok
2019,Number of breakdowns that lasted 6 hours or more:,Inadequate insulation,"$100,000 to $119,999",51,51.0,ok
2019,Number of breakdowns that lasted 6 hours or more:,Inadequate insulation,"$120,000 or more",97,97.0,ok
2019,Number of breakdowns that lasted 6 hours or more:,Inadequate insulation,"$20,000 to $29,999",108,108.0,ok
2019,Number of breakdowns that lasted 6 hours or more:,Inadequate insulation,"$30,000 to $39,999",125,125.0,ok
2019,Number of breakdowns that lasted 6 hours or more:,Inadequate insulation,"$40,000 to $49,999",64,64.0,ok
2019,Number of breakdowns that lasted 6 hours or more:,Inadequate insulation,"$50,000 to $59,999",91,91.0,ok
2019,Number of breakdowns that lasted 6 hours or more:,Inadequate insulation,"$60,000 to $79,999",56,56.0,ok
2019,Number of breakdowns that lasted 6 hours or more:,Inadequate insulation,"$80,000 to $99,999",50,50.0,ok
2019,Number of breakdowns that lasted 6 hours or more:,Inadequate insulation,"Less than $10,000",120,120.0,ok
2019,Number of breakdowns that lasted 6 hours or more:,No breakdowns in last 3 months,"$10,000 to $19,999","1,646",1646.0,ok
2019,Number of breakdowns that lasted 6 hours or more:,No breakdowns in last 3 months,"$100,000 to $119,999","1,537",1537.0,ok
2019,Number of breakdowns that lasted 6 hours or more:,No breakdowns in last 3 months,"$120,000 or more","4,215",4215.0,ok
2019,Number of breakdowns that lasted 6 hours or more:,No breakdowns in last 3 months,"$20,000 to $29,999","1,753",1753.0,ok
2019,Number of breakdowns that lasted 6 hours or more:,No breakdowns in last 3 months,"$30,000 to $39,999","1,875",1875.0,ok
2019,Number of breakdowns that lasted 6 hours or more:,No breakdowns in last 3 months,"$40,000 to $49,999","1,547",1547.0,ok
2019,Number of breakdowns that lasted 6 hours or more:,No breakdowns in last 3 months,"$50,000 to $59,999","1,485",1485.0,ok
2019,Number of breakdowns that lasted 6 hours or more:,No breakdowns in last 3 months,"$60,000 to $79,999","2,623",2623.0,ok
2019,Number of breakdowns that lasted 6 hours or more:,No breakdowns in last 3 months,"$80,000 to $99,999","2,192",2192.0,ok
2019,Number of breakdowns that lasted 6 hours or more:,No breakdowns in last 3 months,"Less than $10,000","1,171",1171.0,ok
2019,Number of breakdowns that lasted 6 hours or more:,No breakdowns lasting 6 hours or more,"$10,000 to $19,999",5,5.0,ok
2019,Number of breakdowns that lasted 6 hours or more:,No breakdowns lasting 6 hours or more,"$100,000 to $119,999",.,,blank_or_na
2019,Number of breakdowns that lasted 6 hours or more:,No breakdowns lasting 6 hours or more,"$120,000 or more",S,,suppressed
2019,Number of breakdowns that lasted 6 hours or more:,No breakdowns lasting 6 hours or more,"$20,000 to $29,999",S,,suppressed
2019,Number of breakdowns that lasted 6 hours or more:,No breakdowns lasting 6 hours or more,"$30,000 to $39,999",S,,suppressed
2019,Number of breakdowns that lasted 6 hours or more:,No breakdowns lasting 6 hours or more,"$40,000 to $49,999",.,,blank_or_na
2019,Number of breakdowns that lasted 6 hours or more:,No breakdowns lasting 6 hours or more,"$50,000 to $59,999",S,,suppressed
2019,Number of breakdowns that lasted 6 hours or more:,No breakdowns lasting 6 hours or more,"$60,000 to $79,999",S,,suppressed
2019,Number of breakdowns that lasted 6 hours or more:,No breakdowns lasting 6 hours or more,"$80,000 to $99,999",S,,suppressed
2019,Number of breakdowns that lasted 6 hours or more:,No breakdowns lasting 6 hours or more,"Less than $10,000",.,,blank_or_na
2019,Number of breakdowns that lasted 6 hours or more:,Not reported,"$10,000 to $19,999",S,,suppressed
2019,Number of breakdowns that lasted 6 hours or more:,Not reported,"$100,000 to $119,999",S,,suppressed
2019,Number of breakdowns that lasted 6 hours or more:,Not reported,"$120,000 or more",S,,suppressed
2019,Number of breakdowns that lasted 6 hours or more:,Not reported,"$20,000 to $29,999",S,,suppressed
2019,Number of breakdowns that lasted 6 hours or more:,Not reported,"$30,000 to $39,999",S,,suppressed
2019,Number of breakdowns that lasted 6 hours or more:,Not reported,"$40,000 to $49,999",S,,suppressed
2019,Number of breakdowns that lasted 6 hours or more:,Not reported,"$50,000 to $59,999",S,,suppressed
2019,Number of breakdowns that lasted 6 hours or more:,Not reported,"$60,000 to $79,999",S,,suppressed
2019,Number of breakdowns that lasted 6 hours or more:,Not reported,"$80,000 to $99,999",S,,suppressed
2019,Number of breakdowns that lasted 6 hours or more:,Not reported,"Less than $10,000",S,,suppressed
2019,Number of breakdowns that lasted 6 hours or more:,Other,"$10,000 to $19,999",119,119.0,ok
2019,Number of breakdowns that lasted 6 hours or more:,Other,"$100,000 to $119,999",70,70.0,ok
2019,Number of breakdowns that lasted 6 hours or more:,Other,"$120,000 or more",137,137.0,ok
2019,Number of breakdowns that lasted 6 hours or more:,Other,"$20,000 to $29,999",132,132.0,ok
2019,Number of breakdowns that lasted 6 hours or more:,Other,"$30,000 to $39,999",110,110.0,ok
2019,Number of breakdowns that lasted 6 hours or more:,Other,"$40,000 to $49,999",55,55.0,ok
2019,Number of breakdowns that lasted 6 hours or more:,Other,"$50,000 to $59,999",68,68.0,ok
2019,Number of breakdowns that lasted 6 hours or more:,Other,"$60,000 to $79,999",107,107.0,ok
2019,Number of breakdowns that lasted 6 hours or more:,Other,"$80,000 to $99,999",89,89.0,ok
2019,Number of breakdowns that lasted 6 hours or more:,Other,"Less than $10,000",73,73.0,ok
2019,Number of breakdowns that lasted 6 hours or more:,Other causes,"$10,000 to $19,999",572,572.0,ok
2019,Number of breakdowns that lasted 6 hours or more:,Other causes,"$100,000 to $119,999",318,318.0,ok
2019,Number of breakdowns that lasted 6 hours or more:,Other causes,"$120,000 or more",664,664.0,ok
2019,Number of breakdowns that lasted 6 hours or more:,Other causes,"$20,000 to $29,999",561,561.0,ok
2019,Number of breakdowns that lasted 6 hours or more:,Other causes,"$30,000 to $39,999",529,529.0,ok
2019,Number of breakdowns that lasted 6 hours or more:,Other causes,"$40,000 to $49,999",281,281.0,ok
2019,Number of breakdowns that lasted 6 hours or more:,Other causes,"$50,000 to $59,999",385,385.0,ok
2019,Number of breakdowns that lasted 6 hours or more:,Other causes,"$60,000 to $79,999",444,444.0,ok
2019,Number of breakdowns that lasted 6 hours or more:,Other causes,"$80,000 to $99,999",360,360.0,ok
2019,Number of breakdowns that lasted 6 hours or more:,Other causes,"Less than $10,000",507,507.0,ok
2019,Number of breakdowns that lasted 6 hours or more:,Utility interruption,"$10,000 to $19,999",129,129.0,ok
2019,Number of breakdowns that lasted 6 hours or more:,Utility interruption,"$100,000 to $119,999",141,141.0,ok
2019,Number of breakdowns that lasted 6 hours or more:,Utility interruption,"$120,000 or more",308,308.0,ok
2019,Number of breakdowns that lasted 6 hours or more:,Utility interruption,"$20,000 to $29,999",159,159.0,ok
2019,Number of breakdowns that lasted 6 hours or more:,Utility interruption,"$30,000 to $39,999",125,125.0,ok
2019,Number of breakdowns that lasted 6 hours or more:,Utility interruption,"$40,000 to $49,999",87,87.0,ok
2019,Number of breakdowns that lasted 6 hours or more:,Utility interruption,"$50,000 to $59,999",148,148.0,ok
2019,Number of breakdowns that lasted 6 hours or more:,Utility interruption,"$60,000 to $79,999",149,149.0,ok
2019,Number of breakdowns that lasted 6 hours or more:,Utility interruption,"$80,000 to $99,999",164,164.0,ok
2019,Number of breakdowns that lasted 6 hours or more:,Utility interruption,"Less than $10,000",124,124.0,ok
2019,Number of breakdowns that lasted 6 hours or more:,With breakdown(s) in last 3 months,"$10,000 to $19,999",S,,suppressed
2019,Number of breakdowns that lasted 6 hours or more:,With breakdown(s) in last 3 months,"$100,000 to $119,999",S,,suppressed
2019,Number of breakdowns that lasted 6 hours or more:,With breakdown(s) in last 3 months,"$120,000 or more",S,,suppressed
2019,Number of breakdowns that lasted 6 hours or more:,With breakdown(s) in last 3 months,"$20,000 to $29,999",S,,suppressed
2019,Number of breakdowns that lasted 6 hours or more:,With breakdown(s) in last 3 months,"$30,000 to $39,999",S,,suppressed
2019,Number of breakdowns that lasted 6 hours or more:,With breakdown(s) in last 3 months,"$40,000 to $49,999",S,,suppressed
2019,Number of breakdowns that lasted 6 hours or more:,With breakdown(s) in last 3 months,"$50,000 to $59,999",S,,suppressed
2019,Number of breakdowns that lasted 6 hours or more:,With breakdown(s) in last 3 months,"$60,000 to $79,999",43,43.0,ok
2019,Number of breakdowns that lasted 6 hours or more:,With breakdown(s) in last 3 months,"$80,000 to $99,999",S,,suppressed
2019,Number of breakdowns that lasted 6 hours or more:,With breakdown(s) in last 3 months,"Less than $10,000",S,,suppressed
2019,Number of breakdowns that lasted 6 hours or more:,With septic tank or cesspool,"$10,000 to $19,999","1,675",1675.0,ok
2019,Number of breakdowns that lasted 6 hours or more:,With septic tank or cesspool,"$100,000 to $119,999","1,547",1547.0,ok
2019,Number of breakdowns that lasted 6 hours or more:,With septic tank or cesspool,"$120,000 or more","4,239",4239.0,ok
2019,Number of breakdowns that lasted 6 hours or more:,With septic tank or cesspool,"$20,000 to $29,999","1,779",1779.0,ok
2019,Number of breakdowns that lasted 6 hours or more:,With septic tank or cesspool,"$30,000 to $39,999","1,900",1900.0,ok
2019,Number of breakdowns that lasted 6 hours or more:,With septic tank or cesspool,"$40,000 to $49,999","1,561",1561.0,ok
2019,Number of breakdowns that lasted 6 hours or more:,With septic tank or cesspool,"$50,000 to $59,999","1,526",1526.0,ok
2019,Number of breakdowns that lasted 6 hours or more:,With septic tank or cesspool,"$60,000 to $79,999","2,666",2666.0,ok
2019,Number of breakdowns that lasted 6 hours or more:,With septic tank or cesspool,"$80,000 to $99,999","2,220",2220.0,ok
2019,Number of breakdowns that lasted 6 hours or more:,With septic tank or cesspool,"Less than $10,000","1,181",1181.0,ok
2019,Number of stoppages that lasted 6 hours or more:,1,"$10,000 to $19,999",161,161.0,ok
2019,Number of stoppages that lasted 6 hours or more:,1,"$100,000 to $119,999",89,89.0,ok
2019,Number of stoppages that lasted 6 hours or more:,1,"$120,000 or more",263,263.0,ok
2019,Number of stoppages that lasted 6 hours or more:,1,"$20,000 to $29,999",167,167.0,ok
2019,Number of stoppages that lasted 6 hours or more:,1,"$30,000 to $39,999",190,190.0,ok
2019,Number of stoppages that lasted 6 hours or more:,1,"$40,000 to $49,999",111,111.0,ok
2019,Number of stoppages that lasted 6 hours or more:,1,"$50,000 to $59,999",127,127.0,ok
2019,Number of stoppages that lasted 6 hours or more:,1,"$60,000 to $79,999",237,237.0,ok
2019,Number of stoppages that lasted 6 hours or more:,1,"$80,000 to $99,999",148,148.0,ok
2019,Number of stoppages that lasted 6 hours or more:,1,"Less than $10,000",151,151.0,ok
2019,Number of stoppages that lasted 6 hours or more:,2,"$10,000 to $19,999",48,48.0,ok
2019,Number of stoppages that lasted 6 hours or more:,2,"$100,000 to $119,999",S,,suppressed
2019,Number of stoppages that lasted 6 hours or more:,2,"$120,000 or more",106,106.0,ok
2019,Number of stoppages that lasted 6 hours or more:,2,"$20,000 to $29,999",71,71.0,ok
2019,Number of stoppages that lasted 6 hours or more:,2,"$30,000 to $39,999",44,44.0,ok
2019,Number of stoppages that lasted 6 hours or more:,2,"$40,000 to $49,999",56,56.0,ok
2019,Number of stoppages that lasted 6 hours or more:,2,"$50,000 to $59,999",55,55.0,ok
2019,Number of stoppages that lasted 6 hours or more:,2,"$60,000 to $79,999",51,51.0,ok
2019,Number of stoppages that lasted 6 hours or more:,2,"$80,000 to $99,999",33,33.0,ok
2019,Number of stoppages that lasted 6 hours or more:,2,"Less than $10,000",39,39.0,ok
2019,Number of stoppages that lasted 6 hours or more:,3,"$10,000 to $19,999",S,,suppressed
2019,Number of stoppages that lasted 6 hours or more:,3,"$100,000 to $119,999",S,,suppressed
2019,Number of stoppages that lasted 6 hours or more:,3,"$120,000 or more",S,,suppressed
2019,Number of stoppages that lasted 6 hours or more:,3,"$20,000 to $29,999",S,,suppressed
2019,Number of stoppages that lasted 6 hours or more:,3,"$30,000 to $39,999",S,,suppressed
2019,Number of stoppages that lasted 6 hours or more:,3,"$40,000 to $49,999",S,,suppressed
2019,Number of stoppages that lasted 6 hours or more:,3,"$50,000 to $59,999",S,,suppressed
2019,Number of stoppages that lasted 6 hours or more:,3,"$60,000 to $79,999",S,,suppressed
2019,Number of stoppages that lasted 6 hours or more:,3,"$80,000 to $99,999",S,,suppressed
2019,Number of stoppages that lasted 6 hours or more:,3,"Less than $10,000",S,,suppressed
2019,Number of stoppages that lasted 6 hours or more:,4 or more,"$10,000 to $19,999",41,41.0,ok
2019,Number of stoppages that lasted 6 hours or more:,4 or more,"$100,000 to $119,999",S,,suppressed
2019,Number of stoppages that lasted 6 hours or more:,4 or more,"$120,000 or more",35,35.0,ok
2019,Number of stoppages that lasted 6 hours or more:,4 or more,"$20,000 to $29,999",44,44.0,ok
2019,Number of stoppages that lasted 6 hours or more:,4 or more,"$30,000 to $39,999",S,,suppressed
2019,Number of stoppages that lasted 6 hours or more:,4 or more,"$40,000 to $49,999",S,,suppressed
2019,Number of stoppages that lasted 6 hours or more:,4 or more,"$50,000 to $59,999",S,,suppressed
2019,Number of stoppages that lasted 6 hours or more:,4 or more,"$60,000 to $79,999",62,62.0,ok
2019,Number of stoppages that lasted 6 hours or more:,4 or more,"$80,000 to $99,999",S,,suppressed
2019,Number of stoppages that lasted 6 hours or more:,4 or more,"Less than $10,000",43,43.0,ok
2019,Number of stoppages that lasted 6 hours or more:,Number of stoppages not reported,"$10,000 to $19,999",S,,suppressed
2019,Number of stoppages that lasted 6 hours or more:,Number of stoppages not reported,"$100,000 to $119,999",.,,blank_or_na
2019,Number of stoppages that lasted 6 hours or more:,Number of stoppages not reported,"$120,000 or more",.,,blank_or_na
2019,Number of stoppages that lasted 6 hours or more:,Number of stoppages not reported,"$20,000 to $29,999",S,,suppressed
2019,Number of stoppages that lasted 6 hours or more:,Number of stoppages not reported,"$30,000 to $39,999",S,,suppressed
2019,Number of stoppages that lasted 6 hours or more:,Number of stoppages not reported,"$40,000 to $49,999",S,,suppressed
2019,Number of stoppages that lasted 6 hours or more:,Number of stoppages not reported,"$50,000 to $59,999",S,,suppressed
2019,Number of stoppages that lasted 6 hours or more:,Number of stoppages not reported,"$60,000 to $79,999",S,,suppressed
2019,Number of stoppages that lasted 6 hours or more:,Number of stoppages not reported,"$80,000 to $99,999",.,,blank_or_na
2019,Number of stoppages that lasted 6 hours or more:,Number of stoppages not reported,"Less than $10,000",S,,suppressed
2019,Number of stoppages that lasted 6 hours or more:,Stoppage not reported,"$10,000 to $19,999",115,115.0,ok
2019,Number of stoppages that lasted 6 hours or more:,Stoppage not reported,"$100,000 to $119,999",90,90.0,ok
2019,Number of stoppages that lasted 6 hours or more:,Stoppage not reported,"$120,000 or more",222,222.0,ok
2019,Number of stoppages that lasted 6 hours or more:,Stoppage not reported,"$20,000 to $29,999",131,131.0,ok
2019,Number of stoppages that lasted 6 hours or more:,Stoppage not reported,"$30,000 to $39,999",96,96.0,ok
2019,Number of stoppages that lasted 6 hours or more:,Stoppage not reported,"$40,000 to $49,999",128,128.0,ok
2019,Number of stoppages that lasted 6 hours or more:,Stoppage not reported,"$50,000 to $59,999",85,85.0,ok
2019,Number of stoppages that lasted 6 hours or more:,Stoppage not reported,"$60,000 to $79,999",130,130.0,ok
2019,Number of stoppages that lasted 6 hours or more:,Stoppage not reported,"$80,000 to $99,999",113,113.0,ok
2019,Number of stoppages that lasted 6 hours or more:,Stoppage not reported,"Less than $10,000",156,156.0,ok
2019,Selected Deficiencies,Broken plaster or peeling paint (interior),"$10,000 to $19,999",369,369.0,ok
2019,Selected Deficiencies,Broken plaster or peeling paint (interior),"$100,000 to $119,999",109,109.0,ok
2019,Selected Deficiencies,Broken plaster or peeling paint (interior),"$120,000 or more",323,323.0,ok
2019,Selected Deficiencies,Broken plaster or peeling paint (interior),"$20,000 to $29,999",355,355.0,ok
2019,Selected Deficiencies,Broken plaster or peeling paint (interior),"$30,000 to $39,999",326,326.0,ok
2019,Selected Deficiencies,Broken plaster or peeling paint (interior),"$40,000 to $49,999",213,213.0,ok
2019,Selected Deficiencies,Broken plaster or peeling paint (interior),"$50,000 to $59,999",177,177.0,ok
2019,Selected Deficiencies,Broken plaster or peeling paint (interior),"$60,000 to $79,999",305,305.0,ok
2019,Selected Deficiencies,Broken plaster or peeling paint (interior),"$80,000 to $99,999",131,131.0,ok
2019,Selected Deficiencies,Broken plaster or peeling paint (interior),"Less than $10,000",319,319.0,ok
2019,Selected Deficiencies,Exposed wiring,"$10,000 to $19,999",363,363.0,ok
2019,Selected Deficiencies,Exposed wiring,"$100,000 to $119,999",218,218.0,ok
2019,Selected Deficiencies,Exposed wiring,"$120,000 or more",592,592.0,ok
2019,Selected Deficiencies,Exposed wiring,"$20,000 to $29,999",291,291.0,ok
2019,Selected Deficiencies,Exposed wiring,"$30,000 to $39,999",343,343.0,ok
2019,Selected Deficiencies,Exposed wiring,"$40,000 to $49,999",246,246.0,ok
2019,Selected Deficiencies,Exposed wiring,"$50,000 to $59,999",239,239.0,ok
2019,Selected Deficiencies,Exposed wiring,"$60,000 to $79,999",422,422.0,ok
2019,Selected Deficiencies,Exposed wiring,"$80,000 to $99,999",256,256.0,ok
2019,Selected Deficiencies,Exposed wiring,"Less than $10,000",409,409.0,ok
2019,Selected Deficiencies,Holes in floors,"$10,000 to $19,999",218,218.0,ok
2019,Selected Deficiencies,Holes in floors,"$100,000 to $119,999",54,54.0,ok
2019,Selected Deficiencies,Holes in floors,"$120,000 or more",138,138.0,ok
2019,Selected Deficiencies,Holes in floors,"$20,000 to $29,999",183,183.0,ok
2019,Selected Deficiencies,Holes in floors,"$30,000 to $39,999",181,181.0,ok
2019,Selected Deficiencies,Holes in floors,"$40,000 to $49,999",178,178.0,ok
2019,Selected Deficiencies,Holes in floors,"$50,000 to $59,999",102,102.0,ok
2019,Selected Deficiencies,Holes in floors,"$60,000 to $79,999",144,144.0,ok
2019,Selected Deficiencies,Holes in floors,"$80,000 to $99,999",85,85.0,ok
2019,Selected Deficiencies,Holes in floors,"Less than $10,000",233,233.0,ok
2019,Selected Deficiencies,No electrical wiring,"$10,000 to $19,999",S,,suppressed
2019,Selected Deficiencies,No electrical wiring,"$100,000 to $119,999",S,,suppressed
2019,Selected Deficiencies,No electrical wiring,"$120,000 or more",S,,suppressed
2019,Selected Deficiencies,No electrical wiring,"$20,000 to $29,999",S,,suppressed
2019,Selected Deficiencies,No electrical wiring,"$30,000 to $39,999",S,,suppressed
2019,Selected Deficiencies,No electrical wiring,"$40,000 to $49,999",.,,blank_or_na
2019,Selected Deficiencies,No electrical wiring,"$50,000 to $59,999",.,,blank_or_na
2019,Selected Deficiencies,No electrical wiring,"$60,000 to $79,999",S,,suppressed
2019,Selected Deficiencies,No electrical wiring,"$80,000 to $99,999",S,,suppressed
2019,Selected Deficiencies,No electrical wiring,"Less than $10,000",S,,suppressed
2019,Selected Deficiencies,Open cracks or holes (interior),"$10,000 to $19,999",794,794.0,ok
2019,Selected Deficiencies,Open cracks or holes (interior),"$100,000 to $119,999",387,387.0,ok
2019,Selected Deficiencies,Open cracks or holes (interior),"$120,000 or more",949,949.0,ok
2019,Selected Deficiencies,Open cracks or holes (interior),"$20,000 to $29,999",740,740.0,ok
2019,Selected Deficiencies,Open cracks or holes (interior),"$30,000 to $39,999",721,721.0,ok
2019,Selected Deficiencies,Open cracks or holes (interior),"$40,000 to $49,999",590,590.0,ok
2019,Selected Deficiencies,Open cracks or holes (interior),"$50,000 to $59,999",529,529.0,ok
2019,Selected Deficiencies,Open cracks or holes (interior),"$60,000 to $79,999",812,812.0,ok
2019,Selected Deficiencies,Open cracks or holes (interior),"$80,000 to $99,999",468,468.0,ok
2019,Selected Deficiencies,Open cracks or holes (interior),"Less than $10,000",770,770.0,ok
2019,Selected Deficiencies,Rooms without electric outlets,"$10,000 to $19,999",282,282.0,ok
2019,Selected Deficiencies,Rooms without electric outlets,"$100,000 to $119,999",134,134.0,ok
2019,Selected Deficiencies,Rooms without electric outlets,"$120,000 or more",311,311.0,ok
2019,Selected Deficiencies,Rooms without electric outlets,"$20,000 to $29,999",267,267.0,ok
2019,Selected Deficiencies,Rooms without electric outlets,"$30,000 to $39,999",252,252.0,ok
2019,Selected Deficiencies,Rooms without electric outlets,"$40,000 to $49,999",170,170.0,ok
2019,Selected Deficiencies,Rooms without electric outlets,"$50,000 to $59,999",186,186.0,ok
2019,Selected Deficiencies,Rooms without electric outlets,"$60,000 to $79,999",284,284.0,ok
2019,Selected Deficiencies,Rooms without electric outlets,"$80,000 to $99,999",161,161.0,ok
2019,Selected Deficiencies,Rooms without electric outlets,"Less than $10,000",326,326.0,ok
2019,Selected Deficiencies,Signs of cockroaches in last 12 months,"$10,000 to $19,999","1,587",1587.0,ok
2019,Selected Deficiencies,Signs of cockroaches in last 12 months,"$100,000 to $119,999",848,848.0,ok
2019,Selected Deficiencies,Signs of cockroaches in last 12 months,"$120,000 or more","2,157",2157.0,ok
2019,Selected Deficiencies,Signs of cockroaches in last 12 months,"$20,000 to $29,999","1,421",1421.0,ok
2019,Selected Deficiencies,Signs of cockroaches in last 12 months,"$30,000 to $39,999","1,504",1504.0,ok
2019,Selected Deficiencies,Signs of cockroaches in last 12 months,"$40,000 to $49,999","1,155",1155.0,ok
2019,Selected Deficiencies,Signs of cockroaches in last 12 months,"$50,000 to $59,999","1,018",1018.0,ok
2019,Selected Deficiencies,Signs of cockroaches in last 12 months,"$60,000 to $79,999","1,670",1670.0,ok
2019,Selected Deficiencies,Signs of cockroaches in last 12 months,"$80,000 to $99,999","1,028",1028.0,ok
2019,Selected Deficiencies,Signs of cockroaches in last 12 months,"Less than $10,000","1,606",1606.0,ok
2019,Selected Deficiencies,Signs of mice or rats inside home in last 12 months,"$10,000 to $19,999","1,347",1347.0,ok
2019,Selected Deficiencies,Signs of mice or rats inside home in last 12 months,"$100,000 to $119,999","1,028",1028.0,ok
2019,Selected Deficiencies,Signs of mice or rats inside home in last 12 months,"$120,000 or more","2,761",2761.0,ok
2019,Selected Deficiencies,Signs of mice or rats inside home in last 12 months,"$20,000 to $29,999","1,471",1471.0,ok
2019,Selected Deficiencies,Signs of mice or rats inside home in last 12 months,"$30,000 to $39,999","1,518",1518.0,ok
2019,Selected Deficiencies,Signs of mice or rats inside home in last 12 months,"$40,000 to $49,999","1,108",1108.0,ok
2019,Selected Deficiencies,Signs of mice or rats inside home in last 12 months,"$50,000 to $59,999","1,132",1132.0,ok
2019,Selected Deficiencies,Signs of mice or rats inside home in last 12 months,"$60,000 to $79,999","1,734",1734.0,ok
2019,Selected Deficiencies,Signs of mice or rats inside home in last 12 months,"$80,000 to $99,999","1,388",1388.0,ok
2019,Selected Deficiencies,Signs of mice or rats inside home in last 12 months,"Less than $10,000","1,300",1300.0,ok
2019,Sewage Disposal Breakdowns,No breakdowns in last 3 months,"$10,000 to $19,999","8,526",8526.0,ok
2019,Sewage Disposal Breakdowns,No breakdowns in last 3 months,"$100,000 to $119,999","7,581",7581.0,ok
2019,Sewage Disposal Breakdowns,No breakdowns in last 3 months,"$120,000 or more","22,037",22037.0,ok
2019,Sewage Disposal Breakdowns,No breakdowns in last 3 months,"$20,000 to $29,999","8,575",8575.0,ok
2019,Sewage Disposal Breakdowns,No breakdowns in last 3 months,"$30,000 to $39,999","8,935",8935.0,ok
2019,Sewage Disposal Breakdowns,No breakdowns in last 3 months,"$40,000 to $49,999","7,989",7989.0,ok
2019,Sewage Disposal Breakdowns,No breakdowns in last 3 months,"$50,000 to $59,999","7,661",7661.0,ok
2019,Sewage Disposal Breakdowns,No breakdowns in last 3 months,"$60,000 to $79,999","13,000",13000.0,ok
2019,Sewage Disposal Breakdowns,No breakdowns in last 3 months,"$80,000 to $99,999","9,255",9255.0,ok
2019,Sewage Disposal Breakdowns,No breakdowns in last 3 months,"Less than $10,000","8,962",8962.0,ok
2019,Sewage Disposal Breakdowns,No breakdowns lasting 6 hours or more,"$10,000 to $19,999",S,,suppressed
2019,Sewage Disposal Breakdowns,No breakdowns lasting 6 hours or more,"$100,000 to $119,999",S,,suppressed
2019,Sewage Disposal Breakdowns,No breakdowns lasting 6 hours or more,"$120,000 or more",27,27.0,ok
2019,Sewage Disposal Breakdowns,No breakdowns lasting 6 hours or more,"$20,000 to $29,999",S,,suppressed
2019,Sewage Disposal Breakdowns,No breakdowns lasting 6 hours or more,"$30,000 to $39,999",S,,suppressed
2019,Sewage Disposal Breakdowns,No breakdowns lasting 6 hours or more,"$40,000 to $49,999",S,,suppressed
2019,Sewage Disposal Breakdowns,No breakdowns lasting 6 hours or more,"$50,000 to $59,999",S,,suppressed
2019,Sewage Disposal Breakdowns,No breakdowns lasting 6 hours or more,"$60,000 to $79,999",S,,suppressed
2019,Sewage Disposal Breakdowns,No breakdowns lasting 6 hours or more,"$80,000 to $99,999",S,,suppressed
2019,Sewage Disposal Breakdowns,No breakdowns lasting 6 hours or more,"Less than $10,000",S,,suppressed
2019,Sewage Disposal Breakdowns,With breakdown(s) in last 3 months,"$10,000 to $19,999",123,123.0,ok
2019,Sewage Disposal Breakdowns,With breakdown(s) in last 3 months,"$100,000 to $119,999",66,66.0,ok
2019,Sewage Disposal Breakdowns,With breakdown(s) in last 3 months,"$120,000 or more",185,185.0,ok
2019,Sewage Disposal Breakdowns,With breakdown(s) in last 3 months,"$20,000 to $29,999",130,130.0,ok
2019,Sewage Disposal Breakdowns,With breakdown(s) in last 3 months,"$30,000 to $39,999",156,156.0,ok
2019,Sewage Disposal Breakdowns,With breakdown(s) in last 3 months,"$40,000 to $49,999",98,98.0,ok
2019,Sewage Disposal Breakdowns,With breakdown(s) in last 3 months,"$50,000 to $59,999",87,87.0,ok
2019,Sewage Disposal Breakdowns,With breakdown(s) in last 3 months,"$60,000 to $79,999",116,116.0,ok
2019,Sewage Disposal Breakdowns,With breakdown(s) in last 3 months,"$80,000 to $99,999",105,105.0,ok
2019,Sewage Disposal Breakdowns,With breakdown(s) in last 3 months,"Less than $10,000",151,151.0,ok
2019,Sewage Disposal Breakdowns,With public sewer,"$10,000 to $19,999","8,649",8649.0,ok
2019,Sewage Disposal Breakdowns,With public sewer,"$100,000 to $119,999","7,647",7647.0,ok
2019,Sewage Disposal Breakdowns,With public sewer,"$120,000 or more","22,222",22222.0,ok
2019,Sewage Disposal Breakdowns,With public sewer,"$20,000 to $29,999","8,705",8705.0,ok
2019,Sewage Disposal Breakdowns,With public sewer,"$30,000 to $39,999","9,091",9091.0,ok
2019,Sewage Disposal Breakdowns,With public sewer,"$40,000 to $49,999","8,087",8087.0,ok
2019,Sewage Disposal Breakdowns,With public sewer,"$50,000 to $59,999","7,747",7747.0,ok
2019,Sewage Disposal Breakdowns,With public sewer,"$60,000 to $79,999","13,116",13116.0,ok
2019,Sewage Disposal Breakdowns,With public sewer,"$80,000 to $99,999","9,360",9360.0,ok
2019,Sewage Disposal Breakdowns,With public sewer,"Less than $10,000","9,113",9113.0,ok
2019,Water Leakage During Last 12 Months,Basement,"$10,000 to $19,999",167,167.0,ok
2019,Water Leakage During Last 12 Months,Basement,"$100,000 to $119,999",309,309.0,ok
2019,Water Leakage During Last 12 Months,Basement,"$120,000 or more",902,902.0,ok
2019,Water Leakage During Last 12 Months,Basement,"$20,000 to $29,999",266,266.0,ok
2019,Water Leakage During Last 12 Months,Basement,"$30,000 to $39,999",246,246.0,ok
2019,Water Leakage During Last 12 Months,Basement,"$40,000 to $49,999",319,319.0,ok
2019,Water Leakage During Last 12 Months,Basement,"$50,000 to $59,999",270,270.0,ok
2019,Water Leakage During Last 12 Months,Basement,"$60,000 to $79,999",518,518.0,ok
2019,Water Leakage During Last 12 Months,Basement,"$80,000 to $99,999",368,368.0,ok
2019,Water Leakage During Last 12 Months,Basement,"Less than $10,000",90,90.0,ok
2019,Water Leakage During Last 12 Months,Broken water heater,"$10,000 to $19,999",90,90.0,ok
2019,Water Leakage During Last 12 Months,Broken water heater,"$100,000 to $119,999",41,41.0,ok
2019,Water Leakage During Last 12 Months,Broken water heater,"$120,000 or more",146,146.0,ok
2019,Water Leakage During Last 12 Months,Broken water heater,"$20,000 to $29,999",95,95.0,ok
2019,Water Leakage During Last 12 Months,Broken water heater,"$30,000 to $39,999",70,70.0,ok
2019,Water Leakage During Last 12 Months,Broken water heater,"$40,000 to $49,999",95,95.0,ok
2019,Water Leakage During Last 12 Months,Broken water heater,"$50,000 to $59,999",84,84.0,ok
2019,Water Leakage During Last 12 Months,Broken water heater,"$60,000 to $79,999",124,124.0,ok
2019,Water Leakage During Last 12 Months,Broken water heater,"$80,000 to $99,999",77,77.0,ok
2019,Water Leakage During Last 12 Months,Broken water heater,"Less than $10,000",53,53.0,ok
2019,Water Leakage During Last 12 Months,Fixtures backed up or overflowed,"$10,000 to $19,999",228,228.0,ok
2019,Water Leakage During Last 12 Months,Fixtures backed up or overflowed,"$100,000 to $119,999",168,168.0,ok
2019,Water Leakage During Last 12 Months,Fixtures backed up or overflowed,"$120,000 or more",429,429.0,ok
2019,Water Leakage During Last 12 Months,Fixtures backed up or overflowed,"$20,000 to $29,999",217,217.0,ok
2019,Water Leakage During Last 12 Months,Fixtures backed up or overflowed,"$30,000 to $39,999",204,204.0,ok
2019,Water Leakage During Last 12 Months,Fixtures backed up or overflowed,"$40,000 to $49,999",165,165.0,ok
2019,Water Leakage During Last 12 Months,Fixtures backed up or overflowed,"$50,000 to $59,999",158,158.0,ok
2019,Water Leakage During Last 12 Months,Fixtures backed up or overflowed,"$60,000 to $79,999",291,291.0,ok
2019,Water Leakage During Last 12 Months,Fixtures backed up or overflowed,"$80,000 to $99,999",163,163.0,ok
2019,Water Leakage During Last 12 Months,Fixtures backed up or overflowed,"Less than $10,000",156,156.0,ok
2019,Water Leakage During Last 12 Months,No leakage from inside structure,"$10,000 to $19,999","9,383",9383.0,ok
2019,Water Leakage During Last 12 Months,No leakage from inside structure,"$100,000 to $119,999","8,516",8516.0,ok
2019,Water Leakage During Last 12 Months,No leakage from inside structure,"$120,000 or more","24,695",24695.0,ok
2019,Water Leakage During Last 12 Months,No leakage from inside structure,"$20,000 to $29,999","9,554",9554.0,ok
2019,Water Leakage During Last 12 Months,No leakage from inside structure,"$30,000 to $39,999","10,179",10179.0,ok
2019,Water Leakage During Last 12 Months,No leakage from inside structure,"$40,000 to $49,999","8,879",8879.0,ok
2019,Water Leakage During Last 12 Months,No leakage from inside structure,"$50,000 to $59,999","8,514",8514.0,ok
2019,Water Leakage During Last 12 Months,No leakage from inside structure,"$60,000 to $79,999","14,551",14551.0,ok
2019,Water Leakage During Last 12 Months,No leakage from inside structure,"$80,000 to $99,999","10,838",10838.0,ok
2019,Water Leakage During Last 12 Months,No leakage from inside structure,"Less than $10,000","9,583",9583.0,ok
2019,Water Leakage During Last 12 Months,No leakage from outside structure,"$10,000 to $19,999","9,329",9329.0,ok
2019,Water Leakage During Last 12 Months,No leakage from outside structure,"$100,000 to $119,999","8,374",8374.0,ok
2019,Water Leakage During Last 12 Months,No leakage from outside structure,"$120,000 or more","24,018",24018.0,ok
2019,Water Leakage During Last 12 Months,No leakage from outside structure,"$20,000 to $29,999","9,506",9506.0,ok
2019,Water Leakage During Last 12 Months,No leakage from outside structure,"$30,000 to $39,999","9,978",9978.0,ok
2019,Water Leakage During Last 12 Months,No leakage from outside structure,"$40,000 to $49,999","8,685",8685.0,ok
2019,Water Leakage During Last 12 Months,No leakage from outside structure,"$50,000 to $59,999","8,336",8336.0,ok
2019,Water Leakage During Last 12 Months,No leakage from outside structure,"$60,000 to $79,999","14,226",14226.0,ok
2019,Water Leakage During Last 12 Months,No leakage from outside structure,"$80,000 to $99,999","10,487",10487.0,ok
2019,Water Leakage During Last 12 Months,No leakage from outside structure,"Less than $10,000","9,460",9460.0,ok
2019,Water Leakage During Last 12 Months,Other or unknown (includes not reported),"$10,000 to $19,999",288,288.0,ok
2019,Water Leakage During Last 12 Months,Other or unknown (includes not reported),"$100,000 to $119,999",218,218.0,ok
2019,Water Leakage During Last 12 Months,Other or unknown (includes not reported),"$120,000 or more",553,553.0,ok
2019,Water Leakage During Last 12 Months,Other or unknown (includes not reported),"$20,000 to $29,999",259,259.0,ok
2019,Water Leakage During Last 12 Months,Other or unknown (includes not reported),"$30,000 to $39,999",265,265.0,ok
2019,Water Leakage During Last 12 Months,Other or unknown (includes not reported),"$40,000 to $49,999",257,257.0,ok
2019,Water Leakage During Last 12 Months,Other or unknown (includes not reported),"$50,000 to $59,999",256,256.0,ok
2019,Water Leakage During Last 12 Months,Other or unknown (includes not reported),"$60,000 to $79,999",373,373.0,ok
2019,Water Leakage During Last 12 Months,Other or unknown (includes not reported),"$80,000 to $99,999",177,177.0,ok
2019,Water Leakage During Last 12 Months,Other or unknown (includes not reported),"Less than $10,000",236,236.0,ok
2019,Water Leakage During Last 12 Months,Pipes leaked,"$10,000 to $19,999",407,407.0,ok
2019,Water Leakage During Last 12 Months,Pipes leaked,"$100,000 to $119,999",270,270.0,ok
2019,Water Leakage During Last 12 Months,Pipes leaked,"$120,000 or more",735,735.0,ok
2019,Water Leakage During Last 12 Months,Pipes leaked,"$20,000 to $29,999",415,415.0,ok
2019,Water Leakage During Last 12 Months,Pipes leaked,"$30,000 to $39,999",333,333.0,ok
2019,Water Leakage During Last 12 Months,Pipes leaked,"$40,000 to $49,999",314,314.0,ok
2019,Water Leakage During Last 12 Months,Pipes leaked,"$50,000 to $59,999",294,294.0,ok
2019,Water Leakage During Last 12 Months,Pipes leaked,"$60,000 to $79,999",520,520.0,ok
2019,Water Leakage During Last 12 Months,Pipes leaked,"$80,000 to $99,999",366,366.0,ok
2019,Water Leakage During Last 12 Months,Pipes leaked,"Less than $10,000",334,334.0,ok
2019,Water Leakage During Last 12 Months,Roof,"$10,000 to $19,999",536,536.0,ok
2019,Water Leakage During Last 12 Months,Roof,"$100,000 to $119,999",368,368.0,ok
2019,Water Leakage During Last 12 Months,Roof,"$120,000 or more","1,068",1068.0,ok
2019,Water Leakage During Last 12 Months,Roof,"$20,000 to $29,999",506,506.0,ok
2019,Water Leakage During Last 12 Months,Roof,"$30,000 to $39,999",508,508.0,ok
2019,Water Leakage During Last 12 Months,Roof,"$40,000 to $49,999",473,473.0,ok
2019,Water Leakage During Last 12 Months,Roof,"$50,000 to $59,999",463,463.0,ok
2019,Water Leakage During Last 12 Months,Roof,"$60,000 to $79,999",708,708.0,ok
2019,Water Leakage During Last 12 Months,Roof,"$80,000 to $99,999",432,432.0,ok
2019,Water Leakage During Last 12 Months,Roof,"Less than $10,000",450,450.0,ok
2019,Water Leakage During Last 12 Months,"Walls, closed windows, or doors","$10,000 to $19,999",223,223.0,ok
2019,Water Leakage During Last 12 Months,"Walls, closed windows, or doors","$100,000 to $119,999",133,133.0,ok
2019,Water Leakage During Last 12 Months,"Walls, closed windows, or doors","$120,000 or more",402,402.0,ok
2019,Water Leakage During Last 12 Months,"Walls, closed windows, or doors","$20,000 to $29,999",152,152.0,ok
2019,Water Leakage During Last 12 Months,"Walls, closed windows, or doors","$30,000 to $39,999",191,191.0,ok
2019,Water Leakage During Last 12 Months,"Walls, closed windows, or doors","$40,000 to $49,999",130,130.0,ok
2019,Water Leakage During Last 12 Months,"Walls, closed windows, or doors","$50,000 to $59,999",135,135.0,ok
2019,Water Leakage During Last 12 Months,"Walls, closed windows, or doors","$60,000 to $79,999",292,292.0,ok
2019,Water Leakage During Last 12 Months,"Walls, closed windows, or doors","$80,000 to $99,999",180,180.0,ok
2019,Water Leakage During Last 12 Months,"Walls, closed windows, or doors","Less than $10,000",213,213.0,ok
2019,Water Leakage During Last 12 Months,With leakage from inside structure,"$10,000 to $19,999",929,929.0,ok
2019,Water Leakage During Last 12 Months,With leakage from inside structure,"$100,000 to $119,999",677,677.0,ok
2019,Water Leakage During Last 12 Months,With leakage from inside structure,"$120,000 or more","1,799",1799.0,ok
2019,Water Leakage During Last 12 Months,With leakage from inside structure,"$20,000 to $29,999",927,927.0,ok
2019,Water Leakage During Last 12 Months,With leakage from inside structure,"$30,000 to $39,999",830,830.0,ok
2019,Water Leakage During Last 12 Months,With leakage from inside structure,"$40,000 to $49,999",777,777.0,ok
2019,Water Leakage During Last 12 Months,With leakage from inside structure,"$50,000 to $59,999",766,766.0,ok
2019,Water Leakage During Last 12 Months,With leakage from inside structure,"$60,000 to $79,999","1,252",1252.0,ok
2019,Water Leakage During Last 12 Months,With leakage from inside structure,"$80,000 to $99,999",751,751.0,ok
2019,Water Leakage During Last 12 Months,With leakage from inside structure,"Less than $10,000",733,733.0,ok
2019,Water Leakage During Last 12 Months,With leakage from outside structure,"$10,000 to $19,999",983,983.0,ok
2019,Water Leakage During Last 12 Months,With leakage from outside structure,"$100,000 to $119,999",819,819.0,ok
2019,Water Leakage During Last 12 Months,With leakage from outside structure,"$120,000 or more","2,476",2476.0,ok
2019,Water Leakage During Last 12 Months,With leakage from outside structure,"$20,000 to $29,999",975,975.0,ok
2019,Water Leakage During Last 12 Months,With leakage from outside structure,"$30,000 to $39,999","1,030",1030.0,ok
2019,Water Leakage During Last 12 Months,With leakage from outside structure,"$40,000 to $49,999",971,971.0,ok
2019,Water Leakage During Last 12 Months,With leakage from outside structure,"$50,000 to $59,999",944,944.0,ok
2019,Water Leakage During Last 12 Months,With leakage from outside structure,"$60,000 to $79,999","1,577",1577.0,ok
2019,Water Leakage During Last 12 Months,With leakage from outside structure,"$80,000 to $99,999","1,103",1103.0,ok
2019,Water Leakage During Last 12 Months,With leakage from outside structure,"Less than $10,000",857,857.0,ok
2019,Water Supply Stoppage,No stoppage in last 3 months,"$10,000 to $19,999","9,786",9786.0,ok
2019,Water Supply Stoppage,No stoppage in last 3 months,"$100,000 to $119,999","8,879",8879.0,ok
2019,Water Supply Stoppage,No stoppage in last 3 months,"$120,000 or more","25,732",25732.0,ok
2019,Water Supply Stoppage,No stoppage in last 3 months,"$20,000 to $29,999","9,922",9922.0,ok
2019,Water Supply Stoppage,No stoppage in last 3 months,"$30,000 to $39,999","10,551",10551.0,ok
2019,Water Supply Stoppage,No stoppage in last 3 months,"$40,000 to $49,999","9,248",9248.0,ok
2019,Water Supply Stoppage,No stoppage in last 3 months,"$50,000 to $59,999","8,912",8912.0,ok
2019,Water Supply Stoppage,No stoppage in last 3 months,"$60,000 to $79,999","15,230",15230.0,ok
2019,Water Supply Stoppage,No stoppage in last 3 months,"$80,000 to $99,999","11,195",11195.0,ok
2019,Water Supply Stoppage,No stoppage in last 3 months,"Less than $10,000","9,724",9724.0,ok
2019,Water Supply Stoppage,No stoppage lasting 6 hours or more,"$10,000 to $19,999",88,88.0,ok
2019,Water Supply Stoppage,No stoppage lasting 6 hours or more,"$100,000 to $119,999",70,70.0,ok
2019,Water Supply Stoppage,No stoppage lasting 6 hours or more,"$120,000 or more",89,89.0,ok
2019,Water Supply Stoppage,No stoppage lasting 6 hours or more,"$20,000 to $29,999",84,84.0,ok
2019,Water Supply Stoppage,No stoppage lasting 6 hours or more,"$30,000 to $39,999",60,60.0,ok
2019,Water Supply Stoppage,No stoppage lasting 6 hours or more,"$40,000 to $49,999",45,45.0,ok
2019,Water Supply Stoppage,No stoppage lasting 6 hours or more,"$50,000 to $59,999",S,,suppressed
2019,Water Supply Stoppage,No stoppage lasting 6 hours or more,"$60,000 to $79,999",64,64.0,ok
2019,Water Supply Stoppage,No stoppage lasting 6 hours or more,"$80,000 to $99,999",59,59.0,ok
2019,Water Supply Stoppage,No stoppage lasting 6 hours or more,"Less than $10,000",67,67.0,ok
2019,Water Supply Stoppage,With hot and cold piped water,"$10,000 to $19,999","10,255",10255.0,ok
2019,Water Supply Stoppage,With hot and cold piped water,"$100,000 to $119,999","9,189",9189.0,ok
2019,Water Supply Stoppage,With hot and cold piped water,"$120,000 or more","26,479",26479.0,ok
2019,Water Supply Stoppage,With hot and cold piped water,"$20,000 to $29,999","10,438",10438.0,ok
2019,Water Supply Stoppage,With hot and cold piped water,"$30,000 to $39,999","10,983",10983.0,ok
2019,Water Supply Stoppage,With hot and cold piped water,"$40,000 to $49,999","9,635",9635.0,ok
2019,Water Supply Stoppage,With hot and cold piped water,"$50,000 to $59,999","9,251",9251.0,ok
2019,Water Supply Stoppage,With hot and cold piped water,"$60,000 to $79,999","15,793",15793.0,ok
2019,Water Supply Stoppage,With hot and cold piped water,"$80,000 to $99,999","11,581",11581.0,ok
2019,Water Supply Stoppage,With hot and cold piped water,"Less than $10,000","10,209",10209.0,ok
2019,Water Supply Stoppage,With stoppage in last 3 months,"$10,000 to $19,999",353,353.0,ok
2019,Water Supply Stoppage,With stoppage in last 3 months,"$100,000 to $119,999",221,221.0,ok
2019,Water Supply Stoppage,With stoppage in last 3 months,"$120,000 or more",524,524.0,ok
2019,Water Supply Stoppage,With stoppage in last 3 months,"$20,000 to $29,999",386,386.0,ok
2019,Water Supply Stoppage,With stoppage in last 3 months,"$30,000 to $39,999",337,337.0,ok
2019,Water Supply Stoppage,With stoppage in last 3 months,"$40,000 to $49,999",259,259.0,ok
2019,Water Supply Stoppage,With stoppage in last 3 months,"$50,000 to $59,999",254,254.0,ok
2019,Water Supply Stoppage,With stoppage in last 3 months,"$60,000 to $79,999",432,432.0,ok
2019,Water Supply Stoppage,With stoppage in last 3 months,"$80,000 to $99,999",273,273.0,ok
2019,Water Supply Stoppage,With stoppage in last 3 months,"Less than $10,000",328,328.0,ok
2021,Electric Fuses and Circuit Breakers,1 time,"$10,000 to $19,999",322,322.0,ok
2021,Electric Fuses and Circuit Breakers,1 time,"$100,000 to $119,999",486,486.0,ok
2021,Electric Fuses and Circuit Breakers,1 time,"$120,000 to $139,999",344,344.0,ok
2021,Electric Fuses and Circuit Breakers,1 time,"$140,000 to $159,999",340,340.0,ok
2021,Electric Fuses and Circuit Breakers,1 time,"$160,000 to $179,999",165,165.0,ok
2021,Electric Fuses and Circuit Breakers,1 time,"$180,000 to $199,999",176,176.0,ok
2021,Electric Fuses and Circuit Breakers,1 time,"$20,000 to $29,999",343,343.0,ok
2021,Electric Fuses and Circuit Breakers,1 time,"$200,000 or more",636,636.0,ok
2021,Electric Fuses and Circuit Breakers,1 time,"$30,000 to $39,999",443,443.0,ok
2021,Electric Fuses and Circuit Breakers,1 time,"$40,000 to $49,999",321,321.0,ok
2021,Electric Fuses and Circuit Breakers,1 time,"$50,000 to $59,999",332,332.0,ok
2021,Electric Fuses and Circuit Breakers,1 time,"$60,000 to $79,999",676,676.0,ok
2021,Electric Fuses and Circuit Breakers,1 time,"$80,000 to $99,999",517,517.0,ok
2021,Electric Fuses and Circuit Breakers,1 time,"Less than $10,000",346,346.0,ok
2021,Electric Fuses and Circuit Breakers,2 times,"$10,000 to $19,999",182,182.0,ok
2021,Electric Fuses and Circuit Breakers,2 times,"$100,000 to $119,999",178,178.0,ok
2021,Electric Fuses and Circuit Breakers,2 times,"$120,000 to $139,999",132,132.0,ok
2021,Electric Fuses and Circuit Breakers,2 times,"$140,000 to $159,999",120,120.0,ok
2021,Electric Fuses and Circuit Breakers,2 times,"$160,000 to $179,999",101,101.0,ok
2021,Electric Fuses and Circuit Breakers,2 times,"$180,000 to $199,999",62,62.0,ok
2021,Electric Fuses and Circuit Breakers,2 times,"$20,000 to $29,999",221,221.0,ok
2021,Electric Fuses and Circuit Breakers,2 times,"$200,000 or more",278,278.0,ok
2021,Electric Fuses and Circuit Breakers,2 times,"$30,000 to $39,999",135,135.0,ok
2021,Electric Fuses and Circuit Breakers,2 times,"$40,000 to $49,999",92,92.0,ok
2021,Electric Fuses and Circuit Breakers,2 times,"$50,000 to $59,999",158,158.0,ok
2021,Electric Fuses and Circuit Breakers,2 times,"$60,000 to $79,999",289,289.0,ok
2021,Electric Fuses and Circuit Breakers,2 times,"$80,000 to $99,999",177,177.0,ok
2021,Electric Fuses and Circuit Breakers,2 times,"Less than $10,000",162,162.0,ok
2021,Electric Fuses and Circuit Breakers,3 times,"$10,000 to $19,999",89,89.0,ok
2021,Electric Fuses and Circuit Breakers,3 times,"$100,000 to $119,999",60,60.0,ok
2021,Electric Fuses and Circuit Breakers,3 times,"$120,000 to $139,999",38,38.0,ok
2021,Electric Fuses and Circuit Breakers,3 times,"$140,000 to $159,999",41,41.0,ok
2021,Electric Fuses and Circuit Breakers,3 times,"$160,000 to $179,999",S,,suppressed
2021,Electric Fuses and Circuit Breakers,3 times,"$180,000 to $199,999",S,,suppressed
2021,Electric Fuses and Circuit Breakers,3 times,"$20,000 to $29,999",64,64.0,ok
2021,Electric Fuses and Circuit Breakers,3 times,"$200,000 or more",158,158.0,ok
2021,Electric Fuses and Circuit Breakers,3 times,"$30,000 to $39,999",82,82.0,ok
2021,Electric Fuses and Circuit Breakers,3 times,"$40,000 to $49,999",53,53.0,ok
2021,Electric Fuses and Circuit Breakers,3 times,"$50,000 to $59,999",60,60.0,ok
2021,Electric Fuses and Circuit Breakers,3 times,"$60,000 to $79,999",104,104.0,ok
2021,Electric Fuses and Circuit Breakers,3 times,"$80,000 to $99,999",128,128.0,ok
2021,Electric Fuses and Circuit Breakers,3 times,"Less than $10,000",60,60.0,ok
2021,Electric Fuses and Circuit Breakers,4 times or more,"$10,000 to $19,999",141,141.0,ok
2021,Electric Fuses and Circuit Breakers,4 times or more,"$100,000 to $119,999",66,66.0,ok
2021,Electric Fuses and Circuit Breakers,4 times or more,"$120,000 to $139,999",94,94.0,ok
2021,Electric Fuses and Circuit Breakers,4 times or more,"$140,000 to $159,999",64,64.0,ok
2021,Electric Fuses and Circuit Breakers,4 times or more,"$160,000 to $179,999",S,,suppressed
2021,Electric Fuses and Circuit Breakers,4 times or more,"$180,000 to $199,999",32,32.0,ok
2021,Electric Fuses and Circuit Breakers,4 times or more,"$20,000 to $29,999",120,120.0,ok
2021,Electric Fuses and Circuit Breakers,4 times or more,"$200,000 or more",141,141.0,ok
2021,Electric Fuses and Circuit Breakers,4 times or more,"$30,000 to $39,999",101,101.0,ok
2021,Electric Fuses and Circuit Breakers,4 times or more,"$40,000 to $49,999",107,107.0,ok
2021,Electric Fuses and Circuit Breakers,4 times or more,"$50,000 to $59,999",102,102.0,ok
2021,Electric Fuses and Circuit Breakers,4 times or more,"$60,000 to $79,999",217,217.0,ok
2021,Electric Fuses and Circuit Breakers,4 times or more,"$80,000 to $99,999",128,128.0,ok
2021,Electric Fuses and Circuit Breakers,4 times or more,"Less than $10,000",132,132.0,ok
2021,Electric Fuses and Circuit Breakers,No fuses or breakers blown in last 3 months,"$10,000 to $19,999","9,576",9576.0,ok
2021,Electric Fuses and Circuit Breakers,No fuses or breakers blown in last 3 months,"$100,000 to $119,999","8,884",8884.0,ok
2021,Electric Fuses and Circuit Breakers,No fuses or breakers blown in last 3 months,"$120,000 to $139,999","6,589",6589.0,ok
2021,Electric Fuses and Circuit Breakers,No fuses or breakers blown in last 3 months,"$140,000 to $159,999","4,983",4983.0,ok
2021,Electric Fuses and Circuit Breakers,No fuses or breakers blown in last 3 months,"$160,000 to $179,999","3,288",3288.0,ok
2021,Electric Fuses and Circuit Breakers,No fuses or breakers blown in last 3 months,"$180,000 to $199,999","2,314",2314.0,ok
2021,Electric Fuses and Circuit Breakers,No fuses or breakers blown in last 3 months,"$20,000 to $29,999","10,199",10199.0,ok
2021,Electric Fuses and Circuit Breakers,No fuses or breakers blown in last 3 months,"$200,000 or more","9,199",9199.0,ok
2021,Electric Fuses and Circuit Breakers,No fuses or breakers blown in last 3 months,"$30,000 to $39,999","9,749",9749.0,ok
2021,Electric Fuses and Circuit Breakers,No fuses or breakers blown in last 3 months,"$40,000 to $49,999","9,667",9667.0,ok
2021,Electric Fuses and Circuit Breakers,No fuses or breakers blown in last 3 months,"$50,000 to $59,999","8,219",8219.0,ok
2021,Electric Fuses and Circuit Breakers,No fuses or breakers blown in last 3 months,"$60,000 to $79,999","14,852",14852.0,ok
2021,Electric Fuses and Circuit Breakers,No fuses or breakers blown in last 3 months,"$80,000 to $99,999","11,049",11049.0,ok
2021,Electric Fuses and Circuit Breakers,No fuses or breakers blown in last 3 months,"Less than $10,000","9,634",9634.0,ok
2021,Electric Fuses and Circuit Breakers,With electrical wiring,"$10,000 to $19,999","10,310",10310.0,ok
2021,Electric Fuses and Circuit Breakers,With electrical wiring,"$100,000 to $119,999","9,674",9674.0,ok
2021,Electric Fuses and Circuit Breakers,With electrical wiring,"$120,000 to $139,999","7,198",7198.0,ok
2021,Electric Fuses and Circuit Breakers,With electrical wiring,"$140,000 to $159,999","5,548",5548.0,ok
2021,Electric Fuses and Circuit Breakers,With electrical wiring,"$160,000 to $179,999","3,607",3607.0,ok
2021,Electric Fuses and Circuit Breakers,With electrical wiring,"$180,000 to $199,999","2,624",2624.0,ok
2021,Electric Fuses and Circuit Breakers,With electrical wiring,"$20,000 to $29,999","10,946",10946.0,ok
2021,Electric Fuses and Circuit Breakers,With electrical wiring,"$200,000 or more","10,412",10412.0,ok
2021,Electric Fuses and Circuit Breakers,With electrical wiring,"$30,000 to $39,999","10,510",10510.0,ok
2021,Electric Fuses and Circuit Breakers,With electrical wiring,"$40,000 to $49,999","10,241",10241.0,ok
2021,Electric Fuses and Circuit Breakers,With electrical wiring,"$50,000 to $59,999","8,870",8870.0,ok
2021,Electric Fuses and Circuit Breakers,With electrical wiring,"$60,000 to $79,999","16,138",16138.0,ok
2021,Electric Fuses and Circuit Breakers,With electrical wiring,"$80,000 to $99,999","11,999",11999.0,ok
2021,Electric Fuses and Circuit Breakers,With electrical wiring,"Less than $10,000","10,335",10335.0,ok
2021,Electric Fuses and Circuit Breakers,With fuses or breakers blown in last 3 months,"$10,000 to $19,999",735,735.0,ok
2021,Electric Fuses and Circuit Breakers,With fuses or breakers blown in last 3 months,"$100,000 to $119,999",789,789.0,ok
2021,Electric Fuses and Circuit Breakers,With fuses or breakers blown in last 3 months,"$120,000 to $139,999",608,608.0,ok
2021,Electric Fuses and Circuit Breakers,With fuses or breakers blown in last 3 months,"$140,000 to $159,999",565,565.0,ok
2021,Electric Fuses and Circuit Breakers,With fuses or breakers blown in last 3 months,"$160,000 to $179,999",319,319.0,ok
2021,Electric Fuses and Circuit Breakers,With fuses or breakers blown in last 3 months,"$180,000 to $199,999",310,310.0,ok
2021,Electric Fuses and Circuit Breakers,With fuses or breakers blown in last 3 months,"$20,000 to $29,999",748,748.0,ok
2021,Electric Fuses and Circuit Breakers,With fuses or breakers blown in last 3 months,"$200,000 or more","1,213",1213.0,ok
2021,Electric Fuses and Circuit Breakers,With fuses or breakers blown in last 3 months,"$30,000 to $39,999",761,761.0,ok
2021,Electric Fuses and Circuit Breakers,With fuses or breakers blown in last 3 months,"$40,000 to $49,999",573,573.0,ok
2021,Electric Fuses and Circuit Breakers,With fuses or breakers blown in last 3 months,"$50,000 to $59,999",651,651.0,ok
2021,Electric Fuses and Circuit Breakers,With fuses or breakers blown in last 3 months,"$60,000 to $79,999","1,286",1286.0,ok
2021,Electric Fuses and Circuit Breakers,With fuses or breakers blown in last 3 months,"$80,000 to $99,999",950,950.0,ok
2021,Electric Fuses and Circuit Breakers,With fuses or breakers blown in last 3 months,"Less than $10,000",700,700.0,ok
2021,External Building Conditions,Bars on windows,"$10,000 to $19,999",229,229.0,ok
2021,External Building Conditions,Bars on windows,"$100,000 to $119,999",135,135.0,ok
2021,External Building Conditions,Bars on windows,"$120,000 to $139,999",86,86.0,ok
2021,External Building Conditions,Bars on windows,"$140,000 to $159,999",51,51.0,ok
2021,External Building Conditions,Bars on windows,"$160,000 to $179,999",54,54.0,ok
2021,External Building Conditions,Bars on windows,"$180,000 to $199,999",50,50.0,ok
2021,External Building Conditions,Bars on windows,"$20,000 to $29,999",295,295.0,ok
2021,External Building Conditions,Bars on windows,"$200,000 or more",153,153.0,ok
2021,External Building Conditions,Bars on windows,"$30,000 to $39,999",210,210.0,ok
2021,External Building Conditions,Bars on windows,"$40,000 to $49,999",237,237.0,ok
2021,External Building Conditions,Bars on windows,"$50,000 to $59,999",190,190.0,ok
2021,External Building Conditions,Bars on windows,"$60,000 to $79,999",356,356.0,ok
2021,External Building Conditions,Bars on windows,"$80,000 to $99,999",212,212.0,ok
2021,External Building Conditions,Bars on windows,"Less than $10,000",254,254.0,ok
2021,External Building Conditions,Boarded up windows,"$10,000 to $19,999",196,196.0,ok
2021,External Building Conditions,Boarded up windows,"$100,000 to $119,999",58,58.0,ok
2021,External Building Conditions,Boarded up windows,"$120,000 to $139,999",43,43.0,ok
2021,External Building Conditions,Boarded up windows,"$140,000 to $159,999",S,,suppressed
2021,External Building Conditions,Boarded up windows,"$160,000 to $179,999",S,,suppressed
2021,External Building Conditions,Boarded up windows,"$180,000 to $199,999",S,,suppressed
2021,External Building Conditions,Boarded up windows,"$20,000 to $29,999",155,155.0,ok
2021,External Building Conditions,Boarded up windows,"$200,000 or more",S,,suppressed
2021,External Building Conditions,Boarded up windows,"$30,000 to $39,999",133,133.0,ok
2021,External Building Conditions,Boarded up windows,"$40,000 to $49,999",102,102.0,ok
2021,External Building Conditions,Boarded up windows,"$50,000 to $59,999",86,86.0,ok
2021,External Building Conditions,Boarded up windows,"$60,000 to $79,999",150,150.0,ok
2021,External Building Conditions,Boarded up windows,"$80,000 to $99,999",72,72.0,ok
2021,External Building Conditions,Boarded up windows,"Less than $10,000",207,207.0,ok
2021,External Building Conditions,Broken windows,"$10,000 to $19,999",428,428.0,ok
2021,External Building Conditions,Broken windows,"$100,000 to $119,999",336,336.0,ok
2021,External Building Conditions,Broken windows,"$120,000 to $139,999",156,156.0,ok
2021,External Building Conditions,Broken windows,"$140,000 to $159,999",125,125.0,ok
2021,External Building Conditions,Broken windows,"$160,000 to $179,999",75,75.0,ok
2021,External Building Conditions,Broken windows,"$180,000 to $199,999",66,66.0,ok
2021,External Building Conditions,Broken windows,"$20,000 to $29,999",427,427.0,ok
2021,External Building Conditions,Broken windows,"$200,000 or more",218,218.0,ok
2021,External Building Conditions,Broken windows,"$30,000 to $39,999",419,419.0,ok
2021,External Building Conditions,Broken windows,"$40,000 to $49,999",451,451.0,ok
2021,External Building Conditions,Broken windows,"$50,000 to $59,999",295,295.0,ok
2021,External Building Conditions,Broken windows,"$60,000 to $79,999",571,571.0,ok
2021,External Building Conditions,Broken windows,"$80,000 to $99,999",363,363.0,ok
2021,External Building Conditions,Broken windows,"Less than $10,000",432,432.0,ok
2021,External Building Conditions,Foundation crumbling or has open crack or hole,"$10,000 to $19,999",403,403.0,ok
2021,External Building Conditions,Foundation crumbling or has open crack or hole,"$100,000 to $119,999",335,335.0,ok
2021,External Building Conditions,Foundation crumbling or has open crack or hole,"$120,000 to $139,999",237,237.0,ok
2021,External Building Conditions,Foundation crumbling or has open crack or hole,"$140,000 to $159,999",152,152.0,ok
2021,External Building Conditions,Foundation crumbling or has open crack or hole,"$160,000 to $179,999",136,136.0,ok
2021,External Building Conditions,Foundation crumbling or has open crack or hole,"$180,000 to $199,999",93,93.0,ok
2021,External Building Conditions,Foundation crumbling or has open crack or hole,"$20,000 to $29,999",477,477.0,ok
2021,External Building Conditions,Foundation crumbling or has open crack or hole,"$200,000 or more",348,348.0,ok
2021,External Building Conditions,Foundation crumbling or has open crack or hole,"$30,000 to $39,999",436,436.0,ok
2021,External Building Conditions,Foundation crumbling or has open crack or hole,"$40,000 to $49,999",478,478.0,ok
2021,External Building Conditions,Foundation crumbling or has open crack or hole,"$50,000 to $59,999",381,381.0,ok
2021,External Building Conditions,Foundation crumbling or has open crack or hole,"$60,000 to $79,999",614,614.0,ok
2021,External Building Conditions,Foundation crumbling or has open crack or hole,"$80,000 to $99,999",500,500.0,ok
2021,External Building Conditions,Foundation crumbling or has open crack or hole,"Less than $10,000",461,461.0,ok
2021,External Building Conditions,Hole in roof,"$10,000 to $19,999",220,220.0,ok
2021,External Building Conditions,Hole in roof,"$100,000 to $119,999",69,69.0,ok
2021,External Building Conditions,Hole in roof,"$120,000 to $139,999",S,,suppressed
2021,External Building Conditions,Hole in roof,"$140,000 to $159,999",28,28.0,ok
2021,External Building Conditions,Hole in roof,"$160,000 to $179,999",S,,suppressed
2021,External Building Conditions,Hole in roof,"$180,000 to $199,999",S,,suppressed
2021,External Building Conditions,Hole in roof,"$20,000 to $29,999",180,180.0,ok
2021,External Building Conditions,Hole in roof,"$200,000 or more",52,52.0,ok
2021,External Building Conditions,Hole in roof,"$30,000 to $39,999",142,142.0,ok
2021,External Building Conditions,Hole in roof,"$40,000 to $49,999",160,160.0,ok
2021,External Building Conditions,Hole in roof,"$50,000 to $59,999",64,64.0,ok
2021,External Building Conditions,Hole in roof,"$60,000 to $79,999",170,170.0,ok
2021,External Building Conditions,Hole in roof,"$80,000 to $99,999",80,80.0,ok
2021,External Building Conditions,Hole in roof,"Less than $10,000",249,249.0,ok
2021,External Building Conditions,"Missing bricks, siding, or other outside wall material","$10,000 to $19,999",290,290.0,ok
2021,External Building Conditions,"Missing bricks, siding, or other outside wall material","$100,000 to $119,999",146,146.0,ok
2021,External Building Conditions,"Missing bricks, siding, or other outside wall material","$120,000 to $139,999",124,124.0,ok
2021,External Building Conditions,"Missing bricks, siding, or other outside wall material","$140,000 to $159,999",77,77.0,ok
2021,External Building Conditions,"Missing bricks, siding, or other outside wall material","$160,000 to $179,999",56,56.0,ok
2021,External Building Conditions,"Missing bricks, siding, or other outside wall material","$180,000 to $199,999",57,57.0,ok
2021,External Building Conditions,"Missing bricks, siding, or other outside wall material","$20,000 to $29,999",240,240.0,ok
2021,External Building Conditions,"Missing bricks, siding, or other outside wall material","$200,000 or more",108,108.0,ok
2021,External Building Conditions,"Missing bricks, siding, or other outside wall material","$30,000 to $39,999",288,288.0,ok
2021,External Building Conditions,"Missing bricks, siding, or other outside wall material","$40,000 to $49,999",307,307.0,ok
2021,External Building Conditions,"Missing bricks, siding, or other outside wall material","$50,000 to $59,999",171,171.0,ok
2021,External Building Conditions,"Missing bricks, siding, or other outside wall material","$60,000 to $79,999",369,369.0,ok
2021,External Building Conditions,"Missing bricks, siding, or other outside wall material","$80,000 to $99,999",253,253.0,ok
2021,External Building Conditions,"Missing bricks, siding, or other outside wall material","Less than $10,000",271,271.0,ok
2021,External Building Conditions,Missing roofing material,"$10,000 to $19,999",318,318.0,ok
2021,External Building Conditions,Missing roofing material,"$100,000 to $119,999",238,238.0,ok
2021,External Building Conditions,Missing roofing material,"$120,000 to $139,999",173,173.0,ok
2021,External Building Conditions,Missing roofing material,"$140,000 to $159,999",116,116.0,ok
2021,External Building Conditions,Missing roofing material,"$160,000 to $179,999",74,74.0,ok
2021,External Building Conditions,Missing roofing material,"$180,000 to $199,999",69,69.0,ok
2021,External Building Conditions,Missing roofing material,"$20,000 to $29,999",307,307.0,ok
2021,External Building Conditions,Missing roofing material,"$200,000 or more",185,185.0,ok
2021,External Building Conditions,Missing roofing material,"$30,000 to $39,999",290,290.0,ok
2021,External Building Conditions,Missing roofing material,"$40,000 to $49,999",304,304.0,ok
2021,External Building Conditions,Missing roofing material,"$50,000 to $59,999",219,219.0,ok
2021,External Building Conditions,Missing roofing material,"$60,000 to $79,999",401,401.0,ok
2021,External Building Conditions,Missing roofing material,"$80,000 to $99,999",286,286.0,ok
2021,External Building Conditions,Missing roofing material,"Less than $10,000",350,350.0,ok
2021,External Building Conditions,Sagging roof,"$10,000 to $19,999",243,243.0,ok
2021,External Building Conditions,Sagging roof,"$100,000 to $119,999",119,119.0,ok
2021,External Building Conditions,Sagging roof,"$120,000 to $139,999",93,93.0,ok
2021,External Building Conditions,Sagging roof,"$140,000 to $159,999",68,68.0,ok
2021,External Building Conditions,Sagging roof,"$160,000 to $179,999",S,,suppressed
2021,External Building Conditions,Sagging roof,"$180,000 to $199,999",44,44.0,ok
2021,External Building Conditions,Sagging roof,"$20,000 to $29,999",176,176.0,ok
2021,External Building Conditions,Sagging roof,"$200,000 or more",86,86.0,ok
2021,External Building Conditions,Sagging roof,"$30,000 to $39,999",187,187.0,ok
2021,External Building Conditions,Sagging roof,"$40,000 to $49,999",176,176.0,ok
2021,External Building Conditions,Sagging roof,"$50,000 to $59,999",98,98.0,ok
2021,External Building Conditions,Sagging roof,"$60,000 to $79,999",236,236.0,ok
2021,External Building Conditions,Sagging roof,"$80,000 to $99,999",157,157.0,ok
2021,External Building Conditions,Sagging roof,"Less than $10,000",236,236.0,ok
2021,External Building Conditions,Sloping outside walls,"$10,000 to $19,999",175,175.0,ok
2021,External Building Conditions,Sloping outside walls,"$100,000 to $119,999",42,42.0,ok
2021,External Building Conditions,Sloping outside walls,"$120,000 to $139,999",59,59.0,ok
2021,External Building Conditions,Sloping outside walls,"$140,000 to $159,999",S,,suppressed
2021,External Building Conditions,Sloping outside walls,"$160,000 to $179,999",S,,suppressed
2021,External Building Conditions,Sloping outside walls,"$180,000 to $199,999",S,,suppressed
2021,External Building Conditions,Sloping outside walls,"$20,000 to $29,999",138,138.0,ok
2021,External Building Conditions,Sloping outside walls,"$200,000 or more",71,71.0,ok
2021,External Building Conditions,Sloping outside walls,"$30,000 to $39,999",127,127.0,ok
2021,External Building Conditions,Sloping outside walls,"$40,000 to $49,999",146,146.0,ok
2021,External Building Conditions,Sloping outside walls,"$50,000 to $59,999",98,98.0,ok
2021,External Building Conditions,Sloping outside walls,"$60,000 to $79,999",128,128.0,ok
2021,External Building Conditions,Sloping outside walls,"$80,000 to $99,999",101,101.0,ok
2021,External Building Conditions,Sloping outside walls,"Less than $10,000",142,142.0,ok
2021,Flush Toilet Breakdowns,No breakdowns lasting 6 hours or more,"$10,000 to $19,999",52,52.0,ok
2021,Flush Toilet Breakdowns,No breakdowns lasting 6 hours or more,"$100,000 to $119,999",S,,suppressed
2021,Flush Toilet Breakdowns,No breakdowns lasting 6 hours or more,"$120,000 to $139,999",S,,suppressed
2021,Flush Toilet Breakdowns,No breakdowns lasting 6 hours or more,"$140,000 to $159,999",S,,suppressed
2021,Flush Toilet Breakdowns,No breakdowns lasting 6 hours or more,"$160,000 to $179,999",S,,suppressed
2021,Flush Toilet Breakdowns,No breakdowns lasting 6 hours or more,"$180,000 to $199,999",S,,suppressed
2021,Flush Toilet Breakdowns,No breakdowns lasting 6 hours or more,"$20,000 to $29,999",67,67.0,ok
2021,Flush Toilet Breakdowns,No breakdowns lasting 6 hours or more,"$200,000 or more",24,24.0,ok
2021,Flush Toilet Breakdowns,No breakdowns lasting 6 hours or more,"$30,000 to $39,999",S,,suppressed
2021,Flush Toilet Breakdowns,No breakdowns lasting 6 hours or more,"$40,000 to $49,999",64,64.0,ok
2021,Flush Toilet Breakdowns,No breakdowns lasting 6 hours or more,"$50,000 to $59,999",S,,suppressed
2021,Flush Toilet Breakdowns,No breakdowns lasting 6 hours or more,"$60,000 to $79,999",90,90.0,ok
2021,Flush Toilet Breakdowns,No breakdowns lasting 6 hours or more,"$80,000 to $99,999",S,,suppressed
2021,Flush Toilet Breakdowns,No breakdowns lasting 6 hours or more,"Less than $10,000",57,57.0,ok
2021,Flush Toilet Breakdowns,None working some time in last 3 months,"$10,000 to $19,999",345,345.0,ok
2021,Flush Toilet Breakdowns,None working some time in last 3 months,"$100,000 to $119,999",82,82.0,ok
2021,Flush Toilet Breakdowns,None working some time in last 3 months,"$120,000 to $139,999",67,67.0,ok
2021,Flush Toilet Breakdowns,None working some time in last 3 months,"$140,000 to $159,999",70,70.0,ok
2021,Flush Toilet Breakdowns,None working some time in last 3 months,"$160,000 to $179,999",44,44.0,ok
2021,Flush Toilet Breakdowns,None working some time in last 3 months,"$180,000 to $199,999",S,,suppressed
2021,Flush Toilet Breakdowns,None working some time in last 3 months,"$20,000 to $29,999",304,304.0,ok
2021,Flush Toilet Breakdowns,None working some time in last 3 months,"$200,000 or more",101,101.0,ok
2021,Flush Toilet Breakdowns,None working some time in last 3 months,"$30,000 to $39,999",225,225.0,ok
2021,Flush Toilet Breakdowns,None working some time in last 3 months,"$40,000 to $49,999",226,226.0,ok
2021,Flush Toilet Breakdowns,None working some time in last 3 months,"$50,000 to $59,999",185,185.0,ok
2021,Flush Toilet Breakdowns,None working some time in last 3 months,"$60,000 to $79,999",308,308.0,ok
2021,Flush Toilet Breakdowns,None working some time in last 3 months,"$80,000 to $99,999",138,138.0,ok
2021,Flush Toilet Breakdowns,None working some time in last 3 months,"Less than $10,000",422,422.0,ok
2021,Flush Toilet Breakdowns,With at least one toilet working at all times in last 3 months,"$10,000 to $19,999","9,942",9942.0,ok
2021,Flush Toilet Breakdowns,With at least one toilet working at all times in last 3 months,"$100,000 to $119,999","9,592",9592.0,ok
2021,Flush Toilet Breakdowns,With at least one toilet working at all times in last 3 months,"$120,000 to $139,999","7,134",7134.0,ok
2021,Flush Toilet Breakdowns,With at least one toilet working at all times in last 3 months,"$140,000 to $159,999","5,479",5479.0,ok
2021,Flush Toilet Breakdowns,With at least one toilet working at all times in last 3 months,"$160,000 to $179,999","3,564",3564.0,ok
2021,Flush Toilet Breakdowns,With at least one toilet working at all times in last 3 months,"$180,000 to $199,999","2,596",2596.0,ok
2021,Flush Toilet Breakdowns,With at least one toilet working at all times in last 3 months,"$20,000 to $29,999","10,632",10632.0,ok
2021,Flush Toilet Breakdowns,With at least one toilet working at all times in last 3 months,"$200,000 or more","10,312",10312.0,ok
2021,Flush Toilet Breakdowns,With at least one toilet working at all times in last 3 months,"$30,000 to $39,999","10,272",10272.0,ok
2021,Flush Toilet Breakdowns,With at least one toilet working at all times in last 3 months,"$40,000 to $49,999","10,022",10022.0,ok
2021,Flush Toilet Breakdowns,With at least one toilet working at all times in last 3 months,"$50,000 to $59,999","8,684",8684.0,ok
2021,Flush Toilet Breakdowns,With at least one toilet working at all times in last 3 months,"$60,000 to $79,999","15,836",15836.0,ok
2021,Flush Toilet Breakdowns,With at least one toilet working at all times in last 3 months,"$80,000 to $99,999","11,860",11860.0,ok
2021,Flush Toilet Breakdowns,With at least one toilet working at all times in last 3 months,"Less than $10,000","9,914",9914.0,ok
2021,Flush Toilet Breakdowns,With one or more flush toilets,"$10,000 to $19,999","10,287",10287.0,ok
2021,Flush Toilet Breakdowns,With one or more flush toilets,"$100,000 to $119,999","9,674",9674.0,ok
2021,Flush Toilet Breakdowns,With one or more flush toilets,"$120,000 to $139,999","7,201",7201.0,ok
2021,Flush Toilet Breakdowns,With one or more flush toilets,"$140,000 to $159,999","5,548",5548.0,ok
2021,Flush Toilet Breakdowns,With one or more flush toilets,"$160,000 to $179,999","3,607",3607.0,ok
2021,Flush Toilet Breakdowns,With one or more flush toilets,"$180,000 to $199,999","2,624",2624.0,ok
2021,Flush Toilet Breakdowns,With one or more flush toilets,"$20,000 to $29,999","10,936",10936.0,ok
2021,Flush Toilet Breakdowns,With one or more flush toilets,"$200,000 or more","10,413",10413.0,ok
2021,Flush Toilet Breakdowns,With one or more flush toilets,"$30,000 to $39,999","10,497",10497.0,ok
2021,Flush Toilet Breakdowns,With one or more flush toilets,"$40,000 to $49,999","10,249",10249.0,ok
2021,Flush Toilet Breakdowns,With one or more flush toilets,"$50,000 to $59,999","8,869",8869.0,ok
2021,Flush Toilet Breakdowns,With one or more flush toilets,"$60,000 to $79,999","16,144",16144.0,ok
2021,Flush Toilet Breakdowns,With one or more flush toilets,"$80,000 to $99,999","11,998",11998.0,ok
2021,Flush Toilet Breakdowns,With one or more flush toilets,"Less than $10,000","10,336",10336.0,ok
2021,Heating Problems,Equipment breakdowns,"$10,000 to $19,999",349,349.0,ok
2021,Heating Problems,Equipment breakdowns,"$100,000 to $119,999",184,184.0,ok
2021,Heating Problems,Equipment breakdowns,"$120,000 to $139,999",120,120.0,ok
2021,Heating Problems,Equipment breakdowns,"$140,000 to $159,999",60,60.0,ok
2021,Heating Problems,Equipment breakdowns,"$160,000 to $179,999",S,,suppressed
2021,Heating Problems,Equipment breakdowns,"$180,000 to $199,999",50,50.0,ok
2021,Heating Problems,Equipment breakdowns,"$20,000 to $29,999",371,371.0,ok
2021,Heating Problems,Equipment breakdowns,"$200,000 or more",154,154.0,ok
2021,Heating Problems,Equipment breakdowns,"$30,000 to $39,999",318,318.0,ok
2021,Heating Problems,Equipment breakdowns,"$40,000 to $49,999",271,271.0,ok
2021,Heating Problems,Equipment breakdowns,"$50,000 to $59,999",264,264.0,ok
2021,Heating Problems,Equipment breakdowns,"$60,000 to $79,999",419,419.0,ok
2021,Heating Problems,Equipment breakdowns,"$80,000 to $99,999",207,207.0,ok
2021,Heating Problems,Equipment breakdowns,"Less than $10,000",375,375.0,ok
2021,Heating Problems,No breakdowns lasting 6 hours or more,"$10,000 to $19,999",S,,suppressed
2021,Heating Problems,No breakdowns lasting 6 hours or more,"$100,000 to $119,999",.,,blank_or_na
2021,Heating Problems,No breakdowns lasting 6 hours or more,"$120,000 to $139,999",.,,blank_or_na
2021,Heating Problems,No breakdowns lasting 6 hours or more,"$140,000 to $159,999",S,,suppressed
2021,Heating Problems,No breakdowns lasting 6 hours or more,"$160,000 to $179,999",.,,blank_or_na
2021,Heating Problems,No breakdowns lasting 6 hours or more,"$180,000 to $199,999",.,,blank_or_na
2021,Heating Problems,No breakdowns lasting 6 hours or more,"$20,000 to $29,999",S,,suppressed
2021,Heating Problems,No breakdowns lasting 6 hours or more,"$200,000 or more",S,,suppressed
2021,Heating Problems,No breakdowns lasting 6 hours or more,"$30,000 to $39,999",S,,suppressed
2021,Heating Problems,No breakdowns lasting 6 hours or more,"$40,000 to $49,999",S,,suppressed
2021,Heating Problems,No breakdowns lasting 6 hours or more,"$50,000 to $59,999",S,,suppressed
2021,Heating Problems,No breakdowns lasting 6 hours or more,"$60,000 to $79,999",S,,suppressed
2021,Heating Problems,No breakdowns lasting 6 hours or more,"$80,000 to $99,999",S,,suppressed
2021,Heating Problems,No breakdowns lasting 6 hours or more,"Less than $10,000",S,,suppressed
2021,Heating Problems,Not uncomfortably cold for 24 hours or more,"$10,000 to $19,999","8,584",8584.0,ok
2021,Heating Problems,Not uncomfortably cold for 24 hours or more,"$100,000 to $119,999","8,529",8529.0,ok
2021,Heating Problems,Not uncomfortably cold for 24 hours or more,"$120,000 to $139,999","6,415",6415.0,ok
2021,Heating Problems,Not uncomfortably cold for 24 hours or more,"$140,000 to $159,999","4,884",4884.0,ok
2021,Heating Problems,Not uncomfortably cold for 24 hours or more,"$160,000 to $179,999","3,172",3172.0,ok
2021,Heating Problems,Not uncomfortably cold for 24 hours or more,"$180,000 to $199,999","2,291",2291.0,ok
2021,Heating Problems,Not uncomfortably cold for 24 hours or more,"$20,000 to $29,999","9,043",9043.0,ok
2021,Heating Problems,Not uncomfortably cold for 24 hours or more,"$200,000 or more","9,231",9231.0,ok
2021,Heating Problems,Not uncomfortably cold for 24 hours or more,"$30,000 to $39,999","8,853",8853.0,ok
2021,Heating Problems,Not uncomfortably cold for 24 hours or more,"$40,000 to $49,999","8,595",8595.0,ok
2021,Heating Problems,Not uncomfortably cold for 24 hours or more,"$50,000 to $59,999","7,519",7519.0,ok
2021,Heating Problems,Not uncomfortably cold for 24 hours or more,"$60,000 to $79,999","13,807",13807.0,ok
2021,Heating Problems,Not uncomfortably cold for 24 hours or more,"$80,000 to $99,999","10,485",10485.0,ok
2021,Heating Problems,Not uncomfortably cold for 24 hours or more,"Less than $10,000","8,508",8508.0,ok
2021,Heating Problems,Uncomfortably cold for 24 hours or more,"$10,000 to $19,999","1,118",1118.0,ok
2021,Heating Problems,Uncomfortably cold for 24 hours or more,"$100,000 to $119,999",721,721.0,ok
2021,Heating Problems,Uncomfortably cold for 24 hours or more,"$120,000 to $139,999",470,470.0,ok
2021,Heating Problems,Uncomfortably cold for 24 hours or more,"$140,000 to $159,999",420,420.0,ok
2021,Heating Problems,Uncomfortably cold for 24 hours or more,"$160,000 to $179,999",231,231.0,ok
2021,Heating Problems,Uncomfortably cold for 24 hours or more,"$180,000 to $199,999",183,183.0,ok
2021,Heating Problems,Uncomfortably cold for 24 hours or more,"$20,000 to $29,999","1,227",1227.0,ok
2021,Heating Problems,Uncomfortably cold for 24 hours or more,"$200,000 or more",700,700.0,ok
2021,Heating Problems,Uncomfortably cold for 24 hours or more,"$30,000 to $39,999",978,978.0,ok
2021,Heating Problems,Uncomfortably cold for 24 hours or more,"$40,000 to $49,999","1,023",1023.0,ok
2021,Heating Problems,Uncomfortably cold for 24 hours or more,"$50,000 to $59,999",796,796.0,ok
2021,Heating Problems,Uncomfortably cold for 24 hours or more,"$60,000 to $79,999","1,370",1370.0,ok
2021,Heating Problems,Uncomfortably cold for 24 hours or more,"$80,000 to $99,999",910,910.0,ok
2021,Heating Problems,Uncomfortably cold for 24 hours or more,"Less than $10,000","1,207",1207.0,ok
2021,Heating Problems,With heating equipment and occupied last winter,"$10,000 to $19,999","9,701",9701.0,ok
2021,Heating Problems,With heating equipment and occupied last winter,"$100,000 to $119,999","9,250",9250.0,ok
2021,Heating Problems,With heating equipment and occupied last winter,"$120,000 to $139,999","6,885",6885.0,ok
2021,Heating Problems,With heating equipment and occupied last winter,"$140,000 to $159,999","5,303",5303.0,ok
2021,Heating Problems,With heating equipment and occupied last winter,"$160,000 to $179,999","3,403",3403.0,ok
2021,Heating Problems,With heating equipment and occupied last winter,"$180,000 to $199,999","2,474",2474.0,ok
2021,Heating Problems,With heating equipment and occupied last winter,"$20,000 to $29,999","10,270",10270.0,ok
2021,Heating Problems,With heating equipment and occupied last winter,"$200,000 or more","9,931",9931.0,ok
2021,Heating Problems,With heating equipment and occupied last winter,"$30,000 to $39,999","9,830",9830.0,ok
2021,Heating Problems,With heating equipment and occupied last winter,"$40,000 to $49,999","9,618",9618.0,ok
2021,Heating Problems,With heating equipment and occupied last winter,"$50,000 to $59,999","8,315",8315.0,ok
2021,Heating Problems,With heating equipment and occupied last winter,"$60,000 to $79,999","15,177",15177.0,ok
2021,Heating Problems,With heating equipment and occupied last winter,"$80,000 to $99,999","11,395",11395.0,ok
2021,Heating Problems,With heating equipment and occupied last winter,"Less than $10,000","9,715",9715.0,ok
2021,Housing Adequacy,Adequate,"$10,000 to $19,999","9,424",9424.0,ok
2021,Housing Adequacy,Adequate,"$100,000 to $119,999","9,363",9363.0,ok
2021,Housing Adequacy,Adequate,"$120,000 to $139,999","7,031",7031.0,ok
2021,Housing Adequacy,Adequate,"$140,000 to $159,999","5,371",5371.0,ok
2021,Housing Adequacy,Adequate,"$160,000 to $179,999","3,523",3523.0,ok
2021,Housing Adequacy,Adequate,"$180,000 to $199,999","2,543",2543.0,ok
2021,Housing Adequacy,Adequate,"$20,000 to $29,999","10,214",10214.0,ok
2021,Housing Adequacy,Adequate,"$200,000 or more","10,180",10180.0,ok
2021,Housing Adequacy,Adequate,"$30,000 to $39,999","9,876",9876.0,ok
2021,Housing Adequacy,Adequate,"$40,000 to $49,999","9,636",9636.0,ok
2021,Housing Adequacy,Adequate,"$50,000 to $59,999","8,375",8375.0,ok
2021,Housing Adequacy,Adequate,"$60,000 to $79,999","15,434",15434.0,ok
2021,Housing Adequacy,Adequate,"$80,000 to $99,999","11,553",11553.0,ok
2021,Housing Adequacy,Adequate,"Less than $10,000","9,294",9294.0,ok
2021,Housing Adequacy,Electric or wiring,"$10,000 to $19,999",S,,suppressed
2021,Housing Adequacy,Electric or wiring,"$100,000 to $119,999",S,,suppressed
2021,Housing Adequacy,Electric or wiring,"$120,000 to $139,999",S,,suppressed
2021,Housing Adequacy,Electric or wiring,"$140,000 to $159,999",.,,blank_or_na
2021,Housing Adequacy,Electric or wiring,"$160,000 to $179,999",.,,blank_or_na
2021,Housing Adequacy,Electric or wiring,"$180,000 to $199,999",S,,suppressed
2021,Housing Adequacy,Electric or wiring,"$20,000 to $29,999",S,,suppressed
2021,Housing Adequacy,Electric or wiring,"$200,000 or more",S,,suppressed
2021,Housing Adequacy,Electric or wiring,"$30,000 to $39,999",S,,suppressed
2021,Housing Adequacy,Electric or wiring,"$40,000 to $49,999",S,,suppressed
2021,Housing Adequacy,Electric or wiring,"$50,000 to $59,999",S,,suppressed
2021,Housing Adequacy,Electric or wiring,"$60,000 to $79,999",S,,suppressed
2021,Housing Adequacy,Electric or wiring,"$80,000 to $99,999",S,,suppressed
2021,Housing Adequacy,Electric or wiring,"Less than $10,000",51,51.0,ok
2021,Housing Adequacy,Heating,"$10,000 to $19,999",134,134.0,ok
2021,Housing Adequacy,Heating,"$100,000 to $119,999",48,48.0,ok
2021,Housing Adequacy,Heating,"$120,000 to $139,999",31,31.0,ok
2021,Housing Adequacy,Heating,"$140,000 to $159,999",S,,suppressed
2021,Housing Adequacy,Heating,"$160,000 to $179,999",S,,suppressed
2021,Housing Adequacy,Heating,"$180,000 to $199,999",S,,suppressed
2021,Housing Adequacy,Heating,"$20,000 to $29,999",128,128.0,ok
2021,Housing Adequacy,Heating,"$200,000 or more",S,,suppressed
2021,Housing Adequacy,Heating,"$30,000 to $39,999",96,96.0,ok
2021,Housing Adequacy,Heating,"$40,000 to $49,999",75,75.0,ok
2021,Housing Adequacy,Heating,"$50,000 to $59,999",136,136.0,ok
2021,Housing Adequacy,Heating,"$60,000 to $79,999",117,117.0,ok
2021,Housing Adequacy,Heating,"$80,000 to $99,999",55,55.0,ok
2021,Housing Adequacy,Heating,"Less than $10,000",186,186.0,ok
2021,Housing Adequacy,Moderately inadequate,"$10,000 to $19,999",636,636.0,ok
2021,Housing Adequacy,Moderately inadequate,"$100,000 to $119,999",226,226.0,ok
2021,Housing Adequacy,Moderately inadequate,"$120,000 to $139,999",125,125.0,ok
2021,Housing Adequacy,Moderately inadequate,"$140,000 to $159,999",154,154.0,ok
2021,Housing Adequacy,Moderately inadequate,"$160,000 to $179,999",68,68.0,ok
2021,Housing Adequacy,Moderately inadequate,"$180,000 to $199,999",62,62.0,ok
2021,Housing Adequacy,Moderately inadequate,"$20,000 to $29,999",511,511.0,ok
2021,Housing Adequacy,Moderately inadequate,"$200,000 or more",183,183.0,ok
2021,Housing Adequacy,Moderately inadequate,"$30,000 to $39,999",481,481.0,ok
2021,Housing Adequacy,Moderately inadequate,"$40,000 to $49,999",466,466.0,ok
2021,Housing Adequacy,Moderately inadequate,"$50,000 to $59,999",332,332.0,ok
2021,Housing Adequacy,Moderately inadequate,"$60,000 to $79,999",550,550.0,ok
2021,Housing Adequacy,Moderately inadequate,"$80,000 to $99,999",366,366.0,ok
2021,Housing Adequacy,Moderately inadequate,"Less than $10,000",694,694.0,ok
2021,Housing Adequacy,Other,"$10,000 to $19,999",388,388.0,ok
2021,Housing Adequacy,Other,"$100,000 to $119,999",114,114.0,ok
2021,Housing Adequacy,Other,"$120,000 to $139,999",50,50.0,ok
2021,Housing Adequacy,Other,"$140,000 to $159,999",51,51.0,ok
2021,Housing Adequacy,Other,"$160,000 to $179,999",S,,suppressed
2021,Housing Adequacy,Other,"$180,000 to $199,999",S,,suppressed
2021,Housing Adequacy,Other,"$20,000 to $29,999",277,277.0,ok
2021,Housing Adequacy,Other,"$200,000 or more",52,52.0,ok
2021,Housing Adequacy,Other,"$30,000 to $39,999",267,267.0,ok
2021,Housing Adequacy,Other,"$40,000 to $49,999",241,241.0,ok
2021,Housing Adequacy,Other,"$50,000 to $59,999",165,165.0,ok
2021,Housing Adequacy,Other,"$60,000 to $79,999",277,277.0,ok
2021,Housing Adequacy,Other,"$80,000 to $99,999",185,185.0,ok
2021,Housing Adequacy,Other,"Less than $10,000",408,408.0,ok
2021,Housing Adequacy,Plumbing,"$10,000 to $19,999",60,60.0,ok
2021,Housing Adequacy,Plumbing,"$100,000 to $119,999",S,,suppressed
2021,Housing Adequacy,Plumbing,"$120,000 to $139,999",S,,suppressed
2021,Housing Adequacy,Plumbing,"$140,000 to $159,999",S,,suppressed
2021,Housing Adequacy,Plumbing,"$160,000 to $179,999",.,,blank_or_na
2021,Housing Adequacy,Plumbing,"$180,000 to $199,999",S,,suppressed
2021,Housing Adequacy,Plumbing,"$20,000 to $29,999",S,,suppressed
2021,Housing Adequacy,Plumbing,"$200,000 or more",S,,suppressed
2021,Housing Adequacy,Plumbing,"$30,000 to $39,999",S,,suppressed
2021,Housing Adequacy,Plumbing,"$40,000 to $49,999",S,,suppressed
2021,Housing Adequacy,Plumbing,"$50,000 to $59,999",S,,suppressed
2021,Housing Adequacy,Plumbing,"$60,000 to $79,999",S,,suppressed
2021,Housing Adequacy,Plumbing,"$80,000 to $99,999",S,,suppressed
2021,Housing Adequacy,Plumbing,"Less than $10,000",113,113.0,ok
2021,Housing Adequacy,Severely inadequate,"$10,000 to $19,999",258,258.0,ok
2021,Housing Adequacy,Severely inadequate,"$100,000 to $119,999",89,89.0,ok
2021,Housing Adequacy,Severely inadequate,"$120,000 to $139,999",44,44.0,ok
2021,Housing Adequacy,Severely inadequate,"$140,000 to $159,999",S,,suppressed
2021,Housing Adequacy,Severely inadequate,"$160,000 to $179,999",S,,suppressed
2021,Housing Adequacy,Severely inadequate,"$180,000 to $199,999",S,,suppressed
2021,Housing Adequacy,Severely inadequate,"$20,000 to $29,999",223,223.0,ok
2021,Housing Adequacy,Severely inadequate,"$200,000 or more",50,50.0,ok
2021,Housing Adequacy,Severely inadequate,"$30,000 to $39,999",159,159.0,ok
2021,Housing Adequacy,Severely inadequate,"$40,000 to $49,999",147,147.0,ok
2021,Housing Adequacy,Severely inadequate,"$50,000 to $59,999",169,169.0,ok
2021,Housing Adequacy,Severely inadequate,"$60,000 to $79,999",162,162.0,ok
2021,Housing Adequacy,Severely inadequate,"$80,000 to $99,999",84,84.0,ok
2021,Housing Adequacy,Severely inadequate,"Less than $10,000",388,388.0,ok
2021,Housing Adequacy,Upkeep,"$10,000 to $19,999",45,45.0,ok
2021,Housing Adequacy,Upkeep,"$100,000 to $119,999",.,,blank_or_na
2021,Housing Adequacy,Upkeep,"$120,000 to $139,999",S,,suppressed
2021,Housing Adequacy,Upkeep,"$140,000 to $159,999",S,,suppressed
2021,Housing Adequacy,Upkeep,"$160,000 to $179,999",.,,blank_or_na
2021,Housing Adequacy,Upkeep,"$180,000 to $199,999",.,,blank_or_na
2021,Housing Adequacy,Upkeep,"$20,000 to $29,999",51,51.0,ok
2021,Housing Adequacy,Upkeep,"$200,000 or more",S,,suppressed
2021,Housing Adequacy,Upkeep,"$30,000 to $39,999",S,,suppressed
2021,Housing Adequacy,Upkeep,"$40,000 to $49,999",S,,suppressed
2021,Housing Adequacy,Upkeep,"$50,000 to $59,999",S,,suppressed
2021,Housing Adequacy,Upkeep,"$60,000 to $79,999",S,,suppressed
2021,Housing Adequacy,Upkeep,"$80,000 to $99,999",S,,suppressed
2021,Housing Adequacy,Upkeep,"Less than $10,000",91,91.0,ok
2021,Mold,Basement,"$10,000 to $19,999",40,40.0,ok
2021,Mold,Basement,"$100,000 to $119,999",S,,suppressed
2021,Mold,Basement,"$120,000 to $139,999",S,,suppressed
2021,Mold,Basement,"$140,000 to $159,999",S,,suppressed
2021,Mold,Basement,"$160,000 to $179,999",S,,suppressed
2021,Mold,Basement,"$180,000 to $199,999",S,,suppressed
2021,Mold,Basement,"$20,000 to $29,999",41,41.0,ok
2021,Mold,Basement,"$200,000 or more",S,,suppressed
2021,Mold,Basement,"$30,000 to $39,999",S,,suppressed
2021,Mold,Basement,"$40,000 to $49,999",51,51.0,ok
2021,Mold,Basement,"$50,000 to $59,999",S,,suppressed
2021,Mold,Basement,"$60,000 to $79,999",61,61.0,ok
2021,Mold,Basement,"$80,000 to $99,999",S,,suppressed
2021,Mold,Basement,"Less than $10,000",S,,suppressed
2021,Mold,Bathroom(s),"$10,000 to $19,999",235,235.0,ok
2021,Mold,Bathroom(s),"$100,000 to $119,999",93,93.0,ok
2021,Mold,Bathroom(s),"$120,000 to $139,999",51,51.0,ok
2021,Mold,Bathroom(s),"$140,000 to $159,999",40,40.0,ok
2021,Mold,Bathroom(s),"$160,000 to $179,999",S,,suppressed
2021,Mold,Bathroom(s),"$180,000 to $199,999",S,,suppressed
2021,Mold,Bathroom(s),"$20,000 to $29,999",233,233.0,ok
2021,Mold,Bathroom(s),"$200,000 or more",54,54.0,ok
2021,Mold,Bathroom(s),"$30,000 to $39,999",174,174.0,ok
2021,Mold,Bathroom(s),"$40,000 to $49,999",221,221.0,ok
2021,Mold,Bathroom(s),"$50,000 to $59,999",169,169.0,ok
2021,Mold,Bathroom(s),"$60,000 to $79,999",175,175.0,ok
2021,Mold,Bathroom(s),"$80,000 to $99,999",120,120.0,ok
2021,Mold,Bathroom(s),"Less than $10,000",282,282.0,ok
2021,Mold,Bedroom(s),"$10,000 to $19,999",129,129.0,ok
2021,Mold,Bedroom(s),"$100,000 to $119,999",38,38.0,ok
2021,Mold,Bedroom(s),"$120,000 to $139,999",S,,suppressed
2021,Mold,Bedroom(s),"$140,000 to $159,999",S,,suppressed
2021,Mold,Bedroom(s),"$160,000 to $179,999",S,,suppressed
2021,Mold,Bedroom(s),"$180,000 to $199,999",S,,suppressed
2021,Mold,Bedroom(s),"$20,000 to $29,999",122,122.0,ok
2021,Mold,Bedroom(s),"$200,000 or more",S,,suppressed
2021,Mold,Bedroom(s),"$30,000 to $39,999",74,74.0,ok
2021,Mold,Bedroom(s),"$40,000 to $49,999",94,94.0,ok
2021,Mold,Bedroom(s),"$50,000 to $59,999",83,83.0,ok
2021,Mold,Bedroom(s),"$60,000 to $79,999",100,100.0,ok
2021,Mold,Bedroom(s),"$80,000 to $99,999",68,68.0,ok
2021,Mold,Bedroom(s),"Less than $10,000",166,166.0,ok
2021,Mold,Housing units with mold in last 12 months,"$10,000 to $19,999",443,443.0,ok
2021,Mold,Housing units with mold in last 12 months,"$100,000 to $119,999",208,208.0,ok
2021,Mold,Housing units with mold in last 12 months,"$120,000 to $139,999",143,143.0,ok
2021,Mold,Housing units with mold in last 12 months,"$140,000 to $159,999",101,101.0,ok
2021,Mold,Housing units with mold in last 12 months,"$160,000 to $179,999",55,55.0,ok
2021,Mold,Housing units with mold in last 12 months,"$180,000 to $199,999",33,33.0,ok
2021,Mold,Housing units with mold in last 12 months,"$20,000 to $29,999",452,452.0,ok
2021,Mold,Housing units with mold in last 12 months,"$200,000 or more",138,138.0,ok
2021,Mold,Housing units with mold in last 12 months,"$30,000 to $39,999",347,347.0,ok
2021,Mold,Housing units with mold in last 12 months,"$40,000 to $49,999",381,381.0,ok
2021,Mold,Housing units with mold in last 12 months,"$50,000 to $59,999",352,352.0,ok
2021,Mold,Housing units with mold in last 12 months,"$60,000 to $79,999",403,403.0,ok
2021,Mold,Housing units with mold in last 12 months,"$80,000 to $99,999",248,248.0,ok
2021,Mold,Housing units with mold in last 12 months,"Less than $10,000",525,525.0,ok
2021,Mold,Kitchen,"$10,000 to $19,999",98,98.0,ok
2021,Mold,Kitchen,"$100,000 to $119,999",S,,suppressed
2021,Mold,Kitchen,"$120,000 to $139,999",S,,suppressed
2021,Mold,Kitchen,"$140,000 to $159,999",S,,suppressed
2021,Mold,Kitchen,"$160,000 to $179,999",S,,suppressed
2021,Mold,Kitchen,"$180,000 to $199,999",S,,suppressed
2021,Mold,Kitchen,"$20,000 to $29,999",85,85.0,ok
2021,Mold,Kitchen,"$200,000 or more",S,,suppressed
2021,Mold,Kitchen,"$30,000 to $39,999",68,68.0,ok
2021,Mold,Kitchen,"$40,000 to $49,999",93,93.0,ok
2021,Mold,Kitchen,"$50,000 to $59,999",88,88.0,ok
2021,Mold,Kitchen,"$60,000 to $79,999",103,103.0,ok
2021,Mold,Kitchen,"$80,000 to $99,999",S,,suppressed
2021,Mold,Kitchen,"Less than $10,000",145,145.0,ok
2021,Mold,Living room,"$10,000 to $19,999",80,80.0,ok
2021,Mold,Living room,"$100,000 to $119,999",S,,suppressed
2021,Mold,Living room,"$120,000 to $139,999",S,,suppressed
2021,Mold,Living room,"$140,000 to $159,999",S,,suppressed
2021,Mold,Living room,"$160,000 to $179,999",S,,suppressed
2021,Mold,Living room,"$180,000 to $199,999",S,,suppressed
2021,Mold,Living room,"$20,000 to $29,999",82,82.0,ok
2021,Mold,Living room,"$200,000 or more",S,,suppressed
2021,Mold,Living room,"$30,000 to $39,999",47,47.0,ok
2021,Mold,Living room,"$40,000 to $49,999",64,64.0,ok
2021,Mold,Living room,"$50,000 to $59,999",41,41.0,ok
2021,Mold,Living room,"$60,000 to $79,999",39,39.0,ok
2021,Mold,Living room,"$80,000 to $99,999",S,,suppressed
2021,Mold,Living room,"Less than $10,000",125,125.0,ok
2021,Mold,Not reported,"$10,000 to $19,999",110,110.0,ok
2021,Mold,Not reported,"$100,000 to $119,999",65,65.0,ok
2021,Mold,Not reported,"$120,000 to $139,999",S,,suppressed
2021,Mold,Not reported,"$140,000 to $159,999",S,,suppressed
2021,Mold,Not reported,"$160,000 to $179,999",S,,suppressed
2021,Mold,Not reported,"$180,000 to $199,999",S,,suppressed
2021,Mold,Not reported,"$20,000 to $29,999",65,65.0,ok
2021,Mold,Not reported,"$200,000 or more",63,63.0,ok
2021,Mold,Not reported,"$30,000 to $39,999",53,53.0,ok
2021,Mold,Not reported,"$40,000 to $49,999",78,78.0,ok
2021,Mold,Not reported,"$50,000 to $59,999",66,66.0,ok
2021,Mold,Not reported,"$60,000 to $79,999",122,122.0,ok
2021,Mold,Not reported,"$80,000 to $99,999",88,88.0,ok
2021,Mold,Not reported,"Less than $10,000",113,113.0,ok
2021,Mold,Other room,"$10,000 to $19,999",43,43.0,ok
2021,Mold,Other room,"$100,000 to $119,999",48,48.0,ok
2021,Mold,Other room,"$120,000 to $139,999",41,41.0,ok
2021,Mold,Other room,"$140,000 to $159,999",S,,suppressed
2021,Mold,Other room,"$160,000 to $179,999",S,,suppressed
2021,Mold,Other room,"$180,000 to $199,999",S,,suppressed
2021,Mold,Other room,"$20,000 to $29,999",59,59.0,ok
2021,Mold,Other room,"$200,000 or more",S,,suppressed
2021,Mold,Other room,"$30,000 to $39,999",57,57.0,ok
2021,Mold,Other room,"$40,000 to $49,999",36,36.0,ok
2021,Mold,Other room,"$50,000 to $59,999",62,62.0,ok
2021,Mold,Other room,"$60,000 to $79,999",58,58.0,ok
2021,Mold,Other room,"$80,000 to $99,999",51,51.0,ok
2021,Mold,Other room,"Less than $10,000",93,93.0,ok
2021,Number of breakdowns that lasted 6 hours or more:,1,"$10,000 to $19,999",181,181.0,ok
2021,Number of breakdowns that lasted 6 hours or more:,1,"$100,000 to $119,999",S,,suppressed
2021,Number of breakdowns that lasted 6 hours or more:,1,"$120,000 to $139,999",S,,suppressed
2021,Number of breakdowns that lasted 6 hours or more:,1,"$140,000 to $159,999",49,49.0,ok
2021,Number of breakdowns that lasted 6 hours or more:,1,"$160,000 to $179,999",S,,suppressed
2021,Number of breakdowns that lasted 6 hours or more:,1,"$180,000 to $199,999",S,,suppressed
2021,Number of breakdowns that lasted 6 hours or more:,1,"$20,000 to $29,999",148,148.0,ok
2021,Number of breakdowns that lasted 6 hours or more:,1,"$200,000 or more",65,65.0,ok
2021,Number of breakdowns that lasted 6 hours or more:,1,"$30,000 to $39,999",89,89.0,ok
2021,Number of breakdowns that lasted 6 hours or more:,1,"$40,000 to $49,999",98,98.0,ok
2021,Number of breakdowns that lasted 6 hours or more:,1,"$50,000 to $59,999",106,106.0,ok
2021,Number of breakdowns that lasted 6 hours or more:,1,"$60,000 to $79,999",105,105.0,ok
2021,Number of breakdowns that lasted 6 hours or more:,1,"$80,000 to $99,999",79,79.0,ok
2021,Number of breakdowns that lasted 6 hours or more:,1,"Less than $10,000",198,198.0,ok
2021,Number of breakdowns that lasted 6 hours or more:,2,"$10,000 to $19,999",40,40.0,ok
2021,Number of breakdowns that lasted 6 hours or more:,2,"$100,000 to $119,999",S,,suppressed
2021,Number of breakdowns that lasted 6 hours or more:,2,"$120,000 to $139,999",S,,suppressed
2021,Number of breakdowns that lasted 6 hours or more:,2,"$140,000 to $159,999",S,,suppressed
2021,Number of breakdowns that lasted 6 hours or more:,2,"$160,000 to $179,999",.,,blank_or_na
2021,Number of breakdowns that lasted 6 hours or more:,2,"$180,000 to $199,999",S,,suppressed
2021,Number of breakdowns that lasted 6 hours or more:,2,"$20,000 to $29,999",35,35.0,ok
2021,Number of breakdowns that lasted 6 hours or more:,2,"$200,000 or more",S,,suppressed
2021,Number of breakdowns that lasted 6 hours or more:,2,"$30,000 to $39,999",61,61.0,ok
2021,Number of breakdowns that lasted 6 hours or more:,2,"$40,000 to $49,999",S,,suppressed
2021,Number of breakdowns that lasted 6 hours or more:,2,"$50,000 to $59,999",S,,suppressed
2021,Number of breakdowns that lasted 6 hours or more:,2,"$60,000 to $79,999",54,54.0,ok
2021,Number of breakdowns that lasted 6 hours or more:,2,"$80,000 to $99,999",S,,suppressed
2021,Number of breakdowns that lasted 6 hours or more:,2,"Less than $10,000",55,55.0,ok
2021,Number of breakdowns that lasted 6 hours or more:,2 or more,"$10,000 to $19,999",54,54.0,ok
2021,Number of breakdowns that lasted 6 hours or more:,2 or more,"$100,000 to $119,999",S,,suppressed
2021,Number of breakdowns that lasted 6 hours or more:,2 or more,"$120,000 to $139,999",S,,suppressed
2021,Number of breakdowns that lasted 6 hours or more:,2 or more,"$140,000 to $159,999",S,,suppressed
2021,Number of breakdowns that lasted 6 hours or more:,2 or more,"$160,000 to $179,999",S,,suppressed
2021,Number of breakdowns that lasted 6 hours or more:,2 or more,"$180,000 to $199,999",S,,suppressed
2021,Number of breakdowns that lasted 6 hours or more:,2 or more,"$20,000 to $29,999",49,49.0,ok
2021,Number of breakdowns that lasted 6 hours or more:,2 or more,"$200,000 or more",S,,suppressed
2021,Number of breakdowns that lasted 6 hours or more:,2 or more,"$30,000 to $39,999",56,56.0,ok
2021,Number of breakdowns that lasted 6 hours or more:,2 or more,"$40,000 to $49,999",74,74.0,ok
2021,Number of breakdowns that lasted 6 hours or more:,2 or more,"$50,000 to $59,999",44,44.0,ok
2021,Number of breakdowns that lasted 6 hours or more:,2 or more,"$60,000 to $79,999",53,53.0,ok
2021,Number of breakdowns that lasted 6 hours or more:,2 or more,"$80,000 to $99,999",48,48.0,ok
2021,Number of breakdowns that lasted 6 hours or more:,2 or more,"Less than $10,000",93,93.0,ok
2021,Number of breakdowns that lasted 6 hours or more:,3,"$10,000 to $19,999",S,,suppressed
2021,Number of breakdowns that lasted 6 hours or more:,3,"$100,000 to $119,999",S,,suppressed
2021,Number of breakdowns that lasted 6 hours or more:,3,"$120,000 to $139,999",S,,suppressed
2021,Number of breakdowns that lasted 6 hours or more:,3,"$140,000 to $159,999",.,,blank_or_na
2021,Number of breakdowns that lasted 6 hours or more:,3,"$160,000 to $179,999",S,,suppressed
2021,Number of breakdowns that lasted 6 hours or more:,3,"$180,000 to $199,999",.,,blank_or_na
2021,Number of breakdowns that lasted 6 hours or more:,3,"$20,000 to $29,999",S,,suppressed
2021,Number of breakdowns that lasted 6 hours or more:,3,"$200,000 or more",S,,suppressed
2021,Number of breakdowns that lasted 6 hours or more:,3,"$30,000 to $39,999",S,,suppressed
2021,Number of breakdowns that lasted 6 hours or more:,3,"$40,000 to $49,999",S,,suppressed
2021,Number of breakdowns that lasted 6 hours or more:,3,"$50,000 to $59,999",S,,suppressed
2021,Number of breakdowns that lasted 6 hours or more:,3,"$60,000 to $79,999",S,,suppressed
2021,Number of breakdowns that lasted 6 hours or more:,3,"$80,000 to $99,999",S,,suppressed
2021,Number of breakdowns that lasted 6 hours or more:,3,"Less than $10,000",S,,suppressed
2021,Number of breakdowns that lasted 6 hours or more:,4 or more,"$10,000 to $19,999",58,58.0,ok
2021,Number of breakdowns that lasted 6 hours or more:,4 or more,"$100,000 to $119,999",S,,suppressed
2021,Number of breakdowns that lasted 6 hours or more:,4 or more,"$120,000 to $139,999",S,,suppressed
2021,Number of breakdowns that lasted 6 hours or more:,4 or more,"$140,000 to $159,999",.,,blank_or_na
2021,Number of breakdowns that lasted 6 hours or more:,4 or more,"$160,000 to $179,999",S,,suppressed
2021,Number of breakdowns that lasted 6 hours or more:,4 or more,"$180,000 to $199,999",S,,suppressed
2021,Number of breakdowns that lasted 6 hours or more:,4 or more,"$20,000 to $29,999",43,43.0,ok
2021,Number of breakdowns that lasted 6 hours or more:,4 or more,"$200,000 or more",S,,suppressed
2021,Number of breakdowns that lasted 6 hours or more:,4 or more,"$30,000 to $39,999",36,36.0,ok
2021,Number of breakdowns that lasted 6 hours or more:,4 or more,"$40,000 to $49,999",S,,suppressed
2021,Number of breakdowns that lasted 6 hours or more:,4 or more,"$50,000 to $59,999",S,,suppressed
2021,Number of breakdowns that lasted 6 hours or more:,4 or more,"$60,000 to $79,999",43,43.0,ok
2021,Number of breakdowns that lasted 6 hours or more:,4 or more,"$80,000 to $99,999",S,,suppressed
2021,Number of breakdowns that lasted 6 hours or more:,4 or more,"Less than $10,000",94,94.0,ok
2021,Number of breakdowns that lasted 6 hours or more:,Cost of heating,"$10,000 to $19,999",48,48.0,ok
2021,Number of breakdowns that lasted 6 hours or more:,Cost of heating,"$100,000 to $119,999",S,,suppressed
2021,Number of breakdowns that lasted 6 hours or more:,Cost of heating,"$120,000 to $139,999",S,,suppressed
2021,Number of breakdowns that lasted 6 hours or more:,Cost of heating,"$140,000 to $159,999",S,,suppressed
2021,Number of breakdowns that lasted 6 hours or more:,Cost of heating,"$160,000 to $179,999",S,,suppressed
2021,Number of breakdowns that lasted 6 hours or more:,Cost of heating,"$180,000 to $199,999",S,,suppressed
2021,Number of breakdowns that lasted 6 hours or more:,Cost of heating,"$20,000 to $29,999",42,42.0,ok
2021,Number of breakdowns that lasted 6 hours or more:,Cost of heating,"$200,000 or more",S,,suppressed
2021,Number of breakdowns that lasted 6 hours or more:,Cost of heating,"$30,000 to $39,999",35,35.0,ok
2021,Number of breakdowns that lasted 6 hours or more:,Cost of heating,"$40,000 to $49,999",S,,suppressed
2021,Number of breakdowns that lasted 6 hours or more:,Cost of heating,"$50,000 to $59,999",34,34.0,ok
2021,Number of breakdowns that lasted 6 hours or more:,Cost of heating,"$60,000 to $79,999",63,63.0,ok
2021,Number of breakdowns that lasted 6 hours or more:,Cost of heating,"$80,000 to $99,999",37,37.0,ok
2021,Number of breakdowns that lasted 6 hours or more:,Cost of heating,"Less than $10,000",85,85.0,ok
2021,Number of breakdowns that lasted 6 hours or more:,Inadequate heating capacity,"$10,000 to $19,999",122,122.0,ok
2021,Number of breakdowns that lasted 6 hours or more:,Inadequate heating capacity,"$100,000 to $119,999",S,,suppressed
2021,Number of breakdowns that lasted 6 hours or more:,Inadequate heating capacity,"$120,000 to $139,999",S,,suppressed
2021,Number of breakdowns that lasted 6 hours or more:,Inadequate heating capacity,"$140,000 to $159,999",S,,suppressed
2021,Number of breakdowns that lasted 6 hours or more:,Inadequate heating capacity,"$160,000 to $179,999",S,,suppressed
2021,Number of breakdowns that lasted 6 hours or more:,Inadequate heating capacity,"$180,000 to $199,999",S,,suppressed
2021,Number of breakdowns that lasted 6 hours or more:,Inadequate heating capacity,"$20,000 to $29,999",155,155.0,ok
2021,Number of breakdowns that lasted 6 hours or more:,Inadequate heating capacity,"$200,000 or more",S,,suppressed
2021,Number of breakdowns that lasted 6 hours or more:,Inadequate heating capacity,"$30,000 to $39,999",103,103.0,ok
2021,Number of breakdowns that lasted 6 hours or more:,Inadequate heating capacity,"$40,000 to $49,999",78,78.0,ok
2021,Number of breakdowns that lasted 6 hours or more:,Inadequate heating capacity,"$50,000 to $59,999",S,,suppressed
2021,Number of breakdowns that lasted 6 hours or more:,Inadequate heating capacity,"$60,000 to $79,999",139,139.0,ok
2021,Number of breakdowns that lasted 6 hours or more:,Inadequate heating capacity,"$80,000 to $99,999",S,,suppressed
2021,Number of breakdowns that lasted 6 hours or more:,Inadequate heating capacity,"Less than $10,000",195,195.0,ok
2021,Number of breakdowns that lasted 6 hours or more:,Inadequate insulation,"$10,000 to $19,999",126,126.0,ok
2021,Number of breakdowns that lasted 6 hours or more:,Inadequate insulation,"$100,000 to $119,999",S,,suppressed
2021,Number of breakdowns that lasted 6 hours or more:,Inadequate insulation,"$120,000 to $139,999",S,,suppressed
2021,Number of breakdowns that lasted 6 hours or more:,Inadequate insulation,"$140,000 to $159,999",S,,suppressed
2021,Number of breakdowns that lasted 6 hours or more:,Inadequate insulation,"$160,000 to $179,999",S,,suppressed
2021,Number of breakdowns that lasted 6 hours or more:,Inadequate insulation,"$180,000 to $199,999",S,,suppressed
2021,Number of breakdowns that lasted 6 hours or more:,Inadequate insulation,"$20,000 to $29,999",148,148.0,ok
2021,Number of breakdowns that lasted 6 hours or more:,Inadequate insulation,"$200,000 or more",18,18.0,ok
2021,Number of breakdowns that lasted 6 hours or more:,Inadequate insulation,"$30,000 to $39,999",91,91.0,ok
2021,Number of breakdowns that lasted 6 hours or more:,Inadequate insulation,"$40,000 to $49,999",122,122.0,ok
2021,Number of breakdowns that lasted 6 hours or more:,Inadequate insulation,"$50,000 to $59,999",67,67.0,ok
2021,Number of breakdowns that lasted 6 hours or more:,Inadequate insulation,"$60,000 to $79,999",100,100.0,ok
2021,Number of breakdowns that lasted 6 hours or more:,Inadequate insulation,"$80,000 to $99,999",79,79.0,ok
2021,Number of breakdowns that lasted 6 hours or more:,Inadequate insulation,"Less than $10,000",125,125.0,ok
2021,Number of breakdowns that lasted 6 hours or more:,No breakdowns in last 3 months,"$10,000 to $19,999","1,373",1373.0,ok
2021,Number of breakdowns that lasted 6 hours or more:,No breakdowns in last 3 months,"$100,000 to $119,999","1,563",1563.0,ok
2021,Number of breakdowns that lasted 6 hours or more:,No breakdowns in last 3 months,"$120,000 to $139,999","1,275",1275.0,ok
2021,Number of breakdowns that lasted 6 hours or more:,No breakdowns in last 3 months,"$140,000 to $159,999",827,827.0,ok
2021,Number of breakdowns that lasted 6 hours or more:,No breakdowns in last 3 months,"$160,000 to $179,999",519,519.0,ok
2021,Number of breakdowns that lasted 6 hours or more:,No breakdowns in last 3 months,"$180,000 to $199,999",405,405.0,ok
2021,Number of breakdowns that lasted 6 hours or more:,No breakdowns in last 3 months,"$20,000 to $29,999","1,580",1580.0,ok
2021,Number of breakdowns that lasted 6 hours or more:,No breakdowns in last 3 months,"$200,000 or more","1,567",1567.0,ok
2021,Number of breakdowns that lasted 6 hours or more:,No breakdowns in last 3 months,"$30,000 to $39,999","1,743",1743.0,ok
2021,Number of breakdowns that lasted 6 hours or more:,No breakdowns in last 3 months,"$40,000 to $49,999","1,420",1420.0,ok
2021,Number of breakdowns that lasted 6 hours or more:,No breakdowns in last 3 months,"$50,000 to $59,999","1,436",1436.0,ok
2021,Number of breakdowns that lasted 6 hours or more:,No breakdowns in last 3 months,"$60,000 to $79,999","2,417",2417.0,ok
2021,Number of breakdowns that lasted 6 hours or more:,No breakdowns in last 3 months,"$80,000 to $99,999","2,013",2013.0,ok
2021,Number of breakdowns that lasted 6 hours or more:,No breakdowns in last 3 months,"Less than $10,000","1,031",1031.0,ok
2021,Number of breakdowns that lasted 6 hours or more:,No breakdowns lasting 6 hours or more,"$10,000 to $19,999",S,,suppressed
2021,Number of breakdowns that lasted 6 hours or more:,No breakdowns lasting 6 hours or more,"$100,000 to $119,999",.,,blank_or_na
2021,Number of breakdowns that lasted 6 hours or more:,No breakdowns lasting 6 hours or more,"$120,000 to $139,999",S,,suppressed
2021,Number of breakdowns that lasted 6 hours or more:,No breakdowns lasting 6 hours or more,"$140,000 to $159,999",.,,blank_or_na
2021,Number of breakdowns that lasted 6 hours or more:,No breakdowns lasting 6 hours or more,"$160,000 to $179,999",.,,blank_or_na
2021,Number of breakdowns that lasted 6 hours or more:,No breakdowns lasting 6 hours or more,"$180,000 to $199,999",.,,blank_or_na
2021,Number of breakdowns that lasted 6 hours or more:,No breakdowns lasting 6 hours or more,"$20,000 to $29,999",S,,suppressed
2021,Number of breakdowns that lasted 6 hours or more:,No breakdowns lasting 6 hours or more,"$200,000 or more",.,,blank_or_na
2021,Number of breakdowns that lasted 6 hours or more:,No breakdowns lasting 6 hours or more,"$30,000 to $39,999",.,,blank_or_na
2021,Number of breakdowns that lasted 6 hours or more:,No breakdowns lasting 6 hours or more,"$40,000 to $49,999",S,,suppressed
2021,Number of breakdowns that lasted 6 hours or more:,No breakdowns lasting 6 hours or more,"$50,000 to $59,999",S,,suppressed
2021,Number of breakdowns that lasted 6 hours or more:,No breakdowns lasting 6 hours or more,"$60,000 to $79,999",S,,suppressed
2021,Number of breakdowns that lasted 6 hours or more:,No breakdowns lasting 6 hours or more,"$80,000 to $99,999",S,,suppressed
2021,Number of breakdowns that lasted 6 hours or more:,No breakdowns lasting 6 hours or more,"Less than $10,000",S,,suppressed
2021,Number of breakdowns that lasted 6 hours or more:,Not reported,"$10,000 to $19,999",S,,suppressed
2021,Number of breakdowns that lasted 6 hours or more:,Not reported,"$100,000 to $119,999",S,,suppressed
2021,Number of breakdowns that lasted 6 hours or more:,Not reported,"$120,000 to $139,999",S,,suppressed
2021,Number of breakdowns that lasted 6 hours or more:,Not reported,"$140,000 to $159,999",S,,suppressed
2021,Number of breakdowns that lasted 6 hours or more:,Not reported,"$160,000 to $179,999",S,,suppressed
2021,Number of breakdowns that lasted 6 hours or more:,Not reported,"$180,000 to $199,999",.,,blank_or_na
2021,Number of breakdowns that lasted 6 hours or more:,Not reported,"$20,000 to $29,999",S,,suppressed
2021,Number of breakdowns that lasted 6 hours or more:,Not reported,"$200,000 or more",S,,suppressed
2021,Number of breakdowns that lasted 6 hours or more:,Not reported,"$30,000 to $39,999",S,,suppressed
2021,Number of breakdowns that lasted 6 hours or more:,Not reported,"$40,000 to $49,999",S,,suppressed
2021,Number of breakdowns that lasted 6 hours or more:,Not reported,"$50,000 to $59,999",S,,suppressed
2021,Number of breakdowns that lasted 6 hours or more:,Not reported,"$60,000 to $79,999",S,,suppressed
2021,Number of breakdowns that lasted 6 hours or more:,Not reported,"$80,000 to $99,999",S,,suppressed
2021,Number of breakdowns that lasted 6 hours or more:,Not reported,"Less than $10,000",S,,suppressed
2021,Number of breakdowns that lasted 6 hours or more:,Other,"$10,000 to $19,999",161,161.0,ok
2021,Number of breakdowns that lasted 6 hours or more:,Other,"$100,000 to $119,999",90,90.0,ok
2021,Number of breakdowns that lasted 6 hours or more:,Other,"$120,000 to $139,999",56,56.0,ok
2021,Number of breakdowns that lasted 6 hours or more:,Other,"$140,000 to $159,999",70,70.0,ok
2021,Number of breakdowns that lasted 6 hours or more:,Other,"$160,000 to $179,999",S,,suppressed
2021,Number of breakdowns that lasted 6 hours or more:,Other,"$180,000 to $199,999",S,,suppressed
2021,Number of breakdowns that lasted 6 hours or more:,Other,"$20,000 to $29,999",136,136.0,ok
2021,Number of breakdowns that lasted 6 hours or more:,Other,"$200,000 or more",81,81.0,ok
2021,Number of breakdowns that lasted 6 hours or more:,Other,"$30,000 to $39,999",141,141.0,ok
2021,Number of breakdowns that lasted 6 hours or more:,Other,"$40,000 to $49,999",129,129.0,ok
2021,Number of breakdowns that lasted 6 hours or more:,Other,"$50,000 to $59,999",102,102.0,ok
2021,Number of breakdowns that lasted 6 hours or more:,Other,"$60,000 to $79,999",136,136.0,ok
2021,Number of breakdowns that lasted 6 hours or more:,Other,"$80,000 to $99,999",94,94.0,ok
2021,Number of breakdowns that lasted 6 hours or more:,Other,"Less than $10,000",144,144.0,ok
2021,Number of breakdowns that lasted 6 hours or more:,Other causes,"$10,000 to $19,999",769,769.0,ok
2021,Number of breakdowns that lasted 6 hours or more:,Other causes,"$100,000 to $119,999",537,537.0,ok
2021,Number of breakdowns that lasted 6 hours or more:,Other causes,"$120,000 to $139,999",350,350.0,ok
2021,Number of breakdowns that lasted 6 hours or more:,Other causes,"$140,000 to $159,999",360,360.0,ok
2021,Number of breakdowns that lasted 6 hours or more:,Other causes,"$160,000 to $179,999",192,192.0,ok
2021,Number of breakdowns that lasted 6 hours or more:,Other causes,"$180,000 to $199,999",133,133.0,ok
2021,Number of breakdowns that lasted 6 hours or more:,Other causes,"$20,000 to $29,999",856,856.0,ok
2021,Number of breakdowns that lasted 6 hours or more:,Other causes,"$200,000 or more",546,546.0,ok
2021,Number of breakdowns that lasted 6 hours or more:,Other causes,"$30,000 to $39,999",660,660.0,ok
2021,Number of breakdowns that lasted 6 hours or more:,Other causes,"$40,000 to $49,999",752,752.0,ok
2021,Number of breakdowns that lasted 6 hours or more:,Other causes,"$50,000 to $59,999",532,532.0,ok
2021,Number of breakdowns that lasted 6 hours or more:,Other causes,"$60,000 to $79,999",951,951.0,ok
2021,Number of breakdowns that lasted 6 hours or more:,Other causes,"$80,000 to $99,999",703,703.0,ok
2021,Number of breakdowns that lasted 6 hours or more:,Other causes,"Less than $10,000",831,831.0,ok
2021,Number of breakdowns that lasted 6 hours or more:,Utility interruption,"$10,000 to $19,999",346,346.0,ok
2021,Number of breakdowns that lasted 6 hours or more:,Utility interruption,"$100,000 to $119,999",366,366.0,ok
2021,Number of breakdowns that lasted 6 hours or more:,Utility interruption,"$120,000 to $139,999",219,219.0,ok
2021,Number of breakdowns that lasted 6 hours or more:,Utility interruption,"$140,000 to $159,999",225,225.0,ok
2021,Number of breakdowns that lasted 6 hours or more:,Utility interruption,"$160,000 to $179,999",131,131.0,ok
2021,Number of breakdowns that lasted 6 hours or more:,Utility interruption,"$180,000 to $199,999",103,103.0,ok
2021,Number of breakdowns that lasted 6 hours or more:,Utility interruption,"$20,000 to $29,999",418,418.0,ok
2021,Number of breakdowns that lasted 6 hours or more:,Utility interruption,"$200,000 or more",407,407.0,ok
2021,Number of breakdowns that lasted 6 hours or more:,Utility interruption,"$30,000 to $39,999",329,329.0,ok
2021,Number of breakdowns that lasted 6 hours or more:,Utility interruption,"$40,000 to $49,999",423,423.0,ok
2021,Number of breakdowns that lasted 6 hours or more:,Utility interruption,"$50,000 to $59,999",304,304.0,ok
2021,Number of breakdowns that lasted 6 hours or more:,Utility interruption,"$60,000 to $79,999",558,558.0,ok
2021,Number of breakdowns that lasted 6 hours or more:,Utility interruption,"$80,000 to $99,999",477,477.0,ok
2021,Number of breakdowns that lasted 6 hours or more:,Utility interruption,"Less than $10,000",326,326.0,ok
2021,Number of breakdowns that lasted 6 hours or more:,With breakdown(s) in last 3 months,"$10,000 to $19,999",S,,suppressed
2021,Number of breakdowns that lasted 6 hours or more:,With breakdown(s) in last 3 months,"$100,000 to $119,999",S,,suppressed
2021,Number of breakdowns that lasted 6 hours or more:,With breakdown(s) in last 3 months,"$120,000 to $139,999",S,,suppressed
2021,Number of breakdowns that lasted 6 hours or more:,With breakdown(s) in last 3 months,"$140,000 to $159,999",S,,suppressed
2021,Number of breakdowns that lasted 6 hours or more:,With breakdown(s) in last 3 months,"$160,000 to $179,999",S,,suppressed
2021,Number of breakdowns that lasted 6 hours or more:,With breakdown(s) in last 3 months,"$180,000 to $199,999",S,,suppressed
2021,Number of breakdowns that lasted 6 hours or more:,With breakdown(s) in last 3 months,"$20,000 to $29,999",41,41.0,ok
2021,Number of breakdowns that lasted 6 hours or more:,With breakdown(s) in last 3 months,"$200,000 or more",S,,suppressed
2021,Number of breakdowns that lasted 6 hours or more:,With breakdown(s) in last 3 months,"$30,000 to $39,999",S,,suppressed
2021,Number of breakdowns that lasted 6 hours or more:,With breakdown(s) in last 3 months,"$40,000 to $49,999",S,,suppressed
2021,Number of breakdowns that lasted 6 hours or more:,With breakdown(s) in last 3 months,"$50,000 to $59,999",S,,suppressed
2021,Number of breakdowns that lasted 6 hours or more:,With breakdown(s) in last 3 months,"$60,000 to $79,999",S,,suppressed
2021,Number of breakdowns that lasted 6 hours or more:,With breakdown(s) in last 3 months,"$80,000 to $99,999",S,,suppressed
2021,Number of breakdowns that lasted 6 hours or more:,With breakdown(s) in last 3 months,"Less than $10,000",S,,suppressed
2021,Number of breakdowns that lasted 6 hours or more:,With septic tank or cesspool,"$10,000 to $19,999","1,405",1405.0,ok
2021,Number of breakdowns that lasted 6 hours or more:,With septic tank or cesspool,"$100,000 to $119,999","1,579",1579.0,ok
2021,Number of breakdowns that lasted 6 hours or more:,With septic tank or cesspool,"$120,000 to $139,999","1,291",1291.0,ok
2021,Number of breakdowns that lasted 6 hours or more:,With septic tank or cesspool,"$140,000 to $159,999",831,831.0,ok
2021,Number of breakdowns that lasted 6 hours or more:,With septic tank or cesspool,"$160,000 to $179,999",535,535.0,ok
2021,Number of breakdowns that lasted 6 hours or more:,With septic tank or cesspool,"$180,000 to $199,999",409,409.0,ok
2021,Number of breakdowns that lasted 6 hours or more:,With septic tank or cesspool,"$20,000 to $29,999","1,621",1621.0,ok
2021,Number of breakdowns that lasted 6 hours or more:,With septic tank or cesspool,"$200,000 or more","1,592",1592.0,ok
2021,Number of breakdowns that lasted 6 hours or more:,With septic tank or cesspool,"$30,000 to $39,999","1,760",1760.0,ok
2021,Number of breakdowns that lasted 6 hours or more:,With septic tank or cesspool,"$40,000 to $49,999","1,462",1462.0,ok
2021,Number of breakdowns that lasted 6 hours or more:,With septic tank or cesspool,"$50,000 to $59,999","1,467",1467.0,ok
2021,Number of breakdowns that lasted 6 hours or more:,With septic tank or cesspool,"$60,000 to $79,999","2,431",2431.0,ok
2021,Number of breakdowns that lasted 6 hours or more:,With septic tank or cesspool,"$80,000 to $99,999","2,054",2054.0,ok
2021,Number of breakdowns that lasted 6 hours or more:,With septic tank or cesspool,"Less than $10,000","1,052",1052.0,ok
2021,Number of stoppages that lasted 6 hours or more:,1,"$10,000 to $19,999",158,158.0,ok
2021,Number of stoppages that lasted 6 hours or more:,1,"$100,000 to $119,999",96,96.0,ok
2021,Number of stoppages that lasted 6 hours or more:,1,"$120,000 to $139,999",112,112.0,ok
2021,Number of stoppages that lasted 6 hours or more:,1,"$140,000 to $159,999",71,71.0,ok
2021,Number of stoppages that lasted 6 hours or more:,1,"$160,000 to $179,999",53,53.0,ok
2021,Number of stoppages that lasted 6 hours or more:,1,"$180,000 to $199,999",44,44.0,ok
2021,Number of stoppages that lasted 6 hours or more:,1,"$20,000 to $29,999",177,177.0,ok
2021,Number of stoppages that lasted 6 hours or more:,1,"$200,000 or more",144,144.0,ok
2021,Number of stoppages that lasted 6 hours or more:,1,"$30,000 to $39,999",164,164.0,ok
2021,Number of stoppages that lasted 6 hours or more:,1,"$40,000 to $49,999",223,223.0,ok
2021,Number of stoppages that lasted 6 hours or more:,1,"$50,000 to $59,999",102,102.0,ok
2021,Number of stoppages that lasted 6 hours or more:,1,"$60,000 to $79,999",310,310.0,ok
2021,Number of stoppages that lasted 6 hours or more:,1,"$80,000 to $99,999",181,181.0,ok
2021,Number of stoppages that lasted 6 hours or more:,1,"Less than $10,000",233,233.0,ok
2021,Number of stoppages that lasted 6 hours or more:,2,"$10,000 to $19,999",92,92.0,ok
2021,Number of stoppages that lasted 6 hours or more:,2,"$100,000 to $119,999",34,34.0,ok
2021,Number of stoppages that lasted 6 hours or more:,2,"$120,000 to $139,999",S,,suppressed
2021,Number of stoppages that lasted 6 hours or more:,2,"$140,000 to $159,999",S,,suppressed
2021,Number of stoppages that lasted 6 hours or more:,2,"$160,000 to $179,999",S,,suppressed
2021,Number of stoppages that lasted 6 hours or more:,2,"$180,000 to $199,999",S,,suppressed
2021,Number of stoppages that lasted 6 hours or more:,2,"$20,000 to $29,999",40,40.0,ok
2021,Number of stoppages that lasted 6 hours or more:,2,"$200,000 or more",41,41.0,ok
2021,Number of stoppages that lasted 6 hours or more:,2,"$30,000 to $39,999",50,50.0,ok
2021,Number of stoppages that lasted 6 hours or more:,2,"$40,000 to $49,999",95,95.0,ok
2021,Number of stoppages that lasted 6 hours or more:,2,"$50,000 to $59,999",55,55.0,ok
2021,Number of stoppages that lasted 6 hours or more:,2,"$60,000 to $79,999",85,85.0,ok
2021,Number of stoppages that lasted 6 hours or more:,2,"$80,000 to $99,999",45,45.0,ok
2021,Number of stoppages that lasted 6 hours or more:,2,"Less than $10,000",48,48.0,ok
2021,Number of stoppages that lasted 6 hours or more:,3,"$10,000 to $19,999",S,,suppressed
2021,Number of stoppages that lasted 6 hours or more:,3,"$100,000 to $119,999",S,,suppressed
2021,Number of stoppages that lasted 6 hours or more:,3,"$120,000 to $139,999",S,,suppressed
2021,Number of stoppages that lasted 6 hours or more:,3,"$140,000 to $159,999",S,,suppressed
2021,Number of stoppages that lasted 6 hours or more:,3,"$160,000 to $179,999",S,,suppressed
2021,Number of stoppages that lasted 6 hours or more:,3,"$180,000 to $199,999",S,,suppressed
2021,Number of stoppages that lasted 6 hours or more:,3,"$20,000 to $29,999",64,64.0,ok
2021,Number of stoppages that lasted 6 hours or more:,3,"$200,000 or more",S,,suppressed
2021,Number of stoppages that lasted 6 hours or more:,3,"$30,000 to $39,999",S,,suppressed
2021,Number of stoppages that lasted 6 hours or more:,3,"$40,000 to $49,999",S,,suppressed
2021,Number of stoppages that lasted 6 hours or more:,3,"$50,000 to $59,999",S,,suppressed
2021,Number of stoppages that lasted 6 hours or more:,3,"$60,000 to $79,999",49,49.0,ok
2021,Number of stoppages that lasted 6 hours or more:,3,"$80,000 to $99,999",S,,suppressed
2021,Number of stoppages that lasted 6 hours or more:,3,"Less than $10,000",S,,suppressed
2021,Number of stoppages that lasted 6 hours or more:,4 or more,"$10,000 to $19,999",74,74.0,ok
2021,Number of stoppages that lasted 6 hours or more:,4 or more,"$100,000 to $119,999",S,,suppressed
2021,Number of stoppages that lasted 6 hours or more:,4 or more,"$120,000 to $139,999",S,,suppressed
2021,Number of stoppages that lasted 6 hours or more:,4 or more,"$140,000 to $159,999",S,,suppressed
2021,Number of stoppages that lasted 6 hours or more:,4 or more,"$160,000 to $179,999",S,,suppressed
2021,Number of stoppages that lasted 6 hours or more:,4 or more,"$180,000 to $199,999",S,,suppressed
2021,Number of stoppages that lasted 6 hours or more:,4 or more,"$20,000 to $29,999",52,52.0,ok
2021,Number of stoppages that lasted 6 hours or more:,4 or more,"$200,000 or more",S,,suppressed
2021,Number of stoppages that lasted 6 hours or more:,4 or more,"$30,000 to $39,999",57,57.0,ok
2021,Number of stoppages that lasted 6 hours or more:,4 or more,"$40,000 to $49,999",50,50.0,ok
2021,Number of stoppages that lasted 6 hours or more:,4 or more,"$50,000 to $59,999",35,35.0,ok
2021,Number of stoppages that lasted 6 hours or more:,4 or more,"$60,000 to $79,999",92,92.0,ok
2021,Number of stoppages that lasted 6 hours or more:,4 or more,"$80,000 to $99,999",58,58.0,ok
2021,Number of stoppages that lasted 6 hours or more:,4 or more,"Less than $10,000",105,105.0,ok
2021,Number of stoppages that lasted 6 hours or more:,Number of stoppages not reported,"$10,000 to $19,999",S,,suppressed
2021,Number of stoppages that lasted 6 hours or more:,Number of stoppages not reported,"$100,000 to $119,999",S,,suppressed
2021,Number of stoppages that lasted 6 hours or more:,Number of stoppages not reported,"$120,000 to $139,999",.,,blank_or_na
2021,Number of stoppages that lasted 6 hours or more:,Number of stoppages not reported,"$140,000 to $159,999",.,,blank_or_na
2021,Number of stoppages that lasted 6 hours or more:,Number of stoppages not reported,"$160,000 to $179,999",S,,suppressed
2021,Number of stoppages that lasted 6 hours or more:,Number of stoppages not reported,"$180,000 to $199,999",S,,suppressed
2021,Number of stoppages that lasted 6 hours or more:,Number of stoppages not reported,"$20,000 to $29,999",.,,blank_or_na
2021,Number of stoppages that lasted 6 hours or more:,Number of stoppages not reported,"$200,000 or more",.,,blank_or_na
2021,Number of stoppages that lasted 6 hours or more:,Number of stoppages not reported,"$30,000 to $39,999",S,,suppressed
2021,Number of stoppages that lasted 6 hours or more:,Number of stoppages not reported,"$40,000 to $49,999",S,,suppressed
2021,Number of stoppages that lasted 6 hours or more:,Number of stoppages not reported,"$50,000 to $59,999",S,,suppressed
2021,Number of stoppages that lasted 6 hours or more:,Number of stoppages not reported,"$60,000 to $79,999",S,,suppressed
2021,Number of stoppages that lasted 6 hours or more:,Number of stoppages not reported,"$80,000 to $99,999",.,,blank_or_na
2021,Number of stoppages that lasted 6 hours or more:,Number of stoppages not reported,"Less than $10,000",S,,suppressed
2021,Number of stoppages that lasted 6 hours or more:,Stoppage not reported,"$10,000 to $19,999",90,90.0,ok
2021,Number of stoppages that lasted 6 hours or more:,Stoppage not reported,"$100,000 to $119,999",64,64.0,ok
2021,Number of stoppages that lasted 6 hours or more:,Stoppage not reported,"$120,000 to $139,999",S,,suppressed
2021,Number of stoppages that lasted 6 hours or more:,Stoppage not reported,"$140,000 to $159,999",S,,suppressed
2021,Number of stoppages that lasted 6 hours or more:,Stoppage not reported,"$160,000 to $179,999",S,,suppressed
2021,Number of stoppages that lasted 6 hours or more:,Stoppage not reported,"$180,000 to $199,999",S,,suppressed
2021,Number of stoppages that lasted 6 hours or more:,Stoppage not reported,"$20,000 to $29,999",54,54.0,ok
2021,Number of stoppages that lasted 6 hours or more:,Stoppage not reported,"$200,000 or more",59,59.0,ok
2021,Number of stoppages that lasted 6 hours or more:,Stoppage not reported,"$30,000 to $39,999",S,,suppressed
2021,Number of stoppages that lasted 6 hours or more:,Stoppage not reported,"$40,000 to $49,999",66,66.0,ok
2021,Number of stoppages that lasted 6 hours or more:,Stoppage not reported,"$50,000 to $59,999",58,58.0,ok
2021,Number of stoppages that lasted 6 hours or more:,Stoppage not reported,"$60,000 to $79,999",99,99.0,ok
2021,Number of stoppages that lasted 6 hours or more:,Stoppage not reported,"$80,000 to $99,999",80,80.0,ok
2021,Number of stoppages that lasted 6 hours or more:,Stoppage not reported,"Less than $10,000",84,84.0,ok
2021,Second-hand Smoke Entering Home,A few times,"$10,000 to $19,999",750,750.0,ok
2021,Second-hand Smoke Entering Home,A few times,"$100,000 to $119,999",465,465.0,ok
2021,Second-hand Smoke Entering Home,A few times,"$120,000 to $139,999",471,471.0,ok
2021,Second-hand Smoke Entering Home,A few times,"$140,000 to $159,999",344,344.0,ok
2021,Second-hand Smoke Entering Home,A few times,"$160,000 to $179,999",241,241.0,ok
2021,Second-hand Smoke Entering Home,A few times,"$180,000 to $199,999",122,122.0,ok
2021,Second-hand Smoke Entering Home,A few times,"$20,000 to $29,999",860,860.0,ok
2021,Second-hand Smoke Entering Home,A few times,"$200,000 or more",554,554.0,ok
2021,Second-hand Smoke Entering Home,A few times,"$30,000 to $39,999",965,965.0,ok
2021,Second-hand Smoke Entering Home,A few times,"$40,000 to $49,999",915,915.0,ok
2021,Second-hand Smoke Entering Home,A few times,"$50,000 to $59,999",722,722.0,ok
2021,Second-hand Smoke Entering Home,A few times,"$60,000 to $79,999","1,010",1010.0,ok
2021,Second-hand Smoke Entering Home,A few times,"$80,000 to $99,999",768,768.0,ok
2021,Second-hand Smoke Entering Home,A few times,"Less than $10,000",714,714.0,ok
2021,Second-hand Smoke Entering Home,Daily,"$10,000 to $19,999",219,219.0,ok
2021,Second-hand Smoke Entering Home,Daily,"$100,000 to $119,999",109,109.0,ok
2021,Second-hand Smoke Entering Home,Daily,"$120,000 to $139,999",S,,suppressed
2021,Second-hand Smoke Entering Home,Daily,"$140,000 to $159,999",104,104.0,ok
2021,Second-hand Smoke Entering Home,Daily,"$160,000 to $179,999",S,,suppressed
2021,Second-hand Smoke Entering Home,Daily,"$180,000 to $199,999",S,,suppressed
2021,Second-hand Smoke Entering Home,Daily,"$20,000 to $29,999",308,308.0,ok
2021,Second-hand Smoke Entering Home,Daily,"$200,000 or more",125,125.0,ok
2021,Second-hand Smoke Entering Home,Daily,"$30,000 to $39,999",259,259.0,ok
2021,Second-hand Smoke Entering Home,Daily,"$40,000 to $49,999",261,261.0,ok
2021,Second-hand Smoke Entering Home,Daily,"$50,000 to $59,999",174,174.0,ok
2021,Second-hand Smoke Entering Home,Daily,"$60,000 to $79,999",251,251.0,ok
2021,Second-hand Smoke Entering Home,Daily,"$80,000 to $99,999",283,283.0,ok
2021,Second-hand Smoke Entering Home,Daily,"Less than $10,000",276,276.0,ok
2021,Second-hand Smoke Entering Home,Monthly,"$10,000 to $19,999",86,86.0,ok
2021,Second-hand Smoke Entering Home,Monthly,"$100,000 to $119,999",S,,suppressed
2021,Second-hand Smoke Entering Home,Monthly,"$120,000 to $139,999",S,,suppressed
2021,Second-hand Smoke Entering Home,Monthly,"$140,000 to $159,999",S,,suppressed
2021,Second-hand Smoke Entering Home,Monthly,"$160,000 to $179,999",S,,suppressed
2021,Second-hand Smoke Entering Home,Monthly,"$180,000 to $199,999",S,,suppressed
2021,Second-hand Smoke Entering Home,Monthly,"$20,000 to $29,999",S,,suppressed
2021,Second-hand Smoke Entering Home,Monthly,"$200,000 or more",S,,suppressed
2021,Second-hand Smoke Entering Home,Monthly,"$30,000 to $39,999",S,,suppressed
2021,Second-hand Smoke Entering Home,Monthly,"$40,000 to $49,999",S,,suppressed
2021,Second-hand Smoke Entering Home,Monthly,"$50,000 to $59,999",S,,suppressed
2021,Second-hand Smoke Entering Home,Monthly,"$60,000 to $79,999",153,153.0,ok
2021,Second-hand Smoke Entering Home,Monthly,"$80,000 to $99,999",S,,suppressed
2021,Second-hand Smoke Entering Home,Monthly,"Less than $10,000",59,59.0,ok
2021,Second-hand Smoke Entering Home,Never,"$10,000 to $19,999","7,482",7482.0,ok
2021,Second-hand Smoke Entering Home,Never,"$100,000 to $119,999","8,236",8236.0,ok
2021,Second-hand Smoke Entering Home,Never,"$120,000 to $139,999","6,074",6074.0,ok
2021,Second-hand Smoke Entering Home,Never,"$140,000 to $159,999","4,725",4725.0,ok
2021,Second-hand Smoke Entering Home,Never,"$160,000 to $179,999","3,035",3035.0,ok
2021,Second-hand Smoke Entering Home,Never,"$180,000 to $199,999","2,279",2279.0,ok
2021,Second-hand Smoke Entering Home,Never,"$20,000 to $29,999","8,451",8451.0,ok
2021,Second-hand Smoke Entering Home,Never,"$200,000 or more","9,440",9440.0,ok
2021,Second-hand Smoke Entering Home,Never,"$30,000 to $39,999","7,917",7917.0,ok
2021,Second-hand Smoke Entering Home,Never,"$40,000 to $49,999","7,813",7813.0,ok
2021,Second-hand Smoke Entering Home,Never,"$50,000 to $59,999","6,949",6949.0,ok
2021,Second-hand Smoke Entering Home,Never,"$60,000 to $79,999","13,165",13165.0,ok
2021,Second-hand Smoke Entering Home,Never,"$80,000 to $99,999","10,128",10128.0,ok
2021,Second-hand Smoke Entering Home,Never,"Less than $10,000","7,456",7456.0,ok
2021,Second-hand Smoke Entering Home,Not reported,"$10,000 to $19,999",127,127.0,ok
2021,Second-hand Smoke Entering Home,Not reported,"$100,000 to $119,999",90,90.0,ok
2021,Second-hand Smoke Entering Home,Not reported,"$120,000 to $139,999",S,,suppressed
2021,Second-hand Smoke Entering Home,Not reported,"$140,000 to $159,999",S,,suppressed
2021,Second-hand Smoke Entering Home,Not reported,"$160,000 to $179,999",S,,suppressed
2021,Second-hand Smoke Entering Home,Not reported,"$180,000 to $199,999",S,,suppressed
2021,Second-hand Smoke Entering Home,Not reported,"$20,000 to $29,999",S,,suppressed
2021,Second-hand Smoke Entering Home,Not reported,"$200,000 or more",71,71.0,ok
2021,Second-hand Smoke Entering Home,Not reported,"$30,000 to $39,999",139,139.0,ok
2021,Second-hand Smoke Entering Home,Not reported,"$40,000 to $49,999",S,,suppressed
2021,Second-hand Smoke Entering Home,Not reported,"$50,000 to $59,999",S,,suppressed
2021,Second-hand Smoke Entering Home,Not reported,"$60,000 to $79,999",126,126.0,ok
2021,Second-hand Smoke Entering Home,Not reported,"$80,000 to $99,999",99,99.0,ok
2021,Second-hand Smoke Entering Home,Not reported,"Less than $10,000",147,147.0,ok
2021,Second-hand Smoke Entering Home,Weekly,"$10,000 to $19,999",140,140.0,ok
2021,Second-hand Smoke Entering Home,Weekly,"$100,000 to $119,999",97,97.0,ok
2021,Second-hand Smoke Entering Home,Weekly,"$120,000 to $139,999",52,52.0,ok
2021,Second-hand Smoke Entering Home,Weekly,"$140,000 to $159,999",S,,suppressed
2021,Second-hand Smoke Entering Home,Weekly,"$160,000 to $179,999",S,,suppressed
2021,Second-hand Smoke Entering Home,Weekly,"$180,000 to $199,999",S,,suppressed
2021,Second-hand Smoke Entering Home,Weekly,"$20,000 to $29,999",112,112.0,ok
2021,Second-hand Smoke Entering Home,Weekly,"$200,000 or more",111,111.0,ok
2021,Second-hand Smoke Entering Home,Weekly,"$30,000 to $39,999",165,165.0,ok
2021,Second-hand Smoke Entering Home,Weekly,"$40,000 to $49,999",139,139.0,ok
2021,Second-hand Smoke Entering Home,Weekly,"$50,000 to $59,999",78,78.0,ok
2021,Second-hand Smoke Entering Home,Weekly,"$60,000 to $79,999",244,244.0,ok
2021,Second-hand Smoke Entering Home,Weekly,"$80,000 to $99,999",128,128.0,ok
2021,Second-hand Smoke Entering Home,Weekly,"Less than $10,000",149,149.0,ok
2021,Selected Deficiencies,Broken plaster or peeling paint (interior),"$10,000 to $19,999",341,341.0,ok
2021,Selected Deficiencies,Broken plaster or peeling paint (interior),"$100,000 to $119,999",135,135.0,ok
2021,Selected Deficiencies,Broken plaster or peeling paint (interior),"$120,000 to $139,999",90,90.0,ok
2021,Selected Deficiencies,Broken plaster or peeling paint (interior),"$140,000 to $159,999",73,73.0,ok
2021,Selected Deficiencies,Broken plaster or peeling paint (interior),"$160,000 to $179,999",54,54.0,ok
2021,Selected Deficiencies,Broken plaster or peeling paint (interior),"$180,000 to $199,999",S,,suppressed
2021,Selected Deficiencies,Broken plaster or peeling paint (interior),"$20,000 to $29,999",318,318.0,ok
2021,Selected Deficiencies,Broken plaster or peeling paint (interior),"$200,000 or more",136,136.0,ok
2021,Selected Deficiencies,Broken plaster or peeling paint (interior),"$30,000 to $39,999",290,290.0,ok
2021,Selected Deficiencies,Broken plaster or peeling paint (interior),"$40,000 to $49,999",257,257.0,ok
2021,Selected Deficiencies,Broken plaster or peeling paint (interior),"$50,000 to $59,999",191,191.0,ok
2021,Selected Deficiencies,Broken plaster or peeling paint (interior),"$60,000 to $79,999",277,277.0,ok
2021,Selected Deficiencies,Broken plaster or peeling paint (interior),"$80,000 to $99,999",202,202.0,ok
2021,Selected Deficiencies,Broken plaster or peeling paint (interior),"Less than $10,000",399,399.0,ok
2021,Selected Deficiencies,Exposed wiring,"$10,000 to $19,999",317,317.0,ok
2021,Selected Deficiencies,Exposed wiring,"$100,000 to $119,999",172,172.0,ok
2021,Selected Deficiencies,Exposed wiring,"$120,000 to $139,999",131,131.0,ok
2021,Selected Deficiencies,Exposed wiring,"$140,000 to $159,999",99,99.0,ok
2021,Selected Deficiencies,Exposed wiring,"$160,000 to $179,999",76,76.0,ok
2021,Selected Deficiencies,Exposed wiring,"$180,000 to $199,999",38,38.0,ok
2021,Selected Deficiencies,Exposed wiring,"$20,000 to $29,999",324,324.0,ok
2021,Selected Deficiencies,Exposed wiring,"$200,000 or more",199,199.0,ok
2021,Selected Deficiencies,Exposed wiring,"$30,000 to $39,999",233,233.0,ok
2021,Selected Deficiencies,Exposed wiring,"$40,000 to $49,999",234,234.0,ok
2021,Selected Deficiencies,Exposed wiring,"$50,000 to $59,999",229,229.0,ok
2021,Selected Deficiencies,Exposed wiring,"$60,000 to $79,999",320,320.0,ok
2021,Selected Deficiencies,Exposed wiring,"$80,000 to $99,999",252,252.0,ok
2021,Selected Deficiencies,Exposed wiring,"Less than $10,000",390,390.0,ok
2021,Selected Deficiencies,Holes in floors,"$10,000 to $19,999",218,218.0,ok
2021,Selected Deficiencies,Holes in floors,"$100,000 to $119,999",S,,suppressed
2021,Selected Deficiencies,Holes in floors,"$120,000 to $139,999",S,,suppressed
2021,Selected Deficiencies,Holes in floors,"$140,000 to $159,999",47,47.0,ok
2021,Selected Deficiencies,Holes in floors,"$160,000 to $179,999",S,,suppressed
2021,Selected Deficiencies,Holes in floors,"$180,000 to $199,999",S,,suppressed
2021,Selected Deficiencies,Holes in floors,"$20,000 to $29,999",200,200.0,ok
2021,Selected Deficiencies,Holes in floors,"$200,000 or more",44,44.0,ok
2021,Selected Deficiencies,Holes in floors,"$30,000 to $39,999",171,171.0,ok
2021,Selected Deficiencies,Holes in floors,"$40,000 to $49,999",177,177.0,ok
2021,Selected Deficiencies,Holes in floors,"$50,000 to $59,999",182,182.0,ok
2021,Selected Deficiencies,Holes in floors,"$60,000 to $79,999",177,177.0,ok
2021,Selected Deficiencies,Holes in floors,"$80,000 to $99,999",112,112.0,ok
2021,Selected Deficiencies,Holes in floors,"Less than $10,000",346,346.0,ok
2021,Selected Deficiencies,No electrical wiring,"$10,000 to $19,999",S,,suppressed
2021,Selected Deficiencies,No electrical wiring,"$100,000 to $119,999",S,,suppressed
2021,Selected Deficiencies,No electrical wiring,"$120,000 to $139,999",S,,suppressed
2021,Selected Deficiencies,No electrical wiring,"$140,000 to $159,999",.,,blank_or_na
2021,Selected Deficiencies,No electrical wiring,"$160,000 to $179,999",.,,blank_or_na
2021,Selected Deficiencies,No electrical wiring,"$180,000 to $199,999",.,,blank_or_na
2021,Selected Deficiencies,No electrical wiring,"$20,000 to $29,999",S,,suppressed
2021,Selected Deficiencies,No electrical wiring,"$200,000 or more",S,,suppressed
2021,Selected Deficiencies,No electrical wiring,"$30,000 to $39,999",S,,suppressed
2021,Selected Deficiencies,No electrical wiring,"$40,000 to $49,999",S,,suppressed
2021,Selected Deficiencies,No electrical wiring,"$50,000 to $59,999",S,,suppressed
2021,Selected Deficiencies,No electrical wiring,"$60,000 to $79,999",S,,suppressed
2021,Selected Deficiencies,No electrical wiring,"$80,000 to $99,999",S,,suppressed
2021,Selected Deficiencies,No electrical wiring,"Less than $10,000",S,,suppressed
2021,Selected Deficiencies,Open cracks or holes (interior),"$10,000 to $19,999",706,706.0,ok
2021,Selected Deficiencies,Open cracks or holes (interior),"$100,000 to $119,999",378,378.0,ok
2021,Selected Deficiencies,Open cracks or holes (interior),"$120,000 to $139,999",313,313.0,ok
2021,Selected Deficiencies,Open cracks or holes (interior),"$140,000 to $159,999",257,257.0,ok
2021,Selected Deficiencies,Open cracks or holes (interior),"$160,000 to $179,999",150,150.0,ok
2021,Selected Deficiencies,Open cracks or holes (interior),"$180,000 to $199,999",98,98.0,ok
2021,Selected Deficiencies,Open cracks or holes (interior),"$20,000 to $29,999",782,782.0,ok
2021,Selected Deficiencies,Open cracks or holes (interior),"$200,000 or more",352,352.0,ok
2021,Selected Deficiencies,Open cracks or holes (interior),"$30,000 to $39,999",662,662.0,ok
2021,Selected Deficiencies,Open cracks or holes (interior),"$40,000 to $49,999",659,659.0,ok
2021,Selected Deficiencies,Open cracks or holes (interior),"$50,000 to $59,999",543,543.0,ok
2021,Selected Deficiencies,Open cracks or holes (interior),"$60,000 to $79,999",897,897.0,ok
2021,Selected Deficiencies,Open cracks or holes (interior),"$80,000 to $99,999",519,519.0,ok
2021,Selected Deficiencies,Open cracks or holes (interior),"Less than $10,000",839,839.0,ok
2021,Selected Deficiencies,Rooms without electric outlets,"$10,000 to $19,999",244,244.0,ok
2021,Selected Deficiencies,Rooms without electric outlets,"$100,000 to $119,999",166,166.0,ok
2021,Selected Deficiencies,Rooms without electric outlets,"$120,000 to $139,999",121,121.0,ok
2021,Selected Deficiencies,Rooms without electric outlets,"$140,000 to $159,999",64,64.0,ok
2021,Selected Deficiencies,Rooms without electric outlets,"$160,000 to $179,999",40,40.0,ok
2021,Selected Deficiencies,Rooms without electric outlets,"$180,000 to $199,999",S,,suppressed
2021,Selected Deficiencies,Rooms without electric outlets,"$20,000 to $29,999",245,245.0,ok
2021,Selected Deficiencies,Rooms without electric outlets,"$200,000 or more",95,95.0,ok
2021,Selected Deficiencies,Rooms without electric outlets,"$30,000 to $39,999",206,206.0,ok
2021,Selected Deficiencies,Rooms without electric outlets,"$40,000 to $49,999",227,227.0,ok
2021,Selected Deficiencies,Rooms without electric outlets,"$50,000 to $59,999",203,203.0,ok
2021,Selected Deficiencies,Rooms without electric outlets,"$60,000 to $79,999",288,288.0,ok
2021,Selected Deficiencies,Rooms without electric outlets,"$80,000 to $99,999",185,185.0,ok
2021,Selected Deficiencies,Rooms without electric outlets,"Less than $10,000",329,329.0,ok
2021,Selected Deficiencies,Signs of cockroaches in last 12 months,"$10,000 to $19,999","1,365",1365.0,ok
2021,Selected Deficiencies,Signs of cockroaches in last 12 months,"$100,000 to $119,999",814,814.0,ok
2021,Selected Deficiencies,Signs of cockroaches in last 12 months,"$120,000 to $139,999",654,654.0,ok
2021,Selected Deficiencies,Signs of cockroaches in last 12 months,"$140,000 to $159,999",444,444.0,ok
2021,Selected Deficiencies,Signs of cockroaches in last 12 months,"$160,000 to $179,999",313,313.0,ok
2021,Selected Deficiencies,Signs of cockroaches in last 12 months,"$180,000 to $199,999",201,201.0,ok
2021,Selected Deficiencies,Signs of cockroaches in last 12 months,"$20,000 to $29,999","1,600",1600.0,ok
2021,Selected Deficiencies,Signs of cockroaches in last 12 months,"$200,000 or more",890,890.0,ok
2021,Selected Deficiencies,Signs of cockroaches in last 12 months,"$30,000 to $39,999","1,468",1468.0,ok
2021,Selected Deficiencies,Signs of cockroaches in last 12 months,"$40,000 to $49,999","1,141",1141.0,ok
2021,Selected Deficiencies,Signs of cockroaches in last 12 months,"$50,000 to $59,999",997,997.0,ok
2021,Selected Deficiencies,Signs of cockroaches in last 12 months,"$60,000 to $79,999","1,784",1784.0,ok
2021,Selected Deficiencies,Signs of cockroaches in last 12 months,"$80,000 to $99,999","1,181",1181.0,ok
2021,Selected Deficiencies,Signs of cockroaches in last 12 months,"Less than $10,000","1,630",1630.0,ok
2021,Selected Deficiencies,Signs of mice or rats inside home in last 12 months,"$10,000 to $19,999","1,396",1396.0,ok
2021,Selected Deficiencies,Signs of mice or rats inside home in last 12 months,"$100,000 to $119,999","1,006",1006.0,ok
2021,Selected Deficiencies,Signs of mice or rats inside home in last 12 months,"$120,000 to $139,999",728,728.0,ok
2021,Selected Deficiencies,Signs of mice or rats inside home in last 12 months,"$140,000 to $159,999",529,529.0,ok
2021,Selected Deficiencies,Signs of mice or rats inside home in last 12 months,"$160,000 to $179,999",382,382.0,ok
2021,Selected Deficiencies,Signs of mice or rats inside home in last 12 months,"$180,000 to $199,999",301,301.0,ok
2021,Selected Deficiencies,Signs of mice or rats inside home in last 12 months,"$20,000 to $29,999","1,417",1417.0,ok
2021,Selected Deficiencies,Signs of mice or rats inside home in last 12 months,"$200,000 or more","1,157",1157.0,ok
2021,Selected Deficiencies,Signs of mice or rats inside home in last 12 months,"$30,000 to $39,999","1,309",1309.0,ok
2021,Selected Deficiencies,Signs of mice or rats inside home in last 12 months,"$40,000 to $49,999","1,259",1259.0,ok
2021,Selected Deficiencies,Signs of mice or rats inside home in last 12 months,"$50,000 to $59,999","1,188",1188.0,ok
2021,Selected Deficiencies,Signs of mice or rats inside home in last 12 months,"$60,000 to $79,999","1,888",1888.0,ok
2021,Selected Deficiencies,Signs of mice or rats inside home in last 12 months,"$80,000 to $99,999","1,360",1360.0,ok
2021,Selected Deficiencies,Signs of mice or rats inside home in last 12 months,"Less than $10,000","1,368",1368.0,ok
2021,Sewage Disposal Breakdowns,No breakdowns in last 3 months,"$10,000 to $19,999","8,761",8761.0,ok
2021,Sewage Disposal Breakdowns,No breakdowns in last 3 months,"$100,000 to $119,999","8,006",8006.0,ok
2021,Sewage Disposal Breakdowns,No breakdowns in last 3 months,"$120,000 to $139,999","5,839",5839.0,ok
2021,Sewage Disposal Breakdowns,No breakdowns in last 3 months,"$140,000 to $159,999","4,644",4644.0,ok
2021,Sewage Disposal Breakdowns,No breakdowns in last 3 months,"$160,000 to $179,999","3,057",3057.0,ok
2021,Sewage Disposal Breakdowns,No breakdowns in last 3 months,"$180,000 to $199,999","2,204",2204.0,ok
2021,Sewage Disposal Breakdowns,No breakdowns in last 3 months,"$20,000 to $29,999","9,152",9152.0,ok
2021,Sewage Disposal Breakdowns,No breakdowns in last 3 months,"$200,000 or more","8,726",8726.0,ok
2021,Sewage Disposal Breakdowns,No breakdowns in last 3 months,"$30,000 to $39,999","8,557",8557.0,ok
2021,Sewage Disposal Breakdowns,No breakdowns in last 3 months,"$40,000 to $49,999","8,578",8578.0,ok
2021,Sewage Disposal Breakdowns,No breakdowns in last 3 months,"$50,000 to $59,999","7,257",7257.0,ok
2021,Sewage Disposal Breakdowns,No breakdowns in last 3 months,"$60,000 to $79,999","13,474",13474.0,ok
2021,Sewage Disposal Breakdowns,No breakdowns in last 3 months,"$80,000 to $99,999","9,800",9800.0,ok
2021,Sewage Disposal Breakdowns,No breakdowns in last 3 months,"Less than $10,000","9,089",9089.0,ok
2021,Sewage Disposal Breakdowns,No breakdowns lasting 6 hours or more,"$10,000 to $19,999",S,,suppressed
2021,Sewage Disposal Breakdowns,No breakdowns lasting 6 hours or more,"$100,000 to $119,999",S,,suppressed
2021,Sewage Disposal Breakdowns,No breakdowns lasting 6 hours or more,"$120,000 to $139,999",S,,suppressed
2021,Sewage Disposal Breakdowns,No breakdowns lasting 6 hours or more,"$140,000 to $159,999",S,,suppressed
2021,Sewage Disposal Breakdowns,No breakdowns lasting 6 hours or more,"$160,000 to $179,999",S,,suppressed
2021,Sewage Disposal Breakdowns,No breakdowns lasting 6 hours or more,"$180,000 to $199,999",.,,blank_or_na
2021,Sewage Disposal Breakdowns,No breakdowns lasting 6 hours or more,"$20,000 to $29,999",S,,suppressed
2021,Sewage Disposal Breakdowns,No breakdowns lasting 6 hours or more,"$200,000 or more",S,,suppressed
2021,Sewage Disposal Breakdowns,No breakdowns lasting 6 hours or more,"$30,000 to $39,999",S,,suppressed
2021,Sewage Disposal Breakdowns,No breakdowns lasting 6 hours or more,"$40,000 to $49,999",S,,suppressed
2021,Sewage Disposal Breakdowns,No breakdowns lasting 6 hours or more,"$50,000 to $59,999",S,,suppressed
2021,Sewage Disposal Breakdowns,No breakdowns lasting 6 hours or more,"$60,000 to $79,999",S,,suppressed
2021,Sewage Disposal Breakdowns,No breakdowns lasting 6 hours or more,"$80,000 to $99,999",S,,suppressed
2021,Sewage Disposal Breakdowns,No breakdowns lasting 6 hours or more,"Less than $10,000",S,,suppressed
2021,Sewage Disposal Breakdowns,With breakdown(s) in last 3 months,"$10,000 to $19,999",130,130.0,ok
2021,Sewage Disposal Breakdowns,With breakdown(s) in last 3 months,"$100,000 to $119,999",85,85.0,ok
2021,Sewage Disposal Breakdowns,With breakdown(s) in last 3 months,"$120,000 to $139,999",60,60.0,ok
2021,Sewage Disposal Breakdowns,With breakdown(s) in last 3 months,"$140,000 to $159,999",55,55.0,ok
2021,Sewage Disposal Breakdowns,With breakdown(s) in last 3 months,"$160,000 to $179,999",S,,suppressed
2021,Sewage Disposal Breakdowns,With breakdown(s) in last 3 months,"$180,000 to $199,999",S,,suppressed
2021,Sewage Disposal Breakdowns,With breakdown(s) in last 3 months,"$20,000 to $29,999",165,165.0,ok
2021,Sewage Disposal Breakdowns,With breakdown(s) in last 3 months,"$200,000 or more",83,83.0,ok
2021,Sewage Disposal Breakdowns,With breakdown(s) in last 3 months,"$30,000 to $39,999",195,195.0,ok
2021,Sewage Disposal Breakdowns,With breakdown(s) in last 3 months,"$40,000 to $49,999",199,199.0,ok
2021,Sewage Disposal Breakdowns,With breakdown(s) in last 3 months,"$50,000 to $59,999",99,99.0,ok
2021,Sewage Disposal Breakdowns,With breakdown(s) in last 3 months,"$60,000 to $79,999",197,197.0,ok
2021,Sewage Disposal Breakdowns,With breakdown(s) in last 3 months,"$80,000 to $99,999",125,125.0,ok
2021,Sewage Disposal Breakdowns,With breakdown(s) in last 3 months,"Less than $10,000",158,158.0,ok
2021,Sewage Disposal Breakdowns,With public sewer,"$10,000 to $19,999","8,891",8891.0,ok
2021,Sewage Disposal Breakdowns,With public sewer,"$100,000 to $119,999","8,090",8090.0,ok
2021,Sewage Disposal Breakdowns,With public sewer,"$120,000 to $139,999","5,900",5900.0,ok
2021,Sewage Disposal Breakdowns,With public sewer,"$140,000 to $159,999","4,699",4699.0,ok
2021,Sewage Disposal Breakdowns,With public sewer,"$160,000 to $179,999","3,075",3075.0,ok
2021,Sewage Disposal Breakdowns,With public sewer,"$180,000 to $199,999","2,215",2215.0,ok
2021,Sewage Disposal Breakdowns,With public sewer,"$20,000 to $29,999","9,317",9317.0,ok
2021,Sewage Disposal Breakdowns,With public sewer,"$200,000 or more","8,810",8810.0,ok
2021,Sewage Disposal Breakdowns,With public sewer,"$30,000 to $39,999","8,752",8752.0,ok
2021,Sewage Disposal Breakdowns,With public sewer,"$40,000 to $49,999","8,777",8777.0,ok
2021,Sewage Disposal Breakdowns,With public sewer,"$50,000 to $59,999","7,356",7356.0,ok
2021,Sewage Disposal Breakdowns,With public sewer,"$60,000 to $79,999","13,671",13671.0,ok
2021,Sewage Disposal Breakdowns,With public sewer,"$80,000 to $99,999","9,925",9925.0,ok
2021,Sewage Disposal Breakdowns,With public sewer,"Less than $10,000","9,247",9247.0,ok
2021,Tobacco Smoke Inside the Home,A few times,"$10,000 to $19,999",466,466.0,ok
2021,Tobacco Smoke Inside the Home,A few times,"$100,000 to $119,999",109,109.0,ok
2021,Tobacco Smoke Inside the Home,A few times,"$120,000 to $139,999",172,172.0,ok
2021,Tobacco Smoke Inside the Home,A few times,"$140,000 to $159,999",101,101.0,ok
2021,Tobacco Smoke Inside the Home,A few times,"$160,000 to $179,999",S,,suppressed
2021,Tobacco Smoke Inside the Home,A few times,"$180,000 to $199,999",S,,suppressed
2021,Tobacco Smoke Inside the Home,A few times,"$20,000 to $29,999",446,446.0,ok
2021,Tobacco Smoke Inside the Home,A few times,"$200,000 or more",141,141.0,ok
2021,Tobacco Smoke Inside the Home,A few times,"$30,000 to $39,999",372,372.0,ok
2021,Tobacco Smoke Inside the Home,A few times,"$40,000 to $49,999",500,500.0,ok
2021,Tobacco Smoke Inside the Home,A few times,"$50,000 to $59,999",404,404.0,ok
2021,Tobacco Smoke Inside the Home,A few times,"$60,000 to $79,999",393,393.0,ok
2021,Tobacco Smoke Inside the Home,A few times,"$80,000 to $99,999",261,261.0,ok
2021,Tobacco Smoke Inside the Home,A few times,"Less than $10,000",405,405.0,ok
2021,Tobacco Smoke Inside the Home,Daily,"$10,000 to $19,999","1,026",1026.0,ok
2021,Tobacco Smoke Inside the Home,Daily,"$100,000 to $119,999",271,271.0,ok
2021,Tobacco Smoke Inside the Home,Daily,"$120,000 to $139,999",243,243.0,ok
2021,Tobacco Smoke Inside the Home,Daily,"$140,000 to $159,999",116,116.0,ok
2021,Tobacco Smoke Inside the Home,Daily,"$160,000 to $179,999",S,,suppressed
2021,Tobacco Smoke Inside the Home,Daily,"$180,000 to $199,999",S,,suppressed
2021,Tobacco Smoke Inside the Home,Daily,"$20,000 to $29,999",907,907.0,ok
2021,Tobacco Smoke Inside the Home,Daily,"$200,000 or more",148,148.0,ok
2021,Tobacco Smoke Inside the Home,Daily,"$30,000 to $39,999",891,891.0,ok
2021,Tobacco Smoke Inside the Home,Daily,"$40,000 to $49,999",671,671.0,ok
2021,Tobacco Smoke Inside the Home,Daily,"$50,000 to $59,999",466,466.0,ok
2021,Tobacco Smoke Inside the Home,Daily,"$60,000 to $79,999",780,780.0,ok
2021,Tobacco Smoke Inside the Home,Daily,"$80,000 to $99,999",460,460.0,ok
2021,Tobacco Smoke Inside the Home,Daily,"Less than $10,000","1,225",1225.0,ok
2021,Tobacco Smoke Inside the Home,Monthly,"$10,000 to $19,999",S,,suppressed
2021,Tobacco Smoke Inside the Home,Monthly,"$100,000 to $119,999",S,,suppressed
2021,Tobacco Smoke Inside the Home,Monthly,"$120,000 to $139,999",S,,suppressed
2021,Tobacco Smoke Inside the Home,Monthly,"$140,000 to $159,999",S,,suppressed
2021,Tobacco Smoke Inside the Home,Monthly,"$160,000 to $179,999",S,,suppressed
2021,Tobacco Smoke Inside the Home,Monthly,"$180,000 to $199,999",S,,suppressed
2021,Tobacco Smoke Inside the Home,Monthly,"$20,000 to $29,999",54,54.0,ok
2021,Tobacco Smoke Inside the Home,Monthly,"$200,000 or more",S,,suppressed
2021,Tobacco Smoke Inside the Home,Monthly,"$30,000 to $39,999",S,,suppressed
2021,Tobacco Smoke Inside the Home,Monthly,"$40,000 to $49,999",S,,suppressed
2021,Tobacco Smoke Inside the Home,Monthly,"$50,000 to $59,999",S,,suppressed
2021,Tobacco Smoke Inside the Home,Monthly,"$60,000 to $79,999",S,,suppressed
2021,Tobacco Smoke Inside the Home,Monthly,"$80,000 to $99,999",S,,suppressed
2021,Tobacco Smoke Inside the Home,Monthly,"Less than $10,000",58,58.0,ok
2021,Tobacco Smoke Inside the Home,Never,"$10,000 to $19,999","8,216",8216.0,ok
2021,Tobacco Smoke Inside the Home,Never,"$100,000 to $119,999","8,827",8827.0,ok
2021,Tobacco Smoke Inside the Home,Never,"$120,000 to $139,999","6,571",6571.0,ok
2021,Tobacco Smoke Inside the Home,Never,"$140,000 to $159,999","5,130",5130.0,ok
2021,Tobacco Smoke Inside the Home,Never,"$160,000 to $179,999","3,279",3279.0,ok
2021,Tobacco Smoke Inside the Home,Never,"$180,000 to $199,999","2,457",2457.0,ok
2021,Tobacco Smoke Inside the Home,Never,"$20,000 to $29,999","9,324",9324.0,ok
2021,Tobacco Smoke Inside the Home,Never,"$200,000 or more","10,123",10123.0,ok
2021,Tobacco Smoke Inside the Home,Never,"$30,000 to $39,999","8,990",8990.0,ok
2021,Tobacco Smoke Inside the Home,Never,"$40,000 to $49,999","8,702",8702.0,ok
2021,Tobacco Smoke Inside the Home,Never,"$50,000 to $59,999","7,629",7629.0,ok
2021,Tobacco Smoke Inside the Home,Never,"$60,000 to $79,999","14,433",14433.0,ok
2021,Tobacco Smoke Inside the Home,Never,"$80,000 to $99,999","11,080",11080.0,ok
2021,Tobacco Smoke Inside the Home,Never,"Less than $10,000","8,248",8248.0,ok
2021,Tobacco Smoke Inside the Home,Not reported,"$10,000 to $19,999",121,121.0,ok
2021,Tobacco Smoke Inside the Home,Not reported,"$100,000 to $119,999",114,114.0,ok
2021,Tobacco Smoke Inside the Home,Not reported,"$120,000 to $139,999",S,,suppressed
2021,Tobacco Smoke Inside the Home,Not reported,"$140,000 to $159,999",S,,suppressed
2021,Tobacco Smoke Inside the Home,Not reported,"$160,000 to $179,999",S,,suppressed
2021,Tobacco Smoke Inside the Home,Not reported,"$180,000 to $199,999",S,,suppressed
2021,Tobacco Smoke Inside the Home,Not reported,"$20,000 to $29,999",S,,suppressed
2021,Tobacco Smoke Inside the Home,Not reported,"$200,000 or more",71,71.0,ok
2021,Tobacco Smoke Inside the Home,Not reported,"$30,000 to $39,999",108,108.0,ok
2021,Tobacco Smoke Inside the Home,Not reported,"$40,000 to $49,999",S,,suppressed
2021,Tobacco Smoke Inside the Home,Not reported,"$50,000 to $59,999",S,,suppressed
2021,Tobacco Smoke Inside the Home,Not reported,"$60,000 to $79,999",122,122.0,ok
2021,Tobacco Smoke Inside the Home,Not reported,"$80,000 to $99,999",98,98.0,ok
2021,Tobacco Smoke Inside the Home,Not reported,"Less than $10,000",147,147.0,ok
2021,Tobacco Smoke Inside the Home,Weekly,"$10,000 to $19,999",226,226.0,ok
2021,Tobacco Smoke Inside the Home,Weekly,"$100,000 to $119,999",136,136.0,ok
2021,Tobacco Smoke Inside the Home,Weekly,"$120,000 to $139,999",116,116.0,ok
2021,Tobacco Smoke Inside the Home,Weekly,"$140,000 to $159,999",125,125.0,ok
2021,Tobacco Smoke Inside the Home,Weekly,"$160,000 to $179,999",74,74.0,ok
2021,Tobacco Smoke Inside the Home,Weekly,"$180,000 to $199,999",S,,suppressed
2021,Tobacco Smoke Inside the Home,Weekly,"$20,000 to $29,999",265,265.0,ok
2021,Tobacco Smoke Inside the Home,Weekly,"$200,000 or more",193,193.0,ok
2021,Tobacco Smoke Inside the Home,Weekly,"$30,000 to $39,999",233,233.0,ok
2021,Tobacco Smoke Inside the Home,Weekly,"$40,000 to $49,999",250,250.0,ok
2021,Tobacco Smoke Inside the Home,Weekly,"$50,000 to $59,999",163,163.0,ok
2021,Tobacco Smoke Inside the Home,Weekly,"$60,000 to $79,999",373,373.0,ok
2021,Tobacco Smoke Inside the Home,Weekly,"$80,000 to $99,999",274,274.0,ok
2021,Tobacco Smoke Inside the Home,Weekly,"Less than $10,000",272,272.0,ok
2021,Water Leakage During Last 12 Months,Basement,"$10,000 to $19,999",182,182.0,ok
2021,Water Leakage During Last 12 Months,Basement,"$100,000 to $119,999",255,255.0,ok
2021,Water Leakage During Last 12 Months,Basement,"$120,000 to $139,999",211,211.0,ok
2021,Water Leakage During Last 12 Months,Basement,"$140,000 to $159,999",163,163.0,ok
2021,Water Leakage During Last 12 Months,Basement,"$160,000 to $179,999",79,79.0,ok
2021,Water Leakage During Last 12 Months,Basement,"$180,000 to $199,999",72,72.0,ok
2021,Water Leakage During Last 12 Months,Basement,"$20,000 to $29,999",198,198.0,ok
2021,Water Leakage During Last 12 Months,Basement,"$200,000 or more",245,245.0,ok
2021,Water Leakage During Last 12 Months,Basement,"$30,000 to $39,999",164,164.0,ok
2021,Water Leakage During Last 12 Months,Basement,"$40,000 to $49,999",253,253.0,ok
2021,Water Leakage During Last 12 Months,Basement,"$50,000 to $59,999",229,229.0,ok
2021,Water Leakage During Last 12 Months,Basement,"$60,000 to $79,999",404,404.0,ok
2021,Water Leakage During Last 12 Months,Basement,"$80,000 to $99,999",314,314.0,ok
2021,Water Leakage During Last 12 Months,Basement,"Less than $10,000",130,130.0,ok
2021,Water Leakage During Last 12 Months,Broken water heater,"$10,000 to $19,999",91,91.0,ok
2021,Water Leakage During Last 12 Months,Broken water heater,"$100,000 to $119,999",51,51.0,ok
2021,Water Leakage During Last 12 Months,Broken water heater,"$120,000 to $139,999",48,48.0,ok
2021,Water Leakage During Last 12 Months,Broken water heater,"$140,000 to $159,999",S,,suppressed
2021,Water Leakage During Last 12 Months,Broken water heater,"$160,000 to $179,999",S,,suppressed
2021,Water Leakage During Last 12 Months,Broken water heater,"$180,000 to $199,999",S,,suppressed
2021,Water Leakage During Last 12 Months,Broken water heater,"$20,000 to $29,999",65,65.0,ok
2021,Water Leakage During Last 12 Months,Broken water heater,"$200,000 or more",89,89.0,ok
2021,Water Leakage During Last 12 Months,Broken water heater,"$30,000 to $39,999",96,96.0,ok
2021,Water Leakage During Last 12 Months,Broken water heater,"$40,000 to $49,999",99,99.0,ok
2021,Water Leakage During Last 12 Months,Broken water heater,"$50,000 to $59,999",57,57.0,ok
2021,Water Leakage During Last 12 Months,Broken water heater,"$60,000 to $79,999",118,118.0,ok
2021,Water Leakage During Last 12 Months,Broken water heater,"$80,000 to $99,999",101,101.0,ok
2021,Water Leakage During Last 12 Months,Broken water heater,"Less than $10,000",93,93.0,ok
2021,Water Leakage During Last 12 Months,Fixtures backed up or overflowed,"$10,000 to $19,999",236,236.0,ok
2021,Water Leakage During Last 12 Months,Fixtures backed up or overflowed,"$100,000 to $119,999",126,126.0,ok
2021,Water Leakage During Last 12 Months,Fixtures backed up or overflowed,"$120,000 to $139,999",115,115.0,ok
2021,Water Leakage During Last 12 Months,Fixtures backed up or overflowed,"$140,000 to $159,999",123,123.0,ok
2021,Water Leakage During Last 12 Months,Fixtures backed up or overflowed,"$160,000 to $179,999",97,97.0,ok
2021,Water Leakage During Last 12 Months,Fixtures backed up or overflowed,"$180,000 to $199,999",45,45.0,ok
2021,Water Leakage During Last 12 Months,Fixtures backed up or overflowed,"$20,000 to $29,999",217,217.0,ok
2021,Water Leakage During Last 12 Months,Fixtures backed up or overflowed,"$200,000 or more",231,231.0,ok
2021,Water Leakage During Last 12 Months,Fixtures backed up or overflowed,"$30,000 to $39,999",215,215.0,ok
2021,Water Leakage During Last 12 Months,Fixtures backed up or overflowed,"$40,000 to $49,999",249,249.0,ok
2021,Water Leakage During Last 12 Months,Fixtures backed up or overflowed,"$50,000 to $59,999",207,207.0,ok
2021,Water Leakage During Last 12 Months,Fixtures backed up or overflowed,"$60,000 to $79,999",257,257.0,ok
2021,Water Leakage During Last 12 Months,Fixtures backed up or overflowed,"$80,000 to $99,999",254,254.0,ok
2021,Water Leakage During Last 12 Months,Fixtures backed up or overflowed,"Less than $10,000",193,193.0,ok
2021,Water Leakage During Last 12 Months,No leakage from inside structure,"$10,000 to $19,999","9,435",9435.0,ok
2021,Water Leakage During Last 12 Months,No leakage from inside structure,"$100,000 to $119,999","9,064",9064.0,ok
2021,Water Leakage During Last 12 Months,No leakage from inside structure,"$120,000 to $139,999","6,676",6676.0,ok
2021,Water Leakage During Last 12 Months,No leakage from inside structure,"$140,000 to $159,999","5,083",5083.0,ok
2021,Water Leakage During Last 12 Months,No leakage from inside structure,"$160,000 to $179,999","3,298",3298.0,ok
2021,Water Leakage During Last 12 Months,No leakage from inside structure,"$180,000 to $199,999","2,423",2423.0,ok
2021,Water Leakage During Last 12 Months,No leakage from inside structure,"$20,000 to $29,999","10,014",10014.0,ok
2021,Water Leakage During Last 12 Months,No leakage from inside structure,"$200,000 or more","9,563",9563.0,ok
2021,Water Leakage During Last 12 Months,No leakage from inside structure,"$30,000 to $39,999","9,594",9594.0,ok
2021,Water Leakage During Last 12 Months,No leakage from inside structure,"$40,000 to $49,999","9,312",9312.0,ok
2021,Water Leakage During Last 12 Months,No leakage from inside structure,"$50,000 to $59,999","8,159",8159.0,ok
2021,Water Leakage During Last 12 Months,No leakage from inside structure,"$60,000 to $79,999","14,988",14988.0,ok
2021,Water Leakage During Last 12 Months,No leakage from inside structure,"$80,000 to $99,999","10,971",10971.0,ok
2021,Water Leakage During Last 12 Months,No leakage from inside structure,"Less than $10,000","9,452",9452.0,ok
2021,Water Leakage During Last 12 Months,No leakage from outside structure,"$10,000 to $19,999","9,343",9343.0,ok
2021,Water Leakage During Last 12 Months,No leakage from outside structure,"$100,000 to $119,999","8,922",8922.0,ok
2021,Water Leakage During Last 12 Months,No leakage from outside structure,"$120,000 to $139,999","6,580",6580.0,ok
2021,Water Leakage During Last 12 Months,No leakage from outside structure,"$140,000 to $159,999","5,062",5062.0,ok
2021,Water Leakage During Last 12 Months,No leakage from outside structure,"$160,000 to $179,999","3,276",3276.0,ok
2021,Water Leakage During Last 12 Months,No leakage from outside structure,"$180,000 to $199,999","2,428",2428.0,ok
2021,Water Leakage During Last 12 Months,No leakage from outside structure,"$20,000 to $29,999","9,947",9947.0,ok
2021,Water Leakage During Last 12 Months,No leakage from outside structure,"$200,000 or more","9,554",9554.0,ok
2021,Water Leakage During Last 12 Months,No leakage from outside structure,"$30,000 to $39,999","9,534",9534.0,ok
2021,Water Leakage During Last 12 Months,No leakage from outside structure,"$40,000 to $49,999","9,267",9267.0,ok
2021,Water Leakage During Last 12 Months,No leakage from outside structure,"$50,000 to $59,999","8,023",8023.0,ok
2021,Water Leakage During Last 12 Months,No leakage from outside structure,"$60,000 to $79,999","14,669",14669.0,ok
2021,Water Leakage During Last 12 Months,No leakage from outside structure,"$80,000 to $99,999","10,966",10966.0,ok
2021,Water Leakage During Last 12 Months,No leakage from outside structure,"Less than $10,000","9,490",9490.0,ok
2021,Water Leakage During Last 12 Months,Other or unknown (includes not reported),"$10,000 to $19,999",247,247.0,ok
2021,Water Leakage During Last 12 Months,Other or unknown (includes not reported),"$100,000 to $119,999",200,200.0,ok
2021,Water Leakage During Last 12 Months,Other or unknown (includes not reported),"$120,000 to $139,999",147,147.0,ok
2021,Water Leakage During Last 12 Months,Other or unknown (includes not reported),"$140,000 to $159,999",118,118.0,ok
2021,Water Leakage During Last 12 Months,Other or unknown (includes not reported),"$160,000 to $179,999",109,109.0,ok
2021,Water Leakage During Last 12 Months,Other or unknown (includes not reported),"$180,000 to $199,999",41,41.0,ok
2021,Water Leakage During Last 12 Months,Other or unknown (includes not reported),"$20,000 to $29,999",296,296.0,ok
2021,Water Leakage During Last 12 Months,Other or unknown (includes not reported),"$200,000 or more",178,178.0,ok
2021,Water Leakage During Last 12 Months,Other or unknown (includes not reported),"$30,000 to $39,999",278,278.0,ok
2021,Water Leakage During Last 12 Months,Other or unknown (includes not reported),"$40,000 to $49,999",275,275.0,ok
2021,Water Leakage During Last 12 Months,Other or unknown (includes not reported),"$50,000 to $59,999",224,224.0,ok
2021,Water Leakage During Last 12 Months,Other or unknown (includes not reported),"$60,000 to $79,999",293,293.0,ok
2021,Water Leakage During Last 12 Months,Other or unknown (includes not reported),"$80,000 to $99,999",321,321.0,ok
2021,Water Leakage During Last 12 Months,Other or unknown (includes not reported),"Less than $10,000",317,317.0,ok
2021,Water Leakage During Last 12 Months,Pipes leaked,"$10,000 to $19,999",387,387.0,ok
2021,Water Leakage During Last 12 Months,Pipes leaked,"$100,000 to $119,999",270,270.0,ok
2021,Water Leakage During Last 12 Months,Pipes leaked,"$120,000 to $139,999",224,224.0,ok
2021,Water Leakage During Last 12 Months,Pipes leaked,"$140,000 to $159,999",202,202.0,ok
2021,Water Leakage During Last 12 Months,Pipes leaked,"$160,000 to $179,999",100,100.0,ok
2021,Water Leakage During Last 12 Months,Pipes leaked,"$180,000 to $199,999",98,98.0,ok
2021,Water Leakage During Last 12 Months,Pipes leaked,"$20,000 to $29,999",412,412.0,ok
2021,Water Leakage During Last 12 Months,Pipes leaked,"$200,000 or more",385,385.0,ok
2021,Water Leakage During Last 12 Months,Pipes leaked,"$30,000 to $39,999",380,380.0,ok
2021,Water Leakage During Last 12 Months,Pipes leaked,"$40,000 to $49,999",381,381.0,ok
2021,Water Leakage During Last 12 Months,Pipes leaked,"$50,000 to $59,999",272,272.0,ok
2021,Water Leakage During Last 12 Months,Pipes leaked,"$60,000 to $79,999",547,547.0,ok
2021,Water Leakage During Last 12 Months,Pipes leaked,"$80,000 to $99,999",396,396.0,ok
2021,Water Leakage During Last 12 Months,Pipes leaked,"Less than $10,000",384,384.0,ok
2021,Water Leakage During Last 12 Months,Roof,"$10,000 to $19,999",527,527.0,ok
2021,Water Leakage During Last 12 Months,Roof,"$100,000 to $119,999",339,339.0,ok
2021,Water Leakage During Last 12 Months,Roof,"$120,000 to $139,999",284,284.0,ok
2021,Water Leakage During Last 12 Months,Roof,"$140,000 to $159,999",216,216.0,ok
2021,Water Leakage During Last 12 Months,Roof,"$160,000 to $179,999",159,159.0,ok
2021,Water Leakage During Last 12 Months,Roof,"$180,000 to $199,999",72,72.0,ok
2021,Water Leakage During Last 12 Months,Roof,"$20,000 to $29,999",523,523.0,ok
2021,Water Leakage During Last 12 Months,Roof,"$200,000 or more",407,407.0,ok
2021,Water Leakage During Last 12 Months,Roof,"$30,000 to $39,999",521,521.0,ok
2021,Water Leakage During Last 12 Months,Roof,"$40,000 to $49,999",509,509.0,ok
2021,Water Leakage During Last 12 Months,Roof,"$50,000 to $59,999",425,425.0,ok
2021,Water Leakage During Last 12 Months,Roof,"$60,000 to $79,999",711,711.0,ok
2021,Water Leakage During Last 12 Months,Roof,"$80,000 to $99,999",519,519.0,ok
2021,Water Leakage During Last 12 Months,Roof,"Less than $10,000",511,511.0,ok
2021,Water Leakage During Last 12 Months,"Walls, closed windows, or doors","$10,000 to $19,999",251,251.0,ok
2021,Water Leakage During Last 12 Months,"Walls, closed windows, or doors","$100,000 to $119,999",134,134.0,ok
2021,Water Leakage During Last 12 Months,"Walls, closed windows, or doors","$120,000 to $139,999",99,99.0,ok
2021,Water Leakage During Last 12 Months,"Walls, closed windows, or doors","$140,000 to $159,999",80,80.0,ok
2021,Water Leakage During Last 12 Months,"Walls, closed windows, or doors","$160,000 to $179,999",55,55.0,ok
2021,Water Leakage During Last 12 Months,"Walls, closed windows, or doors","$180,000 to $199,999",S,,suppressed
2021,Water Leakage During Last 12 Months,"Walls, closed windows, or doors","$20,000 to $29,999",193,193.0,ok
2021,Water Leakage During Last 12 Months,"Walls, closed windows, or doors","$200,000 or more",166,166.0,ok
2021,Water Leakage During Last 12 Months,"Walls, closed windows, or doors","$30,000 to $39,999",201,201.0,ok
2021,Water Leakage During Last 12 Months,"Walls, closed windows, or doors","$40,000 to $49,999",202,202.0,ok
2021,Water Leakage During Last 12 Months,"Walls, closed windows, or doors","$50,000 to $59,999",159,159.0,ok
2021,Water Leakage During Last 12 Months,"Walls, closed windows, or doors","$60,000 to $79,999",320,320.0,ok
2021,Water Leakage During Last 12 Months,"Walls, closed windows, or doors","$80,000 to $99,999",196,196.0,ok
2021,Water Leakage During Last 12 Months,"Walls, closed windows, or doors","Less than $10,000",213,213.0,ok
2021,Water Leakage During Last 12 Months,With leakage from inside structure,"$10,000 to $19,999",883,883.0,ok
2021,Water Leakage During Last 12 Months,With leakage from inside structure,"$100,000 to $119,999",614,614.0,ok
2021,Water Leakage During Last 12 Months,With leakage from inside structure,"$120,000 to $139,999",525,525.0,ok
2021,Water Leakage During Last 12 Months,With leakage from inside structure,"$140,000 to $159,999",465,465.0,ok
2021,Water Leakage During Last 12 Months,With leakage from inside structure,"$160,000 to $179,999",309,309.0,ok
2021,Water Leakage During Last 12 Months,With leakage from inside structure,"$180,000 to $199,999",201,201.0,ok
2021,Water Leakage During Last 12 Months,With leakage from inside structure,"$20,000 to $29,999",935,935.0,ok
2021,Water Leakage During Last 12 Months,With leakage from inside structure,"$200,000 or more",849,849.0,ok
2021,Water Leakage During Last 12 Months,With leakage from inside structure,"$30,000 to $39,999",922,922.0,ok
2021,Water Leakage During Last 12 Months,With leakage from inside structure,"$40,000 to $49,999",937,937.0,ok
2021,Water Leakage During Last 12 Months,With leakage from inside structure,"$50,000 to $59,999",717,717.0,ok
2021,Water Leakage During Last 12 Months,With leakage from inside structure,"$60,000 to $79,999","1,158",1158.0,ok
2021,Water Leakage During Last 12 Months,With leakage from inside structure,"$80,000 to $99,999","1,032",1032.0,ok
2021,Water Leakage During Last 12 Months,With leakage from inside structure,"Less than $10,000",924,924.0,ok
2021,Water Leakage During Last 12 Months,With leakage from outside structure,"$10,000 to $19,999",975,975.0,ok
2021,Water Leakage During Last 12 Months,With leakage from outside structure,"$100,000 to $119,999",756,756.0,ok
2021,Water Leakage During Last 12 Months,With leakage from outside structure,"$120,000 to $139,999",621,621.0,ok
2021,Water Leakage During Last 12 Months,With leakage from outside structure,"$140,000 to $159,999",486,486.0,ok
2021,Water Leakage During Last 12 Months,With leakage from outside structure,"$160,000 to $179,999",332,332.0,ok
2021,Water Leakage During Last 12 Months,With leakage from outside structure,"$180,000 to $199,999",196,196.0,ok
2021,Water Leakage During Last 12 Months,With leakage from outside structure,"$20,000 to $29,999","1,002",1002.0,ok
2021,Water Leakage During Last 12 Months,With leakage from outside structure,"$200,000 or more",858,858.0,ok
2021,Water Leakage During Last 12 Months,With leakage from outside structure,"$30,000 to $39,999",982,982.0,ok
2021,Water Leakage During Last 12 Months,With leakage from outside structure,"$40,000 to $49,999",982,982.0,ok
2021,Water Leakage During Last 12 Months,With leakage from outside structure,"$50,000 to $59,999",853,853.0,ok
2021,Water Leakage During Last 12 Months,With leakage from outside structure,"$60,000 to $79,999","1,477",1477.0,ok
2021,Water Leakage During Last 12 Months,With leakage from outside structure,"$80,000 to $99,999","1,037",1037.0,ok
2021,Water Leakage During Last 12 Months,With leakage from outside structure,"Less than $10,000",886,886.0,ok
2021,Water Supply Stoppage,No stoppage in last 3 months,"$10,000 to $19,999","9,772",9772.0,ok
2021,Water Supply Stoppage,No stoppage in last 3 months,"$100,000 to $119,999","9,359",9359.0,ok
2021,Water Supply Stoppage,No stoppage in last 3 months,"$120,000 to $139,999","6,929",6929.0,ok
2021,Water Supply Stoppage,No stoppage in last 3 months,"$140,000 to $159,999","5,360",5360.0,ok
2021,Water Supply Stoppage,No stoppage in last 3 months,"$160,000 to $179,999","3,490",3490.0,ok
2021,Water Supply Stoppage,No stoppage in last 3 months,"$180,000 to $199,999","2,537",2537.0,ok
2021,Water Supply Stoppage,No stoppage in last 3 months,"$20,000 to $29,999","10,456",10456.0,ok
2021,Water Supply Stoppage,No stoppage in last 3 months,"$200,000 or more","10,066",10066.0,ok
2021,Water Supply Stoppage,No stoppage in last 3 months,"$30,000 to $39,999","10,089",10089.0,ok
2021,Water Supply Stoppage,No stoppage in last 3 months,"$40,000 to $49,999","9,674",9674.0,ok
2021,Water Supply Stoppage,No stoppage in last 3 months,"$50,000 to $59,999","8,535",8535.0,ok
2021,Water Supply Stoppage,No stoppage in last 3 months,"$60,000 to $79,999","15,378",15378.0,ok
2021,Water Supply Stoppage,No stoppage in last 3 months,"$80,000 to $99,999","11,545",11545.0,ok
2021,Water Supply Stoppage,No stoppage in last 3 months,"Less than $10,000","9,709",9709.0,ok
2021,Water Supply Stoppage,No stoppage lasting 6 hours or more,"$10,000 to $19,999",50,50.0,ok
2021,Water Supply Stoppage,No stoppage lasting 6 hours or more,"$100,000 to $119,999",42,42.0,ok
2021,Water Supply Stoppage,No stoppage lasting 6 hours or more,"$120,000 to $139,999",S,,suppressed
2021,Water Supply Stoppage,No stoppage lasting 6 hours or more,"$140,000 to $159,999",S,,suppressed
2021,Water Supply Stoppage,No stoppage lasting 6 hours or more,"$160,000 to $179,999",S,,suppressed
2021,Water Supply Stoppage,No stoppage lasting 6 hours or more,"$180,000 to $199,999",S,,suppressed
2021,Water Supply Stoppage,No stoppage lasting 6 hours or more,"$20,000 to $29,999",79,79.0,ok
2021,Water Supply Stoppage,No stoppage lasting 6 hours or more,"$200,000 or more",50,50.0,ok
2021,Water Supply Stoppage,No stoppage lasting 6 hours or more,"$30,000 to $39,999",46,46.0,ok
2021,Water Supply Stoppage,No stoppage lasting 6 hours or more,"$40,000 to $49,999",75,75.0,ok
2021,Water Supply Stoppage,No stoppage lasting 6 hours or more,"$50,000 to $59,999",49,49.0,ok
2021,Water Supply Stoppage,No stoppage lasting 6 hours or more,"$60,000 to $79,999",89,89.0,ok
2021,Water Supply Stoppage,No stoppage lasting 6 hours or more,"$80,000 to $99,999",78,78.0,ok
2021,Water Supply Stoppage,No stoppage lasting 6 hours or more,"Less than $10,000",60,60.0,ok
2021,Water Supply Stoppage,With hot and cold piped water,"$10,000 to $19,999","10,277",10277.0,ok
2021,Water Supply Stoppage,With hot and cold piped water,"$100,000 to $119,999","9,647",9647.0,ok
2021,Water Supply Stoppage,With hot and cold piped water,"$120,000 to $139,999","7,193",7193.0,ok
2021,Water Supply Stoppage,With hot and cold piped water,"$140,000 to $159,999","5,547",5547.0,ok
2021,Water Supply Stoppage,With hot and cold piped water,"$160,000 to $179,999","3,607",3607.0,ok
2021,Water Supply Stoppage,With hot and cold piped water,"$180,000 to $199,999","2,623",2623.0,ok
2021,Water Supply Stoppage,With hot and cold piped water,"$20,000 to $29,999","10,923",10923.0,ok
2021,Water Supply Stoppage,With hot and cold piped water,"$200,000 or more","10,408",10408.0,ok
2021,Water Supply Stoppage,With hot and cold piped water,"$30,000 to $39,999","10,488",10488.0,ok
2021,Water Supply Stoppage,With hot and cold piped water,"$40,000 to $49,999","10,211",10211.0,ok
2021,Water Supply Stoppage,With hot and cold piped water,"$50,000 to $59,999","8,852",8852.0,ok
2021,Water Supply Stoppage,With hot and cold piped water,"$60,000 to $79,999","16,112",16112.0,ok
2021,Water Supply Stoppage,With hot and cold piped water,"$80,000 to $99,999","11,992",11992.0,ok
2021,Water Supply Stoppage,With hot and cold piped water,"Less than $10,000","10,278",10278.0,ok
2021,Water Supply Stoppage,With stoppage in last 3 months,"$10,000 to $19,999",416,416.0,ok
2021,Water Supply Stoppage,With stoppage in last 3 months,"$100,000 to $119,999",224,224.0,ok
2021,Water Supply Stoppage,With stoppage in last 3 months,"$120,000 to $139,999",196,196.0,ok
2021,Water Supply Stoppage,With stoppage in last 3 months,"$140,000 to $159,999",159,159.0,ok
2021,Water Supply Stoppage,With stoppage in last 3 months,"$160,000 to $179,999",110,110.0,ok
2021,Water Supply Stoppage,With stoppage in last 3 months,"$180,000 to $199,999",75,75.0,ok
2021,Water Supply Stoppage,With stoppage in last 3 months,"$20,000 to $29,999",413,413.0,ok
2021,Water Supply Stoppage,With stoppage in last 3 months,"$200,000 or more",283,283.0,ok
2021,Water Supply Stoppage,With stoppage in last 3 months,"$30,000 to $39,999",354,354.0,ok
2021,Water Supply Stoppage,With stoppage in last 3 months,"$40,000 to $49,999",472,472.0,ok
2021,Water Supply Stoppage,With stoppage in last 3 months,"$50,000 to $59,999",259,259.0,ok
2021,Water Supply Stoppage,With stoppage in last 3 months,"$60,000 to $79,999",635,635.0,ok
2021,Water Supply Stoppage,With stoppage in last 3 months,"$80,000 to $99,999",367,367.0,ok
2021,Water Supply Stoppage,With stoppage in last 3 months,"Less than $10,000",485,485.0,ok
2023,Assessment of shade from trees and other buildings with 1/2 block:,Not at all shady,"$10,000 to $19,999","1,631",1631.0,ok
2023,Assessment of shade from trees and other buildings with 1/2 block:,Not at all shady,"$100,000 to $119,999","1,378",1378.0,ok
2023,Assessment of shade from trees and other buildings with 1/2 block:,Not at all shady,"$120,000 to $139,999","1,357",1357.0,ok
2023,Assessment of shade from trees and other buildings with 1/2 block:,Not at all shady,"$140,000 to $159,999",942,942.0,ok
2023,Assessment of shade from trees and other buildings with 1/2 block:,Not at all shady,"$160,000 to $179,999",720,720.0,ok
2023,Assessment of shade from trees and other buildings with 1/2 block:,Not at all shady,"$180,000 to $199,999",433,433.0,ok
2023,Assessment of shade from trees and other buildings with 1/2 block:,Not at all shady,"$20,000 to $29,999","1,631",1631.0,ok
2023,Assessment of shade from trees and other buildings with 1/2 block:,Not at all shady,"$200,000 or more","1,954",1954.0,ok
2023,Assessment of shade from trees and other buildings with 1/2 block:,Not at all shady,"$30,000 to $39,999","1,461",1461.0,ok
2023,Assessment of shade from trees and other buildings with 1/2 block:,Not at all shady,"$40,000 to $49,999","1,497",1497.0,ok
2023,Assessment of shade from trees and other buildings with 1/2 block:,Not at all shady,"$50,000 to $59,999","1,548",1548.0,ok
2023,Assessment of shade from trees and other buildings with 1/2 block:,Not at all shady,"$60,000 to $79,999","2,346",2346.0,ok
2023,Assessment of shade from trees and other buildings with 1/2 block:,Not at all shady,"$80,000 to $99,999","1,814",1814.0,ok
2023,Assessment of shade from trees and other buildings with 1/2 block:,Not at all shady,"Less than $10,000","1,931",1931.0,ok
2023,Assessment of shade from trees and other buildings with 1/2 block:,Not reported,"$10,000 to $19,999",187,187.0,ok
2023,Assessment of shade from trees and other buildings with 1/2 block:,Not reported,"$100,000 to $119,999",199,199.0,ok
2023,Assessment of shade from trees and other buildings with 1/2 block:,Not reported,"$120,000 to $139,999",240,240.0,ok
2023,Assessment of shade from trees and other buildings with 1/2 block:,Not reported,"$140,000 to $159,999",129,129.0,ok
2023,Assessment of shade from trees and other buildings with 1/2 block:,Not reported,"$160,000 to $179,999",185,185.0,ok
2023,Assessment of shade from trees and other buildings with 1/2 block:,Not reported,"$180,000 to $199,999",S,,suppressed
2023,Assessment of shade from trees and other buildings with 1/2 block:,Not reported,"$20,000 to $29,999",261,261.0,ok
2023,Assessment of shade from trees and other buildings with 1/2 block:,Not reported,"$200,000 or more",322,322.0,ok
2023,Assessment of shade from trees and other buildings with 1/2 block:,Not reported,"$30,000 to $39,999",362,362.0,ok
2023,Assessment of shade from trees and other buildings with 1/2 block:,Not reported,"$40,000 to $49,999",241,241.0,ok
2023,Assessment of shade from trees and other buildings with 1/2 block:,Not reported,"$50,000 to $59,999",309,309.0,ok
2023,Assessment of shade from trees and other buildings with 1/2 block:,Not reported,"$60,000 to $79,999",399,399.0,ok
2023,Assessment of shade from trees and other buildings with 1/2 block:,Not reported,"$80,000 to $99,999",450,450.0,ok
2023,Assessment of shade from trees and other buildings with 1/2 block:,Not reported,"Less than $10,000",378,378.0,ok
2023,Assessment of shade from trees and other buildings with 1/2 block:,Not very shady,"$10,000 to $19,999","1,586",1586.0,ok
2023,Assessment of shade from trees and other buildings with 1/2 block:,Not very shady,"$100,000 to $119,999","1,911",1911.0,ok
2023,Assessment of shade from trees and other buildings with 1/2 block:,Not very shady,"$120,000 to $139,999","1,536",1536.0,ok
2023,Assessment of shade from trees and other buildings with 1/2 block:,Not very shady,"$140,000 to $159,999","1,079",1079.0,ok
2023,Assessment of shade from trees and other buildings with 1/2 block:,Not very shady,"$160,000 to $179,999",789,789.0,ok
2023,Assessment of shade from trees and other buildings with 1/2 block:,Not very shady,"$180,000 to $199,999",670,670.0,ok
2023,Assessment of shade from trees and other buildings with 1/2 block:,Not very shady,"$20,000 to $29,999","1,507",1507.0,ok
2023,Assessment of shade from trees and other buildings with 1/2 block:,Not very shady,"$200,000 or more","2,438",2438.0,ok
2023,Assessment of shade from trees and other buildings with 1/2 block:,Not very shady,"$30,000 to $39,999","1,674",1674.0,ok
2023,Assessment of shade from trees and other buildings with 1/2 block:,Not very shady,"$40,000 to $49,999","1,828",1828.0,ok
2023,Assessment of shade from trees and other buildings with 1/2 block:,Not very shady,"$50,000 to $59,999","1,522",1522.0,ok
2023,Assessment of shade from trees and other buildings with 1/2 block:,Not very shady,"$60,000 to $79,999","2,740",2740.0,ok
2023,Assessment of shade from trees and other buildings with 1/2 block:,Not very shady,"$80,000 to $99,999","2,638",2638.0,ok
2023,Assessment of shade from trees and other buildings with 1/2 block:,Not very shady,"Less than $10,000","1,449",1449.0,ok
2023,Assessment of shade from trees and other buildings with 1/2 block:,Somewhat shady,"$10,000 to $19,999","3,975",3975.0,ok
2023,Assessment of shade from trees and other buildings with 1/2 block:,Somewhat shady,"$100,000 to $119,999","5,059",5059.0,ok
2023,Assessment of shade from trees and other buildings with 1/2 block:,Somewhat shady,"$120,000 to $139,999","3,985",3985.0,ok
2023,Assessment of shade from trees and other buildings with 1/2 block:,Somewhat shady,"$140,000 to $159,999","3,290",3290.0,ok
2023,Assessment of shade from trees and other buildings with 1/2 block:,Somewhat shady,"$160,000 to $179,999","2,180",2180.0,ok
2023,Assessment of shade from trees and other buildings with 1/2 block:,Somewhat shady,"$180,000 to $199,999","1,647",1647.0,ok
2023,Assessment of shade from trees and other buildings with 1/2 block:,Somewhat shady,"$20,000 to $29,999","4,049",4049.0,ok
2023,Assessment of shade from trees and other buildings with 1/2 block:,Somewhat shady,"$200,000 or more","7,386",7386.0,ok
2023,Assessment of shade from trees and other buildings with 1/2 block:,Somewhat shady,"$30,000 to $39,999","4,706",4706.0,ok
2023,Assessment of shade from trees and other buildings with 1/2 block:,Somewhat shady,"$40,000 to $49,999","4,538",4538.0,ok
2023,Assessment of shade from trees and other buildings with 1/2 block:,Somewhat shady,"$50,000 to $59,999","4,227",4227.0,ok
2023,Assessment of shade from trees and other buildings with 1/2 block:,Somewhat shady,"$60,000 to $79,999","8,335",8335.0,ok
2023,Assessment of shade from trees and other buildings with 1/2 block:,Somewhat shady,"$80,000 to $99,999","6,042",6042.0,ok
2023,Assessment of shade from trees and other buildings with 1/2 block:,Somewhat shady,"Less than $10,000","3,954",3954.0,ok
2023,Assessment of shade from trees and other buildings with 1/2 block:,Very shady,"$10,000 to $19,999","1,621",1621.0,ok
2023,Assessment of shade from trees and other buildings with 1/2 block:,Very shady,"$100,000 to $119,999","1,621",1621.0,ok
2023,Assessment of shade from trees and other buildings with 1/2 block:,Very shady,"$120,000 to $139,999","1,267",1267.0,ok
2023,Assessment of shade from trees and other buildings with 1/2 block:,Very shady,"$140,000 to $159,999",987,987.0,ok
2023,Assessment of shade from trees and other buildings with 1/2 block:,Very shady,"$160,000 to $179,999",705,705.0,ok
2023,Assessment of shade from trees and other buildings with 1/2 block:,Very shady,"$180,000 to $199,999",450,450.0,ok
2023,Assessment of shade from trees and other buildings with 1/2 block:,Very shady,"$20,000 to $29,999","1,731",1731.0,ok
2023,Assessment of shade from trees and other buildings with 1/2 block:,Very shady,"$200,000 or more","2,683",2683.0,ok
2023,Assessment of shade from trees and other buildings with 1/2 block:,Very shady,"$30,000 to $39,999","1,701",1701.0,ok
2023,Assessment of shade from trees and other buildings with 1/2 block:,Very shady,"$40,000 to $49,999","1,462",1462.0,ok
2023,Assessment of shade from trees and other buildings with 1/2 block:,Very shady,"$50,000 to $59,999","1,575",1575.0,ok
2023,Assessment of shade from trees and other buildings with 1/2 block:,Very shady,"$60,000 to $79,999","2,595",2595.0,ok
2023,Assessment of shade from trees and other buildings with 1/2 block:,Very shady,"$80,000 to $99,999","2,105",2105.0,ok
2023,Assessment of shade from trees and other buildings with 1/2 block:,Very shady,"Less than $10,000","1,647",1647.0,ok
2023,Cooling Problems in Last 12 Months,No breakdowns lasting 6 hours or more,"$10,000 to $19,999",S,,suppressed
2023,Cooling Problems in Last 12 Months,No breakdowns lasting 6 hours or more,"$100,000 to $119,999",S,,suppressed
2023,Cooling Problems in Last 12 Months,No breakdowns lasting 6 hours or more,"$120,000 to $139,999",S,,suppressed
2023,Cooling Problems in Last 12 Months,No breakdowns lasting 6 hours or more,"$140,000 to $159,999",S,,suppressed
2023,Cooling Problems in Last 12 Months,No breakdowns lasting 6 hours or more,"$160,000 to $179,999",.,,blank_or_na
2023,Cooling Problems in Last 12 Months,No breakdowns lasting 6 hours or more,"$180,000 to $199,999",S,,suppressed
2023,Cooling Problems in Last 12 Months,No breakdowns lasting 6 hours or more,"$20,000 to $29,999",S,,suppressed
2023,Cooling Problems in Last 12 Months,No breakdowns lasting 6 hours or more,"$200,000 or more",S,,suppressed
2023,Cooling Problems in Last 12 Months,No breakdowns lasting 6 hours or more,"$30,000 to $39,999",S,,suppressed
2023,Cooling Problems in Last 12 Months,No breakdowns lasting 6 hours or more,"$40,000 to $49,999",S,,suppressed
2023,Cooling Problems in Last 12 Months,No breakdowns lasting 6 hours or more,"$50,000 to $59,999",S,,suppressed
2023,Cooling Problems in Last 12 Months,No breakdowns lasting 6 hours or more,"$60,000 to $79,999",S,,suppressed
2023,Cooling Problems in Last 12 Months,No breakdowns lasting 6 hours or more,"$80,000 to $99,999",S,,suppressed
2023,Cooling Problems in Last 12 Months,No breakdowns lasting 6 hours or more,"Less than $10,000",S,,suppressed
2023,Cooling Problems in Last 12 Months,No cooling equipment (A/C),"$10,000 to $19,999",184,184.0,ok
2023,Cooling Problems in Last 12 Months,No cooling equipment (A/C),"$100,000 to $119,999",76,76.0,ok
2023,Cooling Problems in Last 12 Months,No cooling equipment (A/C),"$120,000 to $139,999",72,72.0,ok
2023,Cooling Problems in Last 12 Months,No cooling equipment (A/C),"$140,000 to $159,999",84,84.0,ok
2023,Cooling Problems in Last 12 Months,No cooling equipment (A/C),"$160,000 to $179,999",39,39.0,ok
2023,Cooling Problems in Last 12 Months,No cooling equipment (A/C),"$180,000 to $199,999",S,,suppressed
2023,Cooling Problems in Last 12 Months,No cooling equipment (A/C),"$20,000 to $29,999",151,151.0,ok
2023,Cooling Problems in Last 12 Months,No cooling equipment (A/C),"$200,000 or more",191,191.0,ok
2023,Cooling Problems in Last 12 Months,No cooling equipment (A/C),"$30,000 to $39,999",97,97.0,ok
2023,Cooling Problems in Last 12 Months,No cooling equipment (A/C),"$40,000 to $49,999",112,112.0,ok
2023,Cooling Problems in Last 12 Months,No cooling equipment (A/C),"$50,000 to $59,999",92,92.0,ok
2023,Cooling Problems in Last 12 Months,No cooling equipment (A/C),"$60,000 to $79,999",141,141.0,ok
2023,Cooling Problems in Last 12 Months,No cooling equipment (A/C),"$80,000 to $99,999",125,125.0,ok
2023,Cooling Problems in Last 12 Months,No cooling equipment (A/C),"Less than $10,000",163,163.0,ok
2023,Cooling Problems in Last 12 Months,Not uncomfortably hot for 24 hours or more,"$10,000 to $19,999","7,851",7851.0,ok
2023,Cooling Problems in Last 12 Months,Not uncomfortably hot for 24 hours or more,"$100,000 to $119,999","9,102",9102.0,ok
2023,Cooling Problems in Last 12 Months,Not uncomfortably hot for 24 hours or more,"$120,000 to $139,999","7,380",7380.0,ok
2023,Cooling Problems in Last 12 Months,Not uncomfortably hot for 24 hours or more,"$140,000 to $159,999","5,959",5959.0,ok
2023,Cooling Problems in Last 12 Months,Not uncomfortably hot for 24 hours or more,"$160,000 to $179,999","4,199",4199.0,ok
2023,Cooling Problems in Last 12 Months,Not uncomfortably hot for 24 hours or more,"$180,000 to $199,999","3,115",3115.0,ok
2023,Cooling Problems in Last 12 Months,Not uncomfortably hot for 24 hours or more,"$20,000 to $29,999","8,441",8441.0,ok
2023,Cooling Problems in Last 12 Months,Not uncomfortably hot for 24 hours or more,"$200,000 or more","13,137",13137.0,ok
2023,Cooling Problems in Last 12 Months,Not uncomfortably hot for 24 hours or more,"$30,000 to $39,999","8,645",8645.0,ok
2023,Cooling Problems in Last 12 Months,Not uncomfortably hot for 24 hours or more,"$40,000 to $49,999","8,448",8448.0,ok
2023,Cooling Problems in Last 12 Months,Not uncomfortably hot for 24 hours or more,"$50,000 to $59,999","8,253",8253.0,ok
2023,Cooling Problems in Last 12 Months,Not uncomfortably hot for 24 hours or more,"$60,000 to $79,999","14,650",14650.0,ok
2023,Cooling Problems in Last 12 Months,Not uncomfortably hot for 24 hours or more,"$80,000 to $99,999","11,615",11615.0,ok
2023,Cooling Problems in Last 12 Months,Not uncomfortably hot for 24 hours or more,"Less than $10,000","8,190",8190.0,ok
2023,Cooling Problems in Last 12 Months,Uncomfortably hot for 24 hours or more,"$10,000 to $19,999","1,104",1104.0,ok
2023,Cooling Problems in Last 12 Months,Uncomfortably hot for 24 hours or more,"$100,000 to $119,999",884,884.0,ok
2023,Cooling Problems in Last 12 Months,Uncomfortably hot for 24 hours or more,"$120,000 to $139,999",795,795.0,ok
2023,Cooling Problems in Last 12 Months,Uncomfortably hot for 24 hours or more,"$140,000 to $159,999",639,639.0,ok
2023,Cooling Problems in Last 12 Months,Uncomfortably hot for 24 hours or more,"$160,000 to $179,999",450,450.0,ok
2023,Cooling Problems in Last 12 Months,Uncomfortably hot for 24 hours or more,"$180,000 to $199,999",351,351.0,ok
2023,Cooling Problems in Last 12 Months,Uncomfortably hot for 24 hours or more,"$20,000 to $29,999",857,857.0,ok
2023,Cooling Problems in Last 12 Months,Uncomfortably hot for 24 hours or more,"$200,000 or more","1,357",1357.0,ok
2023,Cooling Problems in Last 12 Months,Uncomfortably hot for 24 hours or more,"$30,000 to $39,999","1,046",1046.0,ok
2023,Cooling Problems in Last 12 Months,Uncomfortably hot for 24 hours or more,"$40,000 to $49,999",931,931.0,ok
2023,Cooling Problems in Last 12 Months,Uncomfortably hot for 24 hours or more,"$50,000 to $59,999",928,928.0,ok
2023,Cooling Problems in Last 12 Months,Uncomfortably hot for 24 hours or more,"$60,000 to $79,999","1,581",1581.0,ok
2023,Cooling Problems in Last 12 Months,Uncomfortably hot for 24 hours or more,"$80,000 to $99,999","1,307",1307.0,ok
2023,Cooling Problems in Last 12 Months,Uncomfortably hot for 24 hours or more,"Less than $10,000",969,969.0,ok
2023,Cooling Problems in Last 12 Months,With cooling equipment (A/C),"$10,000 to $19,999",920,920.0,ok
2023,Cooling Problems in Last 12 Months,With cooling equipment (A/C),"$100,000 to $119,999",808,808.0,ok
2023,Cooling Problems in Last 12 Months,With cooling equipment (A/C),"$120,000 to $139,999",724,724.0,ok
2023,Cooling Problems in Last 12 Months,With cooling equipment (A/C),"$140,000 to $159,999",555,555.0,ok
2023,Cooling Problems in Last 12 Months,With cooling equipment (A/C),"$160,000 to $179,999",410,410.0,ok
2023,Cooling Problems in Last 12 Months,With cooling equipment (A/C),"$180,000 to $199,999",310,310.0,ok
2023,Cooling Problems in Last 12 Months,With cooling equipment (A/C),"$20,000 to $29,999",706,706.0,ok
2023,Cooling Problems in Last 12 Months,With cooling equipment (A/C),"$200,000 or more","1,166",1166.0,ok
2023,Cooling Problems in Last 12 Months,With cooling equipment (A/C),"$30,000 to $39,999",949,949.0,ok
2023,Cooling Problems in Last 12 Months,With cooling equipment (A/C),"$40,000 to $49,999",819,819.0,ok
2023,Cooling Problems in Last 12 Months,With cooling equipment (A/C),"$50,000 to $59,999",836,836.0,ok
2023,Cooling Problems in Last 12 Months,With cooling equipment (A/C),"$60,000 to $79,999","1,440",1440.0,ok
2023,Cooling Problems in Last 12 Months,With cooling equipment (A/C),"$80,000 to $99,999","1,181",1181.0,ok
2023,Cooling Problems in Last 12 Months,With cooling equipment (A/C),"Less than $10,000",806,806.0,ok
2023,Cooling Problems in Last 12 Months,With cooling equipment (A/C) breakdowns,"$10,000 to $19,999",404,404.0,ok
2023,Cooling Problems in Last 12 Months,With cooling equipment (A/C) breakdowns,"$100,000 to $119,999",330,330.0,ok
2023,Cooling Problems in Last 12 Months,With cooling equipment (A/C) breakdowns,"$120,000 to $139,999",322,322.0,ok
2023,Cooling Problems in Last 12 Months,With cooling equipment (A/C) breakdowns,"$140,000 to $159,999",251,251.0,ok
2023,Cooling Problems in Last 12 Months,With cooling equipment (A/C) breakdowns,"$160,000 to $179,999",148,148.0,ok
2023,Cooling Problems in Last 12 Months,With cooling equipment (A/C) breakdowns,"$180,000 to $199,999",169,169.0,ok
2023,Cooling Problems in Last 12 Months,With cooling equipment (A/C) breakdowns,"$20,000 to $29,999",272,272.0,ok
2023,Cooling Problems in Last 12 Months,With cooling equipment (A/C) breakdowns,"$200,000 or more",440,440.0,ok
2023,Cooling Problems in Last 12 Months,With cooling equipment (A/C) breakdowns,"$30,000 to $39,999",416,416.0,ok
2023,Cooling Problems in Last 12 Months,With cooling equipment (A/C) breakdowns,"$40,000 to $49,999",342,342.0,ok
2023,Cooling Problems in Last 12 Months,With cooling equipment (A/C) breakdowns,"$50,000 to $59,999",370,370.0,ok
2023,Cooling Problems in Last 12 Months,With cooling equipment (A/C) breakdowns,"$60,000 to $79,999",595,595.0,ok
2023,Cooling Problems in Last 12 Months,With cooling equipment (A/C) breakdowns,"$80,000 to $99,999",539,539.0,ok
2023,Cooling Problems in Last 12 Months,With cooling equipment (A/C) breakdowns,"Less than $10,000",293,293.0,ok
2023,Electric Fuses and Circuit Breakers,1 time,"$10,000 to $19,999",286,286.0,ok
2023,Electric Fuses and Circuit Breakers,1 time,"$100,000 to $119,999",458,458.0,ok
2023,Electric Fuses and Circuit Breakers,1 time,"$120,000 to $139,999",365,365.0,ok
2023,Electric Fuses and Circuit Breakers,1 time,"$140,000 to $159,999",363,363.0,ok
2023,Electric Fuses and Circuit Breakers,1 time,"$160,000 to $179,999",253,253.0,ok
2023,Electric Fuses and Circuit Breakers,1 time,"$180,000 to $199,999",170,170.0,ok
2023,Electric Fuses and Circuit Breakers,1 time,"$20,000 to $29,999",286,286.0,ok
2023,Electric Fuses and Circuit Breakers,1 time,"$200,000 or more",787,787.0,ok
2023,Electric Fuses and Circuit Breakers,1 time,"$30,000 to $39,999",438,438.0,ok
2023,Electric Fuses and Circuit Breakers,1 time,"$40,000 to $49,999",333,333.0,ok
2023,Electric Fuses and Circuit Breakers,1 time,"$50,000 to $59,999",352,352.0,ok
2023,Electric Fuses and Circuit Breakers,1 time,"$60,000 to $79,999",637,637.0,ok
2023,Electric Fuses and Circuit Breakers,1 time,"$80,000 to $99,999",600,600.0,ok
2023,Electric Fuses and Circuit Breakers,1 time,"Less than $10,000",335,335.0,ok
2023,Electric Fuses and Circuit Breakers,2 times,"$10,000 to $19,999",120,120.0,ok
2023,Electric Fuses and Circuit Breakers,2 times,"$100,000 to $119,999",148,148.0,ok
2023,Electric Fuses and Circuit Breakers,2 times,"$120,000 to $139,999",142,142.0,ok
2023,Electric Fuses and Circuit Breakers,2 times,"$140,000 to $159,999",184,184.0,ok
2023,Electric Fuses and Circuit Breakers,2 times,"$160,000 to $179,999",77,77.0,ok
2023,Electric Fuses and Circuit Breakers,2 times,"$180,000 to $199,999",44,44.0,ok
2023,Electric Fuses and Circuit Breakers,2 times,"$20,000 to $29,999",83,83.0,ok
2023,Electric Fuses and Circuit Breakers,2 times,"$200,000 or more",376,376.0,ok
2023,Electric Fuses and Circuit Breakers,2 times,"$30,000 to $39,999",119,119.0,ok
2023,Electric Fuses and Circuit Breakers,2 times,"$40,000 to $49,999",160,160.0,ok
2023,Electric Fuses and Circuit Breakers,2 times,"$50,000 to $59,999",182,182.0,ok
2023,Electric Fuses and Circuit Breakers,2 times,"$60,000 to $79,999",310,310.0,ok
2023,Electric Fuses and Circuit Breakers,2 times,"$80,000 to $99,999",230,230.0,ok
2023,Electric Fuses and Circuit Breakers,2 times,"Less than $10,000",143,143.0,ok
2023,Electric Fuses and Circuit Breakers,3 times,"$10,000 to $19,999",52,52.0,ok
2023,Electric Fuses and Circuit Breakers,3 times,"$100,000 to $119,999",107,107.0,ok
2023,Electric Fuses and Circuit Breakers,3 times,"$120,000 to $139,999",S,,suppressed
2023,Electric Fuses and Circuit Breakers,3 times,"$140,000 to $159,999",S,,suppressed
2023,Electric Fuses and Circuit Breakers,3 times,"$160,000 to $179,999",S,,suppressed
2023,Electric Fuses and Circuit Breakers,3 times,"$180,000 to $199,999",S,,suppressed
2023,Electric Fuses and Circuit Breakers,3 times,"$20,000 to $29,999",68,68.0,ok
2023,Electric Fuses and Circuit Breakers,3 times,"$200,000 or more",181,181.0,ok
2023,Electric Fuses and Circuit Breakers,3 times,"$30,000 to $39,999",105,105.0,ok
2023,Electric Fuses and Circuit Breakers,3 times,"$40,000 to $49,999",84,84.0,ok
2023,Electric Fuses and Circuit Breakers,3 times,"$50,000 to $59,999",59,59.0,ok
2023,Electric Fuses and Circuit Breakers,3 times,"$60,000 to $79,999",96,96.0,ok
2023,Electric Fuses and Circuit Breakers,3 times,"$80,000 to $99,999",95,95.0,ok
2023,Electric Fuses and Circuit Breakers,3 times,"Less than $10,000",36,36.0,ok
2023,Electric Fuses and Circuit Breakers,4 times or more,"$10,000 to $19,999",91,91.0,ok
2023,Electric Fuses and Circuit Breakers,4 times or more,"$100,000 to $119,999",98,98.0,ok
2023,Electric Fuses and Circuit Breakers,4 times or more,"$120,000 to $139,999",104,104.0,ok
2023,Electric Fuses and Circuit Breakers,4 times or more,"$140,000 to $159,999",51,51.0,ok
2023,Electric Fuses and Circuit Breakers,4 times or more,"$160,000 to $179,999",S,,suppressed
2023,Electric Fuses and Circuit Breakers,4 times or more,"$180,000 to $199,999",S,,suppressed
2023,Electric Fuses and Circuit Breakers,4 times or more,"$20,000 to $29,999",99,99.0,ok
2023,Electric Fuses and Circuit Breakers,4 times or more,"$200,000 or more",145,145.0,ok
2023,Electric Fuses and Circuit Breakers,4 times or more,"$30,000 to $39,999",119,119.0,ok
2023,Electric Fuses and Circuit Breakers,4 times or more,"$40,000 to $49,999",80,80.0,ok
2023,Electric Fuses and Circuit Breakers,4 times or more,"$50,000 to $59,999",120,120.0,ok
2023,Electric Fuses and Circuit Breakers,4 times or more,"$60,000 to $79,999",109,109.0,ok
2023,Electric Fuses and Circuit Breakers,4 times or more,"$80,000 to $99,999",146,146.0,ok
2023,Electric Fuses and Circuit Breakers,4 times or more,"Less than $10,000",97,97.0,ok
2023,Electric Fuses and Circuit Breakers,No fuses or breakers blown in last 3 months,"$10,000 to $19,999","8,447",8447.0,ok
2023,Electric Fuses and Circuit Breakers,No fuses or breakers blown in last 3 months,"$100,000 to $119,999","9,227",9227.0,ok
2023,Electric Fuses and Circuit Breakers,No fuses or breakers blown in last 3 months,"$120,000 to $139,999","7,528",7528.0,ok
2023,Electric Fuses and Circuit Breakers,No fuses or breakers blown in last 3 months,"$140,000 to $159,999","6,004",6004.0,ok
2023,Electric Fuses and Circuit Breakers,No fuses or breakers blown in last 3 months,"$160,000 to $179,999","4,247",4247.0,ok
2023,Electric Fuses and Circuit Breakers,No fuses or breakers blown in last 3 months,"$180,000 to $199,999","3,198",3198.0,ok
2023,Electric Fuses and Circuit Breakers,No fuses or breakers blown in last 3 months,"$20,000 to $29,999","8,818",8818.0,ok
2023,Electric Fuses and Circuit Breakers,No fuses or breakers blown in last 3 months,"$200,000 or more","13,057",13057.0,ok
2023,Electric Fuses and Circuit Breakers,No fuses or breakers blown in last 3 months,"$30,000 to $39,999","8,997",8997.0,ok
2023,Electric Fuses and Circuit Breakers,No fuses or breakers blown in last 3 months,"$40,000 to $49,999","8,794",8794.0,ok
2023,Electric Fuses and Circuit Breakers,No fuses or breakers blown in last 3 months,"$50,000 to $59,999","8,540",8540.0,ok
2023,Electric Fuses and Circuit Breakers,No fuses or breakers blown in last 3 months,"$60,000 to $79,999","15,220",15220.0,ok
2023,Electric Fuses and Circuit Breakers,No fuses or breakers blown in last 3 months,"$80,000 to $99,999","11,966",11966.0,ok
2023,Electric Fuses and Circuit Breakers,No fuses or breakers blown in last 3 months,"Less than $10,000","8,637",8637.0,ok
2023,Electric Fuses and Circuit Breakers,With electrical wiring,"$10,000 to $19,999","8,996",8996.0,ok
2023,Electric Fuses and Circuit Breakers,With electrical wiring,"$100,000 to $119,999","10,038",10038.0,ok
2023,Electric Fuses and Circuit Breakers,With electrical wiring,"$120,000 to $139,999","8,232",8232.0,ok
2023,Electric Fuses and Circuit Breakers,With electrical wiring,"$140,000 to $159,999","6,646",6646.0,ok
2023,Electric Fuses and Circuit Breakers,With electrical wiring,"$160,000 to $179,999","4,671",4671.0,ok
2023,Electric Fuses and Circuit Breakers,With electrical wiring,"$180,000 to $199,999","3,490",3490.0,ok
2023,Electric Fuses and Circuit Breakers,With electrical wiring,"$20,000 to $29,999","9,354",9354.0,ok
2023,Electric Fuses and Circuit Breakers,With electrical wiring,"$200,000 or more","14,546",14546.0,ok
2023,Electric Fuses and Circuit Breakers,With electrical wiring,"$30,000 to $39,999","9,778",9778.0,ok
2023,Electric Fuses and Circuit Breakers,With electrical wiring,"$40,000 to $49,999","9,451",9451.0,ok
2023,Electric Fuses and Circuit Breakers,With electrical wiring,"$50,000 to $59,999","9,252",9252.0,ok
2023,Electric Fuses and Circuit Breakers,With electrical wiring,"$60,000 to $79,999","16,372",16372.0,ok
2023,Electric Fuses and Circuit Breakers,With electrical wiring,"$80,000 to $99,999","13,037",13037.0,ok
2023,Electric Fuses and Circuit Breakers,With electrical wiring,"Less than $10,000","9,247",9247.0,ok
2023,Electric Fuses and Circuit Breakers,With fuses or breakers blown in last 3 months,"$10,000 to $19,999",549,549.0,ok
2023,Electric Fuses and Circuit Breakers,With fuses or breakers blown in last 3 months,"$100,000 to $119,999",812,812.0,ok
2023,Electric Fuses and Circuit Breakers,With fuses or breakers blown in last 3 months,"$120,000 to $139,999",703,703.0,ok
2023,Electric Fuses and Circuit Breakers,With fuses or breakers blown in last 3 months,"$140,000 to $159,999",642,642.0,ok
2023,Electric Fuses and Circuit Breakers,With fuses or breakers blown in last 3 months,"$160,000 to $179,999",424,424.0,ok
2023,Electric Fuses and Circuit Breakers,With fuses or breakers blown in last 3 months,"$180,000 to $199,999",292,292.0,ok
2023,Electric Fuses and Circuit Breakers,With fuses or breakers blown in last 3 months,"$20,000 to $29,999",536,536.0,ok
2023,Electric Fuses and Circuit Breakers,With fuses or breakers blown in last 3 months,"$200,000 or more","1,489",1489.0,ok
2023,Electric Fuses and Circuit Breakers,With fuses or breakers blown in last 3 months,"$30,000 to $39,999",781,781.0,ok
2023,Electric Fuses and Circuit Breakers,With fuses or breakers blown in last 3 months,"$40,000 to $49,999",657,657.0,ok
2023,Electric Fuses and Circuit Breakers,With fuses or breakers blown in last 3 months,"$50,000 to $59,999",712,712.0,ok
2023,Electric Fuses and Circuit Breakers,With fuses or breakers blown in last 3 months,"$60,000 to $79,999","1,152",1152.0,ok
2023,Electric Fuses and Circuit Breakers,With fuses or breakers blown in last 3 months,"$80,000 to $99,999","1,072",1072.0,ok
2023,Electric Fuses and Circuit Breakers,With fuses or breakers blown in last 3 months,"Less than $10,000",610,610.0,ok
2023,Electric Medical Devices Present,No,"$10,000 to $19,999","7,732",7732.0,ok
2023,Electric Medical Devices Present,No,"$100,000 to $119,999","8,906",8906.0,ok
2023,Electric Medical Devices Present,No,"$120,000 to $139,999","7,112",7112.0,ok
2023,Electric Medical Devices Present,No,"$140,000 to $159,999","6,096",6096.0,ok
2023,Electric Medical Devices Present,No,"$160,000 to $179,999","4,362",4362.0,ok
2023,Electric Medical Devices Present,No,"$180,000 to $199,999","3,216",3216.0,ok
2023,Electric Medical Devices Present,No,"$20,000 to $29,999","8,225",8225.0,ok
2023,Electric Medical Devices Present,No,"$200,000 or more","13,177",13177.0,ok
2023,Electric Medical Devices Present,No,"$30,000 to $39,999","8,374",8374.0,ok
2023,Electric Medical Devices Present,No,"$40,000 to $49,999","8,335",8335.0,ok
2023,Electric Medical Devices Present,No,"$50,000 to $59,999","8,230",8230.0,ok
2023,Electric Medical Devices Present,No,"$60,000 to $79,999","14,559",14559.0,ok
2023,Electric Medical Devices Present,No,"$80,000 to $99,999","11,340",11340.0,ok
2023,Electric Medical Devices Present,No,"Less than $10,000","7,974",7974.0,ok
2023,Electric Medical Devices Present,Not reported,"$10,000 to $19,999",S,,suppressed
2023,Electric Medical Devices Present,Not reported,"$100,000 to $119,999",S,,suppressed
2023,Electric Medical Devices Present,Not reported,"$120,000 to $139,999",S,,suppressed
2023,Electric Medical Devices Present,Not reported,"$140,000 to $159,999",S,,suppressed
2023,Electric Medical Devices Present,Not reported,"$160,000 to $179,999",S,,suppressed
2023,Electric Medical Devices Present,Not reported,"$180,000 to $199,999",S,,suppressed
2023,Electric Medical Devices Present,Not reported,"$20,000 to $29,999",S,,suppressed
2023,Electric Medical Devices Present,Not reported,"$200,000 or more",67,67.0,ok
2023,Electric Medical Devices Present,Not reported,"$30,000 to $39,999",S,,suppressed
2023,Electric Medical Devices Present,Not reported,"$40,000 to $49,999",S,,suppressed
2023,Electric Medical Devices Present,Not reported,"$50,000 to $59,999",S,,suppressed
2023,Electric Medical Devices Present,Not reported,"$60,000 to $79,999",146,146.0,ok
2023,Electric Medical Devices Present,Not reported,"$80,000 to $99,999",122,122.0,ok
2023,Electric Medical Devices Present,Not reported,"Less than $10,000",S,,suppressed
2023,Electric Medical Devices Present,Yes,"$10,000 to $19,999","1,201",1201.0,ok
2023,Electric Medical Devices Present,Yes,"$100,000 to $119,999",996,996.0,ok
2023,Electric Medical Devices Present,Yes,"$120,000 to $139,999",910,910.0,ok
2023,Electric Medical Devices Present,Yes,"$140,000 to $159,999",716,716.0,ok
2023,Electric Medical Devices Present,Yes,"$160,000 to $179,999",448,448.0,ok
2023,Electric Medical Devices Present,Yes,"$180,000 to $199,999",415,415.0,ok
2023,Electric Medical Devices Present,Yes,"$20,000 to $29,999","1,182",1182.0,ok
2023,Electric Medical Devices Present,Yes,"$200,000 or more","1,221",1221.0,ok
2023,Electric Medical Devices Present,Yes,"$30,000 to $39,999","1,146",1146.0,ok
2023,Electric Medical Devices Present,Yes,"$40,000 to $49,999",928,928.0,ok
2023,Electric Medical Devices Present,Yes,"$50,000 to $59,999","1,007",1007.0,ok
2023,Electric Medical Devices Present,Yes,"$60,000 to $79,999","1,689",1689.0,ok
2023,Electric Medical Devices Present,Yes,"$80,000 to $99,999","1,581",1581.0,ok
2023,Electric Medical Devices Present,Yes,"Less than $10,000","1,038",1038.0,ok
2023,Exterior of unit shaded by trees or other buildings:,No,"$10,000 to $19,999","4,249",4249.0,ok
2023,Exterior of unit shaded by trees or other buildings:,No,"$100,000 to $119,999","3,700",3700.0,ok
2023,Exterior of unit shaded by trees or other buildings:,No,"$120,000 to $139,999","3,237",3237.0,ok
2023,Exterior of unit shaded by trees or other buildings:,No,"$140,000 to $159,999","2,372",2372.0,ok
2023,Exterior of unit shaded by trees or other buildings:,No,"$160,000 to $179,999","1,776",1776.0,ok
2023,Exterior of unit shaded by trees or other buildings:,No,"$180,000 to $199,999","1,354",1354.0,ok
2023,Exterior of unit shaded by trees or other buildings:,No,"$20,000 to $29,999","3,941",3941.0,ok
2023,Exterior of unit shaded by trees or other buildings:,No,"$200,000 or more","4,957",4957.0,ok
2023,Exterior of unit shaded by trees or other buildings:,No,"$30,000 to $39,999","4,283",4283.0,ok
2023,Exterior of unit shaded by trees or other buildings:,No,"$40,000 to $49,999","4,019",4019.0,ok
2023,Exterior of unit shaded by trees or other buildings:,No,"$50,000 to $59,999","3,788",3788.0,ok
2023,Exterior of unit shaded by trees or other buildings:,No,"$60,000 to $79,999","6,784",6784.0,ok
2023,Exterior of unit shaded by trees or other buildings:,No,"$80,000 to $99,999","5,030",5030.0,ok
2023,Exterior of unit shaded by trees or other buildings:,No,"Less than $10,000","4,540",4540.0,ok
2023,Exterior of unit shaded by trees or other buildings:,Not reported,"$10,000 to $19,999",176,176.0,ok
2023,Exterior of unit shaded by trees or other buildings:,Not reported,"$100,000 to $119,999",193,193.0,ok
2023,Exterior of unit shaded by trees or other buildings:,Not reported,"$120,000 to $139,999",209,209.0,ok
2023,Exterior of unit shaded by trees or other buildings:,Not reported,"$140,000 to $159,999",125,125.0,ok
2023,Exterior of unit shaded by trees or other buildings:,Not reported,"$160,000 to $179,999",181,181.0,ok
2023,Exterior of unit shaded by trees or other buildings:,Not reported,"$180,000 to $199,999",S,,suppressed
2023,Exterior of unit shaded by trees or other buildings:,Not reported,"$20,000 to $29,999",224,224.0,ok
2023,Exterior of unit shaded by trees or other buildings:,Not reported,"$200,000 or more",315,315.0,ok
2023,Exterior of unit shaded by trees or other buildings:,Not reported,"$30,000 to $39,999",316,316.0,ok
2023,Exterior of unit shaded by trees or other buildings:,Not reported,"$40,000 to $49,999",229,229.0,ok
2023,Exterior of unit shaded by trees or other buildings:,Not reported,"$50,000 to $59,999",290,290.0,ok
2023,Exterior of unit shaded by trees or other buildings:,Not reported,"$60,000 to $79,999",333,333.0,ok
2023,Exterior of unit shaded by trees or other buildings:,Not reported,"$80,000 to $99,999",447,447.0,ok
2023,Exterior of unit shaded by trees or other buildings:,Not reported,"Less than $10,000",361,361.0,ok
2023,Exterior of unit shaded by trees or other buildings:,Yes,"$10,000 to $19,999","4,575",4575.0,ok
2023,Exterior of unit shaded by trees or other buildings:,Yes,"$100,000 to $119,999","6,274",6274.0,ok
2023,Exterior of unit shaded by trees or other buildings:,Yes,"$120,000 to $139,999","4,939",4939.0,ok
2023,Exterior of unit shaded by trees or other buildings:,Yes,"$140,000 to $159,999","3,931",3931.0,ok
2023,Exterior of unit shaded by trees or other buildings:,Yes,"$160,000 to $179,999","2,621",2621.0,ok
2023,Exterior of unit shaded by trees or other buildings:,Yes,"$180,000 to $199,999","1,847",1847.0,ok
2023,Exterior of unit shaded by trees or other buildings:,Yes,"$20,000 to $29,999","5,015",5015.0,ok
2023,Exterior of unit shaded by trees or other buildings:,Yes,"$200,000 or more","9,511",9511.0,ok
2023,Exterior of unit shaded by trees or other buildings:,Yes,"$30,000 to $39,999","5,305",5305.0,ok
2023,Exterior of unit shaded by trees or other buildings:,Yes,"$40,000 to $49,999","5,319",5319.0,ok
2023,Exterior of unit shaded by trees or other buildings:,Yes,"$50,000 to $59,999","5,104",5104.0,ok
2023,Exterior of unit shaded by trees or other buildings:,Yes,"$60,000 to $79,999","9,298",9298.0,ok
2023,Exterior of unit shaded by trees or other buildings:,Yes,"$80,000 to $99,999","7,571",7571.0,ok
2023,Exterior of unit shaded by trees or other buildings:,Yes,"Less than $10,000","4,457",4457.0,ok
2023,External Building Conditions,Bars on windows,"$10,000 to $19,999",246,246.0,ok
2023,External Building Conditions,Bars on windows,"$100,000 to $119,999",116,116.0,ok
2023,External Building Conditions,Bars on windows,"$120,000 to $139,999",105,105.0,ok
2023,External Building Conditions,Bars on windows,"$140,000 to $159,999",95,95.0,ok
2023,External Building Conditions,Bars on windows,"$160,000 to $179,999",83,83.0,ok
2023,External Building Conditions,Bars on windows,"$180,000 to $199,999",54,54.0,ok
2023,External Building Conditions,Bars on windows,"$20,000 to $29,999",207,207.0,ok
2023,External Building Conditions,Bars on windows,"$200,000 or more",171,171.0,ok
2023,External Building Conditions,Bars on windows,"$30,000 to $39,999",215,215.0,ok
2023,External Building Conditions,Bars on windows,"$40,000 to $49,999",190,190.0,ok
2023,External Building Conditions,Bars on windows,"$50,000 to $59,999",193,193.0,ok
2023,External Building Conditions,Bars on windows,"$60,000 to $79,999",287,287.0,ok
2023,External Building Conditions,Bars on windows,"$80,000 to $99,999",222,222.0,ok
2023,External Building Conditions,Bars on windows,"Less than $10,000",221,221.0,ok
2023,External Building Conditions,Boarded up windows,"$10,000 to $19,999",153,153.0,ok
2023,External Building Conditions,Boarded up windows,"$100,000 to $119,999",60,60.0,ok
2023,External Building Conditions,Boarded up windows,"$120,000 to $139,999",S,,suppressed
2023,External Building Conditions,Boarded up windows,"$140,000 to $159,999",S,,suppressed
2023,External Building Conditions,Boarded up windows,"$160,000 to $179,999",S,,suppressed
2023,External Building Conditions,Boarded up windows,"$180,000 to $199,999",S,,suppressed
2023,External Building Conditions,Boarded up windows,"$20,000 to $29,999",113,113.0,ok
2023,External Building Conditions,Boarded up windows,"$200,000 or more",70,70.0,ok
2023,External Building Conditions,Boarded up windows,"$30,000 to $39,999",149,149.0,ok
2023,External Building Conditions,Boarded up windows,"$40,000 to $49,999",84,84.0,ok
2023,External Building Conditions,Boarded up windows,"$50,000 to $59,999",104,104.0,ok
2023,External Building Conditions,Boarded up windows,"$60,000 to $79,999",109,109.0,ok
2023,External Building Conditions,Boarded up windows,"$80,000 to $99,999",97,97.0,ok
2023,External Building Conditions,Boarded up windows,"Less than $10,000",179,179.0,ok
2023,External Building Conditions,Broken windows,"$10,000 to $19,999",411,411.0,ok
2023,External Building Conditions,Broken windows,"$100,000 to $119,999",247,247.0,ok
2023,External Building Conditions,Broken windows,"$120,000 to $139,999",236,236.0,ok
2023,External Building Conditions,Broken windows,"$140,000 to $159,999",179,179.0,ok
2023,External Building Conditions,Broken windows,"$160,000 to $179,999",152,152.0,ok
2023,External Building Conditions,Broken windows,"$180,000 to $199,999",69,69.0,ok
2023,External Building Conditions,Broken windows,"$20,000 to $29,999",356,356.0,ok
2023,External Building Conditions,Broken windows,"$200,000 or more",238,238.0,ok
2023,External Building Conditions,Broken windows,"$30,000 to $39,999",443,443.0,ok
2023,External Building Conditions,Broken windows,"$40,000 to $49,999",307,307.0,ok
2023,External Building Conditions,Broken windows,"$50,000 to $59,999",325,325.0,ok
2023,External Building Conditions,Broken windows,"$60,000 to $79,999",471,471.0,ok
2023,External Building Conditions,Broken windows,"$80,000 to $99,999",323,323.0,ok
2023,External Building Conditions,Broken windows,"Less than $10,000",346,346.0,ok
2023,External Building Conditions,Foundation crumbling or has open crack or hole,"$10,000 to $19,999",362,362.0,ok
2023,External Building Conditions,Foundation crumbling or has open crack or hole,"$100,000 to $119,999",309,309.0,ok
2023,External Building Conditions,Foundation crumbling or has open crack or hole,"$120,000 to $139,999",358,358.0,ok
2023,External Building Conditions,Foundation crumbling or has open crack or hole,"$140,000 to $159,999",229,229.0,ok
2023,External Building Conditions,Foundation crumbling or has open crack or hole,"$160,000 to $179,999",185,185.0,ok
2023,External Building Conditions,Foundation crumbling or has open crack or hole,"$180,000 to $199,999",78,78.0,ok
2023,External Building Conditions,Foundation crumbling or has open crack or hole,"$20,000 to $29,999",329,329.0,ok
2023,External Building Conditions,Foundation crumbling or has open crack or hole,"$200,000 or more",526,526.0,ok
2023,External Building Conditions,Foundation crumbling or has open crack or hole,"$30,000 to $39,999",418,418.0,ok
2023,External Building Conditions,Foundation crumbling or has open crack or hole,"$40,000 to $49,999",387,387.0,ok
2023,External Building Conditions,Foundation crumbling or has open crack or hole,"$50,000 to $59,999",354,354.0,ok
2023,External Building Conditions,Foundation crumbling or has open crack or hole,"$60,000 to $79,999",552,552.0,ok
2023,External Building Conditions,Foundation crumbling or has open crack or hole,"$80,000 to $99,999",463,463.0,ok
2023,External Building Conditions,Foundation crumbling or has open crack or hole,"Less than $10,000",382,382.0,ok
2023,External Building Conditions,Hole in roof,"$10,000 to $19,999",169,169.0,ok
2023,External Building Conditions,Hole in roof,"$100,000 to $119,999",98,98.0,ok
2023,External Building Conditions,Hole in roof,"$120,000 to $139,999",S,,suppressed
2023,External Building Conditions,Hole in roof,"$140,000 to $159,999",48,48.0,ok
2023,External Building Conditions,Hole in roof,"$160,000 to $179,999",S,,suppressed
2023,External Building Conditions,Hole in roof,"$180,000 to $199,999",S,,suppressed
2023,External Building Conditions,Hole in roof,"$20,000 to $29,999",169,169.0,ok
2023,External Building Conditions,Hole in roof,"$200,000 or more",92,92.0,ok
2023,External Building Conditions,Hole in roof,"$30,000 to $39,999",145,145.0,ok
2023,External Building Conditions,Hole in roof,"$40,000 to $49,999",149,149.0,ok
2023,External Building Conditions,Hole in roof,"$50,000 to $59,999",144,144.0,ok
2023,External Building Conditions,Hole in roof,"$60,000 to $79,999",107,107.0,ok
2023,External Building Conditions,Hole in roof,"$80,000 to $99,999",99,99.0,ok
2023,External Building Conditions,Hole in roof,"Less than $10,000",198,198.0,ok
2023,External Building Conditions,"Missing bricks, siding, or other outside wall material","$10,000 to $19,999",212,212.0,ok
2023,External Building Conditions,"Missing bricks, siding, or other outside wall material","$100,000 to $119,999",190,190.0,ok
2023,External Building Conditions,"Missing bricks, siding, or other outside wall material","$120,000 to $139,999",174,174.0,ok
2023,External Building Conditions,"Missing bricks, siding, or other outside wall material","$140,000 to $159,999",139,139.0,ok
2023,External Building Conditions,"Missing bricks, siding, or other outside wall material","$160,000 to $179,999",83,83.0,ok
2023,External Building Conditions,"Missing bricks, siding, or other outside wall material","$180,000 to $199,999",35,35.0,ok
2023,External Building Conditions,"Missing bricks, siding, or other outside wall material","$20,000 to $29,999",218,218.0,ok
2023,External Building Conditions,"Missing bricks, siding, or other outside wall material","$200,000 or more",252,252.0,ok
2023,External Building Conditions,"Missing bricks, siding, or other outside wall material","$30,000 to $39,999",176,176.0,ok
2023,External Building Conditions,"Missing bricks, siding, or other outside wall material","$40,000 to $49,999",254,254.0,ok
2023,External Building Conditions,"Missing bricks, siding, or other outside wall material","$50,000 to $59,999",180,180.0,ok
2023,External Building Conditions,"Missing bricks, siding, or other outside wall material","$60,000 to $79,999",377,377.0,ok
2023,External Building Conditions,"Missing bricks, siding, or other outside wall material","$80,000 to $99,999",269,269.0,ok
2023,External Building Conditions,"Missing bricks, siding, or other outside wall material","Less than $10,000",263,263.0,ok
2023,External Building Conditions,Missing roofing material,"$10,000 to $19,999",335,335.0,ok
2023,External Building Conditions,Missing roofing material,"$100,000 to $119,999",244,244.0,ok
2023,External Building Conditions,Missing roofing material,"$120,000 to $139,999",210,210.0,ok
2023,External Building Conditions,Missing roofing material,"$140,000 to $159,999",154,154.0,ok
2023,External Building Conditions,Missing roofing material,"$160,000 to $179,999",111,111.0,ok
2023,External Building Conditions,Missing roofing material,"$180,000 to $199,999",90,90.0,ok
2023,External Building Conditions,Missing roofing material,"$20,000 to $29,999",292,292.0,ok
2023,External Building Conditions,Missing roofing material,"$200,000 or more",229,229.0,ok
2023,External Building Conditions,Missing roofing material,"$30,000 to $39,999",264,264.0,ok
2023,External Building Conditions,Missing roofing material,"$40,000 to $49,999",259,259.0,ok
2023,External Building Conditions,Missing roofing material,"$50,000 to $59,999",292,292.0,ok
2023,External Building Conditions,Missing roofing material,"$60,000 to $79,999",396,396.0,ok
2023,External Building Conditions,Missing roofing material,"$80,000 to $99,999",323,323.0,ok
2023,External Building Conditions,Missing roofing material,"Less than $10,000",356,356.0,ok
2023,External Building Conditions,Sagging roof,"$10,000 to $19,999",176,176.0,ok
2023,External Building Conditions,Sagging roof,"$100,000 to $119,999",96,96.0,ok
2023,External Building Conditions,Sagging roof,"$120,000 to $139,999",116,116.0,ok
2023,External Building Conditions,Sagging roof,"$140,000 to $159,999",91,91.0,ok
2023,External Building Conditions,Sagging roof,"$160,000 to $179,999",S,,suppressed
2023,External Building Conditions,Sagging roof,"$180,000 to $199,999",S,,suppressed
2023,External Building Conditions,Sagging roof,"$20,000 to $29,999",195,195.0,ok
2023,External Building Conditions,Sagging roof,"$200,000 or more",122,122.0,ok
2023,External Building Conditions,Sagging roof,"$30,000 to $39,999",147,147.0,ok
2023,External Building Conditions,Sagging roof,"$40,000 to $49,999",189,189.0,ok
2023,External Building Conditions,Sagging roof,"$50,000 to $59,999",119,119.0,ok
2023,External Building Conditions,Sagging roof,"$60,000 to $79,999",215,215.0,ok
2023,External Building Conditions,Sagging roof,"$80,000 to $99,999",167,167.0,ok
2023,External Building Conditions,Sagging roof,"Less than $10,000",202,202.0,ok
2023,External Building Conditions,Sloping outside walls,"$10,000 to $19,999",131,131.0,ok
2023,External Building Conditions,Sloping outside walls,"$100,000 to $119,999",82,82.0,ok
2023,External Building Conditions,Sloping outside walls,"$120,000 to $139,999",67,67.0,ok
2023,External Building Conditions,Sloping outside walls,"$140,000 to $159,999",50,50.0,ok
2023,External Building Conditions,Sloping outside walls,"$160,000 to $179,999",S,,suppressed
2023,External Building Conditions,Sloping outside walls,"$180,000 to $199,999",S,,suppressed
2023,External Building Conditions,Sloping outside walls,"$20,000 to $29,999",104,104.0,ok
2023,External Building Conditions,Sloping outside walls,"$200,000 or more",92,92.0,ok
2023,External Building Conditions,Sloping outside walls,"$30,000 to $39,999",95,95.0,ok
2023,External Building Conditions,Sloping outside walls,"$40,000 to $49,999",72,72.0,ok
2023,External Building Conditions,Sloping outside walls,"$50,000 to $59,999",90,90.0,ok
2023,External Building Conditions,Sloping outside walls,"$60,000 to $79,999",144,144.0,ok
2023,External Building Conditions,Sloping outside walls,"$80,000 to $99,999",95,95.0,ok
2023,External Building Conditions,Sloping outside walls,"Less than $10,000",147,147.0,ok
2023,Flush Toilet Breakdowns,No breakdowns lasting 6 hours or more,"$10,000 to $19,999",105,105.0,ok
2023,Flush Toilet Breakdowns,No breakdowns lasting 6 hours or more,"$100,000 to $119,999",S,,suppressed
2023,Flush Toilet Breakdowns,No breakdowns lasting 6 hours or more,"$120,000 to $139,999",S,,suppressed
2023,Flush Toilet Breakdowns,No breakdowns lasting 6 hours or more,"$140,000 to $159,999",S,,suppressed
2023,Flush Toilet Breakdowns,No breakdowns lasting 6 hours or more,"$160,000 to $179,999",S,,suppressed
2023,Flush Toilet Breakdowns,No breakdowns lasting 6 hours or more,"$180,000 to $199,999",S,,suppressed
2023,Flush Toilet Breakdowns,No breakdowns lasting 6 hours or more,"$20,000 to $29,999",S,,suppressed
2023,Flush Toilet Breakdowns,No breakdowns lasting 6 hours or more,"$200,000 or more",S,,suppressed
2023,Flush Toilet Breakdowns,No breakdowns lasting 6 hours or more,"$30,000 to $39,999",S,,suppressed
2023,Flush Toilet Breakdowns,No breakdowns lasting 6 hours or more,"$40,000 to $49,999",43,43.0,ok
2023,Flush Toilet Breakdowns,No breakdowns lasting 6 hours or more,"$50,000 to $59,999",47,47.0,ok
2023,Flush Toilet Breakdowns,No breakdowns lasting 6 hours or more,"$60,000 to $79,999",60,60.0,ok
2023,Flush Toilet Breakdowns,No breakdowns lasting 6 hours or more,"$80,000 to $99,999",S,,suppressed
2023,Flush Toilet Breakdowns,No breakdowns lasting 6 hours or more,"Less than $10,000",S,,suppressed
2023,Flush Toilet Breakdowns,None working some time in last 3 months,"$10,000 to $19,999",356,356.0,ok
2023,Flush Toilet Breakdowns,None working some time in last 3 months,"$100,000 to $119,999",119,119.0,ok
2023,Flush Toilet Breakdowns,None working some time in last 3 months,"$120,000 to $139,999",123,123.0,ok
2023,Flush Toilet Breakdowns,None working some time in last 3 months,"$140,000 to $159,999",77,77.0,ok
2023,Flush Toilet Breakdowns,None working some time in last 3 months,"$160,000 to $179,999",S,,suppressed
2023,Flush Toilet Breakdowns,None working some time in last 3 months,"$180,000 to $199,999",S,,suppressed
2023,Flush Toilet Breakdowns,None working some time in last 3 months,"$20,000 to $29,999",204,204.0,ok
2023,Flush Toilet Breakdowns,None working some time in last 3 months,"$200,000 or more",81,81.0,ok
2023,Flush Toilet Breakdowns,None working some time in last 3 months,"$30,000 to $39,999",233,233.0,ok
2023,Flush Toilet Breakdowns,None working some time in last 3 months,"$40,000 to $49,999",196,196.0,ok
2023,Flush Toilet Breakdowns,None working some time in last 3 months,"$50,000 to $59,999",198,198.0,ok
2023,Flush Toilet Breakdowns,None working some time in last 3 months,"$60,000 to $79,999",217,217.0,ok
2023,Flush Toilet Breakdowns,None working some time in last 3 months,"$80,000 to $99,999",130,130.0,ok
2023,Flush Toilet Breakdowns,None working some time in last 3 months,"Less than $10,000",274,274.0,ok
2023,Flush Toilet Breakdowns,With at least one toilet working at all times in last 3 months,"$10,000 to $19,999","8,617",8617.0,ok
2023,Flush Toilet Breakdowns,With at least one toilet working at all times in last 3 months,"$100,000 to $119,999","9,925",9925.0,ok
2023,Flush Toilet Breakdowns,With at least one toilet working at all times in last 3 months,"$120,000 to $139,999","8,113",8113.0,ok
2023,Flush Toilet Breakdowns,With at least one toilet working at all times in last 3 months,"$140,000 to $159,999","6,569",6569.0,ok
2023,Flush Toilet Breakdowns,With at least one toilet working at all times in last 3 months,"$160,000 to $179,999","4,638",4638.0,ok
2023,Flush Toilet Breakdowns,With at least one toilet working at all times in last 3 months,"$180,000 to $199,999","3,442",3442.0,ok
2023,Flush Toilet Breakdowns,With at least one toilet working at all times in last 3 months,"$20,000 to $29,999","9,150",9150.0,ok
2023,Flush Toilet Breakdowns,With at least one toilet working at all times in last 3 months,"$200,000 or more","14,465",14465.0,ok
2023,Flush Toilet Breakdowns,With at least one toilet working at all times in last 3 months,"$30,000 to $39,999","9,547",9547.0,ok
2023,Flush Toilet Breakdowns,With at least one toilet working at all times in last 3 months,"$40,000 to $49,999","9,254",9254.0,ok
2023,Flush Toilet Breakdowns,With at least one toilet working at all times in last 3 months,"$50,000 to $59,999","9,054",9054.0,ok
2023,Flush Toilet Breakdowns,With at least one toilet working at all times in last 3 months,"$60,000 to $79,999","16,160",16160.0,ok
2023,Flush Toilet Breakdowns,With at least one toilet working at all times in last 3 months,"$80,000 to $99,999","12,915",12915.0,ok
2023,Flush Toilet Breakdowns,With at least one toilet working at all times in last 3 months,"Less than $10,000","8,972",8972.0,ok
2023,Flush Toilet Breakdowns,With one or more flush toilets,"$10,000 to $19,999","8,973",8973.0,ok
2023,Flush Toilet Breakdowns,With one or more flush toilets,"$100,000 to $119,999","10,043",10043.0,ok
2023,Flush Toilet Breakdowns,With one or more flush toilets,"$120,000 to $139,999","8,236",8236.0,ok
2023,Flush Toilet Breakdowns,With one or more flush toilets,"$140,000 to $159,999","6,646",6646.0,ok
2023,Flush Toilet Breakdowns,With one or more flush toilets,"$160,000 to $179,999","4,671",4671.0,ok
2023,Flush Toilet Breakdowns,With one or more flush toilets,"$180,000 to $199,999","3,490",3490.0,ok
2023,Flush Toilet Breakdowns,With one or more flush toilets,"$20,000 to $29,999","9,354",9354.0,ok
2023,Flush Toilet Breakdowns,With one or more flush toilets,"$200,000 or more","14,546",14546.0,ok
2023,Flush Toilet Breakdowns,With one or more flush toilets,"$30,000 to $39,999","9,780",9780.0,ok
2023,Flush Toilet Breakdowns,With one or more flush toilets,"$40,000 to $49,999","9,450",9450.0,ok
2023,Flush Toilet Breakdowns,With one or more flush toilets,"$50,000 to $59,999","9,252",9252.0,ok
2023,Flush Toilet Breakdowns,With one or more flush toilets,"$60,000 to $79,999","16,377",16377.0,ok
2023,Flush Toilet Breakdowns,With one or more flush toilets,"$80,000 to $99,999","13,045",13045.0,ok
2023,Flush Toilet Breakdowns,With one or more flush toilets,"Less than $10,000","9,246",9246.0,ok
2023,Food spoiled:,No,"$10,000 to $19,999","1,652",1652.0,ok
2023,Food spoiled:,No,"$100,000 to $119,999","2,390",2390.0,ok
2023,Food spoiled:,No,"$120,000 to $139,999","1,970",1970.0,ok
2023,Food spoiled:,No,"$140,000 to $159,999","1,909",1909.0,ok
2023,Food spoiled:,No,"$160,000 to $179,999","1,194",1194.0,ok
2023,Food spoiled:,No,"$180,000 to $199,999","1,128",1128.0,ok
2023,Food spoiled:,No,"$20,000 to $29,999","1,755",1755.0,ok
2023,Food spoiled:,No,"$200,000 or more","3,712",3712.0,ok
2023,Food spoiled:,No,"$30,000 to $39,999","1,766",1766.0,ok
2023,Food spoiled:,No,"$40,000 to $49,999","1,980",1980.0,ok
2023,Food spoiled:,No,"$50,000 to $59,999","1,876",1876.0,ok
2023,Food spoiled:,No,"$60,000 to $79,999","3,493",3493.0,ok
2023,Food spoiled:,No,"$80,000 to $99,999","2,908",2908.0,ok
2023,Food spoiled:,No,"Less than $10,000","1,259",1259.0,ok
2023,Food spoiled:,Not reported,"$10,000 to $19,999",S,,suppressed
2023,Food spoiled:,Not reported,"$100,000 to $119,999",.,,blank_or_na
2023,Food spoiled:,Not reported,"$120,000 to $139,999",S,,suppressed
2023,Food spoiled:,Not reported,"$140,000 to $159,999",.,,blank_or_na
2023,Food spoiled:,Not reported,"$160,000 to $179,999",.,,blank_or_na
2023,Food spoiled:,Not reported,"$180,000 to $199,999",.,,blank_or_na
2023,Food spoiled:,Not reported,"$20,000 to $29,999",S,,suppressed
2023,Food spoiled:,Not reported,"$200,000 or more",S,,suppressed
2023,Food spoiled:,Not reported,"$30,000 to $39,999",.,,blank_or_na
2023,Food spoiled:,Not reported,"$40,000 to $49,999",S,,suppressed
2023,Food spoiled:,Not reported,"$50,000 to $59,999",.,,blank_or_na
2023,Food spoiled:,Not reported,"$60,000 to $79,999",.,,blank_or_na
2023,Food spoiled:,Not reported,"$80,000 to $99,999",.,,blank_or_na
2023,Food spoiled:,Not reported,"Less than $10,000",S,,suppressed
2023,Food spoiled:,Yes,"$10,000 to $19,999",369,369.0,ok
2023,Food spoiled:,Yes,"$100,000 to $119,999",376,376.0,ok
2023,Food spoiled:,Yes,"$120,000 to $139,999",294,294.0,ok
2023,Food spoiled:,Yes,"$140,000 to $159,999",241,241.0,ok
2023,Food spoiled:,Yes,"$160,000 to $179,999",156,156.0,ok
2023,Food spoiled:,Yes,"$180,000 to $199,999",87,87.0,ok
2023,Food spoiled:,Yes,"$20,000 to $29,999",381,381.0,ok
2023,Food spoiled:,Yes,"$200,000 or more",497,497.0,ok
2023,Food spoiled:,Yes,"$30,000 to $39,999",357,357.0,ok
2023,Food spoiled:,Yes,"$40,000 to $49,999",273,273.0,ok
2023,Food spoiled:,Yes,"$50,000 to $59,999",334,334.0,ok
2023,Food spoiled:,Yes,"$60,000 to $79,999",696,696.0,ok
2023,Food spoiled:,Yes,"$80,000 to $99,999",556,556.0,ok
2023,Food spoiled:,Yes,"Less than $10,000",239,239.0,ok
2023,Generator Present,1-unit buildings or multiunit buildings with 2 to 4 units,"$10,000 to $19,999","6,263",6263.0,ok
2023,Generator Present,1-unit buildings or multiunit buildings with 2 to 4 units,"$100,000 to $119,999","8,752",8752.0,ok
2023,Generator Present,1-unit buildings or multiunit buildings with 2 to 4 units,"$120,000 to $139,999","7,162",7162.0,ok
2023,Generator Present,1-unit buildings or multiunit buildings with 2 to 4 units,"$140,000 to $159,999","6,075",6075.0,ok
2023,Generator Present,1-unit buildings or multiunit buildings with 2 to 4 units,"$160,000 to $179,999","4,500",4500.0,ok
2023,Generator Present,1-unit buildings or multiunit buildings with 2 to 4 units,"$180,000 to $199,999","3,477",3477.0,ok
2023,Generator Present,1-unit buildings or multiunit buildings with 2 to 4 units,"$20,000 to $29,999","7,176",7176.0,ok
2023,Generator Present,1-unit buildings or multiunit buildings with 2 to 4 units,"$200,000 or more","13,096",13096.0,ok
2023,Generator Present,1-unit buildings or multiunit buildings with 2 to 4 units,"$30,000 to $39,999","7,708",7708.0,ok
2023,Generator Present,1-unit buildings or multiunit buildings with 2 to 4 units,"$40,000 to $49,999","7,262",7262.0,ok
2023,Generator Present,1-unit buildings or multiunit buildings with 2 to 4 units,"$50,000 to $59,999","7,430",7430.0,ok
2023,Generator Present,1-unit buildings or multiunit buildings with 2 to 4 units,"$60,000 to $79,999","13,413",13413.0,ok
2023,Generator Present,1-unit buildings or multiunit buildings with 2 to 4 units,"$80,000 to $99,999","10,978",10978.0,ok
2023,Generator Present,1-unit buildings or multiunit buildings with 2 to 4 units,"Less than $10,000","6,470",6470.0,ok
2023,Generator Present,No,"$10,000 to $19,999","5,257",5257.0,ok
2023,Generator Present,No,"$100,000 to $119,999","6,577",6577.0,ok
2023,Generator Present,No,"$120,000 to $139,999","5,379",5379.0,ok
2023,Generator Present,No,"$140,000 to $159,999","4,632",4632.0,ok
2023,Generator Present,No,"$160,000 to $179,999","3,396",3396.0,ok
2023,Generator Present,No,"$180,000 to $199,999","2,556",2556.0,ok
2023,Generator Present,No,"$20,000 to $29,999","5,949",5949.0,ok
2023,Generator Present,No,"$200,000 or more","10,080",10080.0,ok
2023,Generator Present,No,"$30,000 to $39,999","6,227",6227.0,ok
2023,Generator Present,No,"$40,000 to $49,999","5,888",5888.0,ok
2023,Generator Present,No,"$50,000 to $59,999","5,961",5961.0,ok
2023,Generator Present,No,"$60,000 to $79,999","10,379",10379.0,ok
2023,Generator Present,No,"$80,000 to $99,999","8,299",8299.0,ok
2023,Generator Present,No,"Less than $10,000","5,418",5418.0,ok
2023,Generator Present,Not reported,"$10,000 to $19,999",S,,suppressed
2023,Generator Present,Not reported,"$100,000 to $119,999",S,,suppressed
2023,Generator Present,Not reported,"$120,000 to $139,999",S,,suppressed
2023,Generator Present,Not reported,"$140,000 to $159,999",S,,suppressed
2023,Generator Present,Not reported,"$160,000 to $179,999",S,,suppressed
2023,Generator Present,Not reported,"$180,000 to $199,999",S,,suppressed
2023,Generator Present,Not reported,"$20,000 to $29,999",S,,suppressed
2023,Generator Present,Not reported,"$200,000 or more",75,75.0,ok
2023,Generator Present,Not reported,"$30,000 to $39,999",S,,suppressed
2023,Generator Present,Not reported,"$40,000 to $49,999",S,,suppressed
2023,Generator Present,Not reported,"$50,000 to $59,999",S,,suppressed
2023,Generator Present,Not reported,"$60,000 to $79,999",S,,suppressed
2023,Generator Present,Not reported,"$80,000 to $99,999",106,106.0,ok
2023,Generator Present,Not reported,"Less than $10,000",S,,suppressed
2023,Generator Present,Yes,"$10,000 to $19,999",996,996.0,ok
2023,Generator Present,Yes,"$100,000 to $119,999","2,149",2149.0,ok
2023,Generator Present,Yes,"$120,000 to $139,999","1,708",1708.0,ok
2023,Generator Present,Yes,"$140,000 to $159,999","1,386",1386.0,ok
2023,Generator Present,Yes,"$160,000 to $179,999","1,053",1053.0,ok
2023,Generator Present,Yes,"$180,000 to $199,999",891,891.0,ok
2023,Generator Present,Yes,"$20,000 to $29,999","1,184",1184.0,ok
2023,Generator Present,Yes,"$200,000 or more","2,942",2942.0,ok
2023,Generator Present,Yes,"$30,000 to $39,999","1,377",1377.0,ok
2023,Generator Present,Yes,"$40,000 to $49,999","1,328",1328.0,ok
2023,Generator Present,Yes,"$50,000 to $59,999","1,414",1414.0,ok
2023,Generator Present,Yes,"$60,000 to $79,999","2,933",2933.0,ok
2023,Generator Present,Yes,"$80,000 to $99,999","2,573",2573.0,ok
2023,Generator Present,Yes,"Less than $10,000","1,018",1018.0,ok
2023,Had to leave home and stay somewhere overnight:,No,"$10,000 to $19,999","1,726",1726.0,ok
2023,Had to leave home and stay somewhere overnight:,No,"$100,000 to $119,999","2,533",2533.0,ok
2023,Had to leave home and stay somewhere overnight:,No,"$120,000 to $139,999","2,118",2118.0,ok
2023,Had to leave home and stay somewhere overnight:,No,"$140,000 to $159,999","2,026",2026.0,ok
2023,Had to leave home and stay somewhere overnight:,No,"$160,000 to $179,999","1,297",1297.0,ok
2023,Had to leave home and stay somewhere overnight:,No,"$180,000 to $199,999","1,126",1126.0,ok
2023,Had to leave home and stay somewhere overnight:,No,"$20,000 to $29,999","1,881",1881.0,ok
2023,Had to leave home and stay somewhere overnight:,No,"$200,000 or more","4,033",4033.0,ok
2023,Had to leave home and stay somewhere overnight:,No,"$30,000 to $39,999","1,887",1887.0,ok
2023,Had to leave home and stay somewhere overnight:,No,"$40,000 to $49,999","2,088",2088.0,ok
2023,Had to leave home and stay somewhere overnight:,No,"$50,000 to $59,999","1,972",1972.0,ok
2023,Had to leave home and stay somewhere overnight:,No,"$60,000 to $79,999","3,831",3831.0,ok
2023,Had to leave home and stay somewhere overnight:,No,"$80,000 to $99,999","3,165",3165.0,ok
2023,Had to leave home and stay somewhere overnight:,No,"Less than $10,000","1,310",1310.0,ok
2023,Had to leave home and stay somewhere overnight:,Not reported,"$10,000 to $19,999",.,,blank_or_na
2023,Had to leave home and stay somewhere overnight:,Not reported,"$100,000 to $119,999",.,,blank_or_na
2023,Had to leave home and stay somewhere overnight:,Not reported,"$120,000 to $139,999",.,,blank_or_na
2023,Had to leave home and stay somewhere overnight:,Not reported,"$140,000 to $159,999",.,,blank_or_na
2023,Had to leave home and stay somewhere overnight:,Not reported,"$160,000 to $179,999",.,,blank_or_na
2023,Had to leave home and stay somewhere overnight:,Not reported,"$180,000 to $199,999",S,,suppressed
2023,Had to leave home and stay somewhere overnight:,Not reported,"$20,000 to $29,999",.,,blank_or_na
2023,Had to leave home and stay somewhere overnight:,Not reported,"$200,000 or more",.,,blank_or_na
2023,Had to leave home and stay somewhere overnight:,Not reported,"$30,000 to $39,999",.,,blank_or_na
2023,Had to leave home and stay somewhere overnight:,Not reported,"$40,000 to $49,999",.,,blank_or_na
2023,Had to leave home and stay somewhere overnight:,Not reported,"$50,000 to $59,999",.,,blank_or_na
2023,Had to leave home and stay somewhere overnight:,Not reported,"$60,000 to $79,999",S,,suppressed
2023,Had to leave home and stay somewhere overnight:,Not reported,"$80,000 to $99,999",.,,blank_or_na
2023,Had to leave home and stay somewhere overnight:,Not reported,"Less than $10,000",S,,suppressed
2023,Had to leave home and stay somewhere overnight:,Yes,"$10,000 to $19,999",298,298.0,ok
2023,Had to leave home and stay somewhere overnight:,Yes,"$100,000 to $119,999",232,232.0,ok
2023,Had to leave home and stay somewhere overnight:,Yes,"$120,000 to $139,999",148,148.0,ok
2023,Had to leave home and stay somewhere overnight:,Yes,"$140,000 to $159,999",124,124.0,ok
2023,Had to leave home and stay somewhere overnight:,Yes,"$160,000 to $179,999",S,,suppressed
2023,Had to leave home and stay somewhere overnight:,Yes,"$180,000 to $199,999",S,,suppressed
2023,Had to leave home and stay somewhere overnight:,Yes,"$20,000 to $29,999",257,257.0,ok
2023,Had to leave home and stay somewhere overnight:,Yes,"$200,000 or more",182,182.0,ok
2023,Had to leave home and stay somewhere overnight:,Yes,"$30,000 to $39,999",235,235.0,ok
2023,Had to leave home and stay somewhere overnight:,Yes,"$40,000 to $49,999",166,166.0,ok
2023,Had to leave home and stay somewhere overnight:,Yes,"$50,000 to $59,999",238,238.0,ok
2023,Had to leave home and stay somewhere overnight:,Yes,"$60,000 to $79,999",345,345.0,ok
2023,Had to leave home and stay somewhere overnight:,Yes,"$80,000 to $99,999",300,300.0,ok
2023,Had to leave home and stay somewhere overnight:,Yes,"Less than $10,000",188,188.0,ok
2023,Heating Problems,Equipment breakdowns,"$10,000 to $19,999",321,321.0,ok
2023,Heating Problems,Equipment breakdowns,"$100,000 to $119,999",188,188.0,ok
2023,Heating Problems,Equipment breakdowns,"$120,000 to $139,999",148,148.0,ok
2023,Heating Problems,Equipment breakdowns,"$140,000 to $159,999",133,133.0,ok
2023,Heating Problems,Equipment breakdowns,"$160,000 to $179,999",73,73.0,ok
2023,Heating Problems,Equipment breakdowns,"$180,000 to $199,999",97,97.0,ok
2023,Heating Problems,Equipment breakdowns,"$20,000 to $29,999",351,351.0,ok
2023,Heating Problems,Equipment breakdowns,"$200,000 or more",210,210.0,ok
2023,Heating Problems,Equipment breakdowns,"$30,000 to $39,999",333,333.0,ok
2023,Heating Problems,Equipment breakdowns,"$40,000 to $49,999",239,239.0,ok
2023,Heating Problems,Equipment breakdowns,"$50,000 to $59,999",226,226.0,ok
2023,Heating Problems,Equipment breakdowns,"$60,000 to $79,999",426,426.0,ok
2023,Heating Problems,Equipment breakdowns,"$80,000 to $99,999",340,340.0,ok
2023,Heating Problems,Equipment breakdowns,"Less than $10,000",324,324.0,ok
2023,Heating Problems,No breakdowns lasting 6 hours or more,"$10,000 to $19,999",S,,suppressed
2023,Heating Problems,No breakdowns lasting 6 hours or more,"$100,000 to $119,999",S,,suppressed
2023,Heating Problems,No breakdowns lasting 6 hours or more,"$120,000 to $139,999",S,,suppressed
2023,Heating Problems,No breakdowns lasting 6 hours or more,"$140,000 to $159,999",.,,blank_or_na
2023,Heating Problems,No breakdowns lasting 6 hours or more,"$160,000 to $179,999",.,,blank_or_na
2023,Heating Problems,No breakdowns lasting 6 hours or more,"$180,000 to $199,999",.,,blank_or_na
2023,Heating Problems,No breakdowns lasting 6 hours or more,"$20,000 to $29,999",S,,suppressed
2023,Heating Problems,No breakdowns lasting 6 hours or more,"$200,000 or more",S,,suppressed
2023,Heating Problems,No breakdowns lasting 6 hours or more,"$30,000 to $39,999",S,,suppressed
2023,Heating Problems,No breakdowns lasting 6 hours or more,"$40,000 to $49,999",S,,suppressed
2023,Heating Problems,No breakdowns lasting 6 hours or more,"$50,000 to $59,999",S,,suppressed
2023,Heating Problems,No breakdowns lasting 6 hours or more,"$60,000 to $79,999",S,,suppressed
2023,Heating Problems,No breakdowns lasting 6 hours or more,"$80,000 to $99,999",S,,suppressed
2023,Heating Problems,No breakdowns lasting 6 hours or more,"Less than $10,000",S,,suppressed
2023,Heating Problems,Not uncomfortably cold for 24 hours or more,"$10,000 to $19,999","7,620",7620.0,ok
2023,Heating Problems,Not uncomfortably cold for 24 hours or more,"$100,000 to $119,999","9,037",9037.0,ok
2023,Heating Problems,Not uncomfortably cold for 24 hours or more,"$120,000 to $139,999","7,467",7467.0,ok
2023,Heating Problems,Not uncomfortably cold for 24 hours or more,"$140,000 to $159,999","6,040",6040.0,ok
2023,Heating Problems,Not uncomfortably cold for 24 hours or more,"$160,000 to $179,999","4,343",4343.0,ok
2023,Heating Problems,Not uncomfortably cold for 24 hours or more,"$180,000 to $199,999","3,187",3187.0,ok
2023,Heating Problems,Not uncomfortably cold for 24 hours or more,"$20,000 to $29,999","8,073",8073.0,ok
2023,Heating Problems,Not uncomfortably cold for 24 hours or more,"$200,000 or more","13,292",13292.0,ok
2023,Heating Problems,Not uncomfortably cold for 24 hours or more,"$30,000 to $39,999","8,383",8383.0,ok
2023,Heating Problems,Not uncomfortably cold for 24 hours or more,"$40,000 to $49,999","8,283",8283.0,ok
2023,Heating Problems,Not uncomfortably cold for 24 hours or more,"$50,000 to $59,999","8,110",8110.0,ok
2023,Heating Problems,Not uncomfortably cold for 24 hours or more,"$60,000 to $79,999","14,364",14364.0,ok
2023,Heating Problems,Not uncomfortably cold for 24 hours or more,"$80,000 to $99,999","11,565",11565.0,ok
2023,Heating Problems,Not uncomfortably cold for 24 hours or more,"Less than $10,000","7,823",7823.0,ok
2023,Heating Problems,Uncomfortably cold for 24 hours or more,"$10,000 to $19,999",958,958.0,ok
2023,Heating Problems,Uncomfortably cold for 24 hours or more,"$100,000 to $119,999",610,610.0,ok
2023,Heating Problems,Uncomfortably cold for 24 hours or more,"$120,000 to $139,999",448,448.0,ok
2023,Heating Problems,Uncomfortably cold for 24 hours or more,"$140,000 to $159,999",385,385.0,ok
2023,Heating Problems,Uncomfortably cold for 24 hours or more,"$160,000 to $179,999",212,212.0,ok
2023,Heating Problems,Uncomfortably cold for 24 hours or more,"$180,000 to $199,999",211,211.0,ok
2023,Heating Problems,Uncomfortably cold for 24 hours or more,"$20,000 to $29,999",893,893.0,ok
2023,Heating Problems,Uncomfortably cold for 24 hours or more,"$200,000 or more",803,803.0,ok
2023,Heating Problems,Uncomfortably cold for 24 hours or more,"$30,000 to $39,999",892,892.0,ok
2023,Heating Problems,Uncomfortably cold for 24 hours or more,"$40,000 to $49,999",745,745.0,ok
2023,Heating Problems,Uncomfortably cold for 24 hours or more,"$50,000 to $59,999",663,663.0,ok
2023,Heating Problems,Uncomfortably cold for 24 hours or more,"$60,000 to $79,999","1,311",1311.0,ok
2023,Heating Problems,Uncomfortably cold for 24 hours or more,"$80,000 to $99,999",897,897.0,ok
2023,Heating Problems,Uncomfortably cold for 24 hours or more,"Less than $10,000",944,944.0,ok
2023,Heating Problems,With heating equipment and occupied last winter,"$10,000 to $19,999","8,578",8578.0,ok
2023,Heating Problems,With heating equipment and occupied last winter,"$100,000 to $119,999","9,647",9647.0,ok
2023,Heating Problems,With heating equipment and occupied last winter,"$120,000 to $139,999","7,914",7914.0,ok
2023,Heating Problems,With heating equipment and occupied last winter,"$140,000 to $159,999","6,425",6425.0,ok
2023,Heating Problems,With heating equipment and occupied last winter,"$160,000 to $179,999","4,555",4555.0,ok
2023,Heating Problems,With heating equipment and occupied last winter,"$180,000 to $199,999","3,398",3398.0,ok
2023,Heating Problems,With heating equipment and occupied last winter,"$20,000 to $29,999","8,967",8967.0,ok
2023,Heating Problems,With heating equipment and occupied last winter,"$200,000 or more","14,095",14095.0,ok
2023,Heating Problems,With heating equipment and occupied last winter,"$30,000 to $39,999","9,275",9275.0,ok
2023,Heating Problems,With heating equipment and occupied last winter,"$40,000 to $49,999","9,028",9028.0,ok
2023,Heating Problems,With heating equipment and occupied last winter,"$50,000 to $59,999","8,773",8773.0,ok
2023,Heating Problems,With heating equipment and occupied last winter,"$60,000 to $79,999","15,676",15676.0,ok
2023,Heating Problems,With heating equipment and occupied last winter,"$80,000 to $99,999","12,461",12461.0,ok
2023,Heating Problems,With heating equipment and occupied last winter,"Less than $10,000","8,767",8767.0,ok
2023,Housing Adequacy,Adequate,"$10,000 to $19,999","8,100",8100.0,ok
2023,Housing Adequacy,Adequate,"$100,000 to $119,999","9,769",9769.0,ok
2023,Housing Adequacy,Adequate,"$120,000 to $139,999","7,995",7995.0,ok
2023,Housing Adequacy,Adequate,"$140,000 to $159,999","6,483",6483.0,ok
2023,Housing Adequacy,Adequate,"$160,000 to $179,999","4,576",4576.0,ok
2023,Housing Adequacy,Adequate,"$180,000 to $199,999","3,403",3403.0,ok
2023,Housing Adequacy,Adequate,"$20,000 to $29,999","8,748",8748.0,ok
2023,Housing Adequacy,Adequate,"$200,000 or more","14,139",14139.0,ok
2023,Housing Adequacy,Adequate,"$30,000 to $39,999","9,186",9186.0,ok
2023,Housing Adequacy,Adequate,"$40,000 to $49,999","8,940",8940.0,ok
2023,Housing Adequacy,Adequate,"$50,000 to $59,999","8,808",8808.0,ok
2023,Housing Adequacy,Adequate,"$60,000 to $79,999","15,595",15595.0,ok
2023,Housing Adequacy,Adequate,"$80,000 to $99,999","12,543",12543.0,ok
2023,Housing Adequacy,Adequate,"Less than $10,000","8,492",8492.0,ok
2023,Housing Adequacy,Electric or wiring,"$10,000 to $19,999",S,,suppressed
2023,Housing Adequacy,Electric or wiring,"$100,000 to $119,999",S,,suppressed
2023,Housing Adequacy,Electric or wiring,"$120,000 to $139,999",S,,suppressed
2023,Housing Adequacy,Electric or wiring,"$140,000 to $159,999",.,,blank_or_na
2023,Housing Adequacy,Electric or wiring,"$160,000 to $179,999",S,,suppressed
2023,Housing Adequacy,Electric or wiring,"$180,000 to $199,999",S,,suppressed
2023,Housing Adequacy,Electric or wiring,"$20,000 to $29,999",S,,suppressed
2023,Housing Adequacy,Electric or wiring,"$200,000 or more",S,,suppressed
2023,Housing Adequacy,Electric or wiring,"$30,000 to $39,999",S,,suppressed
2023,Housing Adequacy,Electric or wiring,"$40,000 to $49,999",S,,suppressed
2023,Housing Adequacy,Electric or wiring,"$50,000 to $59,999",S,,suppressed
2023,Housing Adequacy,Electric or wiring,"$60,000 to $79,999",S,,suppressed
2023,Housing Adequacy,Electric or wiring,"$80,000 to $99,999",S,,suppressed
2023,Housing Adequacy,Electric or wiring,"Less than $10,000",43,43.0,ok
2023,Housing Adequacy,Heating,"$10,000 to $19,999",118,118.0,ok
2023,Housing Adequacy,Heating,"$100,000 to $119,999",S,,suppressed
2023,Housing Adequacy,Heating,"$120,000 to $139,999",S,,suppressed
2023,Housing Adequacy,Heating,"$140,000 to $159,999",S,,suppressed
2023,Housing Adequacy,Heating,"$160,000 to $179,999",S,,suppressed
2023,Housing Adequacy,Heating,"$180,000 to $199,999",S,,suppressed
2023,Housing Adequacy,Heating,"$20,000 to $29,999",133,133.0,ok
2023,Housing Adequacy,Heating,"$200,000 or more",S,,suppressed
2023,Housing Adequacy,Heating,"$30,000 to $39,999",104,104.0,ok
2023,Housing Adequacy,Heating,"$40,000 to $49,999",71,71.0,ok
2023,Housing Adequacy,Heating,"$50,000 to $59,999",99,99.0,ok
2023,Housing Adequacy,Heating,"$60,000 to $79,999",93,93.0,ok
2023,Housing Adequacy,Heating,"$80,000 to $99,999",70,70.0,ok
2023,Housing Adequacy,Heating,"Less than $10,000",125,125.0,ok
2023,Housing Adequacy,Moderately inadequate,"$10,000 to $19,999",647,647.0,ok
2023,Housing Adequacy,Moderately inadequate,"$100,000 to $119,999",216,216.0,ok
2023,Housing Adequacy,Moderately inadequate,"$120,000 to $139,999",200,200.0,ok
2023,Housing Adequacy,Moderately inadequate,"$140,000 to $159,999",143,143.0,ok
2023,Housing Adequacy,Moderately inadequate,"$160,000 to $179,999",80,80.0,ok
2023,Housing Adequacy,Moderately inadequate,"$180,000 to $199,999",51,51.0,ok
2023,Housing Adequacy,Moderately inadequate,"$20,000 to $29,999",406,406.0,ok
2023,Housing Adequacy,Moderately inadequate,"$200,000 or more",364,364.0,ok
2023,Housing Adequacy,Moderately inadequate,"$30,000 to $39,999",459,459.0,ok
2023,Housing Adequacy,Moderately inadequate,"$40,000 to $49,999",404,404.0,ok
2023,Housing Adequacy,Moderately inadequate,"$50,000 to $59,999",311,311.0,ok
2023,Housing Adequacy,Moderately inadequate,"$60,000 to $79,999",635,635.0,ok
2023,Housing Adequacy,Moderately inadequate,"$80,000 to $99,999",367,367.0,ok
2023,Housing Adequacy,Moderately inadequate,"Less than $10,000",519,519.0,ok
2023,Housing Adequacy,Other,"$10,000 to $19,999",388,388.0,ok
2023,Housing Adequacy,Other,"$100,000 to $119,999",70,70.0,ok
2023,Housing Adequacy,Other,"$120,000 to $139,999",98,98.0,ok
2023,Housing Adequacy,Other,"$140,000 to $159,999",61,61.0,ok
2023,Housing Adequacy,Other,"$160,000 to $179,999",S,,suppressed
2023,Housing Adequacy,Other,"$180,000 to $199,999",S,,suppressed
2023,Housing Adequacy,Other,"$20,000 to $29,999",244,244.0,ok
2023,Housing Adequacy,Other,"$200,000 or more",105,105.0,ok
2023,Housing Adequacy,Other,"$30,000 to $39,999",184,184.0,ok
2023,Housing Adequacy,Other,"$40,000 to $49,999",156,156.0,ok
2023,Housing Adequacy,Other,"$50,000 to $59,999",158,158.0,ok
2023,Housing Adequacy,Other,"$60,000 to $79,999",296,296.0,ok
2023,Housing Adequacy,Other,"$80,000 to $99,999",136,136.0,ok
2023,Housing Adequacy,Other,"Less than $10,000",297,297.0,ok
2023,Housing Adequacy,Plumbing,"$10,000 to $19,999",98,98.0,ok
2023,Housing Adequacy,Plumbing,"$100,000 to $119,999",S,,suppressed
2023,Housing Adequacy,Plumbing,"$120,000 to $139,999",S,,suppressed
2023,Housing Adequacy,Plumbing,"$140,000 to $159,999",.,,blank_or_na
2023,Housing Adequacy,Plumbing,"$160,000 to $179,999",S,,suppressed
2023,Housing Adequacy,Plumbing,"$180,000 to $199,999",S,,suppressed
2023,Housing Adequacy,Plumbing,"$20,000 to $29,999",S,,suppressed
2023,Housing Adequacy,Plumbing,"$200,000 or more",S,,suppressed
2023,Housing Adequacy,Plumbing,"$30,000 to $39,999",S,,suppressed
2023,Housing Adequacy,Plumbing,"$40,000 to $49,999",S,,suppressed
2023,Housing Adequacy,Plumbing,"$50,000 to $59,999",S,,suppressed
2023,Housing Adequacy,Plumbing,"$60,000 to $79,999",S,,suppressed
2023,Housing Adequacy,Plumbing,"$80,000 to $99,999",S,,suppressed
2023,Housing Adequacy,Plumbing,"Less than $10,000",101,101.0,ok
2023,Housing Adequacy,Severely inadequate,"$10,000 to $19,999",263,263.0,ok
2023,Housing Adequacy,Severely inadequate,"$100,000 to $119,999",67,67.0,ok
2023,Housing Adequacy,Severely inadequate,"$120,000 to $139,999",S,,suppressed
2023,Housing Adequacy,Severely inadequate,"$140,000 to $159,999",S,,suppressed
2023,Housing Adequacy,Severely inadequate,"$160,000 to $179,999",S,,suppressed
2023,Housing Adequacy,Severely inadequate,"$180,000 to $199,999",S,,suppressed
2023,Housing Adequacy,Severely inadequate,"$20,000 to $29,999",214,214.0,ok
2023,Housing Adequacy,Severely inadequate,"$200,000 or more",48,48.0,ok
2023,Housing Adequacy,Severely inadequate,"$30,000 to $39,999",140,140.0,ok
2023,Housing Adequacy,Severely inadequate,"$40,000 to $49,999",118,118.0,ok
2023,Housing Adequacy,Severely inadequate,"$50,000 to $59,999",139,139.0,ok
2023,Housing Adequacy,Severely inadequate,"$60,000 to $79,999",147,147.0,ok
2023,Housing Adequacy,Severely inadequate,"$80,000 to $99,999",135,135.0,ok
2023,Housing Adequacy,Severely inadequate,"Less than $10,000",260,260.0,ok
2023,Housing Adequacy,Upkeep,"$10,000 to $19,999",51,51.0,ok
2023,Housing Adequacy,Upkeep,"$100,000 to $119,999",S,,suppressed
2023,Housing Adequacy,Upkeep,"$120,000 to $139,999",S,,suppressed
2023,Housing Adequacy,Upkeep,"$140,000 to $159,999",.,,blank_or_na
2023,Housing Adequacy,Upkeep,"$160,000 to $179,999",.,,blank_or_na
2023,Housing Adequacy,Upkeep,"$180,000 to $199,999",S,,suppressed
2023,Housing Adequacy,Upkeep,"$20,000 to $29,999",S,,suppressed
2023,Housing Adequacy,Upkeep,"$200,000 or more",S,,suppressed
2023,Housing Adequacy,Upkeep,"$30,000 to $39,999",S,,suppressed
2023,Housing Adequacy,Upkeep,"$40,000 to $49,999",S,,suppressed
2023,Housing Adequacy,Upkeep,"$50,000 to $59,999",S,,suppressed
2023,Housing Adequacy,Upkeep,"$60,000 to $79,999",S,,suppressed
2023,Housing Adequacy,Upkeep,"$80,000 to $99,999",S,,suppressed
2023,Housing Adequacy,Upkeep,"Less than $10,000",73,73.0,ok
2023,How well home stays cool without aid of cooling device:,Not reported,"$10,000 to $19,999",293,293.0,ok
2023,How well home stays cool without aid of cooling device:,Not reported,"$100,000 to $119,999",241,241.0,ok
2023,How well home stays cool without aid of cooling device:,Not reported,"$120,000 to $139,999",312,312.0,ok
2023,How well home stays cool without aid of cooling device:,Not reported,"$140,000 to $159,999",208,208.0,ok
2023,How well home stays cool without aid of cooling device:,Not reported,"$160,000 to $179,999",225,225.0,ok
2023,How well home stays cool without aid of cooling device:,Not reported,"$180,000 to $199,999",S,,suppressed
2023,How well home stays cool without aid of cooling device:,Not reported,"$20,000 to $29,999",380,380.0,ok
2023,How well home stays cool without aid of cooling device:,Not reported,"$200,000 or more",475,475.0,ok
2023,How well home stays cool without aid of cooling device:,Not reported,"$30,000 to $39,999",366,366.0,ok
2023,How well home stays cool without aid of cooling device:,Not reported,"$40,000 to $49,999",299,299.0,ok
2023,How well home stays cool without aid of cooling device:,Not reported,"$50,000 to $59,999",403,403.0,ok
2023,How well home stays cool without aid of cooling device:,Not reported,"$60,000 to $79,999",432,432.0,ok
2023,How well home stays cool without aid of cooling device:,Not reported,"$80,000 to $99,999",527,527.0,ok
2023,How well home stays cool without aid of cooling device:,Not reported,"Less than $10,000",447,447.0,ok
2023,How well home stays cool without aid of cooling device:,Not very well,"$10,000 to $19,999","1,116",1116.0,ok
2023,How well home stays cool without aid of cooling device:,Not very well,"$100,000 to $119,999","1,734",1734.0,ok
2023,How well home stays cool without aid of cooling device:,Not very well,"$120,000 to $139,999","1,266",1266.0,ok
2023,How well home stays cool without aid of cooling device:,Not very well,"$140,000 to $159,999","1,006",1006.0,ok
2023,How well home stays cool without aid of cooling device:,Not very well,"$160,000 to $179,999",742,742.0,ok
2023,How well home stays cool without aid of cooling device:,Not very well,"$180,000 to $199,999",603,603.0,ok
2023,How well home stays cool without aid of cooling device:,Not very well,"$20,000 to $29,999","1,187",1187.0,ok
2023,How well home stays cool without aid of cooling device:,Not very well,"$200,000 or more","2,477",2477.0,ok
2023,How well home stays cool without aid of cooling device:,Not very well,"$30,000 to $39,999","1,617",1617.0,ok
2023,How well home stays cool without aid of cooling device:,Not very well,"$40,000 to $49,999","1,525",1525.0,ok
2023,How well home stays cool without aid of cooling device:,Not very well,"$50,000 to $59,999","1,361",1361.0,ok
2023,How well home stays cool without aid of cooling device:,Not very well,"$60,000 to $79,999","2,457",2457.0,ok
2023,How well home stays cool without aid of cooling device:,Not very well,"$80,000 to $99,999","2,114",2114.0,ok
2023,How well home stays cool without aid of cooling device:,Not very well,"Less than $10,000","1,137",1137.0,ok
2023,How well home stays cool without aid of cooling device:,Not well at all,"$10,000 to $19,999","1,759",1759.0,ok
2023,How well home stays cool without aid of cooling device:,Not well at all,"$100,000 to $119,999","1,646",1646.0,ok
2023,How well home stays cool without aid of cooling device:,Not well at all,"$120,000 to $139,999","1,417",1417.0,ok
2023,How well home stays cool without aid of cooling device:,Not well at all,"$140,000 to $159,999","1,155",1155.0,ok
2023,How well home stays cool without aid of cooling device:,Not well at all,"$160,000 to $179,999",713,713.0,ok
2023,How well home stays cool without aid of cooling device:,Not well at all,"$180,000 to $199,999",491,491.0,ok
2023,How well home stays cool without aid of cooling device:,Not well at all,"$20,000 to $29,999","1,630",1630.0,ok
2023,How well home stays cool without aid of cooling device:,Not well at all,"$200,000 or more","2,116",2116.0,ok
2023,How well home stays cool without aid of cooling device:,Not well at all,"$30,000 to $39,999","1,868",1868.0,ok
2023,How well home stays cool without aid of cooling device:,Not well at all,"$40,000 to $49,999","1,914",1914.0,ok
2023,How well home stays cool without aid of cooling device:,Not well at all,"$50,000 to $59,999","1,645",1645.0,ok
2023,How well home stays cool without aid of cooling device:,Not well at all,"$60,000 to $79,999","3,062",3062.0,ok
2023,How well home stays cool without aid of cooling device:,Not well at all,"$80,000 to $99,999","2,116",2116.0,ok
2023,How well home stays cool without aid of cooling device:,Not well at all,"Less than $10,000","1,673",1673.0,ok
2023,How well home stays cool without aid of cooling device:,Somewhat well,"$10,000 to $19,999","2,941",2941.0,ok
2023,How well home stays cool without aid of cooling device:,Somewhat well,"$100,000 to $119,999","3,562",3562.0,ok
2023,How well home stays cool without aid of cooling device:,Somewhat well,"$120,000 to $139,999","3,019",3019.0,ok
2023,How well home stays cool without aid of cooling device:,Somewhat well,"$140,000 to $159,999","2,331",2331.0,ok
2023,How well home stays cool without aid of cooling device:,Somewhat well,"$160,000 to $179,999","1,642",1642.0,ok
2023,How well home stays cool without aid of cooling device:,Somewhat well,"$180,000 to $199,999","1,234",1234.0,ok
2023,How well home stays cool without aid of cooling device:,Somewhat well,"$20,000 to $29,999","2,909",2909.0,ok
2023,How well home stays cool without aid of cooling device:,Somewhat well,"$200,000 or more","5,274",5274.0,ok
2023,How well home stays cool without aid of cooling device:,Somewhat well,"$30,000 to $39,999","3,055",3055.0,ok
2023,How well home stays cool without aid of cooling device:,Somewhat well,"$40,000 to $49,999","2,811",2811.0,ok
2023,How well home stays cool without aid of cooling device:,Somewhat well,"$50,000 to $59,999","2,982",2982.0,ok
2023,How well home stays cool without aid of cooling device:,Somewhat well,"$60,000 to $79,999","5,728",5728.0,ok
2023,How well home stays cool without aid of cooling device:,Somewhat well,"$80,000 to $99,999","4,562",4562.0,ok
2023,How well home stays cool without aid of cooling device:,Somewhat well,"Less than $10,000","2,831",2831.0,ok
2023,How well home stays cool without aid of cooling device:,Very well,"$10,000 to $19,999","2,891",2891.0,ok
2023,How well home stays cool without aid of cooling device:,Very well,"$100,000 to $119,999","2,984",2984.0,ok
2023,How well home stays cool without aid of cooling device:,Very well,"$120,000 to $139,999","2,372",2372.0,ok
2023,How well home stays cool without aid of cooling device:,Very well,"$140,000 to $159,999","1,728",1728.0,ok
2023,How well home stays cool without aid of cooling device:,Very well,"$160,000 to $179,999","1,255",1255.0,ok
2023,How well home stays cool without aid of cooling device:,Very well,"$180,000 to $199,999",861,861.0,ok
2023,How well home stays cool without aid of cooling device:,Very well,"$20,000 to $29,999","3,074",3074.0,ok
2023,How well home stays cool without aid of cooling device:,Very well,"$200,000 or more","4,441",4441.0,ok
2023,How well home stays cool without aid of cooling device:,Very well,"$30,000 to $39,999","2,997",2997.0,ok
2023,How well home stays cool without aid of cooling device:,Very well,"$40,000 to $49,999","3,018",3018.0,ok
2023,How well home stays cool without aid of cooling device:,Very well,"$50,000 to $59,999","2,789",2789.0,ok
2023,How well home stays cool without aid of cooling device:,Very well,"$60,000 to $79,999","4,736",4736.0,ok
2023,How well home stays cool without aid of cooling device:,Very well,"$80,000 to $99,999","3,729",3729.0,ok
2023,How well home stays cool without aid of cooling device:,Very well,"Less than $10,000","3,270",3270.0,ok
2023,Missed work:,Did not have work,"$10,000 to $19,999",430,430.0,ok
2023,Missed work:,Did not have work,"$100,000 to $119,999",135,135.0,ok
2023,Missed work:,Did not have work,"$120,000 to $139,999",S,,suppressed
2023,Missed work:,Did not have work,"$140,000 to $159,999",S,,suppressed
2023,Missed work:,Did not have work,"$160,000 to $179,999",S,,suppressed
2023,Missed work:,Did not have work,"$180,000 to $199,999",S,,suppressed
2023,Missed work:,Did not have work,"$20,000 to $29,999",431,431.0,ok
2023,Missed work:,Did not have work,"$200,000 or more",S,,suppressed
2023,Missed work:,Did not have work,"$30,000 to $39,999",302,302.0,ok
2023,Missed work:,Did not have work,"$40,000 to $49,999",205,205.0,ok
2023,Missed work:,Did not have work,"$50,000 to $59,999",240,240.0,ok
2023,Missed work:,Did not have work,"$60,000 to $79,999",271,271.0,ok
2023,Missed work:,Did not have work,"$80,000 to $99,999",153,153.0,ok
2023,Missed work:,Did not have work,"Less than $10,000",319,319.0,ok
2023,Missed work:,No,"$10,000 to $19,999","1,482",1482.0,ok
2023,Missed work:,No,"$100,000 to $119,999","2,404",2404.0,ok
2023,Missed work:,No,"$120,000 to $139,999","2,083",2083.0,ok
2023,Missed work:,No,"$140,000 to $159,999","1,861",1861.0,ok
2023,Missed work:,No,"$160,000 to $179,999","1,204",1204.0,ok
2023,Missed work:,No,"$180,000 to $199,999","1,083",1083.0,ok
2023,Missed work:,No,"$20,000 to $29,999","1,581",1581.0,ok
2023,Missed work:,No,"$200,000 or more","3,792",3792.0,ok
2023,Missed work:,No,"$30,000 to $39,999","1,658",1658.0,ok
2023,Missed work:,No,"$40,000 to $49,999","1,944",1944.0,ok
2023,Missed work:,No,"$50,000 to $59,999","1,723",1723.0,ok
2023,Missed work:,No,"$60,000 to $79,999","3,631",3631.0,ok
2023,Missed work:,No,"$80,000 to $99,999","3,064",3064.0,ok
2023,Missed work:,No,"Less than $10,000","1,111",1111.0,ok
2023,Missed work:,Not reported,"$10,000 to $19,999",.,,blank_or_na
2023,Missed work:,Not reported,"$100,000 to $119,999",.,,blank_or_na
2023,Missed work:,Not reported,"$120,000 to $139,999",.,,blank_or_na
2023,Missed work:,Not reported,"$140,000 to $159,999",.,,blank_or_na
2023,Missed work:,Not reported,"$160,000 to $179,999",.,,blank_or_na
2023,Missed work:,Not reported,"$180,000 to $199,999",S,,suppressed
2023,Missed work:,Not reported,"$20,000 to $29,999",S,,suppressed
2023,Missed work:,Not reported,"$200,000 or more",.,,blank_or_na
2023,Missed work:,Not reported,"$30,000 to $39,999",.,,blank_or_na
2023,Missed work:,Not reported,"$40,000 to $49,999",.,,blank_or_na
2023,Missed work:,Not reported,"$50,000 to $59,999",S,,suppressed
2023,Missed work:,Not reported,"$60,000 to $79,999",S,,suppressed
2023,Missed work:,Not reported,"$80,000 to $99,999",.,,blank_or_na
2023,Missed work:,Not reported,"Less than $10,000",S,,suppressed
2023,Missed work:,Yes,"$10,000 to $19,999",S,,suppressed
2023,Missed work:,Yes,"$100,000 to $119,999",227,227.0,ok
2023,Missed work:,Yes,"$120,000 to $139,999",134,134.0,ok
2023,Missed work:,Yes,"$140,000 to $159,999",198,198.0,ok
2023,Missed work:,Yes,"$160,000 to $179,999",108,108.0,ok
2023,Missed work:,Yes,"$180,000 to $199,999",S,,suppressed
2023,Missed work:,Yes,"$20,000 to $29,999",123,123.0,ok
2023,Missed work:,Yes,"$200,000 or more",343,343.0,ok
2023,Missed work:,Yes,"$30,000 to $39,999",162,162.0,ok
2023,Missed work:,Yes,"$40,000 to $49,999",105,105.0,ok
2023,Missed work:,Yes,"$50,000 to $59,999",244,244.0,ok
2023,Missed work:,Yes,"$60,000 to $79,999",272,272.0,ok
2023,Missed work:,Yes,"$80,000 to $99,999",248,248.0,ok
2023,Missed work:,Yes,"Less than $10,000",S,,suppressed
2023,Mold,Basement,"$10,000 to $19,999",44,44.0,ok
2023,Mold,Basement,"$100,000 to $119,999",S,,suppressed
2023,Mold,Basement,"$120,000 to $139,999",S,,suppressed
2023,Mold,Basement,"$140,000 to $159,999",S,,suppressed
2023,Mold,Basement,"$160,000 to $179,999",S,,suppressed
2023,Mold,Basement,"$180,000 to $199,999",S,,suppressed
2023,Mold,Basement,"$20,000 to $29,999",S,,suppressed
2023,Mold,Basement,"$200,000 or more",71,71.0,ok
2023,Mold,Basement,"$30,000 to $39,999",S,,suppressed
2023,Mold,Basement,"$40,000 to $49,999",S,,suppressed
2023,Mold,Basement,"$50,000 to $59,999",S,,suppressed
2023,Mold,Basement,"$60,000 to $79,999",45,45.0,ok
2023,Mold,Basement,"$80,000 to $99,999",S,,suppressed
2023,Mold,Basement,"Less than $10,000",S,,suppressed
2023,Mold,Bathroom(s),"$10,000 to $19,999",195,195.0,ok
2023,Mold,Bathroom(s),"$100,000 to $119,999",51,51.0,ok
2023,Mold,Bathroom(s),"$120,000 to $139,999",S,,suppressed
2023,Mold,Bathroom(s),"$140,000 to $159,999",75,75.0,ok
2023,Mold,Bathroom(s),"$160,000 to $179,999",S,,suppressed
2023,Mold,Bathroom(s),"$180,000 to $199,999",S,,suppressed
2023,Mold,Bathroom(s),"$20,000 to $29,999",206,206.0,ok
2023,Mold,Bathroom(s),"$200,000 or more",114,114.0,ok
2023,Mold,Bathroom(s),"$30,000 to $39,999",166,166.0,ok
2023,Mold,Bathroom(s),"$40,000 to $49,999",208,208.0,ok
2023,Mold,Bathroom(s),"$50,000 to $59,999",136,136.0,ok
2023,Mold,Bathroom(s),"$60,000 to $79,999",211,211.0,ok
2023,Mold,Bathroom(s),"$80,000 to $99,999",161,161.0,ok
2023,Mold,Bathroom(s),"Less than $10,000",242,242.0,ok
2023,Mold,Bedroom(s),"$10,000 to $19,999",121,121.0,ok
2023,Mold,Bedroom(s),"$100,000 to $119,999",S,,suppressed
2023,Mold,Bedroom(s),"$120,000 to $139,999",S,,suppressed
2023,Mold,Bedroom(s),"$140,000 to $159,999",S,,suppressed
2023,Mold,Bedroom(s),"$160,000 to $179,999",S,,suppressed
2023,Mold,Bedroom(s),"$180,000 to $199,999",S,,suppressed
2023,Mold,Bedroom(s),"$20,000 to $29,999",97,97.0,ok
2023,Mold,Bedroom(s),"$200,000 or more",58,58.0,ok
2023,Mold,Bedroom(s),"$30,000 to $39,999",116,116.0,ok
2023,Mold,Bedroom(s),"$40,000 to $49,999",84,84.0,ok
2023,Mold,Bedroom(s),"$50,000 to $59,999",47,47.0,ok
2023,Mold,Bedroom(s),"$60,000 to $79,999",107,107.0,ok
2023,Mold,Bedroom(s),"$80,000 to $99,999",63,63.0,ok
2023,Mold,Bedroom(s),"Less than $10,000",118,118.0,ok
2023,Mold,Housing units with mold in last 12 months,"$10,000 to $19,999",408,408.0,ok
2023,Mold,Housing units with mold in last 12 months,"$100,000 to $119,999",151,151.0,ok
2023,Mold,Housing units with mold in last 12 months,"$120,000 to $139,999",123,123.0,ok
2023,Mold,Housing units with mold in last 12 months,"$140,000 to $159,999",166,166.0,ok
2023,Mold,Housing units with mold in last 12 months,"$160,000 to $179,999",71,71.0,ok
2023,Mold,Housing units with mold in last 12 months,"$180,000 to $199,999",52,52.0,ok
2023,Mold,Housing units with mold in last 12 months,"$20,000 to $29,999",385,385.0,ok
2023,Mold,Housing units with mold in last 12 months,"$200,000 or more",316,316.0,ok
2023,Mold,Housing units with mold in last 12 months,"$30,000 to $39,999",378,378.0,ok
2023,Mold,Housing units with mold in last 12 months,"$40,000 to $49,999",373,373.0,ok
2023,Mold,Housing units with mold in last 12 months,"$50,000 to $59,999",282,282.0,ok
2023,Mold,Housing units with mold in last 12 months,"$60,000 to $79,999",461,461.0,ok
2023,Mold,Housing units with mold in last 12 months,"$80,000 to $99,999",317,317.0,ok
2023,Mold,Housing units with mold in last 12 months,"Less than $10,000",425,425.0,ok
2023,Mold,Kitchen,"$10,000 to $19,999",83,83.0,ok
2023,Mold,Kitchen,"$100,000 to $119,999",S,,suppressed
2023,Mold,Kitchen,"$120,000 to $139,999",S,,suppressed
2023,Mold,Kitchen,"$140,000 to $159,999",S,,suppressed
2023,Mold,Kitchen,"$160,000 to $179,999",S,,suppressed
2023,Mold,Kitchen,"$180,000 to $199,999",S,,suppressed
2023,Mold,Kitchen,"$20,000 to $29,999",89,89.0,ok
2023,Mold,Kitchen,"$200,000 or more",S,,suppressed
2023,Mold,Kitchen,"$30,000 to $39,999",77,77.0,ok
2023,Mold,Kitchen,"$40,000 to $49,999",64,64.0,ok
2023,Mold,Kitchen,"$50,000 to $59,999",S,,suppressed
2023,Mold,Kitchen,"$60,000 to $79,999",102,102.0,ok
2023,Mold,Kitchen,"$80,000 to $99,999",S,,suppressed
2023,Mold,Kitchen,"Less than $10,000",114,114.0,ok
2023,Mold,Living room,"$10,000 to $19,999",88,88.0,ok
2023,Mold,Living room,"$100,000 to $119,999",S,,suppressed
2023,Mold,Living room,"$120,000 to $139,999",S,,suppressed
2023,Mold,Living room,"$140,000 to $159,999",S,,suppressed
2023,Mold,Living room,"$160,000 to $179,999",S,,suppressed
2023,Mold,Living room,"$180,000 to $199,999",.,,blank_or_na
2023,Mold,Living room,"$20,000 to $29,999",62,62.0,ok
2023,Mold,Living room,"$200,000 or more",S,,suppressed
2023,Mold,Living room,"$30,000 to $39,999",82,82.0,ok
2023,Mold,Living room,"$40,000 to $49,999",S,,suppressed
2023,Mold,Living room,"$50,000 to $59,999",S,,suppressed
2023,Mold,Living room,"$60,000 to $79,999",75,75.0,ok
2023,Mold,Living room,"$80,000 to $99,999",37,37.0,ok
2023,Mold,Living room,"Less than $10,000",77,77.0,ok
2023,Mold,Not reported,"$10,000 to $19,999",63,63.0,ok
2023,Mold,Not reported,"$100,000 to $119,999",71,71.0,ok
2023,Mold,Not reported,"$120,000 to $139,999",S,,suppressed
2023,Mold,Not reported,"$140,000 to $159,999",40,40.0,ok
2023,Mold,Not reported,"$160,000 to $179,999",S,,suppressed
2023,Mold,Not reported,"$180,000 to $199,999",S,,suppressed
2023,Mold,Not reported,"$20,000 to $29,999",81,81.0,ok
2023,Mold,Not reported,"$200,000 or more",57,57.0,ok
2023,Mold,Not reported,"$30,000 to $39,999",115,115.0,ok
2023,Mold,Not reported,"$40,000 to $49,999",81,81.0,ok
2023,Mold,Not reported,"$50,000 to $59,999",85,85.0,ok
2023,Mold,Not reported,"$60,000 to $79,999",164,164.0,ok
2023,Mold,Not reported,"$80,000 to $99,999",98,98.0,ok
2023,Mold,Not reported,"Less than $10,000",93,93.0,ok
2023,Mold,Other room,"$10,000 to $19,999",66,66.0,ok
2023,Mold,Other room,"$100,000 to $119,999",S,,suppressed
2023,Mold,Other room,"$120,000 to $139,999",S,,suppressed
2023,Mold,Other room,"$140,000 to $159,999",S,,suppressed
2023,Mold,Other room,"$160,000 to $179,999",S,,suppressed
2023,Mold,Other room,"$180,000 to $199,999",S,,suppressed
2023,Mold,Other room,"$20,000 to $29,999",S,,suppressed
2023,Mold,Other room,"$200,000 or more",59,59.0,ok
2023,Mold,Other room,"$30,000 to $39,999",63,63.0,ok
2023,Mold,Other room,"$40,000 to $49,999",61,61.0,ok
2023,Mold,Other room,"$50,000 to $59,999",67,67.0,ok
2023,Mold,Other room,"$60,000 to $79,999",S,,suppressed
2023,Mold,Other room,"$80,000 to $99,999",S,,suppressed
2023,Mold,Other room,"Less than $10,000",58,58.0,ok
2023,Number of breakdowns that lasted 6 hours or more:,1,"$10,000 to $19,999",124,124.0,ok
2023,Number of breakdowns that lasted 6 hours or more:,1,"$100,000 to $119,999",S,,suppressed
2023,Number of breakdowns that lasted 6 hours or more:,1,"$120,000 to $139,999",54,54.0,ok
2023,Number of breakdowns that lasted 6 hours or more:,1,"$140,000 to $159,999",S,,suppressed
2023,Number of breakdowns that lasted 6 hours or more:,1,"$160,000 to $179,999",S,,suppressed
2023,Number of breakdowns that lasted 6 hours or more:,1,"$180,000 to $199,999",S,,suppressed
2023,Number of breakdowns that lasted 6 hours or more:,1,"$20,000 to $29,999",98,98.0,ok
2023,Number of breakdowns that lasted 6 hours or more:,1,"$200,000 or more",36,36.0,ok
2023,Number of breakdowns that lasted 6 hours or more:,1,"$30,000 to $39,999",95,95.0,ok
2023,Number of breakdowns that lasted 6 hours or more:,1,"$40,000 to $49,999",114,114.0,ok
2023,Number of breakdowns that lasted 6 hours or more:,1,"$50,000 to $59,999",96,96.0,ok
2023,Number of breakdowns that lasted 6 hours or more:,1,"$60,000 to $79,999",91,91.0,ok
2023,Number of breakdowns that lasted 6 hours or more:,1,"$80,000 to $99,999",S,,suppressed
2023,Number of breakdowns that lasted 6 hours or more:,1,"Less than $10,000",121,121.0,ok
2023,Number of breakdowns that lasted 6 hours or more:,2,"$10,000 to $19,999",S,,suppressed
2023,Number of breakdowns that lasted 6 hours or more:,2,"$100,000 to $119,999",S,,suppressed
2023,Number of breakdowns that lasted 6 hours or more:,2,"$120,000 to $139,999",S,,suppressed
2023,Number of breakdowns that lasted 6 hours or more:,2,"$140,000 to $159,999",S,,suppressed
2023,Number of breakdowns that lasted 6 hours or more:,2,"$160,000 to $179,999",S,,suppressed
2023,Number of breakdowns that lasted 6 hours or more:,2,"$180,000 to $199,999",S,,suppressed
2023,Number of breakdowns that lasted 6 hours or more:,2,"$20,000 to $29,999",29,29.0,ok
2023,Number of breakdowns that lasted 6 hours or more:,2,"$200,000 or more",S,,suppressed
2023,Number of breakdowns that lasted 6 hours or more:,2,"$30,000 to $39,999",S,,suppressed
2023,Number of breakdowns that lasted 6 hours or more:,2,"$40,000 to $49,999",S,,suppressed
2023,Number of breakdowns that lasted 6 hours or more:,2,"$50,000 to $59,999",S,,suppressed
2023,Number of breakdowns that lasted 6 hours or more:,2,"$60,000 to $79,999",S,,suppressed
2023,Number of breakdowns that lasted 6 hours or more:,2,"$80,000 to $99,999",S,,suppressed
2023,Number of breakdowns that lasted 6 hours or more:,2,"Less than $10,000",S,,suppressed
2023,Number of breakdowns that lasted 6 hours or more:,2 or more,"$10,000 to $19,999",45,45.0,ok
2023,Number of breakdowns that lasted 6 hours or more:,2 or more,"$100,000 to $119,999",S,,suppressed
2023,Number of breakdowns that lasted 6 hours or more:,2 or more,"$120,000 to $139,999",S,,suppressed
2023,Number of breakdowns that lasted 6 hours or more:,2 or more,"$140,000 to $159,999",S,,suppressed
2023,Number of breakdowns that lasted 6 hours or more:,2 or more,"$160,000 to $179,999",S,,suppressed
2023,Number of breakdowns that lasted 6 hours or more:,2 or more,"$180,000 to $199,999",S,,suppressed
2023,Number of breakdowns that lasted 6 hours or more:,2 or more,"$20,000 to $29,999",S,,suppressed
2023,Number of breakdowns that lasted 6 hours or more:,2 or more,"$200,000 or more",S,,suppressed
2023,Number of breakdowns that lasted 6 hours or more:,2 or more,"$30,000 to $39,999",40,40.0,ok
2023,Number of breakdowns that lasted 6 hours or more:,2 or more,"$40,000 to $49,999",S,,suppressed
2023,Number of breakdowns that lasted 6 hours or more:,2 or more,"$50,000 to $59,999",S,,suppressed
2023,Number of breakdowns that lasted 6 hours or more:,2 or more,"$60,000 to $79,999",S,,suppressed
2023,Number of breakdowns that lasted 6 hours or more:,2 or more,"$80,000 to $99,999",S,,suppressed
2023,Number of breakdowns that lasted 6 hours or more:,2 or more,"Less than $10,000",72,72.0,ok
2023,Number of breakdowns that lasted 6 hours or more:,3,"$10,000 to $19,999",S,,suppressed
2023,Number of breakdowns that lasted 6 hours or more:,3,"$100,000 to $119,999",S,,suppressed
2023,Number of breakdowns that lasted 6 hours or more:,3,"$120,000 to $139,999",.,,blank_or_na
2023,Number of breakdowns that lasted 6 hours or more:,3,"$140,000 to $159,999",S,,suppressed
2023,Number of breakdowns that lasted 6 hours or more:,3,"$160,000 to $179,999",.,,blank_or_na
2023,Number of breakdowns that lasted 6 hours or more:,3,"$180,000 to $199,999",.,,blank_or_na
2023,Number of breakdowns that lasted 6 hours or more:,3,"$20,000 to $29,999",S,,suppressed
2023,Number of breakdowns that lasted 6 hours or more:,3,"$200,000 or more",S,,suppressed
2023,Number of breakdowns that lasted 6 hours or more:,3,"$30,000 to $39,999",S,,suppressed
2023,Number of breakdowns that lasted 6 hours or more:,3,"$40,000 to $49,999",S,,suppressed
2023,Number of breakdowns that lasted 6 hours or more:,3,"$50,000 to $59,999",S,,suppressed
2023,Number of breakdowns that lasted 6 hours or more:,3,"$60,000 to $79,999",S,,suppressed
2023,Number of breakdowns that lasted 6 hours or more:,3,"$80,000 to $99,999",S,,suppressed
2023,Number of breakdowns that lasted 6 hours or more:,3,"Less than $10,000",S,,suppressed
2023,Number of breakdowns that lasted 6 hours or more:,4 or more,"$10,000 to $19,999",S,,suppressed
2023,Number of breakdowns that lasted 6 hours or more:,4 or more,"$100,000 to $119,999",S,,suppressed
2023,Number of breakdowns that lasted 6 hours or more:,4 or more,"$120,000 to $139,999",S,,suppressed
2023,Number of breakdowns that lasted 6 hours or more:,4 or more,"$140,000 to $159,999",S,,suppressed
2023,Number of breakdowns that lasted 6 hours or more:,4 or more,"$160,000 to $179,999",.,,blank_or_na
2023,Number of breakdowns that lasted 6 hours or more:,4 or more,"$180,000 to $199,999",.,,blank_or_na
2023,Number of breakdowns that lasted 6 hours or more:,4 or more,"$20,000 to $29,999",33,33.0,ok
2023,Number of breakdowns that lasted 6 hours or more:,4 or more,"$200,000 or more",S,,suppressed
2023,Number of breakdowns that lasted 6 hours or more:,4 or more,"$30,000 to $39,999",S,,suppressed
2023,Number of breakdowns that lasted 6 hours or more:,4 or more,"$40,000 to $49,999",S,,suppressed
2023,Number of breakdowns that lasted 6 hours or more:,4 or more,"$50,000 to $59,999",S,,suppressed
2023,Number of breakdowns that lasted 6 hours or more:,4 or more,"$60,000 to $79,999",S,,suppressed
2023,Number of breakdowns that lasted 6 hours or more:,4 or more,"$80,000 to $99,999",S,,suppressed
2023,Number of breakdowns that lasted 6 hours or more:,4 or more,"Less than $10,000",51,51.0,ok
2023,Number of breakdowns that lasted 6 hours or more:,Cooling equipment (A/C) breakdowns not reported,"$10,000 to $19,999",S,,suppressed
2023,Number of breakdowns that lasted 6 hours or more:,Cooling equipment (A/C) breakdowns not reported,"$100,000 to $119,999",S,,suppressed
2023,Number of breakdowns that lasted 6 hours or more:,Cooling equipment (A/C) breakdowns not reported,"$120,000 to $139,999",S,,suppressed
2023,Number of breakdowns that lasted 6 hours or more:,Cooling equipment (A/C) breakdowns not reported,"$140,000 to $159,999",.,,blank_or_na
2023,Number of breakdowns that lasted 6 hours or more:,Cooling equipment (A/C) breakdowns not reported,"$160,000 to $179,999",S,,suppressed
2023,Number of breakdowns that lasted 6 hours or more:,Cooling equipment (A/C) breakdowns not reported,"$180,000 to $199,999",S,,suppressed
2023,Number of breakdowns that lasted 6 hours or more:,Cooling equipment (A/C) breakdowns not reported,"$20,000 to $29,999",.,,blank_or_na
2023,Number of breakdowns that lasted 6 hours or more:,Cooling equipment (A/C) breakdowns not reported,"$200,000 or more",.,,blank_or_na
2023,Number of breakdowns that lasted 6 hours or more:,Cooling equipment (A/C) breakdowns not reported,"$30,000 to $39,999",S,,suppressed
2023,Number of breakdowns that lasted 6 hours or more:,Cooling equipment (A/C) breakdowns not reported,"$40,000 to $49,999",.,,blank_or_na
2023,Number of breakdowns that lasted 6 hours or more:,Cooling equipment (A/C) breakdowns not reported,"$50,000 to $59,999",.,,blank_or_na
2023,Number of breakdowns that lasted 6 hours or more:,Cooling equipment (A/C) breakdowns not reported,"$60,000 to $79,999",S,,suppressed
2023,Number of breakdowns that lasted 6 hours or more:,Cooling equipment (A/C) breakdowns not reported,"$80,000 to $99,999",S,,suppressed
2023,Number of breakdowns that lasted 6 hours or more:,Cooling equipment (A/C) breakdowns not reported,"Less than $10,000",S,,suppressed
2023,Number of breakdowns that lasted 6 hours or more:,Cost of cooling,"$10,000 to $19,999",85,85.0,ok
2023,Number of breakdowns that lasted 6 hours or more:,Cost of cooling,"$100,000 to $119,999",S,,suppressed
2023,Number of breakdowns that lasted 6 hours or more:,Cost of cooling,"$120,000 to $139,999",S,,suppressed
2023,Number of breakdowns that lasted 6 hours or more:,Cost of cooling,"$140,000 to $159,999",S,,suppressed
2023,Number of breakdowns that lasted 6 hours or more:,Cost of cooling,"$160,000 to $179,999",S,,suppressed
2023,Number of breakdowns that lasted 6 hours or more:,Cost of cooling,"$180,000 to $199,999",S,,suppressed
2023,Number of breakdowns that lasted 6 hours or more:,Cost of cooling,"$20,000 to $29,999",S,,suppressed
2023,Number of breakdowns that lasted 6 hours or more:,Cost of cooling,"$200,000 or more",52,52.0,ok
2023,Number of breakdowns that lasted 6 hours or more:,Cost of cooling,"$30,000 to $39,999",S,,suppressed
2023,Number of breakdowns that lasted 6 hours or more:,Cost of cooling,"$40,000 to $49,999",58,58.0,ok
2023,Number of breakdowns that lasted 6 hours or more:,Cost of cooling,"$50,000 to $59,999",S,,suppressed
2023,Number of breakdowns that lasted 6 hours or more:,Cost of cooling,"$60,000 to $79,999",56,56.0,ok
2023,Number of breakdowns that lasted 6 hours or more:,Cost of cooling,"$80,000 to $99,999",61,61.0,ok
2023,Number of breakdowns that lasted 6 hours or more:,Cost of cooling,"Less than $10,000",122,122.0,ok
2023,Number of breakdowns that lasted 6 hours or more:,Cost of heating,"$10,000 to $19,999",105,105.0,ok
2023,Number of breakdowns that lasted 6 hours or more:,Cost of heating,"$100,000 to $119,999",55,55.0,ok
2023,Number of breakdowns that lasted 6 hours or more:,Cost of heating,"$120,000 to $139,999",30,30.0,ok
2023,Number of breakdowns that lasted 6 hours or more:,Cost of heating,"$140,000 to $159,999",46,46.0,ok
2023,Number of breakdowns that lasted 6 hours or more:,Cost of heating,"$160,000 to $179,999",S,,suppressed
2023,Number of breakdowns that lasted 6 hours or more:,Cost of heating,"$180,000 to $199,999",S,,suppressed
2023,Number of breakdowns that lasted 6 hours or more:,Cost of heating,"$20,000 to $29,999",69,69.0,ok
2023,Number of breakdowns that lasted 6 hours or more:,Cost of heating,"$200,000 or more",80,80.0,ok
2023,Number of breakdowns that lasted 6 hours or more:,Cost of heating,"$30,000 to $39,999",69,69.0,ok
2023,Number of breakdowns that lasted 6 hours or more:,Cost of heating,"$40,000 to $49,999",62,62.0,ok
2023,Number of breakdowns that lasted 6 hours or more:,Cost of heating,"$50,000 to $59,999",90,90.0,ok
2023,Number of breakdowns that lasted 6 hours or more:,Cost of heating,"$60,000 to $79,999",94,94.0,ok
2023,Number of breakdowns that lasted 6 hours or more:,Cost of heating,"$80,000 to $99,999",78,78.0,ok
2023,Number of breakdowns that lasted 6 hours or more:,Cost of heating,"Less than $10,000",100,100.0,ok
2023,Number of breakdowns that lasted 6 hours or more:,Discomfort not reported,"$10,000 to $19,999",55,55.0,ok
2023,Number of breakdowns that lasted 6 hours or more:,Discomfort not reported,"$100,000 to $119,999",S,,suppressed
2023,Number of breakdowns that lasted 6 hours or more:,Discomfort not reported,"$120,000 to $139,999",S,,suppressed
2023,Number of breakdowns that lasted 6 hours or more:,Discomfort not reported,"$140,000 to $159,999",48,48.0,ok
2023,Number of breakdowns that lasted 6 hours or more:,Discomfort not reported,"$160,000 to $179,999",S,,suppressed
2023,Number of breakdowns that lasted 6 hours or more:,Discomfort not reported,"$180,000 to $199,999",S,,suppressed
2023,Number of breakdowns that lasted 6 hours or more:,Discomfort not reported,"$20,000 to $29,999",71,71.0,ok
2023,Number of breakdowns that lasted 6 hours or more:,Discomfort not reported,"$200,000 or more",57,57.0,ok
2023,Number of breakdowns that lasted 6 hours or more:,Discomfort not reported,"$30,000 to $39,999",95,95.0,ok
2023,Number of breakdowns that lasted 6 hours or more:,Discomfort not reported,"$40,000 to $49,999",83,83.0,ok
2023,Number of breakdowns that lasted 6 hours or more:,Discomfort not reported,"$50,000 to $59,999",76,76.0,ok
2023,Number of breakdowns that lasted 6 hours or more:,Discomfort not reported,"$60,000 to $79,999",146,146.0,ok
2023,Number of breakdowns that lasted 6 hours or more:,Discomfort not reported,"$80,000 to $99,999",123,123.0,ok
2023,Number of breakdowns that lasted 6 hours or more:,Discomfort not reported,"Less than $10,000",112,112.0,ok
2023,Number of breakdowns that lasted 6 hours or more:,Inadequate cooling capacity,"$10,000 to $19,999",258,258.0,ok
2023,Number of breakdowns that lasted 6 hours or more:,Inadequate cooling capacity,"$100,000 to $119,999",141,141.0,ok
2023,Number of breakdowns that lasted 6 hours or more:,Inadequate cooling capacity,"$120,000 to $139,999",143,143.0,ok
2023,Number of breakdowns that lasted 6 hours or more:,Inadequate cooling capacity,"$140,000 to $159,999",113,113.0,ok
2023,Number of breakdowns that lasted 6 hours or more:,Inadequate cooling capacity,"$160,000 to $179,999",77,77.0,ok
2023,Number of breakdowns that lasted 6 hours or more:,Inadequate cooling capacity,"$180,000 to $199,999",50,50.0,ok
2023,Number of breakdowns that lasted 6 hours or more:,Inadequate cooling capacity,"$20,000 to $29,999",234,234.0,ok
2023,Number of breakdowns that lasted 6 hours or more:,Inadequate cooling capacity,"$200,000 or more",293,293.0,ok
2023,Number of breakdowns that lasted 6 hours or more:,Inadequate cooling capacity,"$30,000 to $39,999",214,214.0,ok
2023,Number of breakdowns that lasted 6 hours or more:,Inadequate cooling capacity,"$40,000 to $49,999",177,177.0,ok
2023,Number of breakdowns that lasted 6 hours or more:,Inadequate cooling capacity,"$50,000 to $59,999",178,178.0,ok
2023,Number of breakdowns that lasted 6 hours or more:,Inadequate cooling capacity,"$60,000 to $79,999",272,272.0,ok
2023,Number of breakdowns that lasted 6 hours or more:,Inadequate cooling capacity,"$80,000 to $99,999",217,217.0,ok
2023,Number of breakdowns that lasted 6 hours or more:,Inadequate cooling capacity,"Less than $10,000",283,283.0,ok
2023,Number of breakdowns that lasted 6 hours or more:,Inadequate heating capacity,"$10,000 to $19,999",181,181.0,ok
2023,Number of breakdowns that lasted 6 hours or more:,Inadequate heating capacity,"$100,000 to $119,999",71,71.0,ok
2023,Number of breakdowns that lasted 6 hours or more:,Inadequate heating capacity,"$120,000 to $139,999",S,,suppressed
2023,Number of breakdowns that lasted 6 hours or more:,Inadequate heating capacity,"$140,000 to $159,999",49,49.0,ok
2023,Number of breakdowns that lasted 6 hours or more:,Inadequate heating capacity,"$160,000 to $179,999",S,,suppressed
2023,Number of breakdowns that lasted 6 hours or more:,Inadequate heating capacity,"$180,000 to $199,999",S,,suppressed
2023,Number of breakdowns that lasted 6 hours or more:,Inadequate heating capacity,"$20,000 to $29,999",154,154.0,ok
2023,Number of breakdowns that lasted 6 hours or more:,Inadequate heating capacity,"$200,000 or more",79,79.0,ok
2023,Number of breakdowns that lasted 6 hours or more:,Inadequate heating capacity,"$30,000 to $39,999",173,173.0,ok
2023,Number of breakdowns that lasted 6 hours or more:,Inadequate heating capacity,"$40,000 to $49,999",92,92.0,ok
2023,Number of breakdowns that lasted 6 hours or more:,Inadequate heating capacity,"$50,000 to $59,999",138,138.0,ok
2023,Number of breakdowns that lasted 6 hours or more:,Inadequate heating capacity,"$60,000 to $79,999",224,224.0,ok
2023,Number of breakdowns that lasted 6 hours or more:,Inadequate heating capacity,"$80,000 to $99,999",98,98.0,ok
2023,Number of breakdowns that lasted 6 hours or more:,Inadequate heating capacity,"Less than $10,000",187,187.0,ok
2023,Number of breakdowns that lasted 6 hours or more:,Inadequate insulation,"$10,000 to $19,999",190,190.0,ok
2023,Number of breakdowns that lasted 6 hours or more:,Inadequate insulation,"$100,000 to $119,999",63,63.0,ok
2023,Number of breakdowns that lasted 6 hours or more:,Inadequate insulation,"$120,000 to $139,999",S,,suppressed
2023,Number of breakdowns that lasted 6 hours or more:,Inadequate insulation,"$140,000 to $159,999",29,29.0,ok
2023,Number of breakdowns that lasted 6 hours or more:,Inadequate insulation,"$160,000 to $179,999",S,,suppressed
2023,Number of breakdowns that lasted 6 hours or more:,Inadequate insulation,"$180,000 to $199,999",S,,suppressed
2023,Number of breakdowns that lasted 6 hours or more:,Inadequate insulation,"$20,000 to $29,999",135,135.0,ok
2023,Number of breakdowns that lasted 6 hours or more:,Inadequate insulation,"$200,000 or more",87,87.0,ok
2023,Number of breakdowns that lasted 6 hours or more:,Inadequate insulation,"$30,000 to $39,999",143,143.0,ok
2023,Number of breakdowns that lasted 6 hours or more:,Inadequate insulation,"$40,000 to $49,999",117,117.0,ok
2023,Number of breakdowns that lasted 6 hours or more:,Inadequate insulation,"$50,000 to $59,999",131,131.0,ok
2023,Number of breakdowns that lasted 6 hours or more:,Inadequate insulation,"$60,000 to $79,999",205,205.0,ok
2023,Number of breakdowns that lasted 6 hours or more:,Inadequate insulation,"$80,000 to $99,999",125,125.0,ok
2023,Number of breakdowns that lasted 6 hours or more:,Inadequate insulation,"Less than $10,000",150,150.0,ok
2023,Number of breakdowns that lasted 6 hours or more:,"Leaking windows, doors, and walls","$10,000 to $19,999",S,,suppressed
2023,Number of breakdowns that lasted 6 hours or more:,"Leaking windows, doors, and walls","$100,000 to $119,999",S,,suppressed
2023,Number of breakdowns that lasted 6 hours or more:,"Leaking windows, doors, and walls","$120,000 to $139,999",S,,suppressed
2023,Number of breakdowns that lasted 6 hours or more:,"Leaking windows, doors, and walls","$140,000 to $159,999",S,,suppressed
2023,Number of breakdowns that lasted 6 hours or more:,"Leaking windows, doors, and walls","$160,000 to $179,999",S,,suppressed
2023,Number of breakdowns that lasted 6 hours or more:,"Leaking windows, doors, and walls","$180,000 to $199,999",S,,suppressed
2023,Number of breakdowns that lasted 6 hours or more:,"Leaking windows, doors, and walls","$20,000 to $29,999",S,,suppressed
2023,Number of breakdowns that lasted 6 hours or more:,"Leaking windows, doors, and walls","$200,000 or more",S,,suppressed
2023,Number of breakdowns that lasted 6 hours or more:,"Leaking windows, doors, and walls","$30,000 to $39,999",50,50.0,ok
2023,Number of breakdowns that lasted 6 hours or more:,"Leaking windows, doors, and walls","$40,000 to $49,999",S,,suppressed
2023,Number of breakdowns that lasted 6 hours or more:,"Leaking windows, doors, and walls","$50,000 to $59,999",S,,suppressed
2023,Number of breakdowns that lasted 6 hours or more:,"Leaking windows, doors, and walls","$60,000 to $79,999",35,35.0,ok
2023,Number of breakdowns that lasted 6 hours or more:,"Leaking windows, doors, and walls","$80,000 to $99,999",S,,suppressed
2023,Number of breakdowns that lasted 6 hours or more:,"Leaking windows, doors, and walls","Less than $10,000",71,71.0,ok
2023,Number of breakdowns that lasted 6 hours or more:,No breakdowns in last 3 months,"$10,000 to $19,999","1,646",1646.0,ok
2023,Number of breakdowns that lasted 6 hours or more:,No breakdowns in last 3 months,"$100,000 to $119,999","1,988",1988.0,ok
2023,Number of breakdowns that lasted 6 hours or more:,No breakdowns in last 3 months,"$120,000 to $139,999","1,446",1446.0,ok
2023,Number of breakdowns that lasted 6 hours or more:,No breakdowns in last 3 months,"$140,000 to $159,999","1,109",1109.0,ok
2023,Number of breakdowns that lasted 6 hours or more:,No breakdowns in last 3 months,"$160,000 to $179,999",929,929.0,ok
2023,Number of breakdowns that lasted 6 hours or more:,No breakdowns in last 3 months,"$180,000 to $199,999",639,639.0,ok
2023,Number of breakdowns that lasted 6 hours or more:,No breakdowns in last 3 months,"$20,000 to $29,999","1,704",1704.0,ok
2023,Number of breakdowns that lasted 6 hours or more:,No breakdowns in last 3 months,"$200,000 or more","2,537",2537.0,ok
2023,Number of breakdowns that lasted 6 hours or more:,No breakdowns in last 3 months,"$30,000 to $39,999","1,859",1859.0,ok
2023,Number of breakdowns that lasted 6 hours or more:,No breakdowns in last 3 months,"$40,000 to $49,999","1,687",1687.0,ok
2023,Number of breakdowns that lasted 6 hours or more:,No breakdowns in last 3 months,"$50,000 to $59,999","1,796",1796.0,ok
2023,Number of breakdowns that lasted 6 hours or more:,No breakdowns in last 3 months,"$60,000 to $79,999","3,144",3144.0,ok
2023,Number of breakdowns that lasted 6 hours or more:,No breakdowns in last 3 months,"$80,000 to $99,999","2,450",2450.0,ok
2023,Number of breakdowns that lasted 6 hours or more:,No breakdowns in last 3 months,"Less than $10,000","1,286",1286.0,ok
2023,Number of breakdowns that lasted 6 hours or more:,No breakdowns lasting 6 hours or more,"$10,000 to $19,999",S,,suppressed
2023,Number of breakdowns that lasted 6 hours or more:,No breakdowns lasting 6 hours or more,"$100,000 to $119,999",S,,suppressed
2023,Number of breakdowns that lasted 6 hours or more:,No breakdowns lasting 6 hours or more,"$120,000 to $139,999",.,,blank_or_na
2023,Number of breakdowns that lasted 6 hours or more:,No breakdowns lasting 6 hours or more,"$140,000 to $159,999",S,,suppressed
2023,Number of breakdowns that lasted 6 hours or more:,No breakdowns lasting 6 hours or more,"$160,000 to $179,999",.,,blank_or_na
2023,Number of breakdowns that lasted 6 hours or more:,No breakdowns lasting 6 hours or more,"$180,000 to $199,999",S,,suppressed
2023,Number of breakdowns that lasted 6 hours or more:,No breakdowns lasting 6 hours or more,"$20,000 to $29,999",S,,suppressed
2023,Number of breakdowns that lasted 6 hours or more:,No breakdowns lasting 6 hours or more,"$200,000 or more",S,,suppressed
2023,Number of breakdowns that lasted 6 hours or more:,No breakdowns lasting 6 hours or more,"$30,000 to $39,999",S,,suppressed
2023,Number of breakdowns that lasted 6 hours or more:,No breakdowns lasting 6 hours or more,"$40,000 to $49,999",.,,blank_or_na
2023,Number of breakdowns that lasted 6 hours or more:,No breakdowns lasting 6 hours or more,"$50,000 to $59,999",.,,blank_or_na
2023,Number of breakdowns that lasted 6 hours or more:,No breakdowns lasting 6 hours or more,"$60,000 to $79,999",S,,suppressed
2023,Number of breakdowns that lasted 6 hours or more:,No breakdowns lasting 6 hours or more,"$80,000 to $99,999",S,,suppressed
2023,Number of breakdowns that lasted 6 hours or more:,No breakdowns lasting 6 hours or more,"Less than $10,000",S,,suppressed
2023,Number of breakdowns that lasted 6 hours or more:,No cooling equipment (A/C) breakdowns,"$10,000 to $19,999",511,511.0,ok
2023,Number of breakdowns that lasted 6 hours or more:,No cooling equipment (A/C) breakdowns,"$100,000 to $119,999",473,473.0,ok
2023,Number of breakdowns that lasted 6 hours or more:,No cooling equipment (A/C) breakdowns,"$120,000 to $139,999",399,399.0,ok
2023,Number of breakdowns that lasted 6 hours or more:,No cooling equipment (A/C) breakdowns,"$140,000 to $159,999",304,304.0,ok
2023,Number of breakdowns that lasted 6 hours or more:,No cooling equipment (A/C) breakdowns,"$160,000 to $179,999",261,261.0,ok
2023,Number of breakdowns that lasted 6 hours or more:,No cooling equipment (A/C) breakdowns,"$180,000 to $199,999",139,139.0,ok
2023,Number of breakdowns that lasted 6 hours or more:,No cooling equipment (A/C) breakdowns,"$20,000 to $29,999",433,433.0,ok
2023,Number of breakdowns that lasted 6 hours or more:,No cooling equipment (A/C) breakdowns,"$200,000 or more",726,726.0,ok
2023,Number of breakdowns that lasted 6 hours or more:,No cooling equipment (A/C) breakdowns,"$30,000 to $39,999",519,519.0,ok
2023,Number of breakdowns that lasted 6 hours or more:,No cooling equipment (A/C) breakdowns,"$40,000 to $49,999",476,476.0,ok
2023,Number of breakdowns that lasted 6 hours or more:,No cooling equipment (A/C) breakdowns,"$50,000 to $59,999",466,466.0,ok
2023,Number of breakdowns that lasted 6 hours or more:,No cooling equipment (A/C) breakdowns,"$60,000 to $79,999",843,843.0,ok
2023,Number of breakdowns that lasted 6 hours or more:,No cooling equipment (A/C) breakdowns,"$80,000 to $99,999",636,636.0,ok
2023,Number of breakdowns that lasted 6 hours or more:,No cooling equipment (A/C) breakdowns,"Less than $10,000",505,505.0,ok
2023,Number of breakdowns that lasted 6 hours or more:,Not reported,"$10,000 to $19,999",S,,suppressed
2023,Number of breakdowns that lasted 6 hours or more:,Not reported,"$100,000 to $119,999",S,,suppressed
2023,Number of breakdowns that lasted 6 hours or more:,Not reported,"$120,000 to $139,999",S,,suppressed
2023,Number of breakdowns that lasted 6 hours or more:,Not reported,"$140,000 to $159,999",.,,blank_or_na
2023,Number of breakdowns that lasted 6 hours or more:,Not reported,"$160,000 to $179,999",.,,blank_or_na
2023,Number of breakdowns that lasted 6 hours or more:,Not reported,"$180,000 to $199,999",.,,blank_or_na
2023,Number of breakdowns that lasted 6 hours or more:,Not reported,"$20,000 to $29,999",S,,suppressed
2023,Number of breakdowns that lasted 6 hours or more:,Not reported,"$200,000 or more",S,,suppressed
2023,Number of breakdowns that lasted 6 hours or more:,Not reported,"$30,000 to $39,999",S,,suppressed
2023,Number of breakdowns that lasted 6 hours or more:,Not reported,"$40,000 to $49,999",S,,suppressed
2023,Number of breakdowns that lasted 6 hours or more:,Not reported,"$50,000 to $59,999",S,,suppressed
2023,Number of breakdowns that lasted 6 hours or more:,Not reported,"$60,000 to $79,999",S,,suppressed
2023,Number of breakdowns that lasted 6 hours or more:,Not reported,"$80,000 to $99,999",S,,suppressed
2023,Number of breakdowns that lasted 6 hours or more:,Not reported,"Less than $10,000",S,,suppressed
2023,Number of breakdowns that lasted 6 hours or more:,Number of breakdowns not reported,"$10,000 to $19,999",S,,suppressed
2023,Number of breakdowns that lasted 6 hours or more:,Number of breakdowns not reported,"$100,000 to $119,999",.,,blank_or_na
2023,Number of breakdowns that lasted 6 hours or more:,Number of breakdowns not reported,"$120,000 to $139,999",.,,blank_or_na
2023,Number of breakdowns that lasted 6 hours or more:,Number of breakdowns not reported,"$140,000 to $159,999",.,,blank_or_na
2023,Number of breakdowns that lasted 6 hours or more:,Number of breakdowns not reported,"$160,000 to $179,999",.,,blank_or_na
2023,Number of breakdowns that lasted 6 hours or more:,Number of breakdowns not reported,"$180,000 to $199,999",.,,blank_or_na
2023,Number of breakdowns that lasted 6 hours or more:,Number of breakdowns not reported,"$20,000 to $29,999",S,,suppressed
2023,Number of breakdowns that lasted 6 hours or more:,Number of breakdowns not reported,"$200,000 or more",.,,blank_or_na
2023,Number of breakdowns that lasted 6 hours or more:,Number of breakdowns not reported,"$30,000 to $39,999",S,,suppressed
2023,Number of breakdowns that lasted 6 hours or more:,Number of breakdowns not reported,"$40,000 to $49,999",S,,suppressed
2023,Number of breakdowns that lasted 6 hours or more:,Number of breakdowns not reported,"$50,000 to $59,999",.,,blank_or_na
2023,Number of breakdowns that lasted 6 hours or more:,Number of breakdowns not reported,"$60,000 to $79,999",S,,suppressed
2023,Number of breakdowns that lasted 6 hours or more:,Number of breakdowns not reported,"$80,000 to $99,999",S,,suppressed
2023,Number of breakdowns that lasted 6 hours or more:,Number of breakdowns not reported,"Less than $10,000",S,,suppressed
2023,Number of breakdowns that lasted 6 hours or more:,Other,"$10,000 to $19,999",108,108.0,ok
2023,Number of breakdowns that lasted 6 hours or more:,Other,"$100,000 to $119,999",89,89.0,ok
2023,Number of breakdowns that lasted 6 hours or more:,Other,"$120,000 to $139,999",101,101.0,ok
2023,Number of breakdowns that lasted 6 hours or more:,Other,"$140,000 to $159,999",83,83.0,ok
2023,Number of breakdowns that lasted 6 hours or more:,Other,"$160,000 to $179,999",S,,suppressed
2023,Number of breakdowns that lasted 6 hours or more:,Other,"$180,000 to $199,999",S,,suppressed
2023,Number of breakdowns that lasted 6 hours or more:,Other,"$20,000 to $29,999",137,137.0,ok
2023,Number of breakdowns that lasted 6 hours or more:,Other,"$200,000 or more",125,125.0,ok
2023,Number of breakdowns that lasted 6 hours or more:,Other,"$30,000 to $39,999",133,133.0,ok
2023,Number of breakdowns that lasted 6 hours or more:,Other,"$40,000 to $49,999",109,109.0,ok
2023,Number of breakdowns that lasted 6 hours or more:,Other,"$50,000 to $59,999",72,72.0,ok
2023,Number of breakdowns that lasted 6 hours or more:,Other,"$60,000 to $79,999",187,187.0,ok
2023,Number of breakdowns that lasted 6 hours or more:,Other,"$80,000 to $99,999",97,97.0,ok
2023,Number of breakdowns that lasted 6 hours or more:,Other,"Less than $10,000",139,139.0,ok
2023,Number of breakdowns that lasted 6 hours or more:,Other causes,"$10,000 to $19,999",731,731.0,ok
2023,Number of breakdowns that lasted 6 hours or more:,Other causes,"$100,000 to $119,999",463,463.0,ok
2023,Number of breakdowns that lasted 6 hours or more:,Other causes,"$120,000 to $139,999",329,329.0,ok
2023,Number of breakdowns that lasted 6 hours or more:,Other causes,"$140,000 to $159,999",304,304.0,ok
2023,Number of breakdowns that lasted 6 hours or more:,Other causes,"$160,000 to $179,999",143,143.0,ok
2023,Number of breakdowns that lasted 6 hours or more:,Other causes,"$180,000 to $199,999",135,135.0,ok
2023,Number of breakdowns that lasted 6 hours or more:,Other causes,"$20,000 to $29,999",650,650.0,ok
2023,Number of breakdowns that lasted 6 hours or more:,Other causes,"$200,000 or more",624,624.0,ok
2023,Number of breakdowns that lasted 6 hours or more:,Other causes,"$30,000 to $39,999",663,663.0,ok
2023,Number of breakdowns that lasted 6 hours or more:,Other causes,"$40,000 to $49,999",566,566.0,ok
2023,Number of breakdowns that lasted 6 hours or more:,Other causes,"$50,000 to $59,999",509,509.0,ok
2023,Number of breakdowns that lasted 6 hours or more:,Other causes,"$60,000 to $79,999","1,002",1002.0,ok
2023,Number of breakdowns that lasted 6 hours or more:,Other causes,"$80,000 to $99,999",613,613.0,ok
2023,Number of breakdowns that lasted 6 hours or more:,Other causes,"Less than $10,000",706,706.0,ok
2023,Number of breakdowns that lasted 6 hours or more:,Utility interruption,"$10,000 to $19,999",210,210.0,ok
2023,Number of breakdowns that lasted 6 hours or more:,Utility interruption,"$100,000 to $119,999",205,205.0,ok
2023,Number of breakdowns that lasted 6 hours or more:,Utility interruption,"$120,000 to $139,999",108,108.0,ok
2023,Number of breakdowns that lasted 6 hours or more:,Utility interruption,"$140,000 to $159,999",117,117.0,ok
2023,Number of breakdowns that lasted 6 hours or more:,Utility interruption,"$160,000 to $179,999",58,58.0,ok
2023,Number of breakdowns that lasted 6 hours or more:,Utility interruption,"$180,000 to $199,999",48,48.0,ok
2023,Number of breakdowns that lasted 6 hours or more:,Utility interruption,"$20,000 to $29,999",192,192.0,ok
2023,Number of breakdowns that lasted 6 hours or more:,Utility interruption,"$200,000 or more",309,309.0,ok
2023,Number of breakdowns that lasted 6 hours or more:,Utility interruption,"$30,000 to $39,999",242,242.0,ok
2023,Number of breakdowns that lasted 6 hours or more:,Utility interruption,"$40,000 to $49,999",245,245.0,ok
2023,Number of breakdowns that lasted 6 hours or more:,Utility interruption,"$50,000 to $59,999",185,185.0,ok
2023,Number of breakdowns that lasted 6 hours or more:,Utility interruption,"$60,000 to $79,999",376,376.0,ok
2023,Number of breakdowns that lasted 6 hours or more:,Utility interruption,"$80,000 to $99,999",267,267.0,ok
2023,Number of breakdowns that lasted 6 hours or more:,Utility interruption,"Less than $10,000",215,215.0,ok
2023,Number of breakdowns that lasted 6 hours or more:,With breakdown(s) in last 3 months,"$10,000 to $19,999",S,,suppressed
2023,Number of breakdowns that lasted 6 hours or more:,With breakdown(s) in last 3 months,"$100,000 to $119,999",S,,suppressed
2023,Number of breakdowns that lasted 6 hours or more:,With breakdown(s) in last 3 months,"$120,000 to $139,999",S,,suppressed
2023,Number of breakdowns that lasted 6 hours or more:,With breakdown(s) in last 3 months,"$140,000 to $159,999",S,,suppressed
2023,Number of breakdowns that lasted 6 hours or more:,With breakdown(s) in last 3 months,"$160,000 to $179,999",S,,suppressed
2023,Number of breakdowns that lasted 6 hours or more:,With breakdown(s) in last 3 months,"$180,000 to $199,999",S,,suppressed
2023,Number of breakdowns that lasted 6 hours or more:,With breakdown(s) in last 3 months,"$20,000 to $29,999",16,16.0,ok
2023,Number of breakdowns that lasted 6 hours or more:,With breakdown(s) in last 3 months,"$200,000 or more",S,,suppressed
2023,Number of breakdowns that lasted 6 hours or more:,With breakdown(s) in last 3 months,"$30,000 to $39,999",S,,suppressed
2023,Number of breakdowns that lasted 6 hours or more:,With breakdown(s) in last 3 months,"$40,000 to $49,999",40,40.0,ok
2023,Number of breakdowns that lasted 6 hours or more:,With breakdown(s) in last 3 months,"$50,000 to $59,999",S,,suppressed
2023,Number of breakdowns that lasted 6 hours or more:,With breakdown(s) in last 3 months,"$60,000 to $79,999",S,,suppressed
2023,Number of breakdowns that lasted 6 hours or more:,With breakdown(s) in last 3 months,"$80,000 to $99,999",S,,suppressed
2023,Number of breakdowns that lasted 6 hours or more:,With breakdown(s) in last 3 months,"Less than $10,000",S,,suppressed
2023,Number of breakdowns that lasted 6 hours or more:,With septic tank or cesspool,"$10,000 to $19,999","1,690",1690.0,ok
2023,Number of breakdowns that lasted 6 hours or more:,With septic tank or cesspool,"$100,000 to $119,999","2,021",2021.0,ok
2023,Number of breakdowns that lasted 6 hours or more:,With septic tank or cesspool,"$120,000 to $139,999","1,479",1479.0,ok
2023,Number of breakdowns that lasted 6 hours or more:,With septic tank or cesspool,"$140,000 to $159,999","1,122",1122.0,ok
2023,Number of breakdowns that lasted 6 hours or more:,With septic tank or cesspool,"$160,000 to $179,999",936,936.0,ok
2023,Number of breakdowns that lasted 6 hours or more:,With septic tank or cesspool,"$180,000 to $199,999",664,664.0,ok
2023,Number of breakdowns that lasted 6 hours or more:,With septic tank or cesspool,"$20,000 to $29,999","1,720",1720.0,ok
2023,Number of breakdowns that lasted 6 hours or more:,With septic tank or cesspool,"$200,000 or more","2,571",2571.0,ok
2023,Number of breakdowns that lasted 6 hours or more:,With septic tank or cesspool,"$30,000 to $39,999","1,895",1895.0,ok
2023,Number of breakdowns that lasted 6 hours or more:,With septic tank or cesspool,"$40,000 to $49,999","1,727",1727.0,ok
2023,Number of breakdowns that lasted 6 hours or more:,With septic tank or cesspool,"$50,000 to $59,999","1,830",1830.0,ok
2023,Number of breakdowns that lasted 6 hours or more:,With septic tank or cesspool,"$60,000 to $79,999","3,183",3183.0,ok
2023,Number of breakdowns that lasted 6 hours or more:,With septic tank or cesspool,"$80,000 to $99,999","2,476",2476.0,ok
2023,Number of breakdowns that lasted 6 hours or more:,With septic tank or cesspool,"Less than $10,000","1,302",1302.0,ok
2023,Number of power outages that lasted 6 hours or more:,1,"$10,000 to $19,999",813,813.0,ok
2023,Number of power outages that lasted 6 hours or more:,1,"$100,000 to $119,999","1,073",1073.0,ok
2023,Number of power outages that lasted 6 hours or more:,1,"$120,000 to $139,999",952,952.0,ok
2023,Number of power outages that lasted 6 hours or more:,1,"$140,000 to $159,999",840,840.0,ok
2023,Number of power outages that lasted 6 hours or more:,1,"$160,000 to $179,999",469,469.0,ok
2023,Number of power outages that lasted 6 hours or more:,1,"$180,000 to $199,999",429,429.0,ok
2023,Number of power outages that lasted 6 hours or more:,1,"$20,000 to $29,999",800,800.0,ok
2023,Number of power outages that lasted 6 hours or more:,1,"$200,000 or more","1,596",1596.0,ok
2023,Number of power outages that lasted 6 hours or more:,1,"$30,000 to $39,999",818,818.0,ok
2023,Number of power outages that lasted 6 hours or more:,1,"$40,000 to $49,999",908,908.0,ok
2023,Number of power outages that lasted 6 hours or more:,1,"$50,000 to $59,999",801,801.0,ok
2023,Number of power outages that lasted 6 hours or more:,1,"$60,000 to $79,999","1,663",1663.0,ok
2023,Number of power outages that lasted 6 hours or more:,1,"$80,000 to $99,999","1,362",1362.0,ok
2023,Number of power outages that lasted 6 hours or more:,1,"Less than $10,000",631,631.0,ok
2023,Number of power outages that lasted 6 hours or more:,2,"$10,000 to $19,999",363,363.0,ok
2023,Number of power outages that lasted 6 hours or more:,2,"$100,000 to $119,999",550,550.0,ok
2023,Number of power outages that lasted 6 hours or more:,2,"$120,000 to $139,999",313,313.0,ok
2023,Number of power outages that lasted 6 hours or more:,2,"$140,000 to $159,999",345,345.0,ok
2023,Number of power outages that lasted 6 hours or more:,2,"$160,000 to $179,999",205,205.0,ok
2023,Number of power outages that lasted 6 hours or more:,2,"$180,000 to $199,999",201,201.0,ok
2023,Number of power outages that lasted 6 hours or more:,2,"$20,000 to $29,999",418,418.0,ok
2023,Number of power outages that lasted 6 hours or more:,2,"$200,000 or more",777,777.0,ok
2023,Number of power outages that lasted 6 hours or more:,2,"$30,000 to $39,999",394,394.0,ok
2023,Number of power outages that lasted 6 hours or more:,2,"$40,000 to $49,999",401,401.0,ok
2023,Number of power outages that lasted 6 hours or more:,2,"$50,000 to $59,999",401,401.0,ok
2023,Number of power outages that lasted 6 hours or more:,2,"$60,000 to $79,999",786,786.0,ok
2023,Number of power outages that lasted 6 hours or more:,2,"$80,000 to $99,999",575,575.0,ok
2023,Number of power outages that lasted 6 hours or more:,2,"Less than $10,000",234,234.0,ok
2023,Number of power outages that lasted 6 hours or more:,3,"$10,000 to $19,999",S,,suppressed
2023,Number of power outages that lasted 6 hours or more:,3,"$100,000 to $119,999",142,142.0,ok
2023,Number of power outages that lasted 6 hours or more:,3,"$120,000 to $139,999",94,94.0,ok
2023,Number of power outages that lasted 6 hours or more:,3,"$140,000 to $159,999",124,124.0,ok
2023,Number of power outages that lasted 6 hours or more:,3,"$160,000 to $179,999",S,,suppressed
2023,Number of power outages that lasted 6 hours or more:,3,"$180,000 to $199,999",S,,suppressed
2023,Number of power outages that lasted 6 hours or more:,3,"$20,000 to $29,999",127,127.0,ok
2023,Number of power outages that lasted 6 hours or more:,3,"$200,000 or more",192,192.0,ok
2023,Number of power outages that lasted 6 hours or more:,3,"$30,000 to $39,999",135,135.0,ok
2023,Number of power outages that lasted 6 hours or more:,3,"$40,000 to $49,999",149,149.0,ok
2023,Number of power outages that lasted 6 hours or more:,3,"$50,000 to $59,999",172,172.0,ok
2023,Number of power outages that lasted 6 hours or more:,3,"$60,000 to $79,999",260,260.0,ok
2023,Number of power outages that lasted 6 hours or more:,3,"$80,000 to $99,999",216,216.0,ok
2023,Number of power outages that lasted 6 hours or more:,3,"Less than $10,000",117,117.0,ok
2023,Number of power outages that lasted 6 hours or more:,4 or more,"$10,000 to $19,999",183,183.0,ok
2023,Number of power outages that lasted 6 hours or more:,4 or more,"$100,000 to $119,999",161,161.0,ok
2023,Number of power outages that lasted 6 hours or more:,4 or more,"$120,000 to $139,999",S,,suppressed
2023,Number of power outages that lasted 6 hours or more:,4 or more,"$140,000 to $159,999",133,133.0,ok
2023,Number of power outages that lasted 6 hours or more:,4 or more,"$160,000 to $179,999",S,,suppressed
2023,Number of power outages that lasted 6 hours or more:,4 or more,"$180,000 to $199,999",S,,suppressed
2023,Number of power outages that lasted 6 hours or more:,4 or more,"$20,000 to $29,999",159,159.0,ok
2023,Number of power outages that lasted 6 hours or more:,4 or more,"$200,000 or more",212,212.0,ok
2023,Number of power outages that lasted 6 hours or more:,4 or more,"$30,000 to $39,999",194,194.0,ok
2023,Number of power outages that lasted 6 hours or more:,4 or more,"$40,000 to $49,999",202,202.0,ok
2023,Number of power outages that lasted 6 hours or more:,4 or more,"$50,000 to $59,999",231,231.0,ok
2023,Number of power outages that lasted 6 hours or more:,4 or more,"$60,000 to $79,999",228,228.0,ok
2023,Number of power outages that lasted 6 hours or more:,4 or more,"$80,000 to $99,999",265,265.0,ok
2023,Number of power outages that lasted 6 hours or more:,4 or more,"Less than $10,000",188,188.0,ok
2023,Number of power outages that lasted 6 hours or more:,Number of power outages not reported,"$10,000 to $19,999",S,,suppressed
2023,Number of power outages that lasted 6 hours or more:,Number of power outages not reported,"$100,000 to $119,999",S,,suppressed
2023,Number of power outages that lasted 6 hours or more:,Number of power outages not reported,"$120,000 to $139,999",S,,suppressed
2023,Number of power outages that lasted 6 hours or more:,Number of power outages not reported,"$140,000 to $159,999",S,,suppressed
2023,Number of power outages that lasted 6 hours or more:,Number of power outages not reported,"$160,000 to $179,999",.,,blank_or_na
2023,Number of power outages that lasted 6 hours or more:,Number of power outages not reported,"$180,000 to $199,999",.,,blank_or_na
2023,Number of power outages that lasted 6 hours or more:,Number of power outages not reported,"$20,000 to $29,999",S,,suppressed
2023,Number of power outages that lasted 6 hours or more:,Number of power outages not reported,"$200,000 or more",S,,suppressed
2023,Number of power outages that lasted 6 hours or more:,Number of power outages not reported,"$30,000 to $39,999",S,,suppressed
2023,Number of power outages that lasted 6 hours or more:,Number of power outages not reported,"$40,000 to $49,999",S,,suppressed
2023,Number of power outages that lasted 6 hours or more:,Number of power outages not reported,"$50,000 to $59,999",S,,suppressed
2023,Number of power outages that lasted 6 hours or more:,Number of power outages not reported,"$60,000 to $79,999",S,,suppressed
2023,Number of power outages that lasted 6 hours or more:,Number of power outages not reported,"$80,000 to $99,999",S,,suppressed
2023,Number of power outages that lasted 6 hours or more:,Number of power outages not reported,"Less than $10,000",S,,suppressed
2023,Number of power outages that lasted 6 hours or more:,Power outage not reported,"$10,000 to $19,999",S,,suppressed
2023,Number of power outages that lasted 6 hours or more:,Power outage not reported,"$100,000 to $119,999",S,,suppressed
2023,Number of power outages that lasted 6 hours or more:,Power outage not reported,"$120,000 to $139,999",S,,suppressed
2023,Number of power outages that lasted 6 hours or more:,Power outage not reported,"$140,000 to $159,999",S,,suppressed
2023,Number of power outages that lasted 6 hours or more:,Power outage not reported,"$160,000 to $179,999",S,,suppressed
2023,Number of power outages that lasted 6 hours or more:,Power outage not reported,"$180,000 to $199,999",S,,suppressed
2023,Number of power outages that lasted 6 hours or more:,Power outage not reported,"$20,000 to $29,999",S,,suppressed
2023,Number of power outages that lasted 6 hours or more:,Power outage not reported,"$200,000 or more",134,134.0,ok
2023,Number of power outages that lasted 6 hours or more:,Power outage not reported,"$30,000 to $39,999",S,,suppressed
2023,Number of power outages that lasted 6 hours or more:,Power outage not reported,"$40,000 to $49,999",S,,suppressed
2023,Number of power outages that lasted 6 hours or more:,Power outage not reported,"$50,000 to $59,999",S,,suppressed
2023,Number of power outages that lasted 6 hours or more:,Power outage not reported,"$60,000 to $79,999",165,165.0,ok
2023,Number of power outages that lasted 6 hours or more:,Power outage not reported,"$80,000 to $99,999",S,,suppressed
2023,Number of power outages that lasted 6 hours or more:,Power outage not reported,"Less than $10,000",S,,suppressed
2023,Number of stoppages that lasted 6 hours or more:,1,"$10,000 to $19,999",200,200.0,ok
2023,Number of stoppages that lasted 6 hours or more:,1,"$100,000 to $119,999",128,128.0,ok
2023,Number of stoppages that lasted 6 hours or more:,1,"$120,000 to $139,999",122,122.0,ok
2023,Number of stoppages that lasted 6 hours or more:,1,"$140,000 to $159,999",103,103.0,ok
2023,Number of stoppages that lasted 6 hours or more:,1,"$160,000 to $179,999",56,56.0,ok
2023,Number of stoppages that lasted 6 hours or more:,1,"$180,000 to $199,999",S,,suppressed
2023,Number of stoppages that lasted 6 hours or more:,1,"$20,000 to $29,999",183,183.0,ok
2023,Number of stoppages that lasted 6 hours or more:,1,"$200,000 or more",193,193.0,ok
2023,Number of stoppages that lasted 6 hours or more:,1,"$30,000 to $39,999",176,176.0,ok
2023,Number of stoppages that lasted 6 hours or more:,1,"$40,000 to $49,999",180,180.0,ok
2023,Number of stoppages that lasted 6 hours or more:,1,"$50,000 to $59,999",165,165.0,ok
2023,Number of stoppages that lasted 6 hours or more:,1,"$60,000 to $79,999",231,231.0,ok
2023,Number of stoppages that lasted 6 hours or more:,1,"$80,000 to $99,999",139,139.0,ok
2023,Number of stoppages that lasted 6 hours or more:,1,"Less than $10,000",151,151.0,ok
2023,Number of stoppages that lasted 6 hours or more:,2,"$10,000 to $19,999",S,,suppressed
2023,Number of stoppages that lasted 6 hours or more:,2,"$100,000 to $119,999",S,,suppressed
2023,Number of stoppages that lasted 6 hours or more:,2,"$120,000 to $139,999",S,,suppressed
2023,Number of stoppages that lasted 6 hours or more:,2,"$140,000 to $159,999",S,,suppressed
2023,Number of stoppages that lasted 6 hours or more:,2,"$160,000 to $179,999",S,,suppressed
2023,Number of stoppages that lasted 6 hours or more:,2,"$180,000 to $199,999",S,,suppressed
2023,Number of stoppages that lasted 6 hours or more:,2,"$20,000 to $29,999",S,,suppressed
2023,Number of stoppages that lasted 6 hours or more:,2,"$200,000 or more",51,51.0,ok
2023,Number of stoppages that lasted 6 hours or more:,2,"$30,000 to $39,999",S,,suppressed
2023,Number of stoppages that lasted 6 hours or more:,2,"$40,000 to $49,999",S,,suppressed
2023,Number of stoppages that lasted 6 hours or more:,2,"$50,000 to $59,999",61,61.0,ok
2023,Number of stoppages that lasted 6 hours or more:,2,"$60,000 to $79,999",71,71.0,ok
2023,Number of stoppages that lasted 6 hours or more:,2,"$80,000 to $99,999",53,53.0,ok
2023,Number of stoppages that lasted 6 hours or more:,2,"Less than $10,000",38,38.0,ok
2023,Number of stoppages that lasted 6 hours or more:,3,"$10,000 to $19,999",S,,suppressed
2023,Number of stoppages that lasted 6 hours or more:,3,"$100,000 to $119,999",S,,suppressed
2023,Number of stoppages that lasted 6 hours or more:,3,"$120,000 to $139,999",S,,suppressed
2023,Number of stoppages that lasted 6 hours or more:,3,"$140,000 to $159,999",S,,suppressed
2023,Number of stoppages that lasted 6 hours or more:,3,"$160,000 to $179,999",S,,suppressed
2023,Number of stoppages that lasted 6 hours or more:,3,"$180,000 to $199,999",.,,blank_or_na
2023,Number of stoppages that lasted 6 hours or more:,3,"$20,000 to $29,999",S,,suppressed
2023,Number of stoppages that lasted 6 hours or more:,3,"$200,000 or more",S,,suppressed
2023,Number of stoppages that lasted 6 hours or more:,3,"$30,000 to $39,999",S,,suppressed
2023,Number of stoppages that lasted 6 hours or more:,3,"$40,000 to $49,999",S,,suppressed
2023,Number of stoppages that lasted 6 hours or more:,3,"$50,000 to $59,999",S,,suppressed
2023,Number of stoppages that lasted 6 hours or more:,3,"$60,000 to $79,999",72,72.0,ok
2023,Number of stoppages that lasted 6 hours or more:,3,"$80,000 to $99,999",S,,suppressed
2023,Number of stoppages that lasted 6 hours or more:,3,"Less than $10,000",S,,suppressed
2023,Number of stoppages that lasted 6 hours or more:,4 or more,"$10,000 to $19,999",48,48.0,ok
2023,Number of stoppages that lasted 6 hours or more:,4 or more,"$100,000 to $119,999",S,,suppressed
2023,Number of stoppages that lasted 6 hours or more:,4 or more,"$120,000 to $139,999",S,,suppressed
2023,Number of stoppages that lasted 6 hours or more:,4 or more,"$140,000 to $159,999",S,,suppressed
2023,Number of stoppages that lasted 6 hours or more:,4 or more,"$160,000 to $179,999",.,,blank_or_na
2023,Number of stoppages that lasted 6 hours or more:,4 or more,"$180,000 to $199,999",S,,suppressed
2023,Number of stoppages that lasted 6 hours or more:,4 or more,"$20,000 to $29,999",49,49.0,ok
2023,Number of stoppages that lasted 6 hours or more:,4 or more,"$200,000 or more",27,27.0,ok
2023,Number of stoppages that lasted 6 hours or more:,4 or more,"$30,000 to $39,999",74,74.0,ok
2023,Number of stoppages that lasted 6 hours or more:,4 or more,"$40,000 to $49,999",51,51.0,ok
2023,Number of stoppages that lasted 6 hours or more:,4 or more,"$50,000 to $59,999",S,,suppressed
2023,Number of stoppages that lasted 6 hours or more:,4 or more,"$60,000 to $79,999",S,,suppressed
2023,Number of stoppages that lasted 6 hours or more:,4 or more,"$80,000 to $99,999",S,,suppressed
2023,Number of stoppages that lasted 6 hours or more:,4 or more,"Less than $10,000",50,50.0,ok
2023,Number of stoppages that lasted 6 hours or more:,Number of stoppages not reported,"$10,000 to $19,999",S,,suppressed
2023,Number of stoppages that lasted 6 hours or more:,Number of stoppages not reported,"$100,000 to $119,999",.,,blank_or_na
2023,Number of stoppages that lasted 6 hours or more:,Number of stoppages not reported,"$120,000 to $139,999",.,,blank_or_na
2023,Number of stoppages that lasted 6 hours or more:,Number of stoppages not reported,"$140,000 to $159,999",.,,blank_or_na
2023,Number of stoppages that lasted 6 hours or more:,Number of stoppages not reported,"$160,000 to $179,999",.,,blank_or_na
2023,Number of stoppages that lasted 6 hours or more:,Number of stoppages not reported,"$180,000 to $199,999",S,,suppressed
2023,Number of stoppages that lasted 6 hours or more:,Number of stoppages not reported,"$20,000 to $29,999",S,,suppressed
2023,Number of stoppages that lasted 6 hours or more:,Number of stoppages not reported,"$200,000 or more",S,,suppressed
2023,Number of stoppages that lasted 6 hours or more:,Number of stoppages not reported,"$30,000 to $39,999",.,,blank_or_na
2023,Number of stoppages that lasted 6 hours or more:,Number of stoppages not reported,"$40,000 to $49,999",S,,suppressed
2023,Number of stoppages that lasted 6 hours or more:,Number of stoppages not reported,"$50,000 to $59,999",S,,suppressed
2023,Number of stoppages that lasted 6 hours or more:,Number of stoppages not reported,"$60,000 to $79,999",S,,suppressed
2023,Number of stoppages that lasted 6 hours or more:,Number of stoppages not reported,"$80,000 to $99,999",S,,suppressed
2023,Number of stoppages that lasted 6 hours or more:,Number of stoppages not reported,"Less than $10,000",S,,suppressed
2023,Number of stoppages that lasted 6 hours or more:,Stoppage not reported,"$10,000 to $19,999",S,,suppressed
2023,Number of stoppages that lasted 6 hours or more:,Stoppage not reported,"$100,000 to $119,999",S,,suppressed
2023,Number of stoppages that lasted 6 hours or more:,Stoppage not reported,"$120,000 to $139,999",S,,suppressed
2023,Number of stoppages that lasted 6 hours or more:,Stoppage not reported,"$140,000 to $159,999",49,49.0,ok
2023,Number of stoppages that lasted 6 hours or more:,Stoppage not reported,"$160,000 to $179,999",S,,suppressed
2023,Number of stoppages that lasted 6 hours or more:,Stoppage not reported,"$180,000 to $199,999",S,,suppressed
2023,Number of stoppages that lasted 6 hours or more:,Stoppage not reported,"$20,000 to $29,999",S,,suppressed
2023,Number of stoppages that lasted 6 hours or more:,Stoppage not reported,"$200,000 or more",S,,suppressed
2023,Number of stoppages that lasted 6 hours or more:,Stoppage not reported,"$30,000 to $39,999",80,80.0,ok
2023,Number of stoppages that lasted 6 hours or more:,Stoppage not reported,"$40,000 to $49,999",81,81.0,ok
2023,Number of stoppages that lasted 6 hours or more:,Stoppage not reported,"$50,000 to $59,999",57,57.0,ok
2023,Number of stoppages that lasted 6 hours or more:,Stoppage not reported,"$60,000 to $79,999",145,145.0,ok
2023,Number of stoppages that lasted 6 hours or more:,Stoppage not reported,"$80,000 to $99,999",94,94.0,ok
2023,Number of stoppages that lasted 6 hours or more:,Stoppage not reported,"Less than $10,000",97,97.0,ok
2023,Pipes froze:,No,"$10,000 to $19,999","1,907",1907.0,ok
2023,Pipes froze:,No,"$100,000 to $119,999","2,732",2732.0,ok
2023,Pipes froze:,No,"$120,000 to $139,999","2,228",2228.0,ok
2023,Pipes froze:,No,"$140,000 to $159,999","2,107",2107.0,ok
2023,Pipes froze:,No,"$160,000 to $179,999","1,334",1334.0,ok
2023,Pipes froze:,No,"$180,000 to $199,999","1,212",1212.0,ok
2023,Pipes froze:,No,"$20,000 to $29,999","2,125",2125.0,ok
2023,Pipes froze:,No,"$200,000 or more","4,149",4149.0,ok
2023,Pipes froze:,No,"$30,000 to $39,999","2,039",2039.0,ok
2023,Pipes froze:,No,"$40,000 to $49,999","2,223",2223.0,ok
2023,Pipes froze:,No,"$50,000 to $59,999","2,157",2157.0,ok
2023,Pipes froze:,No,"$60,000 to $79,999","4,101",4101.0,ok
2023,Pipes froze:,No,"$80,000 to $99,999","3,403",3403.0,ok
2023,Pipes froze:,No,"Less than $10,000","1,457",1457.0,ok
2023,Pipes froze:,Not reported,"$10,000 to $19,999",S,,suppressed
2023,Pipes froze:,Not reported,"$100,000 to $119,999",.,,blank_or_na
2023,Pipes froze:,Not reported,"$120,000 to $139,999",.,,blank_or_na
2023,Pipes froze:,Not reported,"$140,000 to $159,999",S,,suppressed
2023,Pipes froze:,Not reported,"$160,000 to $179,999",.,,blank_or_na
2023,Pipes froze:,Not reported,"$180,000 to $199,999",S,,suppressed
2023,Pipes froze:,Not reported,"$20,000 to $29,999",.,,blank_or_na
2023,Pipes froze:,Not reported,"$200,000 or more",.,,blank_or_na
2023,Pipes froze:,Not reported,"$30,000 to $39,999",.,,blank_or_na
2023,Pipes froze:,Not reported,"$40,000 to $49,999",.,,blank_or_na
2023,Pipes froze:,Not reported,"$50,000 to $59,999",.,,blank_or_na
2023,Pipes froze:,Not reported,"$60,000 to $79,999",S,,suppressed
2023,Pipes froze:,Not reported,"$80,000 to $99,999",.,,blank_or_na
2023,Pipes froze:,Not reported,"Less than $10,000",S,,suppressed
2023,Pipes froze:,Yes,"$10,000 to $19,999",116,116.0,ok
2023,Pipes froze:,Yes,"$100,000 to $119,999",S,,suppressed
2023,Pipes froze:,Yes,"$120,000 to $139,999",S,,suppressed
2023,Pipes froze:,Yes,"$140,000 to $159,999",S,,suppressed
2023,Pipes froze:,Yes,"$160,000 to $179,999",S,,suppressed
2023,Pipes froze:,Yes,"$180,000 to $199,999",S,,suppressed
2023,Pipes froze:,Yes,"$20,000 to $29,999",S,,suppressed
2023,Pipes froze:,Yes,"$200,000 or more",S,,suppressed
2023,Pipes froze:,Yes,"$30,000 to $39,999",S,,suppressed
2023,Pipes froze:,Yes,"$40,000 to $49,999",S,,suppressed
2023,Pipes froze:,Yes,"$50,000 to $59,999",S,,suppressed
2023,Pipes froze:,Yes,"$60,000 to $79,999",S,,suppressed
2023,Pipes froze:,Yes,"$80,000 to $99,999",S,,suppressed
2023,Pipes froze:,Yes,"Less than $10,000",S,,suppressed
2023,Power Outages,Experienced power outage in last 12 months,"$10,000 to $19,999","2,024",2024.0,ok
2023,Power Outages,Experienced power outage in last 12 months,"$100,000 to $119,999","2,766",2766.0,ok
2023,Power Outages,Experienced power outage in last 12 months,"$120,000 to $139,999","2,266",2266.0,ok
2023,Power Outages,Experienced power outage in last 12 months,"$140,000 to $159,999","2,150",2150.0,ok
2023,Power Outages,Experienced power outage in last 12 months,"$160,000 to $179,999","1,350",1350.0,ok
2023,Power Outages,Experienced power outage in last 12 months,"$180,000 to $199,999","1,215",1215.0,ok
2023,Power Outages,Experienced power outage in last 12 months,"$20,000 to $29,999","2,138",2138.0,ok
2023,Power Outages,Experienced power outage in last 12 months,"$200,000 or more","4,215",4215.0,ok
2023,Power Outages,Experienced power outage in last 12 months,"$30,000 to $39,999","2,122",2122.0,ok
2023,Power Outages,Experienced power outage in last 12 months,"$40,000 to $49,999","2,254",2254.0,ok
2023,Power Outages,Experienced power outage in last 12 months,"$50,000 to $59,999","2,210",2210.0,ok
2023,Power Outages,Experienced power outage in last 12 months,"$60,000 to $79,999","4,190",4190.0,ok
2023,Power Outages,Experienced power outage in last 12 months,"$80,000 to $99,999","3,464",3464.0,ok
2023,Power Outages,Experienced power outage in last 12 months,"Less than $10,000","1,501",1501.0,ok
2023,Power Outages,No power outage in last 12 months,"$10,000 to $19,999","6,995",6995.0,ok
2023,Power Outages,No power outage in last 12 months,"$100,000 to $119,999","7,101",7101.0,ok
2023,Power Outages,No power outage in last 12 months,"$120,000 to $139,999","5,774",5774.0,ok
2023,Power Outages,No power outage in last 12 months,"$140,000 to $159,999","4,673",4673.0,ok
2023,Power Outages,No power outage in last 12 months,"$160,000 to $179,999","3,459",3459.0,ok
2023,Power Outages,No power outage in last 12 months,"$180,000 to $199,999","2,434",2434.0,ok
2023,Power Outages,No power outage in last 12 months,"$20,000 to $29,999","7,272",7272.0,ok
2023,Power Outages,No power outage in last 12 months,"$200,000 or more","10,116",10116.0,ok
2023,Power Outages,No power outage in last 12 months,"$30,000 to $39,999","7,392",7392.0,ok
2023,Power Outages,No power outage in last 12 months,"$40,000 to $49,999","7,027",7027.0,ok
2023,Power Outages,No power outage in last 12 months,"$50,000 to $59,999","7,055",7055.0,ok
2023,Power Outages,No power outage in last 12 months,"$60,000 to $79,999","12,040",12040.0,ok
2023,Power Outages,No power outage in last 12 months,"$80,000 to $99,999","9,496",9496.0,ok
2023,Power Outages,No power outage in last 12 months,"Less than $10,000","7,576",7576.0,ok
2023,Power Outages,No power outages lasting 6 hours or more,"$10,000 to $19,999",541,541.0,ok
2023,Power Outages,No power outages lasting 6 hours or more,"$100,000 to $119,999",830,830.0,ok
2023,Power Outages,No power outages lasting 6 hours or more,"$120,000 to $139,999",697,697.0,ok
2023,Power Outages,No power outages lasting 6 hours or more,"$140,000 to $159,999",700,700.0,ok
2023,Power Outages,No power outages lasting 6 hours or more,"$160,000 to $179,999",505,505.0,ok
2023,Power Outages,No power outages lasting 6 hours or more,"$180,000 to $199,999",474,474.0,ok
2023,Power Outages,No power outages lasting 6 hours or more,"$20,000 to $29,999",619,619.0,ok
2023,Power Outages,No power outages lasting 6 hours or more,"$200,000 or more","1,428",1428.0,ok
2023,Power Outages,No power outages lasting 6 hours or more,"$30,000 to $39,999",576,576.0,ok
2023,Power Outages,No power outages lasting 6 hours or more,"$40,000 to $49,999",589,589.0,ok
2023,Power Outages,No power outages lasting 6 hours or more,"$50,000 to $59,999",585,585.0,ok
2023,Power Outages,No power outages lasting 6 hours or more,"$60,000 to $79,999","1,204",1204.0,ok
2023,Power Outages,No power outages lasting 6 hours or more,"$80,000 to $99,999","1,019",1019.0,ok
2023,Power Outages,No power outages lasting 6 hours or more,"Less than $10,000",326,326.0,ok
2023,Problems Caused by Power Outages in Last 12 Months,Experienced power outage in last 12 months,"$10,000 to $19,999","2,024",2024.0,ok
2023,Problems Caused by Power Outages in Last 12 Months,Experienced power outage in last 12 months,"$100,000 to $119,999","2,766",2766.0,ok
2023,Problems Caused by Power Outages in Last 12 Months,Experienced power outage in last 12 months,"$120,000 to $139,999","2,266",2266.0,ok
2023,Problems Caused by Power Outages in Last 12 Months,Experienced power outage in last 12 months,"$140,000 to $159,999","2,150",2150.0,ok
2023,Problems Caused by Power Outages in Last 12 Months,Experienced power outage in last 12 months,"$160,000 to $179,999","1,350",1350.0,ok
2023,Problems Caused by Power Outages in Last 12 Months,Experienced power outage in last 12 months,"$180,000 to $199,999","1,215",1215.0,ok
2023,Problems Caused by Power Outages in Last 12 Months,Experienced power outage in last 12 months,"$20,000 to $29,999","2,138",2138.0,ok
2023,Problems Caused by Power Outages in Last 12 Months,Experienced power outage in last 12 months,"$200,000 or more","4,215",4215.0,ok
2023,Problems Caused by Power Outages in Last 12 Months,Experienced power outage in last 12 months,"$30,000 to $39,999","2,122",2122.0,ok
2023,Problems Caused by Power Outages in Last 12 Months,Experienced power outage in last 12 months,"$40,000 to $49,999","2,254",2254.0,ok
2023,Problems Caused by Power Outages in Last 12 Months,Experienced power outage in last 12 months,"$50,000 to $59,999","2,210",2210.0,ok
2023,Problems Caused by Power Outages in Last 12 Months,Experienced power outage in last 12 months,"$60,000 to $79,999","4,190",4190.0,ok
2023,Problems Caused by Power Outages in Last 12 Months,Experienced power outage in last 12 months,"$80,000 to $99,999","3,464",3464.0,ok
2023,Problems Caused by Power Outages in Last 12 Months,Experienced power outage in last 12 months,"Less than $10,000","1,501",1501.0,ok
2023,Refrigerated medicine spoiled:,No,"$10,000 to $19,999","1,371",1371.0,ok
2023,Refrigerated medicine spoiled:,No,"$100,000 to $119,999","1,829",1829.0,ok
2023,Refrigerated medicine spoiled:,No,"$120,000 to $139,999","1,611",1611.0,ok
2023,Refrigerated medicine spoiled:,No,"$140,000 to $159,999","1,519",1519.0,ok
2023,Refrigerated medicine spoiled:,No,"$160,000 to $179,999",867,867.0,ok
2023,Refrigerated medicine spoiled:,No,"$180,000 to $199,999",818,818.0,ok
2023,Refrigerated medicine spoiled:,No,"$20,000 to $29,999","1,463",1463.0,ok
2023,Refrigerated medicine spoiled:,No,"$200,000 or more","3,086",3086.0,ok
2023,Refrigerated medicine spoiled:,No,"$30,000 to $39,999","1,489",1489.0,ok
2023,Refrigerated medicine spoiled:,No,"$40,000 to $49,999","1,638",1638.0,ok
2023,Refrigerated medicine spoiled:,No,"$50,000 to $59,999","1,579",1579.0,ok
2023,Refrigerated medicine spoiled:,No,"$60,000 to $79,999","3,044",3044.0,ok
2023,Refrigerated medicine spoiled:,No,"$80,000 to $99,999","2,541",2541.0,ok
2023,Refrigerated medicine spoiled:,No,"Less than $10,000","1,082",1082.0,ok
2023,Refrigerated medicine spoiled:,No refrigerated medicine,"$10,000 to $19,999",549,549.0,ok
2023,Refrigerated medicine spoiled:,No refrigerated medicine,"$100,000 to $119,999",815,815.0,ok
2023,Refrigerated medicine spoiled:,No refrigerated medicine,"$120,000 to $139,999",618,618.0,ok
2023,Refrigerated medicine spoiled:,No refrigerated medicine,"$140,000 to $159,999",607,607.0,ok
2023,Refrigerated medicine spoiled:,No refrigerated medicine,"$160,000 to $179,999",479,479.0,ok
2023,Refrigerated medicine spoiled:,No refrigerated medicine,"$180,000 to $199,999",385,385.0,ok
2023,Refrigerated medicine spoiled:,No refrigerated medicine,"$20,000 to $29,999",624,624.0,ok
2023,Refrigerated medicine spoiled:,No refrigerated medicine,"$200,000 or more","1,091",1091.0,ok
2023,Refrigerated medicine spoiled:,No refrigerated medicine,"$30,000 to $39,999",531,531.0,ok
2023,Refrigerated medicine spoiled:,No refrigerated medicine,"$40,000 to $49,999",578,578.0,ok
2023,Refrigerated medicine spoiled:,No refrigerated medicine,"$50,000 to $59,999",583,583.0,ok
2023,Refrigerated medicine spoiled:,No refrigerated medicine,"$60,000 to $79,999","1,088",1088.0,ok
2023,Refrigerated medicine spoiled:,No refrigerated medicine,"$80,000 to $99,999",889,889.0,ok
2023,Refrigerated medicine spoiled:,No refrigerated medicine,"Less than $10,000",373,373.0,ok
2023,Refrigerated medicine spoiled:,Not reported,"$10,000 to $19,999",S,,suppressed
2023,Refrigerated medicine spoiled:,Not reported,"$100,000 to $119,999",S,,suppressed
2023,Refrigerated medicine spoiled:,Not reported,"$120,000 to $139,999",.,,blank_or_na
2023,Refrigerated medicine spoiled:,Not reported,"$140,000 to $159,999",.,,blank_or_na
2023,Refrigerated medicine spoiled:,Not reported,"$160,000 to $179,999",.,,blank_or_na
2023,Refrigerated medicine spoiled:,Not reported,"$180,000 to $199,999",S,,suppressed
2023,Refrigerated medicine spoiled:,Not reported,"$20,000 to $29,999",S,,suppressed
2023,Refrigerated medicine spoiled:,Not reported,"$200,000 or more",.,,blank_or_na
2023,Refrigerated medicine spoiled:,Not reported,"$30,000 to $39,999",.,,blank_or_na
2023,Refrigerated medicine spoiled:,Not reported,"$40,000 to $49,999",S,,suppressed
2023,Refrigerated medicine spoiled:,Not reported,"$50,000 to $59,999",.,,blank_or_na
2023,Refrigerated medicine spoiled:,Not reported,"$60,000 to $79,999",.,,blank_or_na
2023,Refrigerated medicine spoiled:,Not reported,"$80,000 to $99,999",.,,blank_or_na
2023,Refrigerated medicine spoiled:,Not reported,"Less than $10,000",S,,suppressed
2023,Refrigerated medicine spoiled:,Yes,"$10,000 to $19,999",S,,suppressed
2023,Refrigerated medicine spoiled:,Yes,"$100,000 to $119,999",119,119.0,ok
2023,Refrigerated medicine spoiled:,Yes,"$120,000 to $139,999",S,,suppressed
2023,Refrigerated medicine spoiled:,Yes,"$140,000 to $159,999",S,,suppressed
2023,Refrigerated medicine spoiled:,Yes,"$160,000 to $179,999",S,,suppressed
2023,Refrigerated medicine spoiled:,Yes,"$180,000 to $199,999",S,,suppressed
2023,Refrigerated medicine spoiled:,Yes,"$20,000 to $29,999",S,,suppressed
2023,Refrigerated medicine spoiled:,Yes,"$200,000 or more",S,,suppressed
2023,Refrigerated medicine spoiled:,Yes,"$30,000 to $39,999",103,103.0,ok
2023,Refrigerated medicine spoiled:,Yes,"$40,000 to $49,999",S,,suppressed
2023,Refrigerated medicine spoiled:,Yes,"$50,000 to $59,999",S,,suppressed
2023,Refrigerated medicine spoiled:,Yes,"$60,000 to $79,999",S,,suppressed
2023,Refrigerated medicine spoiled:,Yes,"$80,000 to $99,999",S,,suppressed
2023,Refrigerated medicine spoiled:,Yes,"Less than $10,000",S,,suppressed
2023,Selected Deficiencies,Broken plaster or peeling paint (interior),"$10,000 to $19,999",302,302.0,ok
2023,Selected Deficiencies,Broken plaster or peeling paint (interior),"$100,000 to $119,999",161,161.0,ok
2023,Selected Deficiencies,Broken plaster or peeling paint (interior),"$120,000 to $139,999",137,137.0,ok
2023,Selected Deficiencies,Broken plaster or peeling paint (interior),"$140,000 to $159,999",81,81.0,ok
2023,Selected Deficiencies,Broken plaster or peeling paint (interior),"$160,000 to $179,999",56,56.0,ok
2023,Selected Deficiencies,Broken plaster or peeling paint (interior),"$180,000 to $199,999",S,,suppressed
2023,Selected Deficiencies,Broken plaster or peeling paint (interior),"$20,000 to $29,999",261,261.0,ok
2023,Selected Deficiencies,Broken plaster or peeling paint (interior),"$200,000 or more",126,126.0,ok
2023,Selected Deficiencies,Broken plaster or peeling paint (interior),"$30,000 to $39,999",298,298.0,ok
2023,Selected Deficiencies,Broken plaster or peeling paint (interior),"$40,000 to $49,999",211,211.0,ok
2023,Selected Deficiencies,Broken plaster or peeling paint (interior),"$50,000 to $59,999",198,198.0,ok
2023,Selected Deficiencies,Broken plaster or peeling paint (interior),"$60,000 to $79,999",381,381.0,ok
2023,Selected Deficiencies,Broken plaster or peeling paint (interior),"$80,000 to $99,999",311,311.0,ok
2023,Selected Deficiencies,Broken plaster or peeling paint (interior),"Less than $10,000",349,349.0,ok
2023,Selected Deficiencies,Exposed wiring,"$10,000 to $19,999",336,336.0,ok
2023,Selected Deficiencies,Exposed wiring,"$100,000 to $119,999",293,293.0,ok
2023,Selected Deficiencies,Exposed wiring,"$120,000 to $139,999",168,168.0,ok
2023,Selected Deficiencies,Exposed wiring,"$140,000 to $159,999",199,199.0,ok
2023,Selected Deficiencies,Exposed wiring,"$160,000 to $179,999",78,78.0,ok
2023,Selected Deficiencies,Exposed wiring,"$180,000 to $199,999",62,62.0,ok
2023,Selected Deficiencies,Exposed wiring,"$20,000 to $29,999",292,292.0,ok
2023,Selected Deficiencies,Exposed wiring,"$200,000 or more",304,304.0,ok
2023,Selected Deficiencies,Exposed wiring,"$30,000 to $39,999",303,303.0,ok
2023,Selected Deficiencies,Exposed wiring,"$40,000 to $49,999",291,291.0,ok
2023,Selected Deficiencies,Exposed wiring,"$50,000 to $59,999",216,216.0,ok
2023,Selected Deficiencies,Exposed wiring,"$60,000 to $79,999",459,459.0,ok
2023,Selected Deficiencies,Exposed wiring,"$80,000 to $99,999",320,320.0,ok
2023,Selected Deficiencies,Exposed wiring,"Less than $10,000",400,400.0,ok
2023,Selected Deficiencies,Holes in floors,"$10,000 to $19,999",219,219.0,ok
2023,Selected Deficiencies,Holes in floors,"$100,000 to $119,999",101,101.0,ok
2023,Selected Deficiencies,Holes in floors,"$120,000 to $139,999",110,110.0,ok
2023,Selected Deficiencies,Holes in floors,"$140,000 to $159,999",S,,suppressed
2023,Selected Deficiencies,Holes in floors,"$160,000 to $179,999",S,,suppressed
2023,Selected Deficiencies,Holes in floors,"$180,000 to $199,999",S,,suppressed
2023,Selected Deficiencies,Holes in floors,"$20,000 to $29,999",177,177.0,ok
2023,Selected Deficiencies,Holes in floors,"$200,000 or more",92,92.0,ok
2023,Selected Deficiencies,Holes in floors,"$30,000 to $39,999",137,137.0,ok
2023,Selected Deficiencies,Holes in floors,"$40,000 to $49,999",165,165.0,ok
2023,Selected Deficiencies,Holes in floors,"$50,000 to $59,999",111,111.0,ok
2023,Selected Deficiencies,Holes in floors,"$60,000 to $79,999",193,193.0,ok
2023,Selected Deficiencies,Holes in floors,"$80,000 to $99,999",125,125.0,ok
2023,Selected Deficiencies,Holes in floors,"Less than $10,000",244,244.0,ok
2023,Selected Deficiencies,No electrical wiring,"$10,000 to $19,999",S,,suppressed
2023,Selected Deficiencies,No electrical wiring,"$100,000 to $119,999",S,,suppressed
2023,Selected Deficiencies,No electrical wiring,"$120,000 to $139,999",S,,suppressed
2023,Selected Deficiencies,No electrical wiring,"$140,000 to $159,999",.,,blank_or_na
2023,Selected Deficiencies,No electrical wiring,"$160,000 to $179,999",S,,suppressed
2023,Selected Deficiencies,No electrical wiring,"$180,000 to $199,999",.,,blank_or_na
2023,Selected Deficiencies,No electrical wiring,"$20,000 to $29,999",S,,suppressed
2023,Selected Deficiencies,No electrical wiring,"$200,000 or more",S,,suppressed
2023,Selected Deficiencies,No electrical wiring,"$30,000 to $39,999",S,,suppressed
2023,Selected Deficiencies,No electrical wiring,"$40,000 to $49,999",S,,suppressed
2023,Selected Deficiencies,No electrical wiring,"$50,000 to $59,999",S,,suppressed
2023,Selected Deficiencies,No electrical wiring,"$60,000 to $79,999",S,,suppressed
2023,Selected Deficiencies,No electrical wiring,"$80,000 to $99,999",S,,suppressed
2023,Selected Deficiencies,No electrical wiring,"Less than $10,000",S,,suppressed
2023,Selected Deficiencies,Open cracks or holes (interior),"$10,000 to $19,999",671,671.0,ok
2023,Selected Deficiencies,Open cracks or holes (interior),"$100,000 to $119,999",449,449.0,ok
2023,Selected Deficiencies,Open cracks or holes (interior),"$120,000 to $139,999",383,383.0,ok
2023,Selected Deficiencies,Open cracks or holes (interior),"$140,000 to $159,999",297,297.0,ok
2023,Selected Deficiencies,Open cracks or holes (interior),"$160,000 to $179,999",180,180.0,ok
2023,Selected Deficiencies,Open cracks or holes (interior),"$180,000 to $199,999",133,133.0,ok
2023,Selected Deficiencies,Open cracks or holes (interior),"$20,000 to $29,999",633,633.0,ok
2023,Selected Deficiencies,Open cracks or holes (interior),"$200,000 or more",498,498.0,ok
2023,Selected Deficiencies,Open cracks or holes (interior),"$30,000 to $39,999",661,661.0,ok
2023,Selected Deficiencies,Open cracks or holes (interior),"$40,000 to $49,999",651,651.0,ok
2023,Selected Deficiencies,Open cracks or holes (interior),"$50,000 to $59,999",466,466.0,ok
2023,Selected Deficiencies,Open cracks or holes (interior),"$60,000 to $79,999",905,905.0,ok
2023,Selected Deficiencies,Open cracks or holes (interior),"$80,000 to $99,999",618,618.0,ok
2023,Selected Deficiencies,Open cracks or holes (interior),"Less than $10,000",610,610.0,ok
2023,Selected Deficiencies,Rooms without electric outlets,"$10,000 to $19,999",213,213.0,ok
2023,Selected Deficiencies,Rooms without electric outlets,"$100,000 to $119,999",88,88.0,ok
2023,Selected Deficiencies,Rooms without electric outlets,"$120,000 to $139,999",91,91.0,ok
2023,Selected Deficiencies,Rooms without electric outlets,"$140,000 to $159,999",79,79.0,ok
2023,Selected Deficiencies,Rooms without electric outlets,"$160,000 to $179,999",S,,suppressed
2023,Selected Deficiencies,Rooms without electric outlets,"$180,000 to $199,999",S,,suppressed
2023,Selected Deficiencies,Rooms without electric outlets,"$20,000 to $29,999",159,159.0,ok
2023,Selected Deficiencies,Rooms without electric outlets,"$200,000 or more",178,178.0,ok
2023,Selected Deficiencies,Rooms without electric outlets,"$30,000 to $39,999",236,236.0,ok
2023,Selected Deficiencies,Rooms without electric outlets,"$40,000 to $49,999",170,170.0,ok
2023,Selected Deficiencies,Rooms without electric outlets,"$50,000 to $59,999",197,197.0,ok
2023,Selected Deficiencies,Rooms without electric outlets,"$60,000 to $79,999",239,239.0,ok
2023,Selected Deficiencies,Rooms without electric outlets,"$80,000 to $99,999",249,249.0,ok
2023,Selected Deficiencies,Rooms without electric outlets,"Less than $10,000",230,230.0,ok
2023,Selected Deficiencies,Signs of cockroaches in last 12 months,"$10,000 to $19,999","1,462",1462.0,ok
2023,Selected Deficiencies,Signs of cockroaches in last 12 months,"$100,000 to $119,999",956,956.0,ok
2023,Selected Deficiencies,Signs of cockroaches in last 12 months,"$120,000 to $139,999",706,706.0,ok
2023,Selected Deficiencies,Signs of cockroaches in last 12 months,"$140,000 to $159,999",705,705.0,ok
2023,Selected Deficiencies,Signs of cockroaches in last 12 months,"$160,000 to $179,999",379,379.0,ok
2023,Selected Deficiencies,Signs of cockroaches in last 12 months,"$180,000 to $199,999",269,269.0,ok
2023,Selected Deficiencies,Signs of cockroaches in last 12 months,"$20,000 to $29,999","1,437",1437.0,ok
2023,Selected Deficiencies,Signs of cockroaches in last 12 months,"$200,000 or more","1,175",1175.0,ok
2023,Selected Deficiencies,Signs of cockroaches in last 12 months,"$30,000 to $39,999","1,477",1477.0,ok
2023,Selected Deficiencies,Signs of cockroaches in last 12 months,"$40,000 to $49,999","1,180",1180.0,ok
2023,Selected Deficiencies,Signs of cockroaches in last 12 months,"$50,000 to $59,999","1,057",1057.0,ok
2023,Selected Deficiencies,Signs of cockroaches in last 12 months,"$60,000 to $79,999","1,959",1959.0,ok
2023,Selected Deficiencies,Signs of cockroaches in last 12 months,"$80,000 to $99,999","1,439",1439.0,ok
2023,Selected Deficiencies,Signs of cockroaches in last 12 months,"Less than $10,000","1,527",1527.0,ok
2023,Selected Deficiencies,Signs of mice or rats inside home in last 12 months,"$10,000 to $19,999","1,325",1325.0,ok
2023,Selected Deficiencies,Signs of mice or rats inside home in last 12 months,"$100,000 to $119,999","1,090",1090.0,ok
2023,Selected Deficiencies,Signs of mice or rats inside home in last 12 months,"$120,000 to $139,999",894,894.0,ok
2023,Selected Deficiencies,Signs of mice or rats inside home in last 12 months,"$140,000 to $159,999",695,695.0,ok
2023,Selected Deficiencies,Signs of mice or rats inside home in last 12 months,"$160,000 to $179,999",551,551.0,ok
2023,Selected Deficiencies,Signs of mice or rats inside home in last 12 months,"$180,000 to $199,999",375,375.0,ok
2023,Selected Deficiencies,Signs of mice or rats inside home in last 12 months,"$20,000 to $29,999","1,162",1162.0,ok
2023,Selected Deficiencies,Signs of mice or rats inside home in last 12 months,"$200,000 or more","1,595",1595.0,ok
2023,Selected Deficiencies,Signs of mice or rats inside home in last 12 months,"$30,000 to $39,999","1,242",1242.0,ok
2023,Selected Deficiencies,Signs of mice or rats inside home in last 12 months,"$40,000 to $49,999","1,165",1165.0,ok
2023,Selected Deficiencies,Signs of mice or rats inside home in last 12 months,"$50,000 to $59,999","1,161",1161.0,ok
2023,Selected Deficiencies,Signs of mice or rats inside home in last 12 months,"$60,000 to $79,999","1,869",1869.0,ok
2023,Selected Deficiencies,Signs of mice or rats inside home in last 12 months,"$80,000 to $99,999","1,494",1494.0,ok
2023,Selected Deficiencies,Signs of mice or rats inside home in last 12 months,"Less than $10,000","1,121",1121.0,ok
2023,Sewage Disposal Breakdowns,No breakdowns in last 3 months,"$10,000 to $19,999","7,172",7172.0,ok
2023,Sewage Disposal Breakdowns,No breakdowns in last 3 months,"$100,000 to $119,999","7,955",7955.0,ok
2023,Sewage Disposal Breakdowns,No breakdowns in last 3 months,"$120,000 to $139,999","6,641",6641.0,ok
2023,Sewage Disposal Breakdowns,No breakdowns in last 3 months,"$140,000 to $159,999","5,451",5451.0,ok
2023,Sewage Disposal Breakdowns,No breakdowns in last 3 months,"$160,000 to $179,999","3,712",3712.0,ok
2023,Sewage Disposal Breakdowns,No breakdowns in last 3 months,"$180,000 to $199,999","2,788",2788.0,ok
2023,Sewage Disposal Breakdowns,No breakdowns in last 3 months,"$20,000 to $29,999","7,504",7504.0,ok
2023,Sewage Disposal Breakdowns,No breakdowns in last 3 months,"$200,000 or more","11,869",11869.0,ok
2023,Sewage Disposal Breakdowns,No breakdowns in last 3 months,"$30,000 to $39,999","7,787",7787.0,ok
2023,Sewage Disposal Breakdowns,No breakdowns in last 3 months,"$40,000 to $49,999","7,632",7632.0,ok
2023,Sewage Disposal Breakdowns,No breakdowns in last 3 months,"$50,000 to $59,999","7,291",7291.0,ok
2023,Sewage Disposal Breakdowns,No breakdowns in last 3 months,"$60,000 to $79,999","13,020",13020.0,ok
2023,Sewage Disposal Breakdowns,No breakdowns in last 3 months,"$80,000 to $99,999","10,422",10422.0,ok
2023,Sewage Disposal Breakdowns,No breakdowns in last 3 months,"Less than $10,000","7,727",7727.0,ok
2023,Sewage Disposal Breakdowns,No breakdowns lasting 6 hours or more,"$10,000 to $19,999",S,,suppressed
2023,Sewage Disposal Breakdowns,No breakdowns lasting 6 hours or more,"$100,000 to $119,999",S,,suppressed
2023,Sewage Disposal Breakdowns,No breakdowns lasting 6 hours or more,"$120,000 to $139,999",S,,suppressed
2023,Sewage Disposal Breakdowns,No breakdowns lasting 6 hours or more,"$140,000 to $159,999",S,,suppressed
2023,Sewage Disposal Breakdowns,No breakdowns lasting 6 hours or more,"$160,000 to $179,999",S,,suppressed
2023,Sewage Disposal Breakdowns,No breakdowns lasting 6 hours or more,"$180,000 to $199,999",S,,suppressed
2023,Sewage Disposal Breakdowns,No breakdowns lasting 6 hours or more,"$20,000 to $29,999",S,,suppressed
2023,Sewage Disposal Breakdowns,No breakdowns lasting 6 hours or more,"$200,000 or more",S,,suppressed
2023,Sewage Disposal Breakdowns,No breakdowns lasting 6 hours or more,"$30,000 to $39,999",S,,suppressed
2023,Sewage Disposal Breakdowns,No breakdowns lasting 6 hours or more,"$40,000 to $49,999",S,,suppressed
2023,Sewage Disposal Breakdowns,No breakdowns lasting 6 hours or more,"$50,000 to $59,999",S,,suppressed
2023,Sewage Disposal Breakdowns,No breakdowns lasting 6 hours or more,"$60,000 to $79,999",S,,suppressed
2023,Sewage Disposal Breakdowns,No breakdowns lasting 6 hours or more,"$80,000 to $99,999",S,,suppressed
2023,Sewage Disposal Breakdowns,No breakdowns lasting 6 hours or more,"Less than $10,000",S,,suppressed
2023,Sewage Disposal Breakdowns,With breakdown(s) in last 3 months,"$10,000 to $19,999",109,109.0,ok
2023,Sewage Disposal Breakdowns,With breakdown(s) in last 3 months,"$100,000 to $119,999",S,,suppressed
2023,Sewage Disposal Breakdowns,With breakdown(s) in last 3 months,"$120,000 to $139,999",84,84.0,ok
2023,Sewage Disposal Breakdowns,With breakdown(s) in last 3 months,"$140,000 to $159,999",S,,suppressed
2023,Sewage Disposal Breakdowns,With breakdown(s) in last 3 months,"$160,000 to $179,999",S,,suppressed
2023,Sewage Disposal Breakdowns,With breakdown(s) in last 3 months,"$180,000 to $199,999",S,,suppressed
2023,Sewage Disposal Breakdowns,With breakdown(s) in last 3 months,"$20,000 to $29,999",106,106.0,ok
2023,Sewage Disposal Breakdowns,With breakdown(s) in last 3 months,"$200,000 or more",88,88.0,ok
2023,Sewage Disposal Breakdowns,With breakdown(s) in last 3 months,"$30,000 to $39,999",95,95.0,ok
2023,Sewage Disposal Breakdowns,With breakdown(s) in last 3 months,"$40,000 to $49,999",83,83.0,ok
2023,Sewage Disposal Breakdowns,With breakdown(s) in last 3 months,"$50,000 to $59,999",119,119.0,ok
2023,Sewage Disposal Breakdowns,With breakdown(s) in last 3 months,"$60,000 to $79,999",172,172.0,ok
2023,Sewage Disposal Breakdowns,With breakdown(s) in last 3 months,"$80,000 to $99,999",90,90.0,ok
2023,Sewage Disposal Breakdowns,With breakdown(s) in last 3 months,"Less than $10,000",168,168.0,ok
2023,Sewage Disposal Breakdowns,With public sewer,"$10,000 to $19,999","7,282",7282.0,ok
2023,Sewage Disposal Breakdowns,With public sewer,"$100,000 to $119,999","8,001",8001.0,ok
2023,Sewage Disposal Breakdowns,With public sewer,"$120,000 to $139,999","6,725",6725.0,ok
2023,Sewage Disposal Breakdowns,With public sewer,"$140,000 to $159,999","5,509",5509.0,ok
2023,Sewage Disposal Breakdowns,With public sewer,"$160,000 to $179,999","3,730",3730.0,ok
2023,Sewage Disposal Breakdowns,With public sewer,"$180,000 to $199,999","2,813",2813.0,ok
2023,Sewage Disposal Breakdowns,With public sewer,"$20,000 to $29,999","7,610",7610.0,ok
2023,Sewage Disposal Breakdowns,With public sewer,"$200,000 or more","11,957",11957.0,ok
2023,Sewage Disposal Breakdowns,With public sewer,"$30,000 to $39,999","7,881",7881.0,ok
2023,Sewage Disposal Breakdowns,With public sewer,"$40,000 to $49,999","7,714",7714.0,ok
2023,Sewage Disposal Breakdowns,With public sewer,"$50,000 to $59,999","7,410",7410.0,ok
2023,Sewage Disposal Breakdowns,With public sewer,"$60,000 to $79,999","13,193",13193.0,ok
2023,Sewage Disposal Breakdowns,With public sewer,"$80,000 to $99,999","10,512",10512.0,ok
2023,Sewage Disposal Breakdowns,With public sewer,"Less than $10,000","7,895",7895.0,ok
2023,Visited emergency room within last 12 months due to heat:,No,"$10,000 to $19,999","8,456",8456.0,ok
2023,Visited emergency room within last 12 months due to heat:,No,"$100,000 to $119,999","9,770",9770.0,ok
2023,Visited emergency room within last 12 months due to heat:,No,"$120,000 to $139,999","8,028",8028.0,ok
2023,Visited emergency room within last 12 months due to heat:,No,"$140,000 to $159,999","6,200",6200.0,ok
2023,Visited emergency room within last 12 months due to heat:,No,"$160,000 to $179,999","4,327",4327.0,ok
2023,Visited emergency room within last 12 months due to heat:,No,"$180,000 to $199,999","3,154",3154.0,ok
2023,Visited emergency room within last 12 months due to heat:,No,"$20,000 to $29,999","8,653",8653.0,ok
2023,Visited emergency room within last 12 months due to heat:,No,"$200,000 or more","14,218",14218.0,ok
2023,Visited emergency room within last 12 months due to heat:,No,"$30,000 to $39,999","9,317",9317.0,ok
2023,Visited emergency room within last 12 months due to heat:,No,"$40,000 to $49,999","9,055",9055.0,ok
2023,Visited emergency room within last 12 months due to heat:,No,"$50,000 to $59,999","8,728",8728.0,ok
2023,Visited emergency room within last 12 months due to heat:,No,"$60,000 to $79,999","15,890",15890.0,ok
2023,Visited emergency room within last 12 months due to heat:,No,"$80,000 to $99,999","12,420",12420.0,ok
2023,Visited emergency room within last 12 months due to heat:,No,"Less than $10,000","8,651",8651.0,ok
2023,Visited emergency room within last 12 months due to heat:,Not reported,"$10,000 to $19,999",250,250.0,ok
2023,Visited emergency room within last 12 months due to heat:,Not reported,"$100,000 to $119,999",260,260.0,ok
2023,Visited emergency room within last 12 months due to heat:,Not reported,"$120,000 to $139,999",269,269.0,ok
2023,Visited emergency room within last 12 months due to heat:,Not reported,"$140,000 to $159,999",134,134.0,ok
2023,Visited emergency room within last 12 months due to heat:,Not reported,"$160,000 to $179,999",187,187.0,ok
2023,Visited emergency room within last 12 months due to heat:,Not reported,"$180,000 to $199,999",S,,suppressed
2023,Visited emergency room within last 12 months due to heat:,Not reported,"$20,000 to $29,999",248,248.0,ok
2023,Visited emergency room within last 12 months due to heat:,Not reported,"$200,000 or more",375,375.0,ok
2023,Visited emergency room within last 12 months due to heat:,Not reported,"$30,000 to $39,999",336,336.0,ok
2023,Visited emergency room within last 12 months due to heat:,Not reported,"$40,000 to $49,999",292,292.0,ok
2023,Visited emergency room within last 12 months due to heat:,Not reported,"$50,000 to $59,999",302,302.0,ok
2023,Visited emergency room within last 12 months due to heat:,Not reported,"$60,000 to $79,999",383,383.0,ok
2023,Visited emergency room within last 12 months due to heat:,Not reported,"$80,000 to $99,999",471,471.0,ok
2023,Visited emergency room within last 12 months due to heat:,Not reported,"Less than $10,000",448,448.0,ok
2023,Visited emergency room within last 12 months due to heat:,Yes,"$10,000 to $19,999",295,295.0,ok
2023,Visited emergency room within last 12 months due to heat:,Yes,"$100,000 to $119,999",137,137.0,ok
2023,Visited emergency room within last 12 months due to heat:,Yes,"$120,000 to $139,999",89,89.0,ok
2023,Visited emergency room within last 12 months due to heat:,Yes,"$140,000 to $159,999",94,94.0,ok
2023,Visited emergency room within last 12 months due to heat:,Yes,"$160,000 to $179,999",S,,suppressed
2023,Visited emergency room within last 12 months due to heat:,Yes,"$180,000 to $199,999",S,,suppressed
2023,Visited emergency room within last 12 months due to heat:,Yes,"$20,000 to $29,999",279,279.0,ok
2023,Visited emergency room within last 12 months due to heat:,Yes,"$200,000 or more",190,190.0,ok
2023,Visited emergency room within last 12 months due to heat:,Yes,"$30,000 to $39,999",251,251.0,ok
2023,Visited emergency room within last 12 months due to heat:,Yes,"$40,000 to $49,999",220,220.0,ok
2023,Visited emergency room within last 12 months due to heat:,Yes,"$50,000 to $59,999",151,151.0,ok
2023,Visited emergency room within last 12 months due to heat:,Yes,"$60,000 to $79,999",142,142.0,ok
2023,Visited emergency room within last 12 months due to heat:,Yes,"$80,000 to $99,999",157,157.0,ok
2023,Visited emergency room within last 12 months due to heat:,Yes,"Less than $10,000",259,259.0,ok
2023,Water Leakage During Last 12 Months,Basement,"$10,000 to $19,999",134,134.0,ok
2023,Water Leakage During Last 12 Months,Basement,"$100,000 to $119,999",299,299.0,ok
2023,Water Leakage During Last 12 Months,Basement,"$120,000 to $139,999",157,157.0,ok
2023,Water Leakage During Last 12 Months,Basement,"$140,000 to $159,999",163,163.0,ok
2023,Water Leakage During Last 12 Months,Basement,"$160,000 to $179,999",104,104.0,ok
2023,Water Leakage During Last 12 Months,Basement,"$180,000 to $199,999",103,103.0,ok
2023,Water Leakage During Last 12 Months,Basement,"$20,000 to $29,999",128,128.0,ok
2023,Water Leakage During Last 12 Months,Basement,"$200,000 or more",372,372.0,ok
2023,Water Leakage During Last 12 Months,Basement,"$30,000 to $39,999",188,188.0,ok
2023,Water Leakage During Last 12 Months,Basement,"$40,000 to $49,999",197,197.0,ok
2023,Water Leakage During Last 12 Months,Basement,"$50,000 to $59,999",228,228.0,ok
2023,Water Leakage During Last 12 Months,Basement,"$60,000 to $79,999",356,356.0,ok
2023,Water Leakage During Last 12 Months,Basement,"$80,000 to $99,999",290,290.0,ok
2023,Water Leakage During Last 12 Months,Basement,"Less than $10,000",74,74.0,ok
2023,Water Leakage During Last 12 Months,Broken water heater,"$10,000 to $19,999",72,72.0,ok
2023,Water Leakage During Last 12 Months,Broken water heater,"$100,000 to $119,999",83,83.0,ok
2023,Water Leakage During Last 12 Months,Broken water heater,"$120,000 to $139,999",43,43.0,ok
2023,Water Leakage During Last 12 Months,Broken water heater,"$140,000 to $159,999",64,64.0,ok
2023,Water Leakage During Last 12 Months,Broken water heater,"$160,000 to $179,999",51,51.0,ok
2023,Water Leakage During Last 12 Months,Broken water heater,"$180,000 to $199,999",S,,suppressed
2023,Water Leakage During Last 12 Months,Broken water heater,"$20,000 to $29,999",96,96.0,ok
2023,Water Leakage During Last 12 Months,Broken water heater,"$200,000 or more",102,102.0,ok
2023,Water Leakage During Last 12 Months,Broken water heater,"$30,000 to $39,999",59,59.0,ok
2023,Water Leakage During Last 12 Months,Broken water heater,"$40,000 to $49,999",82,82.0,ok
2023,Water Leakage During Last 12 Months,Broken water heater,"$50,000 to $59,999",S,,suppressed
2023,Water Leakage During Last 12 Months,Broken water heater,"$60,000 to $79,999",132,132.0,ok
2023,Water Leakage During Last 12 Months,Broken water heater,"$80,000 to $99,999",99,99.0,ok
2023,Water Leakage During Last 12 Months,Broken water heater,"Less than $10,000",95,95.0,ok
2023,Water Leakage During Last 12 Months,Fixtures backed up or overflowed,"$10,000 to $19,999",188,188.0,ok
2023,Water Leakage During Last 12 Months,Fixtures backed up or overflowed,"$100,000 to $119,999",283,283.0,ok
2023,Water Leakage During Last 12 Months,Fixtures backed up or overflowed,"$120,000 to $139,999",139,139.0,ok
2023,Water Leakage During Last 12 Months,Fixtures backed up or overflowed,"$140,000 to $159,999",147,147.0,ok
2023,Water Leakage During Last 12 Months,Fixtures backed up or overflowed,"$160,000 to $179,999",80,80.0,ok
2023,Water Leakage During Last 12 Months,Fixtures backed up or overflowed,"$180,000 to $199,999",52,52.0,ok
2023,Water Leakage During Last 12 Months,Fixtures backed up or overflowed,"$20,000 to $29,999",177,177.0,ok
2023,Water Leakage During Last 12 Months,Fixtures backed up or overflowed,"$200,000 or more",321,321.0,ok
2023,Water Leakage During Last 12 Months,Fixtures backed up or overflowed,"$30,000 to $39,999",166,166.0,ok
2023,Water Leakage During Last 12 Months,Fixtures backed up or overflowed,"$40,000 to $49,999",184,184.0,ok
2023,Water Leakage During Last 12 Months,Fixtures backed up or overflowed,"$50,000 to $59,999",197,197.0,ok
2023,Water Leakage During Last 12 Months,Fixtures backed up or overflowed,"$60,000 to $79,999",341,341.0,ok
2023,Water Leakage During Last 12 Months,Fixtures backed up or overflowed,"$80,000 to $99,999",219,219.0,ok
2023,Water Leakage During Last 12 Months,Fixtures backed up or overflowed,"Less than $10,000",164,164.0,ok
2023,Water Leakage During Last 12 Months,No leakage from inside structure,"$10,000 to $19,999","8,157",8157.0,ok
2023,Water Leakage During Last 12 Months,No leakage from inside structure,"$100,000 to $119,999","9,182",9182.0,ok
2023,Water Leakage During Last 12 Months,No leakage from inside structure,"$120,000 to $139,999","7,628",7628.0,ok
2023,Water Leakage During Last 12 Months,No leakage from inside structure,"$140,000 to $159,999","6,052",6052.0,ok
2023,Water Leakage During Last 12 Months,No leakage from inside structure,"$160,000 to $179,999","4,321",4321.0,ok
2023,Water Leakage During Last 12 Months,No leakage from inside structure,"$180,000 to $199,999","3,148",3148.0,ok
2023,Water Leakage During Last 12 Months,No leakage from inside structure,"$20,000 to $29,999","8,565",8565.0,ok
2023,Water Leakage During Last 12 Months,No leakage from inside structure,"$200,000 or more","13,222",13222.0,ok
2023,Water Leakage During Last 12 Months,No leakage from inside structure,"$30,000 to $39,999","8,942",8942.0,ok
2023,Water Leakage During Last 12 Months,No leakage from inside structure,"$40,000 to $49,999","8,658",8658.0,ok
2023,Water Leakage During Last 12 Months,No leakage from inside structure,"$50,000 to $59,999","8,503",8503.0,ok
2023,Water Leakage During Last 12 Months,No leakage from inside structure,"$60,000 to $79,999","14,995",14995.0,ok
2023,Water Leakage During Last 12 Months,No leakage from inside structure,"$80,000 to $99,999","12,094",12094.0,ok
2023,Water Leakage During Last 12 Months,No leakage from inside structure,"Less than $10,000","8,550",8550.0,ok
2023,Water Leakage During Last 12 Months,No leakage from outside structure,"$10,000 to $19,999","8,160",8160.0,ok
2023,Water Leakage During Last 12 Months,No leakage from outside structure,"$100,000 to $119,999","9,094",9094.0,ok
2023,Water Leakage During Last 12 Months,No leakage from outside structure,"$120,000 to $139,999","7,575",7575.0,ok
2023,Water Leakage During Last 12 Months,No leakage from outside structure,"$140,000 to $159,999","6,030",6030.0,ok
2023,Water Leakage During Last 12 Months,No leakage from outside structure,"$160,000 to $179,999","4,295",4295.0,ok
2023,Water Leakage During Last 12 Months,No leakage from outside structure,"$180,000 to $199,999","3,191",3191.0,ok
2023,Water Leakage During Last 12 Months,No leakage from outside structure,"$20,000 to $29,999","8,569",8569.0,ok
2023,Water Leakage During Last 12 Months,No leakage from outside structure,"$200,000 or more","13,095",13095.0,ok
2023,Water Leakage During Last 12 Months,No leakage from outside structure,"$30,000 to $39,999","8,933",8933.0,ok
2023,Water Leakage During Last 12 Months,No leakage from outside structure,"$40,000 to $49,999","8,563",8563.0,ok
2023,Water Leakage During Last 12 Months,No leakage from outside structure,"$50,000 to $59,999","8,390",8390.0,ok
2023,Water Leakage During Last 12 Months,No leakage from outside structure,"$60,000 to $79,999","15,059",15059.0,ok
2023,Water Leakage During Last 12 Months,No leakage from outside structure,"$80,000 to $99,999","11,986",11986.0,ok
2023,Water Leakage During Last 12 Months,No leakage from outside structure,"Less than $10,000","8,534",8534.0,ok
2023,Water Leakage During Last 12 Months,Other or unknown (includes not reported),"$10,000 to $19,999",272,272.0,ok
2023,Water Leakage During Last 12 Months,Other or unknown (includes not reported),"$100,000 to $119,999",187,187.0,ok
2023,Water Leakage During Last 12 Months,Other or unknown (includes not reported),"$120,000 to $139,999",197,197.0,ok
2023,Water Leakage During Last 12 Months,Other or unknown (includes not reported),"$140,000 to $159,999",201,201.0,ok
2023,Water Leakage During Last 12 Months,Other or unknown (includes not reported),"$160,000 to $179,999",81,81.0,ok
2023,Water Leakage During Last 12 Months,Other or unknown (includes not reported),"$180,000 to $199,999",113,113.0,ok
2023,Water Leakage During Last 12 Months,Other or unknown (includes not reported),"$20,000 to $29,999",185,185.0,ok
2023,Water Leakage During Last 12 Months,Other or unknown (includes not reported),"$200,000 or more",425,425.0,ok
2023,Water Leakage During Last 12 Months,Other or unknown (includes not reported),"$30,000 to $39,999",189,189.0,ok
2023,Water Leakage During Last 12 Months,Other or unknown (includes not reported),"$40,000 to $49,999",290,290.0,ok
2023,Water Leakage During Last 12 Months,Other or unknown (includes not reported),"$50,000 to $59,999",221,221.0,ok
2023,Water Leakage During Last 12 Months,Other or unknown (includes not reported),"$60,000 to $79,999",457,457.0,ok
2023,Water Leakage During Last 12 Months,Other or unknown (includes not reported),"$80,000 to $99,999",289,289.0,ok
2023,Water Leakage During Last 12 Months,Other or unknown (includes not reported),"Less than $10,000",232,232.0,ok
2023,Water Leakage During Last 12 Months,Pipes leaked,"$10,000 to $19,999",376,376.0,ok
2023,Water Leakage During Last 12 Months,Pipes leaked,"$100,000 to $119,999",377,377.0,ok
2023,Water Leakage During Last 12 Months,Pipes leaked,"$120,000 to $139,999",242,242.0,ok
2023,Water Leakage During Last 12 Months,Pipes leaked,"$140,000 to $159,999",207,207.0,ok
2023,Water Leakage During Last 12 Months,Pipes leaked,"$160,000 to $179,999",159,159.0,ok
2023,Water Leakage During Last 12 Months,Pipes leaked,"$180,000 to $199,999",147,147.0,ok
2023,Water Leakage During Last 12 Months,Pipes leaked,"$20,000 to $29,999",390,390.0,ok
2023,Water Leakage During Last 12 Months,Pipes leaked,"$200,000 or more",537,537.0,ok
2023,Water Leakage During Last 12 Months,Pipes leaked,"$30,000 to $39,999",477,477.0,ok
2023,Water Leakage During Last 12 Months,Pipes leaked,"$40,000 to $49,999",331,331.0,ok
2023,Water Leakage During Last 12 Months,Pipes leaked,"$50,000 to $59,999",335,335.0,ok
2023,Water Leakage During Last 12 Months,Pipes leaked,"$60,000 to $79,999",573,573.0,ok
2023,Water Leakage During Last 12 Months,Pipes leaked,"$80,000 to $99,999",413,413.0,ok
2023,Water Leakage During Last 12 Months,Pipes leaked,"Less than $10,000",300,300.0,ok
2023,Water Leakage During Last 12 Months,Roof,"$10,000 to $19,999",468,468.0,ok
2023,Water Leakage During Last 12 Months,Roof,"$100,000 to $119,999",426,426.0,ok
2023,Water Leakage During Last 12 Months,Roof,"$120,000 to $139,999",306,306.0,ok
2023,Water Leakage During Last 12 Months,Roof,"$140,000 to $159,999",267,267.0,ok
2023,Water Leakage During Last 12 Months,Roof,"$160,000 to $179,999",179,179.0,ok
2023,Water Leakage During Last 12 Months,Roof,"$180,000 to $199,999",129,129.0,ok
2023,Water Leakage During Last 12 Months,Roof,"$20,000 to $29,999",394,394.0,ok
2023,Water Leakage During Last 12 Months,Roof,"$200,000 or more",669,669.0,ok
2023,Water Leakage During Last 12 Months,Roof,"$30,000 to $39,999",387,387.0,ok
2023,Water Leakage During Last 12 Months,Roof,"$40,000 to $49,999",478,478.0,ok
2023,Water Leakage During Last 12 Months,Roof,"$50,000 to $59,999",498,498.0,ok
2023,Water Leakage During Last 12 Months,Roof,"$60,000 to $79,999",601,601.0,ok
2023,Water Leakage During Last 12 Months,Roof,"$80,000 to $99,999",560,560.0,ok
2023,Water Leakage During Last 12 Months,Roof,"Less than $10,000",469,469.0,ok
2023,Water Leakage During Last 12 Months,"Walls, closed windows, or doors","$10,000 to $19,999",212,212.0,ok
2023,Water Leakage During Last 12 Months,"Walls, closed windows, or doors","$100,000 to $119,999",168,168.0,ok
2023,Water Leakage During Last 12 Months,"Walls, closed windows, or doors","$120,000 to $139,999",150,150.0,ok
2023,Water Leakage During Last 12 Months,"Walls, closed windows, or doors","$140,000 to $159,999",120,120.0,ok
2023,Water Leakage During Last 12 Months,"Walls, closed windows, or doors","$160,000 to $179,999",72,72.0,ok
2023,Water Leakage During Last 12 Months,"Walls, closed windows, or doors","$180,000 to $199,999",61,61.0,ok
2023,Water Leakage During Last 12 Months,"Walls, closed windows, or doors","$20,000 to $29,999",168,168.0,ok
2023,Water Leakage During Last 12 Months,"Walls, closed windows, or doors","$200,000 or more",294,294.0,ok
2023,Water Leakage During Last 12 Months,"Walls, closed windows, or doors","$30,000 to $39,999",226,226.0,ok
2023,Water Leakage During Last 12 Months,"Walls, closed windows, or doors","$40,000 to $49,999",191,191.0,ok
2023,Water Leakage During Last 12 Months,"Walls, closed windows, or doors","$50,000 to $59,999",167,167.0,ok
2023,Water Leakage During Last 12 Months,"Walls, closed windows, or doors","$60,000 to $79,999",254,254.0,ok
2023,Water Leakage During Last 12 Months,"Walls, closed windows, or doors","$80,000 to $99,999",183,183.0,ok
2023,Water Leakage During Last 12 Months,"Walls, closed windows, or doors","Less than $10,000",191,191.0,ok
2023,Water Leakage During Last 12 Months,With leakage from inside structure,"$10,000 to $19,999",853,853.0,ok
2023,Water Leakage During Last 12 Months,With leakage from inside structure,"$100,000 to $119,999",869,869.0,ok
2023,Water Leakage During Last 12 Months,With leakage from inside structure,"$120,000 to $139,999",609,609.0,ok
2023,Water Leakage During Last 12 Months,With leakage from inside structure,"$140,000 to $159,999",594,594.0,ok
2023,Water Leakage During Last 12 Months,With leakage from inside structure,"$160,000 to $179,999",359,359.0,ok
2023,Water Leakage During Last 12 Months,With leakage from inside structure,"$180,000 to $199,999",343,343.0,ok
2023,Water Leakage During Last 12 Months,With leakage from inside structure,"$20,000 to $29,999",804,804.0,ok
2023,Water Leakage During Last 12 Months,With leakage from inside structure,"$200,000 or more","1,329",1329.0,ok
2023,Water Leakage During Last 12 Months,With leakage from inside structure,"$30,000 to $39,999",843,843.0,ok
2023,Water Leakage During Last 12 Months,With leakage from inside structure,"$40,000 to $49,999",804,804.0,ok
2023,Water Leakage During Last 12 Months,With leakage from inside structure,"$50,000 to $59,999",754,754.0,ok
2023,Water Leakage During Last 12 Months,With leakage from inside structure,"$60,000 to $79,999","1,382",1382.0,ok
2023,Water Leakage During Last 12 Months,With leakage from inside structure,"$80,000 to $99,999",951,951.0,ok
2023,Water Leakage During Last 12 Months,With leakage from inside structure,"Less than $10,000",721,721.0,ok
2023,Water Leakage During Last 12 Months,With leakage from outside structure,"$10,000 to $19,999",850,850.0,ok
2023,Water Leakage During Last 12 Months,With leakage from outside structure,"$100,000 to $119,999",957,957.0,ok
2023,Water Leakage During Last 12 Months,With leakage from outside structure,"$120,000 to $139,999",662,662.0,ok
2023,Water Leakage During Last 12 Months,With leakage from outside structure,"$140,000 to $159,999",616,616.0,ok
2023,Water Leakage During Last 12 Months,With leakage from outside structure,"$160,000 to $179,999",384,384.0,ok
2023,Water Leakage During Last 12 Months,With leakage from outside structure,"$180,000 to $199,999",299,299.0,ok
2023,Water Leakage During Last 12 Months,With leakage from outside structure,"$20,000 to $29,999",800,800.0,ok
2023,Water Leakage During Last 12 Months,With leakage from outside structure,"$200,000 or more","1,456",1456.0,ok
2023,Water Leakage During Last 12 Months,With leakage from outside structure,"$30,000 to $39,999",852,852.0,ok
2023,Water Leakage During Last 12 Months,With leakage from outside structure,"$40,000 to $49,999",899,899.0,ok
2023,Water Leakage During Last 12 Months,With leakage from outside structure,"$50,000 to $59,999",868,868.0,ok
2023,Water Leakage During Last 12 Months,With leakage from outside structure,"$60,000 to $79,999","1,318",1318.0,ok
2023,Water Leakage During Last 12 Months,With leakage from outside structure,"$80,000 to $99,999","1,059",1059.0,ok
2023,Water Leakage During Last 12 Months,With leakage from outside structure,"Less than $10,000",737,737.0,ok
2023,Water Supply Stoppage,No stoppage in last 3 months,"$10,000 to $19,999","8,470",8470.0,ok
2023,Water Supply Stoppage,No stoppage in last 3 months,"$100,000 to $119,999","9,692",9692.0,ok
2023,Water Supply Stoppage,No stoppage in last 3 months,"$120,000 to $139,999","7,920",7920.0,ok
2023,Water Supply Stoppage,No stoppage in last 3 months,"$140,000 to $159,999","6,383",6383.0,ok
2023,Water Supply Stoppage,No stoppage in last 3 months,"$160,000 to $179,999","4,536",4536.0,ok
2023,Water Supply Stoppage,No stoppage in last 3 months,"$180,000 to $199,999","3,408",3408.0,ok
2023,Water Supply Stoppage,No stoppage in last 3 months,"$20,000 to $29,999","8,881",8881.0,ok
2023,Water Supply Stoppage,No stoppage in last 3 months,"$200,000 or more","14,079",14079.0,ok
2023,Water Supply Stoppage,No stoppage in last 3 months,"$30,000 to $39,999","9,287",9287.0,ok
2023,Water Supply Stoppage,No stoppage in last 3 months,"$40,000 to $49,999","8,957",8957.0,ok
2023,Water Supply Stoppage,No stoppage in last 3 months,"$50,000 to $59,999","8,782",8782.0,ok
2023,Water Supply Stoppage,No stoppage in last 3 months,"$60,000 to $79,999","15,616",15616.0,ok
2023,Water Supply Stoppage,No stoppage in last 3 months,"$80,000 to $99,999","12,556",12556.0,ok
2023,Water Supply Stoppage,No stoppage in last 3 months,"Less than $10,000","8,773",8773.0,ok
2023,Water Supply Stoppage,No stoppage lasting 6 hours or more,"$10,000 to $19,999",93,93.0,ok
2023,Water Supply Stoppage,No stoppage lasting 6 hours or more,"$100,000 to $119,999",76,76.0,ok
2023,Water Supply Stoppage,No stoppage lasting 6 hours or more,"$120,000 to $139,999",48,48.0,ok
2023,Water Supply Stoppage,No stoppage lasting 6 hours or more,"$140,000 to $159,999",S,,suppressed
2023,Water Supply Stoppage,No stoppage lasting 6 hours or more,"$160,000 to $179,999",S,,suppressed
2023,Water Supply Stoppage,No stoppage lasting 6 hours or more,"$180,000 to $199,999",S,,suppressed
2023,Water Supply Stoppage,No stoppage lasting 6 hours or more,"$20,000 to $29,999",77,77.0,ok
2023,Water Supply Stoppage,No stoppage lasting 6 hours or more,"$200,000 or more",119,119.0,ok
2023,Water Supply Stoppage,No stoppage lasting 6 hours or more,"$30,000 to $39,999",46,46.0,ok
2023,Water Supply Stoppage,No stoppage lasting 6 hours or more,"$40,000 to $49,999",110,110.0,ok
2023,Water Supply Stoppage,No stoppage lasting 6 hours or more,"$50,000 to $59,999",93,93.0,ok
2023,Water Supply Stoppage,No stoppage lasting 6 hours or more,"$60,000 to $79,999",155,155.0,ok
2023,Water Supply Stoppage,No stoppage lasting 6 hours or more,"$80,000 to $99,999",130,130.0,ok
2023,Water Supply Stoppage,No stoppage lasting 6 hours or more,"Less than $10,000",58,58.0,ok
2023,Water Supply Stoppage,With hot and cold piped water,"$10,000 to $19,999","8,925",8925.0,ok
2023,Water Supply Stoppage,With hot and cold piped water,"$100,000 to $119,999","10,043",10043.0,ok
2023,Water Supply Stoppage,With hot and cold piped water,"$120,000 to $139,999","8,237",8237.0,ok
2023,Water Supply Stoppage,With hot and cold piped water,"$140,000 to $159,999","6,646",6646.0,ok
2023,Water Supply Stoppage,With hot and cold piped water,"$160,000 to $179,999","4,669",4669.0,ok
2023,Water Supply Stoppage,With hot and cold piped water,"$180,000 to $199,999","3,489",3489.0,ok
2023,Water Supply Stoppage,With hot and cold piped water,"$20,000 to $29,999","9,335",9335.0,ok
2023,Water Supply Stoppage,With hot and cold piped water,"$200,000 or more","14,546",14546.0,ok
2023,Water Supply Stoppage,With hot and cold piped water,"$30,000 to $39,999","9,762",9762.0,ok
2023,Water Supply Stoppage,With hot and cold piped water,"$40,000 to $49,999","9,456",9456.0,ok
2023,Water Supply Stoppage,With hot and cold piped water,"$50,000 to $59,999","9,240",9240.0,ok
2023,Water Supply Stoppage,With hot and cold piped water,"$60,000 to $79,999","16,342",16342.0,ok
2023,Water Supply Stoppage,With hot and cold piped water,"$80,000 to $99,999","13,022",13022.0,ok
2023,Water Supply Stoppage,With hot and cold piped water,"Less than $10,000","9,185",9185.0,ok
2023,Water Supply Stoppage,With stoppage in last 3 months,"$10,000 to $19,999",424,424.0,ok
2023,Water Supply Stoppage,With stoppage in last 3 months,"$100,000 to $119,999",284,284.0,ok
2023,Water Supply Stoppage,With stoppage in last 3 months,"$120,000 to $139,999",266,266.0,ok
2023,Water Supply Stoppage,With stoppage in last 3 months,"$140,000 to $159,999",214,214.0,ok
2023,Water Supply Stoppage,With stoppage in last 3 months,"$160,000 to $179,999",105,105.0,ok
2023,Water Supply Stoppage,With stoppage in last 3 months,"$180,000 to $199,999",67,67.0,ok
2023,Water Supply Stoppage,With stoppage in last 3 months,"$20,000 to $29,999",388,388.0,ok
2023,Water Supply Stoppage,With stoppage in last 3 months,"$200,000 or more",416,416.0,ok
2023,Water Supply Stoppage,With stoppage in last 3 months,"$30,000 to $39,999",395,395.0,ok
2023,Water Supply Stoppage,With stoppage in last 3 months,"$40,000 to $49,999",419,419.0,ok
2023,Water Supply Stoppage,With stoppage in last 3 months,"$50,000 to $59,999",401,401.0,ok
2023,Water Supply Stoppage,With stoppage in last 3 months,"$60,000 to $79,999",581,581.0,ok
2023,Water Supply Stoppage,With stoppage in last 3 months,"$80,000 to $99,999",373,373.0,ok
2023,Water Supply Stoppage,With stoppage in last 3 months,"Less than $10,000",315,315.0,ok
2023,Water collected in basement because sump pump stopped working:,No,"$10,000 to $19,999",494,494.0,ok
2023,Water collected in basement because sump pump stopped working:,No,"$100,000 to $119,999","1,131",1131.0,ok
2023,Water collected in basement because sump pump stopped working:,No,"$120,000 to $139,999","1,017",1017.0,ok
2023,Water collected in basement because sump pump stopped working:,No,"$140,000 to $159,999","1,053",1053.0,ok
2023,Water collected in basement because sump pump stopped working:,No,"$160,000 to $179,999",685,685.0,ok
2023,Water collected in basement because sump pump stopped working:,No,"$180,000 to $199,999",608,608.0,ok
2023,Water collected in basement because sump pump stopped working:,No,"$20,000 to $29,999",684,684.0,ok
2023,Water collected in basement because sump pump stopped working:,No,"$200,000 or more","2,336",2336.0,ok
2023,Water collected in basement because sump pump stopped working:,No,"$30,000 to $39,999",630,630.0,ok
2023,Water collected in basement because sump pump stopped working:,No,"$40,000 to $49,999",816,816.0,ok
2023,Water collected in basement because sump pump stopped working:,No,"$50,000 to $59,999",849,849.0,ok
2023,Water collected in basement because sump pump stopped working:,No,"$60,000 to $79,999","1,545",1545.0,ok
2023,Water collected in basement because sump pump stopped working:,No,"$80,000 to $99,999","1,221",1221.0,ok
2023,Water collected in basement because sump pump stopped working:,No,"Less than $10,000",360,360.0,ok
2023,Water collected in basement because sump pump stopped working:,No basement,"$10,000 to $19,999",589,589.0,ok
2023,Water collected in basement because sump pump stopped working:,No basement,"$100,000 to $119,999",827,827.0,ok
2023,Water collected in basement because sump pump stopped working:,No basement,"$120,000 to $139,999",751,751.0,ok
2023,Water collected in basement because sump pump stopped working:,No basement,"$140,000 to $159,999",758,758.0,ok
2023,Water collected in basement because sump pump stopped working:,No basement,"$160,000 to $179,999",356,356.0,ok
2023,Water collected in basement because sump pump stopped working:,No basement,"$180,000 to $199,999",324,324.0,ok
2023,Water collected in basement because sump pump stopped working:,No basement,"$20,000 to $29,999",718,718.0,ok
2023,Water collected in basement because sump pump stopped working:,No basement,"$200,000 or more","1,104",1104.0,ok
2023,Water collected in basement because sump pump stopped working:,No basement,"$30,000 to $39,999",718,718.0,ok
2023,Water collected in basement because sump pump stopped working:,No basement,"$40,000 to $49,999",629,629.0,ok
2023,Water collected in basement because sump pump stopped working:,No basement,"$50,000 to $59,999",683,683.0,ok
2023,Water collected in basement because sump pump stopped working:,No basement,"$60,000 to $79,999","1,337",1337.0,ok
2023,Water collected in basement because sump pump stopped working:,No basement,"$80,000 to $99,999","1,141",1141.0,ok
2023,Water collected in basement because sump pump stopped working:,No basement,"Less than $10,000",651,651.0,ok
2023,Water collected in basement because sump pump stopped working:,No sump pump,"$10,000 to $19,999",234,234.0,ok
2023,Water collected in basement because sump pump stopped working:,No sump pump,"$100,000 to $119,999",394,394.0,ok
2023,Water collected in basement because sump pump stopped working:,No sump pump,"$120,000 to $139,999",202,202.0,ok
2023,Water collected in basement because sump pump stopped working:,No sump pump,"$140,000 to $159,999",103,103.0,ok
2023,Water collected in basement because sump pump stopped working:,No sump pump,"$160,000 to $179,999",214,214.0,ok
2023,Water collected in basement because sump pump stopped working:,No sump pump,"$180,000 to $199,999",212,212.0,ok
2023,Water collected in basement because sump pump stopped working:,No sump pump,"$20,000 to $29,999",173,173.0,ok
2023,Water collected in basement because sump pump stopped working:,No sump pump,"$200,000 or more",461,461.0,ok
2023,Water collected in basement because sump pump stopped working:,No sump pump,"$30,000 to $39,999",207,207.0,ok
2023,Water collected in basement because sump pump stopped working:,No sump pump,"$40,000 to $49,999",187,187.0,ok
2023,Water collected in basement because sump pump stopped working:,No sump pump,"$50,000 to $59,999",287,287.0,ok
2023,Water collected in basement because sump pump stopped working:,No sump pump,"$60,000 to $79,999",483,483.0,ok
2023,Water collected in basement because sump pump stopped working:,No sump pump,"$80,000 to $99,999",469,469.0,ok
2023,Water collected in basement because sump pump stopped working:,No sump pump,"Less than $10,000",115,115.0,ok
2023,Water collected in basement because sump pump stopped working:,Not reported,"$10,000 to $19,999",S,,suppressed
2023,Water collected in basement because sump pump stopped working:,Not reported,"$100,000 to $119,999",.,,blank_or_na
2023,Water collected in basement because sump pump stopped working:,Not reported,"$120,000 to $139,999",.,,blank_or_na
2023,Water collected in basement because sump pump stopped working:,Not reported,"$140,000 to $159,999",S,,suppressed
2023,Water collected in basement because sump pump stopped working:,Not reported,"$160,000 to $179,999",S,,suppressed
2023,Water collected in basement because sump pump stopped working:,Not reported,"$180,000 to $199,999",.,,blank_or_na
2023,Water collected in basement because sump pump stopped working:,Not reported,"$20,000 to $29,999",S,,suppressed
2023,Water collected in basement because sump pump stopped working:,Not reported,"$200,000 or more",S,,suppressed
2023,Water collected in basement because sump pump stopped working:,Not reported,"$30,000 to $39,999",S,,suppressed
2023,Water collected in basement because sump pump stopped working:,Not reported,"$40,000 to $49,999",.,,blank_or_na
2023,Water collected in basement because sump pump stopped working:,Not reported,"$50,000 to $59,999",S,,suppressed
2023,Water collected in basement because sump pump stopped working:,Not reported,"$60,000 to $79,999",S,,suppressed
2023,Water collected in basement because sump pump stopped working:,Not reported,"$80,000 to $99,999",S,,suppressed
2023,Water collected in basement because sump pump stopped working:,Not reported,"Less than $10,000",S,,suppressed
2023,Water collected in basement because sump pump stopped working:,Yes,"$10,000 to $19,999",S,,suppressed
2023,Water collected in basement because sump pump stopped working:,Yes,"$100,000 to $119,999",S,,suppressed
2023,Water collected in basement because sump pump stopped working:,Yes,"$120,000 to $139,999",S,,suppressed
2023,Water collected in basement because sump pump stopped working:,Yes,"$140,000 to $159,999",S,,suppressed
2023,Water collected in basement because sump pump stopped working:,Yes,"$160,000 to $179,999",S,,suppressed
2023,Water collected in basement because sump pump stopped working:,Yes,"$180,000 to $199,999",S,,suppressed
2023,Water collected in basement because sump pump stopped working:,Yes,"$20,000 to $29,999",S,,suppressed
2023,Water collected in basement because sump pump stopped working:,Yes,"$200,000 or more",S,,suppressed
2023,Water collected in basement because sump pump stopped working:,Yes,"$30,000 to $39,999",S,,suppressed
2023,Water collected in basement because sump pump stopped working:,Yes,"$40,000 to $49,999",S,,suppressed
2023,Water collected in basement because sump pump stopped working:,Yes,"$50,000 to $59,999",S,,suppressed
2023,Water collected in basement because sump pump stopped working:,Yes,"$60,000 to $79,999",S,,suppressed
2023,Water collected in basement because sump pump stopped working:,Yes,"$80,000 to $99,999",S,,suppressed
2023,Water collected in basement because sump pump stopped working:,Yes,"Less than $10,000",S,,suppressed
